rank,word,pos,definition,synonyms,antonyms,usage_where,usage_where_not,example_1,example_2,example_3
301,clinic,noun,A building or department,,,"Use ""clinic"" (noun) when you want to convey a building or department. Appropriate in formal writing, GRE sentence-equivalence, and academic contexts where precision matters.","Avoid ""clinic"" in casual conversation among friends unless you are certain the listener will understand; it can sound pretentious. Also avoid when a simpler synonym suffices.",Academic: A key consideration in modern discourse is how the clinic principle shapes contemporary policy decisions.,"Conversational: You know, it's pretty clear that the clinic situation needs our immediate attention.",GRE: The committee's decision to ___ was met with both praise and criticism from stakeholders. (fill in: clinic)
302,clinical,adjective,relating to or based on direct observation and treatment of patients,,,"Use ""clinical"" (adjective) when you want to convey relating to or based on direct observation and treatment of patients. Appropriate in formal writing, GRE sentence-equivalence, and academic contexts where precision matters.","Avoid ""clinical"" in casual conversation among friends unless you are certain the listener will understand; it can sound pretentious. Also avoid when a simpler synonym suffices.",Academic: The researcher's findings revealed that the clinical effect was statistically significant across all samples.,Conversational: I've noticed the clinical trend in our office culture and it's starting to concern me.,GRE: The author's ___ tone contrasted sharply with the ___ underlying message of the passage. (fill in: clinical)
303,clink,verb,To make a tinkling sound,poky; jail; slammer; click; chink; gaol,,"Use ""clink"" (verb) when you want to convey to make a tinkling sound. Appropriate in formal writing, GRE sentence-equivalence, and academic contexts where precision matters.","Avoid ""clink"" in casual conversation among friends unless you are certain the listener will understand; it can sound pretentious. Also avoid when a simpler synonym suffices.","Academic: In the scholarly article, the author argued that the clink phenomenon could not be overlooked.","Conversational: Honestly, the clink behavior of the team has been a major source of tension lately.",GRE: The author's ___ tone contrasted sharply with the ___ underlying message of the passage. (fill in: clink)
304,clip,noun,A device on a cartridge,clipping; time; snip; cartridge clip; magazine; cartridge holder,unclip,"Use ""clip"" (noun) when you want to convey a device on a cartridge. Appropriate in formal writing, GRE sentence-equivalence, and academic contexts where precision matters.","Avoid ""clip"" in casual conversation among friends unless you are certain the listener will understand; it can sound pretentious. Also avoid when a simpler synonym suffices.","Academic: In the scholarly article, the author argued that the clip phenomenon could not be overlooked.",Conversational: I told him the clip approach just wouldn't work here — we need to rethink this.,"GRE: Despite the ___ nature of the evidence, the researchers remained ___ about their conclusions. (fill in: clip)"
305,close,verb,To move toward,finish; conclusion; finale; stopping point; last; finis,distant; far; open,"Use ""close"" (verb) when you want to convey to move toward. Appropriate in formal writing, GRE sentence-equivalence, and academic contexts where precision matters.","Avoid ""close"" in casual conversation among friends unless you are certain the listener will understand; it can sound pretentious. Also avoid when a simpler synonym suffices.",Academic: Contemporary scholars debate whether the close hypothesis adequately explains the observed data.,"Conversational: Look, the close results speak for themselves — we can't ignore them any longer.",GRE: The professor described the ___ as a ___ that ___ the entire field of study. (fill in: close)
306,clothes,noun,Coverings for the body,habilitate; dress; apparel; garb; clothe; raiment,undress,"Use ""clothes"" (noun) when you want to convey coverings for the body. Appropriate in formal writing, GRE sentence-equivalence, and academic contexts where precision matters.","Avoid ""clothes"" in casual conversation among friends unless you are certain the listener will understand; it can sound pretentious. Also avoid when a simpler synonym suffices.",Academic: The researcher's findings revealed that the clothes effect was statistically significant across all samples.,Conversational: I've noticed the clothes trend in our office culture and it's starting to concern me.,"GRE: Despite the ___ nature of the evidence, the researchers remained ___ about their conclusions. (fill in: clothes)"
307,cloud,noun,A mass of water droplets,obscure; haze over; obnubilate; becloud; overcast; fog,clear up,"Use ""cloud"" (noun) when you want to convey a mass of water droplets. Appropriate in formal writing, GRE sentence-equivalence, and academic contexts where precision matters.","Avoid ""cloud"" in casual conversation among friends unless you are certain the listener will understand; it can sound pretentious. Also avoid when a simpler synonym suffices.",Academic: The study concluded that the cloud factor played a decisive role in the experimental outcome.,"Conversational: You know, it's pretty clear that the cloud situation needs our immediate attention.","GRE: Despite the ___ nature of the evidence, the researchers remained ___ about their conclusions. (fill in: cloud)"
308,club,noun,A society,lodge; baseball club; society; guild; nine; gild,,"Use ""club"" (noun) when you want to convey a society. Appropriate in formal writing, GRE sentence-equivalence, and academic contexts where precision matters.","Avoid ""club"" in casual conversation among friends unless you are certain the listener will understand; it can sound pretentious. Also avoid when a simpler synonym suffices.",Academic: A key consideration in modern discourse is how the club principle shapes contemporary policy decisions.,"Conversational: Look, the club results speak for themselves — we can't ignore them any longer.",GRE: The professor described the ___ as a ___ that ___ the entire field of study. (fill in: club)
309,clue,noun,A thing that serves to help,hint; clew; cue,,"Use ""clue"" (noun) when you want to convey a thing that serves to help. Appropriate in formal writing, GRE sentence-equivalence, and academic contexts where precision matters.","Avoid ""clue"" in casual conversation among friends unless you are certain the listener will understand; it can sound pretentious. Also avoid when a simpler synonym suffices.",Academic: A key consideration in modern discourse is how the clue principle shapes contemporary policy decisions.,"Conversational: You know, it's pretty clear that the clue situation needs our immediate attention.",GRE: Analysts noted that the company's ___ strategy had ___ results in the last quarter. (fill in: clue)
310,clumsy,adjective,Moving in an awkward way,ill-chosen; inapt; inept; unwieldy; clunky; ungainly,,"Use ""clumsy"" (adjective) when you want to convey moving in an awkward way. Appropriate in formal writing, GRE sentence-equivalence, and academic contexts where precision matters.","Avoid ""clumsy"" in casual conversation among friends unless you are certain the listener will understand; it can sound pretentious. Also avoid when a simpler synonym suffices.",Academic: A key consideration in modern discourse is how the clumsy principle shapes contemporary policy decisions.,"Conversational: Look, the clumsy results speak for themselves — we can't ignore them any longer.","GRE: Despite the ___ nature of the evidence, the researchers remained ___ about their conclusions. (fill in: clumsy)"
311,coach,noun,A four-wheeled horse-drawn carriage,manager; tutor; carriage; private instructor; handler; passenger car,,"Use ""coach"" (noun) when you want to convey a four-wheeled horse-drawn carriage. Appropriate in formal writing, GRE sentence-equivalence, and academic contexts where precision matters.","Avoid ""coach"" in casual conversation among friends unless you are certain the listener will understand; it can sound pretentious. Also avoid when a simpler synonym suffices.",Academic: A key consideration in modern discourse is how the coach principle shapes contemporary policy decisions.,"Conversational: Look, the coach results speak for themselves — we can't ignore them any longer.",GRE: The author's ___ tone contrasted sharply with the ___ underlying message of the passage. (fill in: coach)
312,coagulate,verb,To change to a thick liquid,coagulated; grumose; clot; curdled; grumous,,"Use ""coagulate"" (verb) when you want to convey to change to a thick liquid. Appropriate in formal writing, GRE sentence-equivalence, and academic contexts where precision matters.","Avoid ""coagulate"" in casual conversation among friends unless you are certain the listener will understand; it can sound pretentious. Also avoid when a simpler synonym suffices.","Academic: In the scholarly article, the author argued that the coagulate phenomenon could not be overlooked.","Conversational: Look, the coagulate results speak for themselves — we can't ignore them any longer.",GRE: The committee's decision to ___ was met with both praise and criticism from stakeholders. (fill in: coagulate)
313,coalesce,verb,To unite into a whole,mix; meld; combine; merge; fuse; immix,,"Use ""coalesce"" (verb) when you want to convey to unite into a whole. Appropriate in formal writing, GRE sentence-equivalence, and academic contexts where precision matters.","Avoid ""coalesce"" in casual conversation among friends unless you are certain the listener will understand; it can sound pretentious. Also avoid when a simpler synonym suffices.",Academic: A key consideration in modern discourse is how the coalesce principle shapes contemporary policy decisions.,"Conversational: Honestly, the coalesce behavior of the team has been a major source of tension lately.",GRE: The professor described the ___ as a ___ that ___ the entire field of study. (fill in: coalesce)
314,coarse,adjective,Lacking fineness,vulgar; common; rough-cut; uncouth; harsh,fine,"Use ""coarse"" (adjective) when you want to convey lacking fineness. Appropriate in formal writing, GRE sentence-equivalence, and academic contexts where precision matters.","Avoid ""coarse"" in casual conversation among friends unless you are certain the listener will understand; it can sound pretentious. Also avoid when a simpler synonym suffices.","Academic: In the scholarly article, the author argued that the coarse phenomenon could not be overlooked.","Conversational: Look, the coarse results speak for themselves — we can't ignore them any longer.",GRE: The author's ___ tone contrasted sharply with the ___ underlying message of the passage. (fill in: coarse)
315,code,noun,A system of words or symbols,computer code; write in code; cypher; encrypt; cipher; inscribe,,"Use ""code"" (noun) when you want to convey a system of words or symbols. Appropriate in formal writing, GRE sentence-equivalence, and academic contexts where precision matters.","Avoid ""code"" in casual conversation among friends unless you are certain the listener will understand; it can sound pretentious. Also avoid when a simpler synonym suffices.","Academic: In the scholarly article, the author argued that the code phenomenon could not be overlooked.",Conversational: I've noticed the code trend in our office culture and it's starting to concern me.,"GRE: Despite the ___ nature of the evidence, the researchers remained ___ about their conclusions. (fill in: code)"
316,coffee,noun,A hot drink made from roasted coffee beans,burnt umber; coffee berry; java; umber; deep brown; chocolate,,"Use ""coffee"" (noun) when you want to convey a hot drink made from roasted coffee beans. Appropriate in formal writing, GRE sentence-equivalence, and academic contexts where precision matters.","Avoid ""coffee"" in casual conversation among friends unless you are certain the listener will understand; it can sound pretentious. Also avoid when a simpler synonym suffices.",Academic: The study concluded that the coffee factor played a decisive role in the experimental outcome.,"Conversational: You know, it's pretty clear that the coffee situation needs our immediate attention.",GRE: Analysts noted that the company's ___ strategy had ___ results in the last quarter. (fill in: coffee)
317,cognitive,adjective,relating to mental processes,,,"Use ""cognitive"" (adjective) when you want to convey relating to mental processes. Appropriate in formal writing, GRE sentence-equivalence, and academic contexts where precision matters.","Avoid ""cognitive"" in casual conversation among friends unless you are certain the listener will understand; it can sound pretentious. Also avoid when a simpler synonym suffices.",Academic: Contemporary scholars debate whether the cognitive hypothesis adequately explains the observed data.,"Conversational: Honestly, the cognitive behavior of the team has been a major source of tension lately.",GRE: The author's ___ tone contrasted sharply with the ___ underlying message of the passage. (fill in: cognitive)
318,cohort,noun,A group of people,age bracket; age group,,"Use ""cohort"" (noun) when you want to convey a group of people. Appropriate in formal writing, GRE sentence-equivalence, and academic contexts where precision matters.","Avoid ""cohort"" in casual conversation among friends unless you are certain the listener will understand; it can sound pretentious. Also avoid when a simpler synonym suffices.",Academic: The study concluded that the cohort factor played a decisive role in the experimental outcome.,"Conversational: Look, the cohort results speak for themselves — we can't ignore them any longer.",GRE: The committee's decision to ___ was met with both praise and criticism from stakeholders. (fill in: cohort)
319,coin,noun,A flat piece of metal used as money,strike; mint,,"Use ""coin"" (noun) when you want to convey a flat piece of metal used as money. Appropriate in formal writing, GRE sentence-equivalence, and academic contexts where precision matters.","Avoid ""coin"" in casual conversation among friends unless you are certain the listener will understand; it can sound pretentious. Also avoid when a simpler synonym suffices.",Academic: The researcher's findings revealed that the coin effect was statistically significant across all samples.,"Conversational: Honestly, the coin behavior of the team has been a major source of tension lately.",GRE: The author's ___ tone contrasted sharply with the ___ underlying message of the passage. (fill in: coin)
320,coitus,noun,Sexual intercourse,sexual intercourse; sexual relation; sexual congress; sex act; relation; carnal knowledge,,"Use ""coitus"" (noun) when you want to convey sexual intercourse. Appropriate in formal writing, GRE sentence-equivalence, and academic contexts where precision matters.","Avoid ""coitus"" in casual conversation among friends unless you are certain the listener will understand; it can sound pretentious. Also avoid when a simpler synonym suffices.",Academic: The researcher's findings revealed that the coitus effect was statistically significant across all samples.,"Conversational: Honestly, the coitus behavior of the team has been a major source of tension lately.","GRE: Despite the ___ nature of the evidence, the researchers remained ___ about their conclusions. (fill in: coitus)"
321,cold,adjective,Of or at a low temperature,stale; coldness; dusty; moth-eaten; frigidness; low temperature,hotness; hot,"Use ""cold"" (adjective) when you want to convey of or at a low temperature. Appropriate in formal writing, GRE sentence-equivalence, and academic contexts where precision matters.","Avoid ""cold"" in casual conversation among friends unless you are certain the listener will understand; it can sound pretentious. Also avoid when a simpler synonym suffices.",Academic: The study concluded that the cold factor played a decisive role in the experimental outcome.,"Conversational: You know, it's pretty clear that the cold situation needs our immediate attention.",GRE: The committee's decision to ___ was met with both praise and criticism from stakeholders. (fill in: cold)
322,collar,noun,A detachable band,shoe collar; arrest; neckband; catch; leash; choker,,"Use ""collar"" (noun) when you want to convey a detachable band. Appropriate in formal writing, GRE sentence-equivalence, and academic contexts where precision matters.","Avoid ""collar"" in casual conversation among friends unless you are certain the listener will understand; it can sound pretentious. Also avoid when a simpler synonym suffices.",Academic: Contemporary scholars debate whether the collar hypothesis adequately explains the observed data.,Conversational: I told him the collar approach just wouldn't work here — we need to rethink this.,GRE: Analysts noted that the company's ___ strategy had ___ results in the last quarter. (fill in: collar)
323,collect,verb,To bring or gather together,accumulate; pile up; hoard; amass; compile; roll up,spread,"Use ""collect"" (verb) when you want to convey to bring or gather together. Appropriate in formal writing, GRE sentence-equivalence, and academic contexts where precision matters.","Avoid ""collect"" in casual conversation among friends unless you are certain the listener will understand; it can sound pretentious. Also avoid when a simpler synonym suffices.",Academic: A key consideration in modern discourse is how the collect principle shapes contemporary policy decisions.,Conversational: I've noticed the collect trend in our office culture and it's starting to concern me.,GRE: The committee's decision to ___ was met with both praise and criticism from stakeholders. (fill in: collect)
324,college,noun,A school or association,,,"Use ""college"" (noun) when you want to convey a school or association. Appropriate in formal writing, GRE sentence-equivalence, and academic contexts where precision matters.","Avoid ""college"" in casual conversation among friends unless you are certain the listener will understand; it can sound pretentious. Also avoid when a simpler synonym suffices.",Academic: Contemporary scholars debate whether the college hypothesis adequately explains the observed data.,"Conversational: Look, the college results speak for themselves — we can't ignore them any longer.",GRE: The committee's decision to ___ was met with both praise and criticism from stakeholders. (fill in: college)
325,collide,verb,To come or bring to an impact,jar; clash,,"Use ""collide"" (verb) when you want to convey to come or bring to an impact. Appropriate in formal writing, GRE sentence-equivalence, and academic contexts where precision matters.","Avoid ""collide"" in casual conversation among friends unless you are certain the listener will understand; it can sound pretentious. Also avoid when a simpler synonym suffices.",Academic: The researcher's findings revealed that the collide effect was statistically significant across all samples.,"Conversational: You know, it's pretty clear that the collide situation needs our immediate attention.","GRE: Despite the ___ nature of the evidence, the researchers remained ___ about their conclusions. (fill in: collide)"
326,collision,noun,An instance of two things collid,hit,,"Use ""collision"" (noun) when you want to convey an instance of two things collid. Appropriate in formal writing, GRE sentence-equivalence, and academic contexts where precision matters.","Avoid ""collision"" in casual conversation among friends unless you are certain the listener will understand; it can sound pretentious. Also avoid when a simpler synonym suffices.","Academic: In the scholarly article, the author argued that the collision phenomenon could not be overlooked.",Conversational: I told him the collision approach just wouldn't work here — we need to rethink this.,"GRE: Despite the ___ nature of the evidence, the researchers remained ___ about their conclusions. (fill in: collision)"
327,collocate,verb,To place in an appropriate position,lump; chunk,,"Use ""collocate"" (verb) when you want to convey to place in an appropriate position. Appropriate in formal writing, GRE sentence-equivalence, and academic contexts where precision matters.","Avoid ""collocate"" in casual conversation among friends unless you are certain the listener will understand; it can sound pretentious. Also avoid when a simpler synonym suffices.",Academic: A key consideration in modern discourse is how the collocate principle shapes contemporary policy decisions.,Conversational: I've noticed the collocate trend in our office culture and it's starting to concern me.,GRE: The professor described the ___ as a ___ that ___ the entire field of study. (fill in: collocate)
328,colony,noun,A country or area under the political control,settlement; dependency,,"Use ""colony"" (noun) when you want to convey a country or area under the political control. Appropriate in formal writing, GRE sentence-equivalence, and academic contexts where precision matters.","Avoid ""colony"" in casual conversation among friends unless you are certain the listener will understand; it can sound pretentious. Also avoid when a simpler synonym suffices.",Academic: The study concluded that the colony factor played a decisive role in the experimental outcome.,"Conversational: Look, the colony results speak for themselves — we can't ignore them any longer.","GRE: Despite the ___ nature of the evidence, the researchers remained ___ about their conclusions. (fill in: colony)"
329,color,noun,The characteristic of an object,colour; vividness; coloration; colouring; colouration; coloring,black-and-white; colorlessness; discolor,"Use ""color"" (noun) when you want to convey the characteristic of an object. Appropriate in formal writing, GRE sentence-equivalence, and academic contexts where precision matters.","Avoid ""color"" in casual conversation among friends unless you are certain the listener will understand; it can sound pretentious. Also avoid when a simpler synonym suffices.",Academic: The researcher's findings revealed that the color effect was statistically significant across all samples.,"Conversational: Look, the color results speak for themselves — we can't ignore them any longer.",GRE: The author's ___ tone contrasted sharply with the ___ underlying message of the passage. (fill in: color)
330,column,noun,A vertical division of a newspaper,editorial; tower; pillar; newspaper column; chromatography column,,"Use ""column"" (noun) when you want to convey a vertical division of a newspaper. Appropriate in formal writing, GRE sentence-equivalence, and academic contexts where precision matters.","Avoid ""column"" in casual conversation among friends unless you are certain the listener will understand; it can sound pretentious. Also avoid when a simpler synonym suffices.",Academic: The researcher's findings revealed that the column effect was statistically significant across all samples.,"Conversational: Look, the column results speak for themselves — we can't ignore them any longer.",GRE: Analysts noted that the company's ___ strategy had ___ results in the last quarter. (fill in: column)
331,comb,noun,A strip of plastic or metal with narrow parallel pins,coxcomb; combing; disentangle; cockscomb; ransack; comb out,,"Use ""comb"" (noun) when you want to convey a strip of plastic or metal with narrow parallel pins. Appropriate in formal writing, GRE sentence-equivalence, and academic contexts where precision matters.","Avoid ""comb"" in casual conversation among friends unless you are certain the listener will understand; it can sound pretentious. Also avoid when a simpler synonym suffices.",Academic: Contemporary scholars debate whether the comb hypothesis adequately explains the observed data.,Conversational: I've noticed the comb trend in our office culture and it's starting to concern me.,GRE: Analysts noted that the company's ___ strategy had ___ results in the last quarter. (fill in: comb)
332,combat,noun,A fought between opposing forces,fight; armed combat; fighting; battle; scrap,,"Use ""combat"" (noun) when you want to convey a fought between opposing forces. Appropriate in formal writing, GRE sentence-equivalence, and academic contexts where precision matters.","Avoid ""combat"" in casual conversation among friends unless you are certain the listener will understand; it can sound pretentious. Also avoid when a simpler synonym suffices.","Academic: In the scholarly article, the author argued that the combat phenomenon could not be overlooked.","Conversational: Honestly, the combat behavior of the team has been a major source of tension lately.","GRE: Despite the ___ nature of the evidence, the researchers remained ___ about their conclusions. (fill in: combat)"
333,combine,verb,To add or mix together,compound; cartel; corporate trust; unite; combining; trust,,"Use ""combine"" (verb) when you want to convey to add or mix together. Appropriate in formal writing, GRE sentence-equivalence, and academic contexts where precision matters.","Avoid ""combine"" in casual conversation among friends unless you are certain the listener will understand; it can sound pretentious. Also avoid when a simpler synonym suffices.",Academic: A key consideration in modern discourse is how the combine principle shapes contemporary policy decisions.,Conversational: I've noticed the combine trend in our office culture and it's starting to concern me.,GRE: The professor described the ___ as a ___ that ___ the entire field of study. (fill in: combine)
334,come,verb,To fail to achieve,semen; seed; come up; seminal fluid; cum; ejaculate,go; leave,"Use ""come"" (verb) when you want to convey to fail to achieve. Appropriate in formal writing, GRE sentence-equivalence, and academic contexts where precision matters.","Avoid ""come"" in casual conversation among friends unless you are certain the listener will understand; it can sound pretentious. Also avoid when a simpler synonym suffices.","Academic: In the scholarly article, the author argued that the come phenomenon could not be overlooked.","Conversational: Honestly, the come behavior of the team has been a major source of tension lately.",GRE: The professor described the ___ as a ___ that ___ the entire field of study. (fill in: come)
335,comfort,noun,A state of being physically at ease,ease; consolation; comfortableness; comforter; puff; quilt,discomfort,"Use ""comfort"" (noun) when you want to convey a state of being physically at ease. Appropriate in formal writing, GRE sentence-equivalence, and academic contexts where precision matters.","Avoid ""comfort"" in casual conversation among friends unless you are certain the listener will understand; it can sound pretentious. Also avoid when a simpler synonym suffices.",Academic: Contemporary scholars debate whether the comfort hypothesis adequately explains the observed data.,Conversational: I've noticed the comfort trend in our office culture and it's starting to concern me.,"GRE: Despite the ___ nature of the evidence, the researchers remained ___ about their conclusions. (fill in: comfort)"
336,command,noun,An order that something is committed to,bidding; statement; instruction; control; bid; program line,,"Use ""command"" (noun) when you want to convey an order that something is committed to. Appropriate in formal writing, GRE sentence-equivalence, and academic contexts where precision matters.","Avoid ""command"" in casual conversation among friends unless you are certain the listener will understand; it can sound pretentious. Also avoid when a simpler synonym suffices.",Academic: The researcher's findings revealed that the command effect was statistically significant across all samples.,"Conversational: Look, the command results speak for themselves — we can't ignore them any longer.",GRE: The author's ___ tone contrasted sharply with the ___ underlying message of the passage. (fill in: command)
337,comment,noun,A speech act; a written note,gossip; commentary; remark; input; notice; point out,,"Use ""comment"" (noun) when you want to convey a speech act; a written note. Appropriate in formal writing, GRE sentence-equivalence, and academic contexts where precision matters.","Avoid ""comment"" in casual conversation among friends unless you are certain the listener will understand; it can sound pretentious. Also avoid when a simpler synonym suffices.",Academic: The study concluded that the comment factor played a decisive role in the experimental outcome.,"Conversational: Honestly, the comment behavior of the team has been a major source of tension lately.",GRE: The professor described the ___ as a ___ that ___ the entire field of study. (fill in: comment)
338,commerce,noun,A particular type of trade or trading,commercialism; DoC; mercantilism; Department of Commerce; Commerce Department,,"Use ""commerce"" (noun) when you want to convey a particular type of trade or trading. Appropriate in formal writing, GRE sentence-equivalence, and academic contexts where precision matters.","Avoid ""commerce"" in casual conversation among friends unless you are certain the listener will understand; it can sound pretentious. Also avoid when a simpler synonym suffices.",Academic: Contemporary scholars debate whether the commerce hypothesis adequately explains the observed data.,Conversational: I've noticed the commerce trend in our office culture and it's starting to concern me.,"GRE: Despite the ___ nature of the evidence, the researchers remained ___ about their conclusions. (fill in: commerce)"
339,commercial,noun,A paid advertisement,commercial message; commercial-grade,noncommercial,"Use ""commercial"" (noun) when you want to convey a paid advertisement. Appropriate in formal writing, GRE sentence-equivalence, and academic contexts where precision matters.","Avoid ""commercial"" in casual conversation among friends unless you are certain the listener will understand; it can sound pretentious. Also avoid when a simpler synonym suffices.",Academic: The study concluded that the commercial factor played a decisive role in the experimental outcome.,"Conversational: Honestly, the commercial behavior of the team has been a major source of tension lately.",GRE: Analysts noted that the company's ___ strategy had ___ results in the last quarter. (fill in: commercial)
340,commission,noun,An order for someone to produce something,delegation; commissioning; deputation; committee; delegacy; mission,,"Use ""commission"" (noun) when you want to convey an order for someone to produce something. Appropriate in formal writing, GRE sentence-equivalence, and academic contexts where precision matters.","Avoid ""commission"" in casual conversation among friends unless you are certain the listener will understand; it can sound pretentious. Also avoid when a simpler synonym suffices.",Academic: The researcher's findings revealed that the commission effect was statistically significant across all samples.,Conversational: I've noticed the commission trend in our office culture and it's starting to concern me.,"GRE: Despite the ___ nature of the evidence, the researchers remained ___ about their conclusions. (fill in: commission)"
341,commit,verb,To bring about or commit,perpetrate; give; consecrate; dedicate; pull; devote,divest,"Use ""commit"" (verb) when you want to convey to bring about or commit. Appropriate in formal writing, GRE sentence-equivalence, and academic contexts where precision matters.","Avoid ""commit"" in casual conversation among friends unless you are certain the listener will understand; it can sound pretentious. Also avoid when a simpler synonym suffices.",Academic: The researcher's findings revealed that the commit effect was statistically significant across all samples.,"Conversational: Look, the commit results speak for themselves — we can't ignore them any longer.",GRE: The committee's decision to ___ was met with both praise and criticism from stakeholders. (fill in: commit)
342,communicate,verb,To impart or exchange information,convey; intercommunicate; put across; pass along; pass; transmit,excommunicate,"Use ""communicate"" (verb) when you want to convey to impart or exchange information. Appropriate in formal writing, GRE sentence-equivalence, and academic contexts where precision matters.","Avoid ""communicate"" in casual conversation among friends unless you are certain the listener will understand; it can sound pretentious. Also avoid when a simpler synonym suffices.",Academic: A key consideration in modern discourse is how the communicate principle shapes contemporary policy decisions.,"Conversational: Look, the communicate results speak for themselves — we can't ignore them any longer.","GRE: Despite the ___ nature of the evidence, the researchers remained ___ about their conclusions. (fill in: communicate)"
343,community,noun,A group of people,residential district; biotic community; community of interests; residential area,,"Use ""community"" (noun) when you want to convey a group of people. Appropriate in formal writing, GRE sentence-equivalence, and academic contexts where precision matters.","Avoid ""community"" in casual conversation among friends unless you are certain the listener will understand; it can sound pretentious. Also avoid when a simpler synonym suffices.",Academic: The study concluded that the community factor played a decisive role in the experimental outcome.,Conversational: I told him the community approach just wouldn't work here — we need to rethink this.,"GRE: Despite the ___ nature of the evidence, the researchers remained ___ about their conclusions. (fill in: community)"
344,company,noun,A commercial business,society; party; troupe; fellowship; companionship; caller,,"Use ""company"" (noun) when you want to convey a commercial business. Appropriate in formal writing, GRE sentence-equivalence, and academic contexts where precision matters.","Avoid ""company"" in casual conversation among friends unless you are certain the listener will understand; it can sound pretentious. Also avoid when a simpler synonym suffices.","Academic: In the scholarly article, the author argued that the company phenomenon could not be overlooked.",Conversational: I told him the company approach just wouldn't work here — we need to rethink this.,GRE: The author's ___ tone contrasted sharply with the ___ underlying message of the passage. (fill in: company)
345,compare,verb,To act as a counterpart,equate; comparison; comparability; liken; equivalence,,"Use ""compare"" (verb) when you want to convey to act as a counterpart. Appropriate in formal writing, GRE sentence-equivalence, and academic contexts where precision matters.","Avoid ""compare"" in casual conversation among friends unless you are certain the listener will understand; it can sound pretentious. Also avoid when a simpler synonym suffices.",Academic: Contemporary scholars debate whether the compare hypothesis adequately explains the observed data.,"Conversational: Honestly, the compare behavior of the team has been a major source of tension lately.",GRE: The committee's decision to ___ was met with both praise and criticism from stakeholders. (fill in: compare)
346,compass,noun,A pair of electronic recording instruments,orbit; ambit; range; scope; grasp; reach,,"Use ""compass"" (noun) when you want to convey a pair of electronic recording instruments. Appropriate in formal writing, GRE sentence-equivalence, and academic contexts where precision matters.","Avoid ""compass"" in casual conversation among friends unless you are certain the listener will understand; it can sound pretentious. Also avoid when a simpler synonym suffices.",Academic: The study concluded that the compass factor played a decisive role in the experimental outcome.,"Conversational: You know, it's pretty clear that the compass situation needs our immediate attention.",GRE: The author's ___ tone contrasted sharply with the ___ underlying message of the passage. (fill in: compass)
347,passenger,noun,A customer,rider,,"Use ""passenger"" (noun) when you want to convey a customer. Appropriate in formal writing, GRE sentence-equivalence, and academic contexts where precision matters.","Avoid ""passenger"" in casual conversation among friends unless you are certain the listener will understand; it can sound pretentious. Also avoid when a simpler synonym suffices.",Academic: The study concluded that the passenger factor played a decisive role in the experimental outcome.,"Conversational: You know, it's pretty clear that the passenger situation needs our immediate attention.",GRE: Analysts noted that the company's ___ strategy had ___ results in the last quarter. (fill in: passenger)
348,compel,verb,To drive or force someone,obligate; oblige,,"Use ""compel"" (verb) when you want to convey to drive or force someone. Appropriate in formal writing, GRE sentence-equivalence, and academic contexts where precision matters.","Avoid ""compel"" in casual conversation among friends unless you are certain the listener will understand; it can sound pretentious. Also avoid when a simpler synonym suffices.",Academic: The study concluded that the compel factor played a decisive role in the experimental outcome.,Conversational: I told him the compel approach just wouldn't work here — we need to rethink this.,GRE: The committee's decision to ___ was met with both praise and criticism from stakeholders. (fill in: compel)
349,compile,verb,To assemble from information,accumulate; pile up; hoard; collect; amass; roll up,,"Use ""compile"" (verb) when you want to convey to assemble from information. Appropriate in formal writing, GRE sentence-equivalence, and academic contexts where precision matters.","Avoid ""compile"" in casual conversation among friends unless you are certain the listener will understand; it can sound pretentious. Also avoid when a simpler synonym suffices.",Academic: The study concluded that the compile factor played a decisive role in the experimental outcome.,"Conversational: Honestly, the compile behavior of the team has been a major source of tension lately.",GRE: The professor described the ___ as a ___ that ___ the entire field of study. (fill in: compile)
350,complement,noun,Something that completes or goes with,full complement; accompaniment,,"Use ""complement"" (noun) when you want to convey something that completes or goes with. Appropriate in formal writing, GRE sentence-equivalence, and academic contexts where precision matters.","Avoid ""complement"" in casual conversation among friends unless you are certain the listener will understand; it can sound pretentious. Also avoid when a simpler synonym suffices.",Academic: Contemporary scholars debate whether the complement hypothesis adequately explains the observed data.,"Conversational: Look, the complement results speak for themselves — we can't ignore them any longer.",GRE: The committee's decision to ___ was met with both praise and criticism from stakeholders. (fill in: complement)
351,complex,noun,A building or connected group of buildings,building complex; coordination compound; composite,simple,"Use ""complex"" (noun) when you want to convey a building or connected group of buildings. Appropriate in formal writing, GRE sentence-equivalence, and academic contexts where precision matters.","Avoid ""complex"" in casual conversation among friends unless you are certain the listener will understand; it can sound pretentious. Also avoid when a simpler synonym suffices.",Academic: A key consideration in modern discourse is how the complex principle shapes contemporary policy decisions.,Conversational: I've noticed the complex trend in our office culture and it's starting to concern me.,"GRE: Despite the ___ nature of the evidence, the researchers remained ___ about their conclusions. (fill in: complex)"
352,compose,verb,To create or be the author of,write; draw up; frame; pen; indite; compile,,"Use ""compose"" (verb) when you want to convey to create or be the author of. Appropriate in formal writing, GRE sentence-equivalence, and academic contexts where precision matters.","Avoid ""compose"" in casual conversation among friends unless you are certain the listener will understand; it can sound pretentious. Also avoid when a simpler synonym suffices.",Academic: A key consideration in modern discourse is how the compose principle shapes contemporary policy decisions.,"Conversational: Look, the compose results speak for themselves — we can't ignore them any longer.",GRE: The author's ___ tone contrasted sharply with the ___ underlying message of the passage. (fill in: compose)
353,composition,noun,The manner in which something is composed,piece of music; physical composition; make-up; composing; musical composition; piece,,"Use ""composition"" (noun) when you want to convey the manner in which something is composed. Appropriate in formal writing, GRE sentence-equivalence, and academic contexts where precision matters.","Avoid ""composition"" in casual conversation among friends unless you are certain the listener will understand; it can sound pretentious. Also avoid when a simpler synonym suffices.","Academic: In the scholarly article, the author argued that the composition phenomenon could not be overlooked.",Conversational: I've noticed the composition trend in our office culture and it's starting to concern me.,GRE: The committee's decision to ___ was met with both praise and criticism from stakeholders. (fill in: composition)
354,compound,verb,To pay interest on a loan or investment over time,combine; heighten; colonial; chemical compound; deepen; intensify,simple,"Use ""compound"" (verb) when you want to convey to pay interest on a loan or investment over time. Appropriate in formal writing, GRE sentence-equivalence, and academic contexts where precision matters.","Avoid ""compound"" in casual conversation among friends unless you are certain the listener will understand; it can sound pretentious. Also avoid when a simpler synonym suffices.",Academic: The researcher's findings revealed that the compound effect was statistically significant across all samples.,"Conversational: Honestly, the compound behavior of the team has been a major source of tension lately.",GRE: Analysts noted that the company's ___ strategy had ___ results in the last quarter. (fill in: compound)
355,comprehensive,adjective,Including all options,comp; comprehensive examination,noncomprehensive,"Use ""comprehensive"" (adjective) when you want to convey including all options. Appropriate in formal writing, GRE sentence-equivalence, and academic contexts where precision matters.","Avoid ""comprehensive"" in casual conversation among friends unless you are certain the listener will understand; it can sound pretentious. Also avoid when a simpler synonym suffices.","Academic: In the scholarly article, the author argued that the comprehensive phenomenon could not be overlooked.","Conversational: Look, the comprehensive results speak for themselves — we can't ignore them any longer.",GRE: The committee's decision to ___ was met with both praise and criticism from stakeholders. (fill in: comprehensive)
356,computer,noun,An electronic device,electronic computer; data processor; reckoner; figurer; estimator; computing machine,,"Use ""computer"" (noun) when you want to convey an electronic device. Appropriate in formal writing, GRE sentence-equivalence, and academic contexts where precision matters.","Avoid ""computer"" in casual conversation among friends unless you are certain the listener will understand; it can sound pretentious. Also avoid when a simpler synonym suffices.","Academic: In the scholarly article, the author argued that the computer phenomenon could not be overlooked.","Conversational: Look, the computer results speak for themselves — we can't ignore them any longer.",GRE: Analysts noted that the company's ___ strategy had ___ results in the last quarter. (fill in: computer)
357,concept,noun,A mental representation,conception; construct,misconception,"Use ""concept"" (noun) when you want to convey a mental representation. Appropriate in formal writing, GRE sentence-equivalence, and academic contexts where precision matters.","Avoid ""concept"" in casual conversation among friends unless you are certain the listener will understand; it can sound pretentious. Also avoid when a simpler synonym suffices.",Academic: A key consideration in modern discourse is how the concept principle shapes contemporary policy decisions.,"Conversational: You know, it's pretty clear that the concept situation needs our immediate attention.",GRE: The committee's decision to ___ was met with both praise and criticism from stakeholders. (fill in: concept)
358,concern,noun,An interest in or benefit for,headache; fear; business organization; care; business organisation; vexation,unconcern,"Use ""concern"" (noun) when you want to convey an interest in or benefit for. Appropriate in formal writing, GRE sentence-equivalence, and academic contexts where precision matters.","Avoid ""concern"" in casual conversation among friends unless you are certain the listener will understand; it can sound pretentious. Also avoid when a simpler synonym suffices.",Academic: A key consideration in modern discourse is how the concern principle shapes contemporary policy decisions.,"Conversational: You know, it's pretty clear that the concern situation needs our immediate attention.",GRE: The professor described the ___ as a ___ that ___ the entire field of study. (fill in: concern)
359,conclude,verb,To bring to an end,reason; close; resolve; reason out,,"Use ""conclude"" (verb) when you want to convey to bring to an end. Appropriate in formal writing, GRE sentence-equivalence, and academic contexts where precision matters.","Avoid ""conclude"" in casual conversation among friends unless you are certain the listener will understand; it can sound pretentious. Also avoid when a simpler synonym suffices.",Academic: A key consideration in modern discourse is how the conclude principle shapes contemporary policy decisions.,"Conversational: Honestly, the conclude behavior of the team has been a major source of tension lately.","GRE: Despite the ___ nature of the evidence, the researchers remained ___ about their conclusions. (fill in: conclude)"
360,concrete,noun,A composite building material,,abstract,"Use ""concrete"" (noun) when you want to convey a composite building material. Appropriate in formal writing, GRE sentence-equivalence, and academic contexts where precision matters.","Avoid ""concrete"" in casual conversation among friends unless you are certain the listener will understand; it can sound pretentious. Also avoid when a simpler synonym suffices.",Academic: The researcher's findings revealed that the concrete effect was statistically significant across all samples.,Conversational: I told him the concrete approach just wouldn't work here — we need to rethink this.,GRE: The author's ___ tone contrasted sharply with the ___ underlying message of the passage. (fill in: concrete)
361,condone,verb,To accept or approve,excuse,,"Use ""condone"" (verb) when you want to convey to accept or approve. Appropriate in formal writing, GRE sentence-equivalence, and academic contexts where precision matters.","Avoid ""condone"" in casual conversation among friends unless you are certain the listener will understand; it can sound pretentious. Also avoid when a simpler synonym suffices.",Academic: The study concluded that the condone factor played a decisive role in the experimental outcome.,Conversational: I've noticed the condone trend in our office culture and it's starting to concern me.,GRE: Analysts noted that the company's ___ strategy had ___ results in the last quarter. (fill in: condone)
362,confer,verb,To grant someone a particular title or power,confab; bestow; confabulate; consult,,"Use ""confer"" (verb) when you want to convey to grant someone a particular title or power. Appropriate in formal writing, GRE sentence-equivalence, and academic contexts where precision matters.","Avoid ""confer"" in casual conversation among friends unless you are certain the listener will understand; it can sound pretentious. Also avoid when a simpler synonym suffices.",Academic: The researcher's findings revealed that the confer effect was statistically significant across all samples.,Conversational: I told him the confer approach just wouldn't work here — we need to rethink this.,GRE: The committee's decision to ___ was met with both praise and criticism from stakeholders. (fill in: confer)
363,confess,verb,To admit to wrongdoing,profess; concede; squeal; fink,,"Use ""confess"" (verb) when you want to convey to admit to wrongdoing. Appropriate in formal writing, GRE sentence-equivalence, and academic contexts where precision matters.","Avoid ""confess"" in casual conversation among friends unless you are certain the listener will understand; it can sound pretentious. Also avoid when a simpler synonym suffices.",Academic: Contemporary scholars debate whether the confess hypothesis adequately explains the observed data.,"Conversational: Look, the confess results speak for themselves — we can't ignore them any longer.",GRE: The author's ___ tone contrasted sharply with the ___ underlying message of the passage. (fill in: confess)
364,confidence,noun,A feeling of self-assurance,authority; self-confidence; sureness; self-assurance; assurance; trust,diffidence,"Use ""confidence"" (noun) when you want to convey a feeling of self-assurance. Appropriate in formal writing, GRE sentence-equivalence, and academic contexts where precision matters.","Avoid ""confidence"" in casual conversation among friends unless you are certain the listener will understand; it can sound pretentious. Also avoid when a simpler synonym suffices.",Academic: The researcher's findings revealed that the confidence effect was statistically significant across all samples.,"Conversational: Look, the confidence results speak for themselves — we can't ignore them any longer.",GRE: The author's ___ tone contrasted sharply with the ___ underlying message of the passage. (fill in: confidence)
365,confide,verb,To communicate to someone in confidence,intrust; commit; entrust; trust,,"Use ""confide"" (verb) when you want to convey to communicate to someone in confidence. Appropriate in formal writing, GRE sentence-equivalence, and academic contexts where precision matters.","Avoid ""confide"" in casual conversation among friends unless you are certain the listener will understand; it can sound pretentious. Also avoid when a simpler synonym suffices.",Academic: The researcher's findings revealed that the confide effect was statistically significant across all samples.,Conversational: I told him the confide approach just wouldn't work here — we need to rethink this.,"GRE: Despite the ___ nature of the evidence, the researchers remained ___ about their conclusions. (fill in: confide)"
366,confirm,verb,To establish the truth,affirm; support; sustain; substantiate; corroborate; reassert,negate,"Use ""confirm"" (verb) when you want to convey to establish the truth. Appropriate in formal writing, GRE sentence-equivalence, and academic contexts where precision matters.","Avoid ""confirm"" in casual conversation among friends unless you are certain the listener will understand; it can sound pretentious. Also avoid when a simpler synonym suffices.",Academic: A key consideration in modern discourse is how the confirm principle shapes contemporary policy decisions.,"Conversational: Look, the confirm results speak for themselves — we can't ignore them any longer.",GRE: The professor described the ___ as a ___ that ___ the entire field of study. (fill in: confirm)
367,confront,verb,To face someone or something,present; face; face up,avoid,"Use ""confront"" (verb) when you want to convey to face someone or something. Appropriate in formal writing, GRE sentence-equivalence, and academic contexts where precision matters.","Avoid ""confront"" in casual conversation among friends unless you are certain the listener will understand; it can sound pretentious. Also avoid when a simpler synonym suffices.","Academic: In the scholarly article, the author argued that the confront phenomenon could not be overlooked.","Conversational: Look, the confront results speak for themselves — we can't ignore them any longer.",GRE: The professor described the ___ as a ___ that ___ the entire field of study. (fill in: confront)
368,confuse,verb,To make someone unable to think clearly,befuddle; confound; bedevil; fox; discombobulate; throw,,"Use ""confuse"" (verb) when you want to convey to make someone unable to think clearly. Appropriate in formal writing, GRE sentence-equivalence, and academic contexts where precision matters.","Avoid ""confuse"" in casual conversation among friends unless you are certain the listener will understand; it can sound pretentious. Also avoid when a simpler synonym suffices.",Academic: Contemporary scholars debate whether the confuse hypothesis adequately explains the observed data.,Conversational: I told him the confuse approach just wouldn't work here — we need to rethink this.,GRE: The committee's decision to ___ was met with both praise and criticism from stakeholders. (fill in: confuse)
369,congenial,adjective,Attractive,,uncongenial,"Use ""congenial"" (adjective) when you want to convey attractive. Appropriate in formal writing, GRE sentence-equivalence, and academic contexts where precision matters.","Avoid ""congenial"" in casual conversation among friends unless you are certain the listener will understand; it can sound pretentious. Also avoid when a simpler synonym suffices.",Academic: The study concluded that the congenial factor played a decisive role in the experimental outcome.,"Conversational: Honestly, the congenial behavior of the team has been a major source of tension lately.",GRE: The author's ___ tone contrasted sharply with the ___ underlying message of the passage. (fill in: congenial)
370,congratulate,verb,To express one's approval or pleasure,plume; compliment; preen; pride; felicitate,,"Use ""congratulate"" (verb) when you want to convey to express one's approval or pleasure. Appropriate in formal writing, GRE sentence-equivalence, and academic contexts where precision matters.","Avoid ""congratulate"" in casual conversation among friends unless you are certain the listener will understand; it can sound pretentious. Also avoid when a simpler synonym suffices.",Academic: A key consideration in modern discourse is how the congratulate principle shapes contemporary policy decisions.,"Conversational: Look, the congratulate results speak for themselves — we can't ignore them any longer.",GRE: The professor described the ___ as a ___ that ___ the entire field of study. (fill in: congratulate)
371,conjecture,noun,A justification of an opinion,surmisal; surmise; hypothesis; guess; speculation; supposition,,"Use ""conjecture"" (noun) when you want to convey a justification of an opinion. Appropriate in formal writing, GRE sentence-equivalence, and academic contexts where precision matters.","Avoid ""conjecture"" in casual conversation among friends unless you are certain the listener will understand; it can sound pretentious. Also avoid when a simpler synonym suffices.",Academic: The study concluded that the conjecture factor played a decisive role in the experimental outcome.,"Conversational: Honestly, the conjecture behavior of the team has been a major source of tension lately.",GRE: Analysts noted that the company's ___ strategy had ___ results in the last quarter. (fill in: conjecture)
372,conscious,adjective,Showing understanding,witting,unconscious,"Use ""conscious"" (adjective) when you want to convey showing understanding. Appropriate in formal writing, GRE sentence-equivalence, and academic contexts where precision matters.","Avoid ""conscious"" in casual conversation among friends unless you are certain the listener will understand; it can sound pretentious. Also avoid when a simpler synonym suffices.",Academic: The study concluded that the conscious factor played a decisive role in the experimental outcome.,"Conversational: Look, the conscious results speak for themselves — we can't ignore them any longer.",GRE: The committee's decision to ___ was met with both praise and criticism from stakeholders. (fill in: conscious)
373,consent,noun,Permission to do something,go for; accept,refuse,"Use ""consent"" (noun) when you want to convey permission to do something. Appropriate in formal writing, GRE sentence-equivalence, and academic contexts where precision matters.","Avoid ""consent"" in casual conversation among friends unless you are certain the listener will understand; it can sound pretentious. Also avoid when a simpler synonym suffices.",Academic: The researcher's findings revealed that the consent effect was statistically significant across all samples.,"Conversational: Look, the consent results speak for themselves — we can't ignore them any longer.",GRE: The author's ___ tone contrasted sharply with the ___ underlying message of the passage. (fill in: consent)
374,consequence,noun,A thing that happens as a result,effect; upshot; outcome; result; issue; event,inconsequence,"Use ""consequence"" (noun) when you want to convey a thing that happens as a result. Appropriate in formal writing, GRE sentence-equivalence, and academic contexts where precision matters.","Avoid ""consequence"" in casual conversation among friends unless you are certain the listener will understand; it can sound pretentious. Also avoid when a simpler synonym suffices.",Academic: A key consideration in modern discourse is how the consequence principle shapes contemporary policy decisions.,Conversational: I've noticed the consequence trend in our office culture and it's starting to concern me.,GRE: The professor described the ___ as a ___ that ___ the entire field of study. (fill in: consequence)
375,consider,verb,To weigh up the factors in a particular case,view; see; look at; regard; take; deal,,"Use ""consider"" (verb) when you want to convey to weigh up the factors in a particular case. Appropriate in formal writing, GRE sentence-equivalence, and academic contexts where precision matters.","Avoid ""consider"" in casual conversation among friends unless you are certain the listener will understand; it can sound pretentious. Also avoid when a simpler synonym suffices.",Academic: A key consideration in modern discourse is how the consider principle shapes contemporary policy decisions.,"Conversational: You know, it's pretty clear that the consider situation needs our immediate attention.","GRE: Despite the ___ nature of the evidence, the researchers remained ___ about their conclusions. (fill in: consider)"
376,container,noun,A hollow container,,,"Use ""container"" (noun) when you want to convey a hollow container. Appropriate in formal writing, GRE sentence-equivalence, and academic contexts where precision matters.","Avoid ""container"" in casual conversation among friends unless you are certain the listener will understand; it can sound pretentious. Also avoid when a simpler synonym suffices.",Academic: A key consideration in modern discourse is how the container principle shapes contemporary policy decisions.,"Conversational: You know, it's pretty clear that the container situation needs our immediate attention.",GRE: The author's ___ tone contrasted sharply with the ___ underlying message of the passage. (fill in: container)
377,contain,verb,To have as a part,carry; control; curb; moderate; incorporate; bear,,"Use ""contain"" (verb) when you want to convey to have as a part. Appropriate in formal writing, GRE sentence-equivalence, and academic contexts where precision matters.","Avoid ""contain"" in casual conversation among friends unless you are certain the listener will understand; it can sound pretentious. Also avoid when a simpler synonym suffices.","Academic: In the scholarly article, the author argued that the contain phenomenon could not be overlooked.",Conversational: I've noticed the contain trend in our office culture and it's starting to concern me.,"GRE: Despite the ___ nature of the evidence, the researchers remained ___ about their conclusions. (fill in: contain)"
378,content,noun,The things that are held or included in something,cognitive content; mental object; message; substance; capacity; subject matter,discontent; discontented,"Use ""content"" (noun) when you want to convey the things that are held or included in something. Appropriate in formal writing, GRE sentence-equivalence, and academic contexts where precision matters.","Avoid ""content"" in casual conversation among friends unless you are certain the listener will understand; it can sound pretentious. Also avoid when a simpler synonym suffices.",Academic: A key consideration in modern discourse is how the content principle shapes contemporary policy decisions.,Conversational: I told him the content approach just wouldn't work here — we need to rethink this.,GRE: The author's ___ tone contrasted sharply with the ___ underlying message of the passage. (fill in: content)
379,contend,verb,To struggle for superiority,postulate; argue; repugn; debate; contest; fence,,"Use ""contend"" (verb) when you want to convey to struggle for superiority. Appropriate in formal writing, GRE sentence-equivalence, and academic contexts where precision matters.","Avoid ""contend"" in casual conversation among friends unless you are certain the listener will understand; it can sound pretentious. Also avoid when a simpler synonym suffices.",Academic: A key consideration in modern discourse is how the contend principle shapes contemporary policy decisions.,Conversational: I told him the contend approach just wouldn't work here — we need to rethink this.,GRE: Analysts noted that the company's ___ strategy had ___ results in the last quarter. (fill in: contend)
380,contest,noun,An occasion on which people compete,repugn; contend; competition,,"Use ""contest"" (noun) when you want to convey an occasion on which people compete. Appropriate in formal writing, GRE sentence-equivalence, and academic contexts where precision matters.","Avoid ""contest"" in casual conversation among friends unless you are certain the listener will understand; it can sound pretentious. Also avoid when a simpler synonym suffices.",Academic: Contemporary scholars debate whether the contest hypothesis adequately explains the observed data.,"Conversational: Honestly, the contest behavior of the team has been a major source of tension lately.",GRE: Analysts noted that the company's ___ strategy had ___ results in the last quarter. (fill in: contest)
381,context,noun,The circumstances that existed,circumstance; linguistic context; context of use; setting,,"Use ""context"" (noun) when you want to convey the circumstances that existed. Appropriate in formal writing, GRE sentence-equivalence, and academic contexts where precision matters.","Avoid ""context"" in casual conversation among friends unless you are certain the listener will understand; it can sound pretentious. Also avoid when a simpler synonym suffices.","Academic: In the scholarly article, the author argued that the context phenomenon could not be overlooked.","Conversational: You know, it's pretty clear that the context situation needs our immediate attention.",GRE: The professor described the ___ as a ___ that ___ the entire field of study. (fill in: context)
382,continent,noun,"A large, continuous area of land",celibate,incontinent,"Use ""continent"" (noun) when you want to convey a large, continuous area of land. Appropriate in formal writing, GRE sentence-equivalence, and academic contexts where precision matters.","Avoid ""continent"" in casual conversation among friends unless you are certain the listener will understand; it can sound pretentious. Also avoid when a simpler synonym suffices.",Academic: The study concluded that the continent factor played a decisive role in the experimental outcome.,"Conversational: You know, it's pretty clear that the continent situation needs our immediate attention.",GRE: The author's ___ tone contrasted sharply with the ___ underlying message of the passage. (fill in: continent)
383,continue,verb,To persist for a specified period,bear on; keep; go along; uphold; carry on; proceed,discontinue,"Use ""continue"" (verb) when you want to convey to persist for a specified period. Appropriate in formal writing, GRE sentence-equivalence, and academic contexts where precision matters.","Avoid ""continue"" in casual conversation among friends unless you are certain the listener will understand; it can sound pretentious. Also avoid when a simpler synonym suffices.",Academic: A key consideration in modern discourse is how the continue principle shapes contemporary policy decisions.,Conversational: I told him the continue approach just wouldn't work here — we need to rethink this.,GRE: The committee's decision to ___ was met with both praise and criticism from stakeholders. (fill in: continue)
384,contract,noun,A agreement with specific legal obligations,sign on; contract bridge; declaration; sign; undertake; sign up,expand; widen; stretch,"Use ""contract"" (noun) when you want to convey a agreement with specific legal obligations. Appropriate in formal writing, GRE sentence-equivalence, and academic contexts where precision matters.","Avoid ""contract"" in casual conversation among friends unless you are certain the listener will understand; it can sound pretentious. Also avoid when a simpler synonym suffices.",Academic: A key consideration in modern discourse is how the contract principle shapes contemporary policy decisions.,"Conversational: Honestly, the contract behavior of the team has been a major source of tension lately.","GRE: Despite the ___ nature of the evidence, the researchers remained ___ about their conclusions. (fill in: contract)"
385,contradict,verb,To deny the truth of a statement,belie; controvert; contravene; oppose; negate,affirm,"Use ""contradict"" (verb) when you want to convey to deny the truth of a statement. Appropriate in formal writing, GRE sentence-equivalence, and academic contexts where precision matters.","Avoid ""contradict"" in casual conversation among friends unless you are certain the listener will understand; it can sound pretentious. Also avoid when a simpler synonym suffices.",Academic: The researcher's findings revealed that the contradict effect was statistically significant across all samples.,Conversational: I told him the contradict approach just wouldn't work here — we need to rethink this.,GRE: Analysts noted that the company's ___ strategy had ___ results in the last quarter. (fill in: contradict)
386,contrast,noun,The properties that are diff,direct contrast; counterpoint; dividing line; line; demarcation,,"Use ""contrast"" (noun) when you want to convey the properties that are diff. Appropriate in formal writing, GRE sentence-equivalence, and academic contexts where precision matters.","Avoid ""contrast"" in casual conversation among friends unless you are certain the listener will understand; it can sound pretentious. Also avoid when a simpler synonym suffices.",Academic: Contemporary scholars debate whether the contrast hypothesis adequately explains the observed data.,"Conversational: Honestly, the contrast behavior of the team has been a major source of tension lately.",GRE: The author's ___ tone contrasted sharply with the ___ underlying message of the passage. (fill in: contrast)
387,contrive,verb,To make something work,design; devise; excogitate; plan; invent; project,,"Use ""contrive"" (verb) when you want to convey to make something work. Appropriate in formal writing, GRE sentence-equivalence, and academic contexts where precision matters.","Avoid ""contrive"" in casual conversation among friends unless you are certain the listener will understand; it can sound pretentious. Also avoid when a simpler synonym suffices.",Academic: Contemporary scholars debate whether the contrive hypothesis adequately explains the observed data.,"Conversational: Honestly, the contrive behavior of the team has been a major source of tension lately.",GRE: Analysts noted that the company's ___ strategy had ___ results in the last quarter. (fill in: contrive)
388,convene,verb,To lead or summon to a place or event,convoke,,"Use ""convene"" (verb) when you want to convey to lead or summon to a place or event. Appropriate in formal writing, GRE sentence-equivalence, and academic contexts where precision matters.","Avoid ""convene"" in casual conversation among friends unless you are certain the listener will understand; it can sound pretentious. Also avoid when a simpler synonym suffices.",Academic: A key consideration in modern discourse is how the convene principle shapes contemporary policy decisions.,"Conversational: Look, the convene results speak for themselves — we can't ignore them any longer.",GRE: The professor described the ___ as a ___ that ___ the entire field of study. (fill in: convene)
389,conversation,noun,The act of talking,,,"Use ""conversation"" (noun) when you want to convey the act of talking. Appropriate in formal writing, GRE sentence-equivalence, and academic contexts where precision matters.","Avoid ""conversation"" in casual conversation among friends unless you are certain the listener will understand; it can sound pretentious. Also avoid when a simpler synonym suffices.",Academic: A key consideration in modern discourse is how the conversation principle shapes contemporary policy decisions.,"Conversational: You know, it's pretty clear that the conversation situation needs our immediate attention.","GRE: Despite the ___ nature of the evidence, the researchers remained ___ about their conclusions. (fill in: conversation)"
390,convict,verb,To find someone guilty of a crime,yardbird; inmate; yard bird; con,acquit,"Use ""convict"" (verb) when you want to convey to find someone guilty of a crime. Appropriate in formal writing, GRE sentence-equivalence, and academic contexts where precision matters.","Avoid ""convict"" in casual conversation among friends unless you are certain the listener will understand; it can sound pretentious. Also avoid when a simpler synonym suffices.","Academic: In the scholarly article, the author argued that the convict phenomenon could not be overlooked.",Conversational: I told him the convict approach just wouldn't work here — we need to rethink this.,GRE: Analysts noted that the company's ___ strategy had ___ results in the last quarter. (fill in: convict)
391,convince,verb,To persuade someone through reasoning,convert; win over,,"Use ""convince"" (verb) when you want to convey to persuade someone through reasoning. Appropriate in formal writing, GRE sentence-equivalence, and academic contexts where precision matters.","Avoid ""convince"" in casual conversation among friends unless you are certain the listener will understand; it can sound pretentious. Also avoid when a simpler synonym suffices.",Academic: The study concluded that the convince factor played a decisive role in the experimental outcome.,Conversational: I've noticed the convince trend in our office culture and it's starting to concern me.,GRE: The professor described the ___ as a ___ that ___ the entire field of study. (fill in: convince)
392,convey,verb,To transport or carry,carry; express; transmit; channel; communicate; impart,take away,"Use ""convey"" (verb) when you want to convey to transport or carry. Appropriate in formal writing, GRE sentence-equivalence, and academic contexts where precision matters.","Avoid ""convey"" in casual conversation among friends unless you are certain the listener will understand; it can sound pretentious. Also avoid when a simpler synonym suffices.","Academic: In the scholarly article, the author argued that the convey phenomenon could not be overlooked.","Conversational: Look, the convey results speak for themselves — we can't ignore them any longer.",GRE: The committee's decision to ___ was met with both praise and criticism from stakeholders. (fill in: convey)
393,cook,verb,To prepare food by heating it,ready; make; Captain Cook; prepare; Captain James Cook; James Cook,,"Use ""cook"" (verb) when you want to convey to prepare food by heating it. Appropriate in formal writing, GRE sentence-equivalence, and academic contexts where precision matters.","Avoid ""cook"" in casual conversation among friends unless you are certain the listener will understand; it can sound pretentious. Also avoid when a simpler synonym suffices.",Academic: A key consideration in modern discourse is how the cook principle shapes contemporary policy decisions.,Conversational: I've noticed the cook trend in our office culture and it's starting to concern me.,GRE: The committee's decision to ___ was met with both praise and criticism from stakeholders. (fill in: cook)
394,cool,adjective,Of or at a moderately low temperature,poise; sang-froid; cool down; chill; aplomb; assuredness,warm; heat,"Use ""cool"" (adjective) when you want to convey of or at a moderately low temperature. Appropriate in formal writing, GRE sentence-equivalence, and academic contexts where precision matters.","Avoid ""cool"" in casual conversation among friends unless you are certain the listener will understand; it can sound pretentious. Also avoid when a simpler synonym suffices.",Academic: The study concluded that the cool factor played a decisive role in the experimental outcome.,"Conversational: Honestly, the cool behavior of the team has been a major source of tension lately.",GRE: The professor described the ___ as a ___ that ___ the entire field of study. (fill in: cool)
395,cope,verb,To deal with and overcome difficulties,grapple; header; coping; make out; manage; deal,,"Use ""cope"" (verb) when you want to convey to deal with and overcome difficulties. Appropriate in formal writing, GRE sentence-equivalence, and academic contexts where precision matters.","Avoid ""cope"" in casual conversation among friends unless you are certain the listener will understand; it can sound pretentious. Also avoid when a simpler synonym suffices.",Academic: Contemporary scholars debate whether the cope hypothesis adequately explains the observed data.,"Conversational: Look, the cope results speak for themselves — we can't ignore them any longer.",GRE: The professor described the ___ as a ___ that ___ the entire field of study. (fill in: cope)
396,copper,noun,A chemical element ,Cu; fuzz; bull; cop; atomic number 29; pig,,"Use ""copper"" (noun) when you want to convey a chemical element . Appropriate in formal writing, GRE sentence-equivalence, and academic contexts where precision matters.","Avoid ""copper"" in casual conversation among friends unless you are certain the listener will understand; it can sound pretentious. Also avoid when a simpler synonym suffices.","Academic: In the scholarly article, the author argued that the copper phenomenon could not be overlooked.",Conversational: I told him the copper approach just wouldn't work here — we need to rethink this.,"GRE: Despite the ___ nature of the evidence, the researchers remained ___ about their conclusions. (fill in: copper)"
397,copy,noun,"A single book, picture, or other thing that's a reproduc",re-create; replicate; transcript; written matter; simulate; imitate,,"Use ""copy"" (noun) when you want to convey a single book, picture, or other thing that's a reproduc. Appropriate in formal writing, GRE sentence-equivalence, and academic contexts where precision matters.","Avoid ""copy"" in casual conversation among friends unless you are certain the listener will understand; it can sound pretentious. Also avoid when a simpler synonym suffices.","Academic: In the scholarly article, the author argued that the copy phenomenon could not be overlooked.",Conversational: I've noticed the copy trend in our office culture and it's starting to concern me.,GRE: The author's ___ tone contrasted sharply with the ___ underlying message of the passage. (fill in: copy)
398,corner,noun,"The point, area, or part where two edges or surfaces meet",nook; niche; recession; turning point; recess; street corner,,"Use ""corner"" (noun) when you want to convey the point, area, or part where two edges or surfaces meet. Appropriate in formal writing, GRE sentence-equivalence, and academic contexts where precision matters.","Avoid ""corner"" in casual conversation among friends unless you are certain the listener will understand; it can sound pretentious. Also avoid when a simpler synonym suffices.",Academic: A key consideration in modern discourse is how the corner principle shapes contemporary policy decisions.,Conversational: I've noticed the corner trend in our office culture and it's starting to concern me.,GRE: Analysts noted that the company's ___ strategy had ___ results in the last quarter. (fill in: corner)
399,correct,adjective,Free from error,redress; compensate; chasten; rectify; objurgate; chastise,falsify; incorrect; wrong,"Use ""correct"" (adjective) when you want to convey free from error. Appropriate in formal writing, GRE sentence-equivalence, and academic contexts where precision matters.","Avoid ""correct"" in casual conversation among friends unless you are certain the listener will understand; it can sound pretentious. Also avoid when a simpler synonym suffices.","Academic: In the scholarly article, the author argued that the correct phenomenon could not be overlooked.","Conversational: Look, the correct results speak for themselves — we can't ignore them any longer.",GRE: The professor described the ___ as a ___ that ___ the entire field of study. (fill in: correct)
400,correspond,verb,To communicate or exchange letters,tally; agree; jibe; gibe; fit; match,disagree,"Use ""correspond"" (verb) when you want to convey to communicate or exchange letters. Appropriate in formal writing, GRE sentence-equivalence, and academic contexts where precision matters.","Avoid ""correspond"" in casual conversation among friends unless you are certain the listener will understand; it can sound pretentious. Also avoid when a simpler synonym suffices.",Academic: The study concluded that the correspond factor played a decisive role in the experimental outcome.,"Conversational: You know, it's pretty clear that the correspond situation needs our immediate attention.",GRE: Analysts noted that the company's ___ strategy had ___ results in the last quarter. (fill in: correspond)
401,corrupt,verb,To cause someone or something to act dishonestly,pervert; demoralize; debauch; demoralise; profane; misdirect,incorrupt; straight,"Use ""corrupt"" (verb) when you want to convey to cause someone or something to act dishonestly. Appropriate in formal writing, GRE sentence-equivalence, and academic contexts where precision matters.","Avoid ""corrupt"" in casual conversation among friends unless you are certain the listener will understand; it can sound pretentious. Also avoid when a simpler synonym suffices.","Academic: In the scholarly article, the author argued that the corrupt phenomenon could not be overlooked.","Conversational: You know, it's pretty clear that the corrupt situation needs our immediate attention.",GRE: The professor described the ___ as a ___ that ___ the entire field of study. (fill in: corrupt)
402,cosmetic,adjective,Accuding to or affecting beauty rather than functionality,decorative; ornamental; enhancive,,"Use ""cosmetic"" (adjective) when you want to convey accuding to or affecting beauty rather than functionality. Appropriate in formal writing, GRE sentence-equivalence, and academic contexts where precision matters.","Avoid ""cosmetic"" in casual conversation among friends unless you are certain the listener will understand; it can sound pretentious. Also avoid when a simpler synonym suffices.",Academic: The study concluded that the cosmetic factor played a decisive role in the experimental outcome.,"Conversational: You know, it's pretty clear that the cosmetic situation needs our immediate attention.",GRE: The committee's decision to ___ was met with both praise and criticism from stakeholders. (fill in: cosmetic)
403,cough,verb,To expel air from the lungs,coughing,,"Use ""cough"" (verb) when you want to convey to expel air from the lungs. Appropriate in formal writing, GRE sentence-equivalence, and academic contexts where precision matters.","Avoid ""cough"" in casual conversation among friends unless you are certain the listener will understand; it can sound pretentious. Also avoid when a simpler synonym suffices.",Academic: The researcher's findings revealed that the cough effect was statistically significant across all samples.,Conversational: I've noticed the cough trend in our office culture and it's starting to concern me.,GRE: Analysts noted that the company's ___ strategy had ___ results in the last quarter. (fill in: cough)
404,could,verb,Past of can,,,"Use ""could"" (verb) when you want to convey past of can. Appropriate in formal writing, GRE sentence-equivalence, and academic contexts where precision matters.","Avoid ""could"" in casual conversation among friends unless you are certain the listener will understand; it can sound pretentious. Also avoid when a simpler synonym suffices.",Academic: The study concluded that the could factor played a decisive role in the experimental outcome.,"Conversational: Look, the could results speak for themselves — we can't ignore them any longer.",GRE: The professor described the ___ as a ___ that ___ the entire field of study. (fill in: could)
405,council,noun,An organization exercised authority,,,"Use ""council"" (noun) when you want to convey an organization exercised authority. Appropriate in formal writing, GRE sentence-equivalence, and academic contexts where precision matters.","Avoid ""council"" in casual conversation among friends unless you are certain the listener will understand; it can sound pretentious. Also avoid when a simpler synonym suffices.",Academic: Contemporary scholars debate whether the council hypothesis adequately explains the observed data.,"Conversational: Look, the council results speak for themselves — we can't ignore them any longer.",GRE: The author's ___ tone contrasted sharply with the ___ underlying message of the passage. (fill in: council)
406,count,verb,To recite the numbers in the order,tally; enumeration; reckoning; numeration; number; enumerate,,"Use ""count"" (verb) when you want to convey to recite the numbers in the order. Appropriate in formal writing, GRE sentence-equivalence, and academic contexts where precision matters.","Avoid ""count"" in casual conversation among friends unless you are certain the listener will understand; it can sound pretentious. Also avoid when a simpler synonym suffices.",Academic: The researcher's findings revealed that the count effect was statistically significant across all samples.,"Conversational: Look, the count results speak for themselves — we can't ignore them any longer.",GRE: The committee's decision to ___ was met with both praise and criticism from stakeholders. (fill in: count)
407,counter,verb,To be a drawback or problem,riposte; rejoinder; return; retort; sideboard; replication,,"Use ""counter"" (verb) when you want to convey to be a drawback or problem. Appropriate in formal writing, GRE sentence-equivalence, and academic contexts where precision matters.","Avoid ""counter"" in casual conversation among friends unless you are certain the listener will understand; it can sound pretentious. Also avoid when a simpler synonym suffices.",Academic: The study concluded that the counter factor played a decisive role in the experimental outcome.,Conversational: I've noticed the counter trend in our office culture and it's starting to concern me.,"GRE: Despite the ___ nature of the evidence, the researchers remained ___ about their conclusions. (fill in: counter)"
408,couple,noun,Two dissimilar things,distich; span; dyad; pair; duad; duet,uncouple,"Use ""couple"" (noun) when you want to convey two dissimilar things. Appropriate in formal writing, GRE sentence-equivalence, and academic contexts where precision matters.","Avoid ""couple"" in casual conversation among friends unless you are certain the listener will understand; it can sound pretentious. Also avoid when a simpler synonym suffices.",Academic: A key consideration in modern discourse is how the couple principle shapes contemporary policy decisions.,"Conversational: You know, it's pretty clear that the couple situation needs our immediate attention.",GRE: The professor described the ___ as a ___ that ___ the entire field of study. (fill in: couple)
409,courage,noun,The ability to do something that frightens you,bravery; braveness; courageousness,cowardice,"Use ""courage"" (noun) when you want to convey the ability to do something that frightens you. Appropriate in formal writing, GRE sentence-equivalence, and academic contexts where precision matters.","Avoid ""courage"" in casual conversation among friends unless you are certain the listener will understand; it can sound pretentious. Also avoid when a simpler synonym suffices.",Academic: The researcher's findings revealed that the courage effect was statistically significant across all samples.,"Conversational: Look, the courage results speak for themselves — we can't ignore them any longer.","GRE: Despite the ___ nature of the evidence, the researchers remained ___ about their conclusions. (fill in: courage)"
410,course,noun,The route or path,course of action; course of instruction; class; trend; line; course of study,unnaturally,"Use ""course"" (noun) when you want to convey the route or path. Appropriate in formal writing, GRE sentence-equivalence, and academic contexts where precision matters.","Avoid ""course"" in casual conversation among friends unless you are certain the listener will understand; it can sound pretentious. Also avoid when a simpler synonym suffices.",Academic: The researcher's findings revealed that the course effect was statistically significant across all samples.,"Conversational: Honestly, the course behavior of the team has been a major source of tension lately.",GRE: The committee's decision to ___ was met with both praise and criticism from stakeholders. (fill in: course)
411,courteous,adjective,Polite and respectful,nice; gracious,discourteous,"Use ""courteous"" (adjective) when you want to convey polite and respectful. Appropriate in formal writing, GRE sentence-equivalence, and academic contexts where precision matters.","Avoid ""courteous"" in casual conversation among friends unless you are certain the listener will understand; it can sound pretentious. Also avoid when a simpler synonym suffices.",Academic: A key consideration in modern discourse is how the courteous principle shapes contemporary policy decisions.,Conversational: I've noticed the courteous trend in our office culture and it's starting to concern me.,GRE: The professor described the ___ as a ___ that ___ the entire field of study. (fill in: courteous)
412,courtship,noun,Behavior intended to win someone's affections,courting; wooing; suit,,"Use ""courtship"" (noun) when you want to convey behavior intended to win someone's affections. Appropriate in formal writing, GRE sentence-equivalence, and academic contexts where precision matters.","Avoid ""courtship"" in casual conversation among friends unless you are certain the listener will understand; it can sound pretentious. Also avoid when a simpler synonym suffices.","Academic: In the scholarly article, the author argued that the courtship phenomenon could not be overlooked.","Conversational: Look, the courtship results speak for themselves — we can't ignore them any longer.",GRE: The professor described the ___ as a ___ that ___ the entire field of study. (fill in: courtship)
413,cousin,noun,A child of someone's aunt or uncle,cousin-german; full cousin; first cousin,,"Use ""cousin"" (noun) when you want to convey a child of someone's aunt or uncle. Appropriate in formal writing, GRE sentence-equivalence, and academic contexts where precision matters.","Avoid ""cousin"" in casual conversation among friends unless you are certain the listener will understand; it can sound pretentious. Also avoid when a simpler synonym suffices.",Academic: The researcher's findings revealed that the cousin effect was statistically significant across all samples.,"Conversational: You know, it's pretty clear that the cousin situation needs our immediate attention.","GRE: Despite the ___ nature of the evidence, the researchers remained ___ about their conclusions. (fill in: cousin)"
414,cower,verb,To crouch in fear,grovel; huddle; creep; cringe; crawl; fawn,,"Use ""cower"" (verb) when you want to convey to crouch in fear. Appropriate in formal writing, GRE sentence-equivalence, and academic contexts where precision matters.","Avoid ""cower"" in casual conversation among friends unless you are certain the listener will understand; it can sound pretentious. Also avoid when a simpler synonym suffices.","Academic: In the scholarly article, the author argued that the cower phenomenon could not be overlooked.",Conversational: I told him the cower approach just wouldn't work here — we need to rethink this.,GRE: The author's ___ tone contrasted sharply with the ___ underlying message of the passage. (fill in: cower)
415,cozy,adjective,Having or creating a feeling of contented warmth,snug; intimate; cosy; informal; tea cozy; tea cosy,,"Use ""cozy"" (adjective) when you want to convey having or creating a feeling of contented warmth. Appropriate in formal writing, GRE sentence-equivalence, and academic contexts where precision matters.","Avoid ""cozy"" in casual conversation among friends unless you are certain the listener will understand; it can sound pretentious. Also avoid when a simpler synonym suffices.","Academic: In the scholarly article, the author argued that the cozy phenomenon could not be overlooked.","Conversational: You know, it's pretty clear that the cozy situation needs our immediate attention.",GRE: The professor described the ___ as a ___ that ___ the entire field of study. (fill in: cozy)
416,crab,noun,A crustacean with a shell,Phthirius pubis; Cancer; crabmeat; crab louse; crabby person; pubic louse,,"Use ""crab"" (noun) when you want to convey a crustacean with a shell. Appropriate in formal writing, GRE sentence-equivalence, and academic contexts where precision matters.","Avoid ""crab"" in casual conversation among friends unless you are certain the listener will understand; it can sound pretentious. Also avoid when a simpler synonym suffices.",Academic: The researcher's findings revealed that the crab effect was statistically significant across all samples.,Conversational: I told him the crab approach just wouldn't work here — we need to rethink this.,GRE: The author's ___ tone contrasted sharply with the ___ underlying message of the passage. (fill in: crab)
417,crack,verb,To break or cause to break slightly,cleft; scissure; fissure; chap; cranny; crevice,,"Use ""crack"" (verb) when you want to convey to break or cause to break slightly. Appropriate in formal writing, GRE sentence-equivalence, and academic contexts where precision matters.","Avoid ""crack"" in casual conversation among friends unless you are certain the listener will understand; it can sound pretentious. Also avoid when a simpler synonym suffices.",Academic: The researcher's findings revealed that the crack effect was statistically significant across all samples.,"Conversational: You know, it's pretty clear that the crack situation needs our immediate attention.",GRE: The author's ___ tone contrasted sharply with the ___ underlying message of the passage. (fill in: crack)
418,craft,noun,An activity that involves skill,trade; craftiness; workmanship; foxiness; slyness; guile,,"Use ""craft"" (noun) when you want to convey an activity that involves skill. Appropriate in formal writing, GRE sentence-equivalence, and academic contexts where precision matters.","Avoid ""craft"" in casual conversation among friends unless you are certain the listener will understand; it can sound pretentious. Also avoid when a simpler synonym suffices.",Academic: The researcher's findings revealed that the craft effect was statistically significant across all samples.,Conversational: I've noticed the craft trend in our office culture and it's starting to concern me.,GRE: Analysts noted that the company's ___ strategy had ___ results in the last quarter. (fill in: craft)
419,crash,noun,A serious accident,clangour; clangoring; clangor; clang; clash; clank,,"Use ""crash"" (noun) when you want to convey a serious accident. Appropriate in formal writing, GRE sentence-equivalence, and academic contexts where precision matters.","Avoid ""crash"" in casual conversation among friends unless you are certain the listener will understand; it can sound pretentious. Also avoid when a simpler synonym suffices.",Academic: The researcher's findings revealed that the crash effect was statistically significant across all samples.,"Conversational: Honestly, the crash behavior of the team has been a major source of tension lately.",GRE: Analysts noted that the company's ___ strategy had ___ results in the last quarter. (fill in: crash)
420,crate,noun,A large box,crateful,uncrate,"Use ""crate"" (noun) when you want to convey a large box. Appropriate in formal writing, GRE sentence-equivalence, and academic contexts where precision matters.","Avoid ""crate"" in casual conversation among friends unless you are certain the listener will understand; it can sound pretentious. Also avoid when a simpler synonym suffices.",Academic: Contemporary scholars debate whether the crate hypothesis adequately explains the observed data.,"Conversational: You know, it's pretty clear that the crate situation needs our immediate attention.",GRE: The professor described the ___ as a ___ that ___ the entire field of study. (fill in: crate)
421,crazy,adjective,Ferocious,weirdo; disturbed; brainsick; unhinged; unbalanced; loony,,"Use ""crazy"" (adjective) when you want to convey ferocious. Appropriate in formal writing, GRE sentence-equivalence, and academic contexts where precision matters.","Avoid ""crazy"" in casual conversation among friends unless you are certain the listener will understand; it can sound pretentious. Also avoid when a simpler synonym suffices.",Academic: The researcher's findings revealed that the crazy effect was statistically significant across all samples.,Conversational: I told him the crazy approach just wouldn't work here — we need to rethink this.,GRE: The author's ___ tone contrasted sharply with the ___ underlying message of the passage. (fill in: crazy)
422,crease,noun,A line or fold,furrow; fold; crimp; line; crinkle; plication,,"Use ""crease"" (noun) when you want to convey a line or fold. Appropriate in formal writing, GRE sentence-equivalence, and academic contexts where precision matters.","Avoid ""crease"" in casual conversation among friends unless you are certain the listener will understand; it can sound pretentious. Also avoid when a simpler synonym suffices.",Academic: A key consideration in modern discourse is how the crease principle shapes contemporary policy decisions.,Conversational: I told him the crease approach just wouldn't work here — we need to rethink this.,GRE: The committee's decision to ___ was met with both praise and criticism from stakeholders. (fill in: crease)
423,create,verb,To bring something into existence,produce; make,,"Use ""create"" (verb) when you want to convey to bring something into existence. Appropriate in formal writing, GRE sentence-equivalence, and academic contexts where precision matters.","Avoid ""create"" in casual conversation among friends unless you are certain the listener will understand; it can sound pretentious. Also avoid when a simpler synonym suffices.","Academic: In the scholarly article, the author argued that the create phenomenon could not be overlooked.",Conversational: I told him the create approach just wouldn't work here — we need to rethink this.,GRE: The committee's decision to ___ was met with both praise and criticism from stakeholders. (fill in: create)
424,creature,noun,A living entity,beast; fauna; animal; brute; wight; animate being,,"Use ""creature"" (noun) when you want to convey a living entity. Appropriate in formal writing, GRE sentence-equivalence, and academic contexts where precision matters.","Avoid ""creature"" in casual conversation among friends unless you are certain the listener will understand; it can sound pretentious. Also avoid when a simpler synonym suffices.",Academic: A key consideration in modern discourse is how the creature principle shapes contemporary policy decisions.,Conversational: I told him the creature approach just wouldn't work here — we need to rethink this.,GRE: The author's ___ tone contrasted sharply with the ___ underlying message of the passage. (fill in: creature)
425,credible,adjective,Able to be believed,believable,incredible,"Use ""credible"" (adjective) when you want to convey able to be believed. Appropriate in formal writing, GRE sentence-equivalence, and academic contexts where precision matters.","Avoid ""credible"" in casual conversation among friends unless you are certain the listener will understand; it can sound pretentious. Also avoid when a simpler synonym suffices.",Academic: A key consideration in modern discourse is how the credible principle shapes contemporary policy decisions.,"Conversational: You know, it's pretty clear that the credible situation needs our immediate attention.",GRE: Analysts noted that the company's ___ strategy had ___ results in the last quarter. (fill in: credible)
426,credit,noun,A reduction in price,mention; course credit; cite; recognition; acknowledgment; reference,cash; debit,"Use ""credit"" (noun) when you want to convey a reduction in price. Appropriate in formal writing, GRE sentence-equivalence, and academic contexts where precision matters.","Avoid ""credit"" in casual conversation among friends unless you are certain the listener will understand; it can sound pretentious. Also avoid when a simpler synonym suffices.",Academic: A key consideration in modern discourse is how the credit principle shapes contemporary policy decisions.,"Conversational: You know, it's pretty clear that the credit situation needs our immediate attention.",GRE: Analysts noted that the company's ___ strategy had ___ results in the last quarter. (fill in: credit)
427,crime,noun,An action that constitutes an offence,offence; offense; law-breaking; criminal offence; criminal offense,,"Use ""crime"" (noun) when you want to convey an action that constitutes an offence. Appropriate in formal writing, GRE sentence-equivalence, and academic contexts where precision matters.","Avoid ""crime"" in casual conversation among friends unless you are certain the listener will understand; it can sound pretentious. Also avoid when a simpler synonym suffices.",Academic: The study concluded that the crime factor played a decisive role in the experimental outcome.,Conversational: I've noticed the crime trend in our office culture and it's starting to concern me.,GRE: The committee's decision to ___ was met with both praise and criticism from stakeholders. (fill in: crime)
428,crisis,noun,A time of intense difficulty or danger,,,"Use ""crisis"" (noun) when you want to convey a time of intense difficulty or danger. Appropriate in formal writing, GRE sentence-equivalence, and academic contexts where precision matters.","Avoid ""crisis"" in casual conversation among friends unless you are certain the listener will understand; it can sound pretentious. Also avoid when a simpler synonym suffices.","Academic: In the scholarly article, the author argued that the crisis phenomenon could not be overlooked.","Conversational: Look, the crisis results speak for themselves — we can't ignore them any longer.","GRE: Despite the ___ nature of the evidence, the researchers remained ___ about their conclusions. (fill in: crisis)"
429,critic,noun,A person who professionally evaluates something,,,"Use ""critic"" (noun) when you want to convey a person who professionally evaluates something. Appropriate in formal writing, GRE sentence-equivalence, and academic contexts where precision matters.","Avoid ""critic"" in casual conversation among friends unless you are certain the listener will understand; it can sound pretentious. Also avoid when a simpler synonym suffices.",Academic: A key consideration in modern discourse is how the critic principle shapes contemporary policy decisions.,Conversational: I've noticed the critic trend in our office culture and it's starting to concern me.,GRE: The author's ___ tone contrasted sharply with the ___ underlying message of the passage. (fill in: critic)
430,criticize,verb,To indicate the enamy or shorcoming,pick apart; criticise; knock,praise,"Use ""criticize"" (verb) when you want to convey to indicate the enamy or shorcoming. Appropriate in formal writing, GRE sentence-equivalence, and academic contexts where precision matters.","Avoid ""criticize"" in casual conversation among friends unless you are certain the listener will understand; it can sound pretentious. Also avoid when a simpler synonym suffices.","Academic: In the scholarly article, the author argued that the criticize phenomenon could not be overlooked.","Conversational: Look, the criticize results speak for themselves — we can't ignore them any longer.",GRE: The author's ___ tone contrasted sharply with the ___ underlying message of the passage. (fill in: criticize)
431,croak,verb,To make a harsh sound,die; buy the farm; perish; drop dead; pass away; cash in one's chips,be born,"Use ""croak"" (verb) when you want to convey to make a harsh sound. Appropriate in formal writing, GRE sentence-equivalence, and academic contexts where precision matters.","Avoid ""croak"" in casual conversation among friends unless you are certain the listener will understand; it can sound pretentious. Also avoid when a simpler synonym suffices.",Academic: The researcher's findings revealed that the croak effect was statistically significant across all samples.,Conversational: I've noticed the croak trend in our office culture and it's starting to concern me.,GRE: The committee's decision to ___ was met with both praise and criticism from stakeholders. (fill in: croak)
432,crocodile,noun,A large predatory reptile,,,"Use ""crocodile"" (noun) when you want to convey a large predatory reptile. Appropriate in formal writing, GRE sentence-equivalence, and academic contexts where precision matters.","Avoid ""crocodile"" in casual conversation among friends unless you are certain the listener will understand; it can sound pretentious. Also avoid when a simpler synonym suffices.",Academic: Contemporary scholars debate whether the crocodile hypothesis adequately explains the observed data.,"Conversational: Honestly, the crocodile behavior of the team has been a major source of tension lately.","GRE: Despite the ___ nature of the evidence, the researchers remained ___ about their conclusions. (fill in: crocodile)"
433,critter,noun,An informal term for an animal or person,,,"Use ""critter"" (noun) when you want to convey an informal term for an animal or person. Appropriate in formal writing, GRE sentence-equivalence, and academic contexts where precision matters.","Avoid ""critter"" in casual conversation among friends unless you are certain the listener will understand; it can sound pretentious. Also avoid when a simpler synonym suffices.","Academic: In the scholarly article, the author argued that the critter phenomenon could not be overlooked.","Conversational: You know, it's pretty clear that the critter situation needs our immediate attention.","GRE: Despite the ___ nature of the evidence, the researchers remained ___ about their conclusions. (fill in: critter)"
434,crow,noun,A bird,gasconade; line-shooting; crowing; bragging; brag; Corvus,,"Use ""crow"" (noun) when you want to convey a bird. Appropriate in formal writing, GRE sentence-equivalence, and academic contexts where precision matters.","Avoid ""crow"" in casual conversation among friends unless you are certain the listener will understand; it can sound pretentious. Also avoid when a simpler synonym suffices.",Academic: The study concluded that the crow factor played a decisive role in the experimental outcome.,"Conversational: Look, the crow results speak for themselves — we can't ignore them any longer.",GRE: The committee's decision to ___ was met with both praise and criticism from stakeholders. (fill in: crow)
435,crown,noun,A circlet of precious metal,peak; crest; tip; top; summit; diadem,,"Use ""crown"" (noun) when you want to convey a circlet of precious metal. Appropriate in formal writing, GRE sentence-equivalence, and academic contexts where precision matters.","Avoid ""crown"" in casual conversation among friends unless you are certain the listener will understand; it can sound pretentious. Also avoid when a simpler synonym suffices.",Academic: The study concluded that the crown factor played a decisive role in the experimental outcome.,"Conversational: Look, the crown results speak for themselves — we can't ignore them any longer.",GRE: The committee's decision to ___ was met with both praise and criticism from stakeholders. (fill in: crown)
436,crucial,adjective,Of the greatest importance,important; all-important; of the essence; essential; all important,noncrucial,"Use ""crucial"" (adjective) when you want to convey of the greatest importance. Appropriate in formal writing, GRE sentence-equivalence, and academic contexts where precision matters.","Avoid ""crucial"" in casual conversation among friends unless you are certain the listener will understand; it can sound pretentious. Also avoid when a simpler synonym suffices.","Academic: In the scholarly article, the author argued that the crucial phenomenon could not be overlooked.","Conversational: Honestly, the crucial behavior of the team has been a major source of tension lately.",GRE: The author's ___ tone contrasted sharply with the ___ underlying message of the passage. (fill in: crucial)
437,crude,adjective,Happening in a rough way,petroleum; crude oil; rock oil; oil; rough; fossil oil,refined,"Use ""crude"" (adjective) when you want to convey happening in a rough way. Appropriate in formal writing, GRE sentence-equivalence, and academic contexts where precision matters.","Avoid ""crude"" in casual conversation among friends unless you are certain the listener will understand; it can sound pretentious. Also avoid when a simpler synonym suffices.",Academic: The researcher's findings revealed that the crude effect was statistically significant across all samples.,"Conversational: You know, it's pretty clear that the crude situation needs our immediate attention.",GRE: Analysts noted that the company's ___ strategy had ___ results in the last quarter. (fill in: crude)
438,cruel,adjective,Willfully causing pain or suffering,vicious; brutal; fell; savage; roughshod; barbarous,,"Use ""cruel"" (adjective) when you want to convey willfully causing pain or suffering. Appropriate in formal writing, GRE sentence-equivalence, and academic contexts where precision matters.","Avoid ""cruel"" in casual conversation among friends unless you are certain the listener will understand; it can sound pretentious. Also avoid when a simpler synonym suffices.",Academic: A key consideration in modern discourse is how the cruel principle shapes contemporary policy decisions.,Conversational: I've noticed the cruel trend in our office culture and it's starting to concern me.,GRE: The author's ___ tone contrasted sharply with the ___ underlying message of the passage. (fill in: cruel)
439,cruise,noun,A part of a ship or boat,sail,,"Use ""cruise"" (noun) when you want to convey a part of a ship or boat. Appropriate in formal writing, GRE sentence-equivalence, and academic contexts where precision matters.","Avoid ""cruise"" in casual conversation among friends unless you are certain the listener will understand; it can sound pretentious. Also avoid when a simpler synonym suffices.",Academic: Contemporary scholars debate whether the cruise hypothesis adequately explains the observed data.,"Conversational: Honestly, the cruise behavior of the team has been a major source of tension lately.","GRE: Despite the ___ nature of the evidence, the researchers remained ___ about their conclusions. (fill in: cruise)"
440,crusade,noun,An expeditionary force,fight; effort; push; agitate; cause; drive,,"Use ""crusade"" (noun) when you want to convey an expeditionary force. Appropriate in formal writing, GRE sentence-equivalence, and academic contexts where precision matters.","Avoid ""crusade"" in casual conversation among friends unless you are certain the listener will understand; it can sound pretentious. Also avoid when a simpler synonym suffices.",Academic: Contemporary scholars debate whether the crusade hypothesis adequately explains the observed data.,Conversational: I've noticed the crusade trend in our office culture and it's starting to concern me.,GRE: The professor described the ___ as a ___ that ___ the entire field of study. (fill in: crusade)
441,cry,noun,The act of calling out in pain or grief,call; watchword; battle cry; vociferation; shout; outcry,laugh,"Use ""cry"" (noun) when you want to convey the act of calling out in pain or grief. Appropriate in formal writing, GRE sentence-equivalence, and academic contexts where precision matters.","Avoid ""cry"" in casual conversation among friends unless you are certain the listener will understand; it can sound pretentious. Also avoid when a simpler synonym suffices.",Academic: The study concluded that the cry factor played a decisive role in the experimental outcome.,Conversational: I've noticed the cry trend in our office culture and it's starting to concern me.,GRE: The author's ___ tone contrasted sharply with the ___ underlying message of the passage. (fill in: cry)
442,cubic,adjective,Having or resembling the volume of a cube,three-dimensional,linear; planar,"Use ""cubic"" (adjective) when you want to convey having or resembling the volume of a cube. Appropriate in formal writing, GRE sentence-equivalence, and academic contexts where precision matters.","Avoid ""cubic"" in casual conversation among friends unless you are certain the listener will understand; it can sound pretentious. Also avoid when a simpler synonym suffices.",Academic: The study concluded that the cubic factor played a decisive role in the experimental outcome.,"Conversational: You know, it's pretty clear that the cubic situation needs our immediate attention.",GRE: The committee's decision to ___ was met with both praise and criticism from stakeholders. (fill in: cubic)
443,cultivate,verb,To take pains to attain or achieve,work; crop; educate; train; civilise; school,,"Use ""cultivate"" (verb) when you want to convey to take pains to attain or achieve. Appropriate in formal writing, GRE sentence-equivalence, and academic contexts where precision matters.","Avoid ""cultivate"" in casual conversation among friends unless you are certain the listener will understand; it can sound pretentious. Also avoid when a simpler synonym suffices.",Academic: Contemporary scholars debate whether the cultivate hypothesis adequately explains the observed data.,Conversational: I told him the cultivate approach just wouldn't work here — we need to rethink this.,"GRE: Despite the ___ nature of the evidence, the researchers remained ___ about their conclusions. (fill in: cultivate)"
444,cuisine,noun,A characteristic style of cooking,culinary art,,"Use ""cuisine"" (noun) when you want to convey a characteristic style of cooking. Appropriate in formal writing, GRE sentence-equivalence, and academic contexts where precision matters.","Avoid ""cuisine"" in casual conversation among friends unless you are certain the listener will understand; it can sound pretentious. Also avoid when a simpler synonym suffices.",Academic: The study concluded that the cuisine factor played a decisive role in the experimental outcome.,Conversational: I told him the cuisine approach just wouldn't work here — we need to rethink this.,"GRE: Despite the ___ nature of the evidence, the researchers remained ___ about their conclusions. (fill in: cuisine)"
445,cult,noun,A system of religious beliefs,furor; religious cult; fad; cultus; craze; rage,,"Use ""cult"" (noun) when you want to convey a system of religious beliefs. Appropriate in formal writing, GRE sentence-equivalence, and academic contexts where precision matters.","Avoid ""cult"" in casual conversation among friends unless you are certain the listener will understand; it can sound pretentious. Also avoid when a simpler synonym suffices.",Academic: A key consideration in modern discourse is how the cult principle shapes contemporary policy decisions.,"Conversational: Look, the cult results speak for themselves — we can't ignore them any longer.","GRE: Despite the ___ nature of the evidence, the researchers remained ___ about their conclusions. (fill in: cult)"
446,cunning,noun,The quality of being cunning,craftiness; foxiness; slyness; craft; guile; wiliness,,"Use ""cunning"" (noun) when you want to convey the quality of being cunning. Appropriate in formal writing, GRE sentence-equivalence, and academic contexts where precision matters.","Avoid ""cunning"" in casual conversation among friends unless you are certain the listener will understand; it can sound pretentious. Also avoid when a simpler synonym suffices.",Academic: The study concluded that the cunning factor played a decisive role in the experimental outcome.,"Conversational: You know, it's pretty clear that the cunning situation needs our immediate attention.",GRE: The professor described the ___ as a ___ that ___ the entire field of study. (fill in: cunning)
447,cupid,noun,The Roman god of love,Amor,,"Use ""cupid"" (noun) when you want to convey the roman god of love. Appropriate in formal writing, GRE sentence-equivalence, and academic contexts where precision matters.","Avoid ""cupid"" in casual conversation among friends unless you are certain the listener will understand; it can sound pretentious. Also avoid when a simpler synonym suffices.",Academic: The study concluded that the cupid factor played a decisive role in the experimental outcome.,"Conversational: Honestly, the cupid behavior of the team has been a major source of tension lately.",GRE: The professor described the ___ as a ___ that ___ the entire field of study. (fill in: cupid)
448,cup,noun,An arch of the hand,transfuse; cupful; loving cup,,"Use ""cup"" (noun) when you want to convey an arch of the hand. Appropriate in formal writing, GRE sentence-equivalence, and academic contexts where precision matters.","Avoid ""cup"" in casual conversation among friends unless you are certain the listener will understand; it can sound pretentious. Also avoid when a simpler synonym suffices.",Academic: A key consideration in modern discourse is how the cup principle shapes contemporary policy decisions.,Conversational: I told him the cup approach just wouldn't work here — we need to rethink this.,"GRE: Despite the ___ nature of the evidence, the researchers remained ___ about their conclusions. (fill in: cup)"
449,curable,adjective,Able to be cured,,incurable,"Use ""curable"" (adjective) when you want to convey able to be cured. Appropriate in formal writing, GRE sentence-equivalence, and academic contexts where precision matters.","Avoid ""curable"" in casual conversation among friends unless you are certain the listener will understand; it can sound pretentious. Also avoid when a simpler synonym suffices.","Academic: In the scholarly article, the author argued that the curable phenomenon could not be overlooked.","Conversational: You know, it's pretty clear that the curable situation needs our immediate attention.",GRE: The committee's decision to ___ was met with both praise and criticism from stakeholders. (fill in: curable)
450,curb,noun,A guard or guide,American Stock Exchange; check; curbing; curb bit; AMEX; bridle,,"Use ""curb"" (noun) when you want to convey a guard or guide. Appropriate in formal writing, GRE sentence-equivalence, and academic contexts where precision matters.","Avoid ""curb"" in casual conversation among friends unless you are certain the listener will understand; it can sound pretentious. Also avoid when a simpler synonym suffices.","Academic: In the scholarly article, the author argued that the curb phenomenon could not be overlooked.","Conversational: Look, the curb results speak for themselves — we can't ignore them any longer.",GRE: The committee's decision to ___ was met with both praise and criticism from stakeholders. (fill in: curb)
451,cure,verb,To heal or recover from,bring around; remedy; curative; therapeutic; heal,,"Use ""cure"" (verb) when you want to convey to heal or recover from. Appropriate in formal writing, GRE sentence-equivalence, and academic contexts where precision matters.","Avoid ""cure"" in casual conversation among friends unless you are certain the listener will understand; it can sound pretentious. Also avoid when a simpler synonym suffices.",Academic: A key consideration in modern discourse is how the cure principle shapes contemporary policy decisions.,Conversational: I told him the cure approach just wouldn't work here — we need to rethink this.,GRE: The author's ___ tone contrasted sharply with the ___ underlying message of the passage. (fill in: cure)
452,curl,noun,A coil or spiral of hair,gyre; whorl; ringlet; curlicue; scroll; coil,uncoil,"Use ""curl"" (noun) when you want to convey a coil or spiral of hair. Appropriate in formal writing, GRE sentence-equivalence, and academic contexts where precision matters.","Avoid ""curl"" in casual conversation among friends unless you are certain the listener will understand; it can sound pretentious. Also avoid when a simpler synonym suffices.","Academic: In the scholarly article, the author argued that the curl phenomenon could not be overlooked.",Conversational: I've noticed the curl trend in our office culture and it's starting to concern me.,GRE: The author's ___ tone contrasted sharply with the ___ underlying message of the passage. (fill in: curl)
453,curry,noun,A hot dish,groom; dress,,"Use ""curry"" (noun) when you want to convey a hot dish. Appropriate in formal writing, GRE sentence-equivalence, and academic contexts where precision matters.","Avoid ""curry"" in casual conversation among friends unless you are certain the listener will understand; it can sound pretentious. Also avoid when a simpler synonym suffices.",Academic: Contemporary scholars debate whether the curry hypothesis adequately explains the observed data.,"Conversational: Honestly, the curry behavior of the team has been a major source of tension lately.",GRE: The committee's decision to ___ was met with both praise and criticism from stakeholders. (fill in: curry)
454,alleviate,verb,To provide relief or aid,palliate; ease; facilitate; relieve; assuage,,"Use ""alleviate"" (verb) when you want to convey to provide relief or aid. Appropriate in formal writing, GRE sentence-equivalence, and academic contexts where precision matters.","Avoid ""alleviate"" in casual conversation among friends unless you are certain the listener will understand; it can sound pretentious. Also avoid when a simpler synonym suffices.",Academic: The study concluded that the alleviate factor played a decisive role in the experimental outcome.,"Conversational: Honestly, the alleviate behavior of the team has been a major source of tension lately.","GRE: Despite the ___ nature of the evidence, the researchers remained ___ about their conclusions. (fill in: alleviate)"
455,allude,verb,To make a reference to,touch; advert,,"Use ""allude"" (verb) when you want to convey to make a reference to. Appropriate in formal writing, GRE sentence-equivalence, and academic contexts where precision matters.","Avoid ""allude"" in casual conversation among friends unless you are certain the listener will understand; it can sound pretentious. Also avoid when a simpler synonym suffices.","Academic: In the scholarly article, the author argued that the allude phenomenon could not be overlooked.","Conversational: Honestly, the allude behavior of the team has been a major source of tension lately.",GRE: The author's ___ tone contrasted sharply with the ___ underlying message of the passage. (fill in: allude)
456,ambivalent,adjective,Holding two conflicting feelings or beliefs,,,"Use ""ambivalent"" (adjective) when you want to convey holding two conflicting feelings or beliefs. Appropriate in formal writing, GRE sentence-equivalence, and academic contexts where precision matters.","Avoid ""ambivalent"" in casual conversation among friends unless you are certain the listener will understand; it can sound pretentious. Also avoid when a simpler synonym suffices.",Academic: A key consideration in modern discourse is how the ambivalent principle shapes contemporary policy decisions.,"Conversational: Honestly, the ambivalent behavior of the team has been a major source of tension lately.",GRE: The committee's decision to ___ was met with both praise and criticism from stakeholders. (fill in: ambivalent)
457,anachronistic,adjective,Belonging to an earlier time,anachronic; anachronous,,"Use ""anachronistic"" (adjective) when you want to convey belonging to an earlier time. Appropriate in formal writing, GRE sentence-equivalence, and academic contexts where precision matters.","Avoid ""anachronistic"" in casual conversation among friends unless you are certain the listener will understand; it can sound pretentious. Also avoid when a simpler synonym suffices.",Academic: Contemporary scholars debate whether the anachronistic hypothesis adequately explains the observed data.,Conversational: I've noticed the anachronistic trend in our office culture and it's starting to concern me.,GRE: Analysts noted that the company's ___ strategy had ___ results in the last quarter. (fill in: anachronistic)
458,anemic,adjective,Characterized by a lack of energy or substance,anaemic,,"Use ""anemic"" (adjective) when you want to convey characterized by a lack of energy or substance. Appropriate in formal writing, GRE sentence-equivalence, and academic contexts where precision matters.","Avoid ""anemic"" in casual conversation among friends unless you are certain the listener will understand; it can sound pretentious. Also avoid when a simpler synonym suffices.",Academic: The researcher's findings revealed that the anemic effect was statistically significant across all samples.,"Conversational: Look, the anemic results speak for themselves — we can't ignore them any longer.",GRE: Analysts noted that the company's ___ strategy had ___ results in the last quarter. (fill in: anemic)
459,angelic,adjective,Having or resembling an angel,angelical; saintlike; saintly; cherubic; sweet; sainted,,"Use ""angelic"" (adjective) when you want to convey having or resembling an angel. Appropriate in formal writing, GRE sentence-equivalence, and academic contexts where precision matters.","Avoid ""angelic"" in casual conversation among friends unless you are certain the listener will understand; it can sound pretentious. Also avoid when a simpler synonym suffices.","Academic: In the scholarly article, the author argued that the angelic phenomenon could not be overlooked.","Conversational: Honestly, the angelic behavior of the team has been a major source of tension lately.",GRE: The author's ___ tone contrasted sharply with the ___ underlying message of the passage. (fill in: angelic)
460,animated,adjective,Full of or showing life and vigor,enliven; invigorate; animize; animise; exalt; inspire,unanimated; deaden,"Use ""animated"" (adjective) when you want to convey full of or showing life and vigor. Appropriate in formal writing, GRE sentence-equivalence, and academic contexts where precision matters.","Avoid ""animated"" in casual conversation among friends unless you are certain the listener will understand; it can sound pretentious. Also avoid when a simpler synonym suffices.",Academic: A key consideration in modern discourse is how the animated principle shapes contemporary policy decisions.,"Conversational: You know, it's pretty clear that the animated situation needs our immediate attention.",GRE: The professor described the ___ as a ___ that ___ the entire field of study. (fill in: animated)
461,apic,adjective,Of the topmost petal,,,"Use ""apic"" (adjective) when you want to convey of the topmost petal. Appropriate in formal writing, GRE sentence-equivalence, and academic contexts where precision matters.","Avoid ""apic"" in casual conversation among friends unless you are certain the listener will understand; it can sound pretentious. Also avoid when a simpler synonym suffices.",Academic: Contemporary scholars debate whether the apic hypothesis adequately explains the observed data.,Conversational: I told him the apic approach just wouldn't work here — we need to rethink this.,"GRE: Despite the ___ nature of the evidence, the researchers remained ___ about their conclusions. (fill in: apic)"
462,apocalyptic,adjective,Relating to or resembling an apocalypse,revelatory; apocalyptical,,"Use ""apocalyptic"" (adjective) when you want to convey relating to or resembling an apocalypse. Appropriate in formal writing, GRE sentence-equivalence, and academic contexts where precision matters.","Avoid ""apocalyptic"" in casual conversation among friends unless you are certain the listener will understand; it can sound pretentious. Also avoid when a simpler synonym suffices.",Academic: Contemporary scholars debate whether the apocalyptic hypothesis adequately explains the observed data.,Conversational: I've noticed the apocalyptic trend in our office culture and it's starting to concern me.,GRE: The author's ___ tone contrasted sharply with the ___ underlying message of the passage. (fill in: apocalyptic)
463,apocryphal,adjective,Of dubious authenticity,,,"Use ""apocryphal"" (adjective) when you want to convey of dubious authenticity. Appropriate in formal writing, GRE sentence-equivalence, and academic contexts where precision matters.","Avoid ""apocryphal"" in casual conversation among friends unless you are certain the listener will understand; it can sound pretentious. Also avoid when a simpler synonym suffices.",Academic: Contemporary scholars debate whether the apocryphal hypothesis adequately explains the observed data.,"Conversational: You know, it's pretty clear that the apocryphal situation needs our immediate attention.",GRE: The author's ___ tone contrasted sharply with the ___ underlying message of the passage. (fill in: apocryphal)
464,applaud,verb,To show approval or give praise,spat; acclaim; clap,boo,"Use ""applaud"" (verb) when you want to convey to show approval or give praise. Appropriate in formal writing, GRE sentence-equivalence, and academic contexts where precision matters.","Avoid ""applaud"" in casual conversation among friends unless you are certain the listener will understand; it can sound pretentious. Also avoid when a simpler synonym suffices.",Academic: A key consideration in modern discourse is how the applaud principle shapes contemporary policy decisions.,"Conversational: You know, it's pretty clear that the applaud situation needs our immediate attention.",GRE: Analysts noted that the company's ___ strategy had ___ results in the last quarter. (fill in: applaud)
465,apprehensive,adjective,Mentally prepared for an unpleasant situation,worried; discerning,,"Use ""apprehensive"" (adjective) when you want to convey mentally prepared for an unpleasant situation. Appropriate in formal writing, GRE sentence-equivalence, and academic contexts where precision matters.","Avoid ""apprehensive"" in casual conversation among friends unless you are certain the listener will understand; it can sound pretentious. Also avoid when a simpler synonym suffices.",Academic: A key consideration in modern discourse is how the apprehensive principle shapes contemporary policy decisions.,"Conversational: Honestly, the apprehensive behavior of the team has been a major source of tension lately.",GRE: The professor described the ___ as a ___ that ___ the entire field of study. (fill in: apprehensive)
466,apprise,verb,To inform or notify someone,apprize; instruct; send word; give notice; advise; notify,depreciate,"Use ""apprise"" (verb) when you want to convey to inform or notify someone. Appropriate in formal writing, GRE sentence-equivalence, and academic contexts where precision matters.","Avoid ""apprise"" in casual conversation among friends unless you are certain the listener will understand; it can sound pretentious. Also avoid when a simpler synonym suffices.",Academic: A key consideration in modern discourse is how the apprise principle shapes contemporary policy decisions.,"Conversational: You know, it's pretty clear that the apprise situation needs our immediate attention.",GRE: Analysts noted that the company's ___ strategy had ___ results in the last quarter. (fill in: apprise)
467,approbation,noun,Expressing an affirmative and accepting attitude,,disapprobation,"Use ""approbation"" (noun) when you want to convey expressing an affirmative and accepting attitude. Appropriate in formal writing, GRE sentence-equivalence, and academic contexts where precision matters.","Avoid ""approbation"" in casual conversation among friends unless you are certain the listener will understand; it can sound pretentious. Also avoid when a simpler synonym suffices.",Academic: The researcher's findings revealed that the approbation effect was statistically significant across all samples.,Conversational: I've noticed the approbation trend in our office culture and it's starting to concern me.,"GRE: Despite the ___ nature of the evidence, the researchers remained ___ about their conclusions. (fill in: approbation)"
468,arboreal,adjective,Relating to or resembling a tree,arborous; treelike; arborary; arboresque; arborical; dendriform,nonarboreal,"Use ""arboreal"" (adjective) when you want to convey relating to or resembling a tree. Appropriate in formal writing, GRE sentence-equivalence, and academic contexts where precision matters.","Avoid ""arboreal"" in casual conversation among friends unless you are certain the listener will understand; it can sound pretentious. Also avoid when a simpler synonym suffices.","Academic: In the scholarly article, the author argued that the arboreal phenomenon could not be overlooked.",Conversational: I told him the arboreal approach just wouldn't work here — we need to rethink this.,GRE: The committee's decision to ___ was met with both praise and criticism from stakeholders. (fill in: arboreal)
469,arbitrary,adjective,Not based on or constrained by reason,,nonarbitrary,"Use ""arbitrary"" (adjective) when you want to convey not based on or constrained by reason. Appropriate in formal writing, GRE sentence-equivalence, and academic contexts where precision matters.","Avoid ""arbitrary"" in casual conversation among friends unless you are certain the listener will understand; it can sound pretentious. Also avoid when a simpler synonym suffices.","Academic: In the scholarly article, the author argued that the arbitrary phenomenon could not be overlooked.",Conversational: I've noticed the arbitrary trend in our office culture and it's starting to concern me.,GRE: Analysts noted that the company's ___ strategy had ___ results in the last quarter. (fill in: arbitrary)
470,arch,adjective,A raised or distorted eyebrow,archway; condescending; arc; patronising; patronizing; curve,,"Use ""arch"" (adjective) when you want to convey a raised or distorted eyebrow. Appropriate in formal writing, GRE sentence-equivalence, and academic contexts where precision matters.","Avoid ""arch"" in casual conversation among friends unless you are certain the listener will understand; it can sound pretentious. Also avoid when a simpler synonym suffices.",Academic: The study concluded that the arch factor played a decisive role in the experimental outcome.,"Conversational: Look, the arch results speak for themselves — we can't ignore them any longer.","GRE: Despite the ___ nature of the evidence, the researchers remained ___ about their conclusions. (fill in: arch)"
471,argot,adjective,Of or in the language used by a profession,lingo; cant; vernacular; slang; patois; jargon,,"Use ""argot"" (adjective) when you want to convey of or in the language used by a profession. Appropriate in formal writing, GRE sentence-equivalence, and academic contexts where precision matters.","Avoid ""argot"" in casual conversation among friends unless you are certain the listener will understand; it can sound pretentious. Also avoid when a simpler synonym suffices.",Academic: A key consideration in modern discourse is how the argot principle shapes contemporary policy decisions.,Conversational: I told him the argot approach just wouldn't work here — we need to rethink this.,GRE: The professor described the ___ as a ___ that ___ the entire field of study. (fill in: argot)
472,aromatic,adjective,Having a pleasant natural odour,redolent,,"Use ""aromatic"" (adjective) when you want to convey having a pleasant natural odour. Appropriate in formal writing, GRE sentence-equivalence, and academic contexts where precision matters.","Avoid ""aromatic"" in casual conversation among friends unless you are certain the listener will understand; it can sound pretentious. Also avoid when a simpler synonym suffices.",Academic: A key consideration in modern discourse is how the aromatic principle shapes contemporary policy decisions.,"Conversational: Honestly, the aromatic behavior of the team has been a major source of tension lately.",GRE: The author's ___ tone contrasted sharply with the ___ underlying message of the passage. (fill in: aromatic)
473,arrogate,verb,To seize or take without justification,take over; lay claim; usurp; claim; seize; assign,forfeit,"Use ""arrogate"" (verb) when you want to convey to seize or take without justification. Appropriate in formal writing, GRE sentence-equivalence, and academic contexts where precision matters.","Avoid ""arrogate"" in casual conversation among friends unless you are certain the listener will understand; it can sound pretentious. Also avoid when a simpler synonym suffices.",Academic: Contemporary scholars debate whether the arrogate hypothesis adequately explains the observed data.,"Conversational: You know, it's pretty clear that the arrogate situation needs our immediate attention.",GRE: The committee's decision to ___ was met with both praise and criticism from stakeholders. (fill in: arrogate)
474,arsenic,noun,A poisonous metal,white arsenic; atomic number 33; arsenous oxide; As; arsenous anhydride; arsenic trioxide,,"Use ""arsenic"" (noun) when you want to convey a poisonous metal. Appropriate in formal writing, GRE sentence-equivalence, and academic contexts where precision matters.","Avoid ""arsenic"" in casual conversation among friends unless you are certain the listener will understand; it can sound pretentious. Also avoid when a simpler synonym suffices.",Academic: The researcher's findings revealed that the arsenic effect was statistically significant across all samples.,Conversational: I told him the arsenic approach just wouldn't work here — we need to rethink this.,GRE: The author's ___ tone contrasted sharply with the ___ underlying message of the passage. (fill in: arsenic)
475,artful,adjective,Skillful or adroit in physical matters,disingenuous,ingenuous; artless,"Use ""artful"" (adjective) when you want to convey skillful or adroit in physical matters. Appropriate in formal writing, GRE sentence-equivalence, and academic contexts where precision matters.","Avoid ""artful"" in casual conversation among friends unless you are certain the listener will understand; it can sound pretentious. Also avoid when a simpler synonym suffices.","Academic: In the scholarly article, the author argued that the artful phenomenon could not be overlooked.","Conversational: You know, it's pretty clear that the artful situation needs our immediate attention.",GRE: The professor described the ___ as a ___ that ___ the entire field of study. (fill in: artful)
476,ascetic,adjective,Relating to or characteristic of an ascetic,ascetical; spartan; austere; abstainer,,"Use ""ascetic"" (adjective) when you want to convey relating to or characteristic of an ascetic. Appropriate in formal writing, GRE sentence-equivalence, and academic contexts where precision matters.","Avoid ""ascetic"" in casual conversation among friends unless you are certain the listener will understand; it can sound pretentious. Also avoid when a simpler synonym suffices.",Academic: The study concluded that the ascetic factor played a decisive role in the experimental outcome.,"Conversational: Look, the ascetic results speak for themselves — we can't ignore them any longer.","GRE: Despite the ___ nature of the evidence, the researchers remained ___ about their conclusions. (fill in: ascetic)"
477,ashen,adjective,Of the pale grey color of ashes,white; livid; bloodless; blanched,,"Use ""ashen"" (adjective) when you want to convey of the pale grey color of ashes. Appropriate in formal writing, GRE sentence-equivalence, and academic contexts where precision matters.","Avoid ""ashen"" in casual conversation among friends unless you are certain the listener will understand; it can sound pretentious. Also avoid when a simpler synonym suffices.",Academic: Contemporary scholars debate whether the ashen hypothesis adequately explains the observed data.,"Conversational: Look, the ashen results speak for themselves — we can't ignore them any longer.","GRE: Despite the ___ nature of the evidence, the researchers remained ___ about their conclusions. (fill in: ashen)"
478,asphodel,noun,A flower,,,"Use ""asphodel"" (noun) when you want to convey a flower. Appropriate in formal writing, GRE sentence-equivalence, and academic contexts where precision matters.","Avoid ""asphodel"" in casual conversation among friends unless you are certain the listener will understand; it can sound pretentious. Also avoid when a simpler synonym suffices.",Academic: A key consideration in modern discourse is how the asphodel principle shapes contemporary policy decisions.,Conversational: I told him the asphodel approach just wouldn't work here — we need to rethink this.,GRE: The author's ___ tone contrasted sharply with the ___ underlying message of the passage. (fill in: asphodel)
479,asynchronous,adjective,Not existing or happening at the same time,,synchronous,"Use ""asynchronous"" (adjective) when you want to convey not existing or happening at the same time. Appropriate in formal writing, GRE sentence-equivalence, and academic contexts where precision matters.","Avoid ""asynchronous"" in casual conversation among friends unless you are certain the listener will understand; it can sound pretentious. Also avoid when a simpler synonym suffices.","Academic: In the scholarly article, the author argued that the asynchronous phenomenon could not be overlooked.","Conversational: Honestly, the asynchronous behavior of the team has been a major source of tension lately.","GRE: Despite the ___ nature of the evidence, the researchers remained ___ about their conclusions. (fill in: asynchronous)"
480,asymptotic,adjective,Concerning a value that tends to infinity,,,"Use ""asymptotic"" (adjective) when you want to convey concerning a value that tends to infinity. Appropriate in formal writing, GRE sentence-equivalence, and academic contexts where precision matters.","Avoid ""asymptotic"" in casual conversation among friends unless you are certain the listener will understand; it can sound pretentious. Also avoid when a simpler synonym suffices.","Academic: In the scholarly article, the author argued that the asymptotic phenomenon could not be overlooked.","Conversational: Honestly, the asymptotic behavior of the team has been a major source of tension lately.",GRE: The author's ___ tone contrasted sharply with the ___ underlying message of the passage. (fill in: asymptotic)
481,asymmetry,noun,The absence of symmetry,dissymmetry; imbalance,symmetry,"Use ""asymmetry"" (noun) when you want to convey the absence of symmetry. Appropriate in formal writing, GRE sentence-equivalence, and academic contexts where precision matters.","Avoid ""asymmetry"" in casual conversation among friends unless you are certain the listener will understand; it can sound pretentious. Also avoid when a simpler synonym suffices.",Academic: The study concluded that the asymmetry factor played a decisive role in the experimental outcome.,Conversational: I've noticed the asymmetry trend in our office culture and it's starting to concern me.,GRE: The professor described the ___ as a ___ that ___ the entire field of study. (fill in: asymmetry)
482,asylum-seeker,noun,A person seeking international protection,,,"Use ""asylum-seeker"" (noun) when you want to convey a person seeking international protection. Appropriate in formal writing, GRE sentence-equivalence, and academic contexts where precision matters.","Avoid ""asylum-seeker"" in casual conversation among friends unless you are certain the listener will understand; it can sound pretentious. Also avoid when a simpler synonym suffices.","Academic: In the scholarly article, the author argued that the asylum-seeker phenomenon could not be overlooked.",Conversational: I told him the asylum-seeker approach just wouldn't work here — we need to rethink this.,"GRE: Despite the ___ nature of the evidence, the researchers remained ___ about their conclusions. (fill in: asylum-seeker)"
483,atavistic,adjective,Relating to a return to a prior state,throwback,,"Use ""atavistic"" (adjective) when you want to convey relating to a return to a prior state. Appropriate in formal writing, GRE sentence-equivalence, and academic contexts where precision matters.","Avoid ""atavistic"" in casual conversation among friends unless you are certain the listener will understand; it can sound pretentious. Also avoid when a simpler synonym suffices.",Academic: Contemporary scholars debate whether the atavistic hypothesis adequately explains the observed data.,"Conversational: You know, it's pretty clear that the atavistic situation needs our immediate attention.",GRE: The committee's decision to ___ was met with both praise and criticism from stakeholders. (fill in: atavistic)
484,atheist,noun,A person who disbelieves or who insists on proof,atheistical; atheistic,,"Use ""atheist"" (noun) when you want to convey a person who disbelieves or who insists on proof. Appropriate in formal writing, GRE sentence-equivalence, and academic contexts where precision matters.","Avoid ""atheist"" in casual conversation among friends unless you are certain the listener will understand; it can sound pretentious. Also avoid when a simpler synonym suffices.",Academic: The researcher's findings revealed that the atheist effect was statistically significant across all samples.,"Conversational: Honestly, the atheist behavior of the team has been a major source of tension lately.",GRE: Analysts noted that the company's ___ strategy had ___ results in the last quarter. (fill in: atheist)
485,augury,noun,A sign or omen,foretoken; preindication; sign,,"Use ""augury"" (noun) when you want to convey a sign or omen. Appropriate in formal writing, GRE sentence-equivalence, and academic contexts where precision matters.","Avoid ""augury"" in casual conversation among friends unless you are certain the listener will understand; it can sound pretentious. Also avoid when a simpler synonym suffices.",Academic: The researcher's findings revealed that the augury effect was statistically significant across all samples.,"Conversational: Honestly, the augury behavior of the team has been a major source of tension lately.",GRE: The professor described the ___ as a ___ that ___ the entire field of study. (fill in: augury)
486,aunt,noun,A woman who is an aunt,auntie; aunty,uncle,"Use ""aunt"" (noun) when you want to convey a woman who is an aunt. Appropriate in formal writing, GRE sentence-equivalence, and academic contexts where precision matters.","Avoid ""aunt"" in casual conversation among friends unless you are certain the listener will understand; it can sound pretentious. Also avoid when a simpler synonym suffices.",Academic: A key consideration in modern discourse is how the aunt principle shapes contemporary policy decisions.,"Conversational: You know, it's pretty clear that the aunt situation needs our immediate attention.",GRE: The committee's decision to ___ was met with both praise and criticism from stakeholders. (fill in: aunt)
487,author,noun,The creator or compiler of a book,writer; source; generator,,"Use ""author"" (noun) when you want to convey the creator or compiler of a book. Appropriate in formal writing, GRE sentence-equivalence, and academic contexts where precision matters.","Avoid ""author"" in casual conversation among friends unless you are certain the listener will understand; it can sound pretentious. Also avoid when a simpler synonym suffices.",Academic: The study concluded that the author factor played a decisive role in the experimental outcome.,"Conversational: Look, the author results speak for themselves — we can't ignore them any longer.",GRE: Analysts noted that the company's ___ strategy had ___ results in the last quarter. (fill in: author)
488,autocrat,noun,A person with complete control,despot; tyrant,,"Use ""autocrat"" (noun) when you want to convey a person with complete control. Appropriate in formal writing, GRE sentence-equivalence, and academic contexts where precision matters.","Avoid ""autocrat"" in casual conversation among friends unless you are certain the listener will understand; it can sound pretentious. Also avoid when a simpler synonym suffices.",Academic: The researcher's findings revealed that the autocrat effect was statistically significant across all samples.,"Conversational: Look, the autocrat results speak for themselves — we can't ignore them any longer.",GRE: The author's ___ tone contrasted sharply with the ___ underlying message of the passage. (fill in: autocrat)
489,autocratic,adjective,Having complete control,tyrannical; bossy; authoritarian; magisterial; peremptory; dominating,,"Use ""autocratic"" (adjective) when you want to convey having complete control. Appropriate in formal writing, GRE sentence-equivalence, and academic contexts where precision matters.","Avoid ""autocratic"" in casual conversation among friends unless you are certain the listener will understand; it can sound pretentious. Also avoid when a simpler synonym suffices.",Academic: The researcher's findings revealed that the autocratic effect was statistically significant across all samples.,Conversational: I've noticed the autocratic trend in our office culture and it's starting to concern me.,GRE: The author's ___ tone contrasted sharply with the ___ underlying message of the passage. (fill in: autocratic)
490,autocratical,adjective,Having complete control,,,"Use ""autocratical"" (adjective) when you want to convey having complete control. Appropriate in formal writing, GRE sentence-equivalence, and academic contexts where precision matters.","Avoid ""autocratical"" in casual conversation among friends unless you are certain the listener will understand; it can sound pretentious. Also avoid when a simpler synonym suffices.",Academic: A key consideration in modern discourse is how the autocratical principle shapes contemporary policy decisions.,"Conversational: You know, it's pretty clear that the autocratical situation needs our immediate attention.","GRE: Despite the ___ nature of the evidence, the researchers remained ___ about their conclusions. (fill in: autocratical)"
491,autograph,noun,A person's handwritten signature,John Hancock; inscribe,,"Use ""autograph"" (noun) when you want to convey a person's handwritten signature. Appropriate in formal writing, GRE sentence-equivalence, and academic contexts where precision matters.","Avoid ""autograph"" in casual conversation among friends unless you are certain the listener will understand; it can sound pretentious. Also avoid when a simpler synonym suffices.","Academic: In the scholarly article, the author argued that the autograph phenomenon could not be overlooked.","Conversational: Look, the autograph results speak for themselves — we can't ignore them any longer.",GRE: The committee's decision to ___ was met with both praise and criticism from stakeholders. (fill in: autograph)
492,automation,noun,The use of processes,mechanization; mechanisation,,"Use ""automation"" (noun) when you want to convey the use of processes. Appropriate in formal writing, GRE sentence-equivalence, and academic contexts where precision matters.","Avoid ""automation"" in casual conversation among friends unless you are certain the listener will understand; it can sound pretentious. Also avoid when a simpler synonym suffices.",Academic: The study concluded that the automation factor played a decisive role in the experimental outcome.,"Conversational: You know, it's pretty clear that the automation situation needs our immediate attention.",GRE: The professor described the ___ as a ___ that ___ the entire field of study. (fill in: automation)
493,autonomous,adjective,Having the freedom to self-govern,self-reliant; sovereign; self-governing; independent; self-directed,,"Use ""autonomous"" (adjective) when you want to convey having the freedom to self-govern. Appropriate in formal writing, GRE sentence-equivalence, and academic contexts where precision matters.","Avoid ""autonomous"" in casual conversation among friends unless you are certain the listener will understand; it can sound pretentious. Also avoid when a simpler synonym suffices.",Academic: Contemporary scholars debate whether the autonomous hypothesis adequately explains the observed data.,"Conversational: Look, the autonomous results speak for themselves — we can't ignore them any longer.",GRE: The author's ___ tone contrasted sharply with the ___ underlying message of the passage. (fill in: autonomous)
494,autopsy,noun,A post-mortem examination,necropsy; post-mortem; postmortem examination; post-mortem examination; PM; postmortem,,"Use ""autopsy"" (noun) when you want to convey a post-mortem examination. Appropriate in formal writing, GRE sentence-equivalence, and academic contexts where precision matters.","Avoid ""autopsy"" in casual conversation among friends unless you are certain the listener will understand; it can sound pretentious. Also avoid when a simpler synonym suffices.",Academic: The study concluded that the autopsy factor played a decisive role in the experimental outcome.,"Conversational: Look, the autopsy results speak for themselves — we can't ignore them any longer.",GRE: The professor described the ___ as a ___ that ___ the entire field of study. (fill in: autopsy)
495,auto,adjective,Of or relating to an automatic mechanism,car; automobile; motorcar; machine,,"Use ""auto"" (adjective) when you want to convey of or relating to an automatic mechanism. Appropriate in formal writing, GRE sentence-equivalence, and academic contexts where precision matters.","Avoid ""auto"" in casual conversation among friends unless you are certain the listener will understand; it can sound pretentious. Also avoid when a simpler synonym suffices.","Academic: In the scholarly article, the author argued that the auto phenomenon could not be overlooked.","Conversational: Look, the auto results speak for themselves — we can't ignore them any longer.",GRE: The committee's decision to ___ was met with both praise and criticism from stakeholders. (fill in: auto)
496,autos,adjective,Of or relating to an automatic mechanism,automobile; motorcar; auto; car; machine,,"Use ""autos"" (adjective) when you want to convey of or relating to an automatic mechanism. Appropriate in formal writing, GRE sentence-equivalence, and academic contexts where precision matters.","Avoid ""autos"" in casual conversation among friends unless you are certain the listener will understand; it can sound pretentious. Also avoid when a simpler synonym suffices.",Academic: A key consideration in modern discourse is how the autos principle shapes contemporary policy decisions.,Conversational: I told him the autos approach just wouldn't work here — we need to rethink this.,GRE: The author's ___ tone contrasted sharply with the ___ underlying message of the passage. (fill in: autos)
497,auxiliary,adjective,Chiefly US: of or relating to an auxiliary,adjuvant; adjunct; ancillary; supplemental; aide; accessory,,"Use ""auxiliary"" (adjective) when you want to convey chiefly us: of or relating to an auxiliary. Appropriate in formal writing, GRE sentence-equivalence, and academic contexts where precision matters.","Avoid ""auxiliary"" in casual conversation among friends unless you are certain the listener will understand; it can sound pretentious. Also avoid when a simpler synonym suffices.",Academic: The study concluded that the auxiliary factor played a decisive role in the experimental outcome.,"Conversational: Honestly, the auxiliary behavior of the team has been a major source of tension lately.",GRE: The committee's decision to ___ was met with both praise and criticism from stakeholders. (fill in: auxiliary)
498,avail,verb,To help or benefit someone,help; service,,"Use ""avail"" (verb) when you want to convey to help or benefit someone. Appropriate in formal writing, GRE sentence-equivalence, and academic contexts where precision matters.","Avoid ""avail"" in casual conversation among friends unless you are certain the listener will understand; it can sound pretentious. Also avoid when a simpler synonym suffices.",Academic: The study concluded that the avail factor played a decisive role in the experimental outcome.,"Conversational: You know, it's pretty clear that the avail situation needs our immediate attention.",GRE: Analysts noted that the company's ___ strategy had ___ results in the last quarter. (fill in: avail)
499,avatar,noun,"In Hinduism, the incarnation of a deity",incarnation; embodiment,,"Use ""avatar"" (noun) when you want to convey in hinduism, the incarnation of a deity. Appropriate in formal writing, GRE sentence-equivalence, and academic contexts where precision matters.","Avoid ""avatar"" in casual conversation among friends unless you are certain the listener will understand; it can sound pretentious. Also avoid when a simpler synonym suffices.",Academic: The study concluded that the avatar factor played a decisive role in the experimental outcome.,Conversational: I've noticed the avatar trend in our office culture and it's starting to concern me.,"GRE: Despite the ___ nature of the evidence, the researchers remained ___ about their conclusions. (fill in: avatar)"
500,avenge,verb,To inflict hurt or punishment,revenge; retaliate,,"Use ""avenge"" (verb) when you want to convey to inflict hurt or punishment. Appropriate in formal writing, GRE sentence-equivalence, and academic contexts where precision matters.","Avoid ""avenge"" in casual conversation among friends unless you are certain the listener will understand; it can sound pretentious. Also avoid when a simpler synonym suffices.",Academic: Contemporary scholars debate whether the avenge hypothesis adequately explains the observed data.,"Conversational: You know, it's pretty clear that the avenge situation needs our immediate attention.","GRE: Despite the ___ nature of the evidence, the researchers remained ___ about their conclusions. (fill in: avenge)"
501,aver,verb,To state or assert that something is the case,affirm; assert; say; verify; allege; swear,,"Use ""aver"" (verb) when you want to convey to state or assert that something is the case. Appropriate in formal writing, GRE sentence-equivalence, and academic contexts where precision matters.","Avoid ""aver"" in casual conversation among friends unless you are certain the listener will understand; it can sound pretentious. Also avoid when a simpler synonym suffices.",Academic: A key consideration in modern discourse is how the aver principle shapes contemporary policy decisions.,"Conversational: Honestly, the aver behavior of the team has been a major source of tension lately.",GRE: Analysts noted that the company's ___ strategy had ___ results in the last quarter. (fill in: aver)
502,averse,adjective,Reluctant to do something,antipathetic; antipathetical; indisposed; loth; loath,,"Use ""averse"" (adjective) when you want to convey reluctant to do something. Appropriate in formal writing, GRE sentence-equivalence, and academic contexts where precision matters.","Avoid ""averse"" in casual conversation among friends unless you are certain the listener will understand; it can sound pretentious. Also avoid when a simpler synonym suffices.",Academic: A key consideration in modern discourse is how the averse principle shapes contemporary policy decisions.,Conversational: I told him the averse approach just wouldn't work here — we need to rethink this.,GRE: The committee's decision to ___ was met with both praise and criticism from stakeholders. (fill in: averse)
503,avert,verb,To turn away or prevent,forfend; head off; fend off; obviate; forefend; debar,,"Use ""avert"" (verb) when you want to convey to turn away or prevent. Appropriate in formal writing, GRE sentence-equivalence, and academic contexts where precision matters.","Avoid ""avert"" in casual conversation among friends unless you are certain the listener will understand; it can sound pretentious. Also avoid when a simpler synonym suffices.",Academic: Contemporary scholars debate whether the avert hypothesis adequately explains the observed data.,"Conversational: You know, it's pretty clear that the avert situation needs our immediate attention.",GRE: The author's ___ tone contrasted sharply with the ___ underlying message of the passage. (fill in: avert)
504,aviary,noun,A large cage or enclosure for birds,bird sanctuary; volary,,"Use ""aviary"" (noun) when you want to convey a large cage or enclosure for birds. Appropriate in formal writing, GRE sentence-equivalence, and academic contexts where precision matters.","Avoid ""aviary"" in casual conversation among friends unless you are certain the listener will understand; it can sound pretentious. Also avoid when a simpler synonym suffices.",Academic: Contemporary scholars debate whether the aviary hypothesis adequately explains the observed data.,Conversational: I told him the aviary approach just wouldn't work here — we need to rethink this.,GRE: The professor described the ___ as a ___ that ___ the entire field of study. (fill in: aviary)
505,awkward,adjective,Making someone feel awkward,clumsy; inapt; inept; bunglesome; ungainly; ill-chosen,graceful,"Use ""awkward"" (adjective) when you want to convey making someone feel awkward. Appropriate in formal writing, GRE sentence-equivalence, and academic contexts where precision matters.","Avoid ""awkward"" in casual conversation among friends unless you are certain the listener will understand; it can sound pretentious. Also avoid when a simpler synonym suffices.",Academic: A key consideration in modern discourse is how the awkward principle shapes contemporary policy decisions.,Conversational: I told him the awkward approach just wouldn't work here — we need to rethink this.,GRE: Analysts noted that the company's ___ strategy had ___ results in the last quarter. (fill in: awkward)
506,axiom,noun,A statement or proposition from which an argument follows,maxim,,"Use ""axiom"" (noun) when you want to convey a statement or proposition from which an argument follows. Appropriate in formal writing, GRE sentence-equivalence, and academic contexts where precision matters.","Avoid ""axiom"" in casual conversation among friends unless you are certain the listener will understand; it can sound pretentious. Also avoid when a simpler synonym suffices.","Academic: In the scholarly article, the author argued that the axiom phenomenon could not be overlooked.",Conversational: I told him the axiom approach just wouldn't work here — we need to rethink this.,GRE: The professor described the ___ as a ___ that ___ the entire field of study. (fill in: axiom)
507,azure,noun,A bright blue color,sky-blue; bright blue; cerulean; lazuline; sapphire,,"Use ""azure"" (noun) when you want to convey a bright blue color. Appropriate in formal writing, GRE sentence-equivalence, and academic contexts where precision matters.","Avoid ""azure"" in casual conversation among friends unless you are certain the listener will understand; it can sound pretentious. Also avoid when a simpler synonym suffices.",Academic: The researcher's findings revealed that the azure effect was statistically significant across all samples.,Conversational: I told him the azure approach just wouldn't work here — we need to rethink this.,GRE: The author's ___ tone contrasted sharply with the ___ underlying message of the passage. (fill in: azure)
508,backlash,noun,A strong negative reaction,repercussion; recoil; backfire; rebound,,"Use ""backlash"" (noun) when you want to convey a strong negative reaction. Appropriate in formal writing, GRE sentence-equivalence, and academic contexts where precision matters.","Avoid ""backlash"" in casual conversation among friends unless you are certain the listener will understand; it can sound pretentious. Also avoid when a simpler synonym suffices.",Academic: The researcher's findings revealed that the backlash effect was statistically significant across all samples.,"Conversational: You know, it's pretty clear that the backlash situation needs our immediate attention.",GRE: Analysts noted that the company's ___ strategy had ___ results in the last quarter. (fill in: backlash)
509,backroom,noun,A room that is to the rear,,,"Use ""backroom"" (noun) when you want to convey a room that is to the rear. Appropriate in formal writing, GRE sentence-equivalence, and academic contexts where precision matters.","Avoid ""backroom"" in casual conversation among friends unless you are certain the listener will understand; it can sound pretentious. Also avoid when a simpler synonym suffices.",Academic: The study concluded that the backroom factor played a decisive role in the experimental outcome.,"Conversational: Look, the backroom results speak for themselves — we can't ignore them any longer.",GRE: The author's ___ tone contrasted sharply with the ___ underlying message of the passage. (fill in: backroom)
510,backsliding,noun,Relapse into a former state,relapse; lapsing; reversion; relapsing; lapse; reverting,,"Use ""backsliding"" (noun) when you want to convey relapse into a former state. Appropriate in formal writing, GRE sentence-equivalence, and academic contexts where precision matters.","Avoid ""backsliding"" in casual conversation among friends unless you are certain the listener will understand; it can sound pretentious. Also avoid when a simpler synonym suffices.",Academic: Contemporary scholars debate whether the backsliding hypothesis adequately explains the observed data.,"Conversational: Look, the backsliding results speak for themselves — we can't ignore them any longer.",GRE: The author's ___ tone contrasted sharply with the ___ underlying message of the passage. (fill in: backsliding)
511,backup,noun,A duplicate,backup man; stand-in; substitute; reliever; relief; fill-in,,"Use ""backup"" (noun) when you want to convey a duplicate. Appropriate in formal writing, GRE sentence-equivalence, and academic contexts where precision matters.","Avoid ""backup"" in casual conversation among friends unless you are certain the listener will understand; it can sound pretentious. Also avoid when a simpler synonym suffices.",Academic: Contemporary scholars debate whether the backup hypothesis adequately explains the observed data.,"Conversational: Honestly, the backup behavior of the team has been a major source of tension lately.",GRE: The professor described the ___ as a ___ that ___ the entire field of study. (fill in: backup)
512,backward,adjective,Directed toward or originating in the past,rearwards; feebleminded; half-witted; rearward; back; backwards,forward; ahead,"Use ""backward"" (adjective) when you want to convey directed toward or originating in the past. Appropriate in formal writing, GRE sentence-equivalence, and academic contexts where precision matters.","Avoid ""backward"" in casual conversation among friends unless you are certain the listener will understand; it can sound pretentious. Also avoid when a simpler synonym suffices.",Academic: The researcher's findings revealed that the backward effect was statistically significant across all samples.,"Conversational: Look, the backward results speak for themselves — we can't ignore them any longer.",GRE: The committee's decision to ___ was met with both praise and criticism from stakeholders. (fill in: backward)
513,bacterial,noun,Bacterial,,,"Use ""bacterial"" (noun) when you want to convey bacterial. Appropriate in formal writing, GRE sentence-equivalence, and academic contexts where precision matters.","Avoid ""bacterial"" in casual conversation among friends unless you are certain the listener will understand; it can sound pretentious. Also avoid when a simpler synonym suffices.",Academic: The study concluded that the bacterial factor played a decisive role in the experimental outcome.,"Conversational: Look, the bacterial results speak for themselves — we can't ignore them any longer.",GRE: The professor described the ___ as a ___ that ___ the entire field of study. (fill in: bacterial)
514,badger,noun,A stout animal,pester; Wisconsinite; tease; beleaguer; bug,,"Use ""badger"" (noun) when you want to convey a stout animal. Appropriate in formal writing, GRE sentence-equivalence, and academic contexts where precision matters.","Avoid ""badger"" in casual conversation among friends unless you are certain the listener will understand; it can sound pretentious. Also avoid when a simpler synonym suffices.",Academic: A key consideration in modern discourse is how the badger principle shapes contemporary policy decisions.,Conversational: I've noticed the badger trend in our office culture and it's starting to concern me.,GRE: The committee's decision to ___ was met with both praise and criticism from stakeholders. (fill in: badger)
515,badge,noun,A mark of recognition,,,"Use ""badge"" (noun) when you want to convey a mark of recognition. Appropriate in formal writing, GRE sentence-equivalence, and academic contexts where precision matters.","Avoid ""badge"" in casual conversation among friends unless you are certain the listener will understand; it can sound pretentious. Also avoid when a simpler synonym suffices.",Academic: A key consideration in modern discourse is how the badge principle shapes contemporary policy decisions.,Conversational: I've noticed the badge trend in our office culture and it's starting to concern me.,GRE: The committee's decision to ___ was met with both praise and criticism from stakeholders. (fill in: badge)
516,baffling,adjective,Difficult to understand,perplex; stick; mystify; flummox; vex; nonplus,,"Use ""baffling"" (adjective) when you want to convey difficult to understand. Appropriate in formal writing, GRE sentence-equivalence, and academic contexts where precision matters.","Avoid ""baffling"" in casual conversation among friends unless you are certain the listener will understand; it can sound pretentious. Also avoid when a simpler synonym suffices.",Academic: A key consideration in modern discourse is how the baffling principle shapes contemporary policy decisions.,"Conversational: Look, the baffling results speak for themselves — we can't ignore them any longer.","GRE: Despite the ___ nature of the evidence, the researchers remained ___ about their conclusions. (fill in: baffling)"
517,bagged,verb,Taken in by a person,bag; bulge; pocket,,"Use ""bagged"" (verb) when you want to convey taken in by a person. Appropriate in formal writing, GRE sentence-equivalence, and academic contexts where precision matters.","Avoid ""bagged"" in casual conversation among friends unless you are certain the listener will understand; it can sound pretentious. Also avoid when a simpler synonym suffices.","Academic: In the scholarly article, the author argued that the bagged phenomenon could not be overlooked.","Conversational: You know, it's pretty clear that the bagged situation needs our immediate attention.",GRE: The professor described the ___ as a ___ that ___ the entire field of study. (fill in: bagged)
518,bailout,noun,The provision of help,,,"Use ""bailout"" (noun) when you want to convey the provision of help. Appropriate in formal writing, GRE sentence-equivalence, and academic contexts where precision matters.","Avoid ""bailout"" in casual conversation among friends unless you are certain the listener will understand; it can sound pretentious. Also avoid when a simpler synonym suffices.",Academic: A key consideration in modern discourse is how the bailout principle shapes contemporary policy decisions.,"Conversational: You know, it's pretty clear that the bailout situation needs our immediate attention.",GRE: The committee's decision to ___ was met with both praise and criticism from stakeholders. (fill in: bailout)
519,balanced,adjective,Marked by psychological equilibrium,poise; equilibrize; equilibrate; equilibrise; balance,unbalanced; unbalance,"Use ""balanced"" (adjective) when you want to convey marked by psychological equilibrium. Appropriate in formal writing, GRE sentence-equivalence, and academic contexts where precision matters.","Avoid ""balanced"" in casual conversation among friends unless you are certain the listener will understand; it can sound pretentious. Also avoid when a simpler synonym suffices.",Academic: Contemporary scholars debate whether the balanced hypothesis adequately explains the observed data.,Conversational: I've noticed the balanced trend in our office culture and it's starting to concern me.,GRE: The author's ___ tone contrasted sharply with the ___ underlying message of the passage. (fill in: balanced)
520,ballast,noun,Compartment,barretter; ballast resistor; light ballast,,"Use ""ballast"" (noun) when you want to convey compartment. Appropriate in formal writing, GRE sentence-equivalence, and academic contexts where precision matters.","Avoid ""ballast"" in casual conversation among friends unless you are certain the listener will understand; it can sound pretentious. Also avoid when a simpler synonym suffices.",Academic: The study concluded that the ballast factor played a decisive role in the experimental outcome.,"Conversational: Look, the ballast results speak for themselves — we can't ignore them any longer.",GRE: The author's ___ tone contrasted sharply with the ___ underlying message of the passage. (fill in: ballast)
521,balm,noun,A soothing or healing agent,salve; unguent; unction; ointment,,"Use ""balm"" (noun) when you want to convey a soothing or healing agent. Appropriate in formal writing, GRE sentence-equivalence, and academic contexts where precision matters.","Avoid ""balm"" in casual conversation among friends unless you are certain the listener will understand; it can sound pretentious. Also avoid when a simpler synonym suffices.",Academic: Contemporary scholars debate whether the balm hypothesis adequately explains the observed data.,"Conversational: You know, it's pretty clear that the balm situation needs our immediate attention.","GRE: Despite the ___ nature of the evidence, the researchers remained ___ about their conclusions. (fill in: balm)"
522,band,noun,A range of positions,lot; striation; banding; stria; circle; set,,"Use ""band"" (noun) when you want to convey a range of positions. Appropriate in formal writing, GRE sentence-equivalence, and academic contexts where precision matters.","Avoid ""band"" in casual conversation among friends unless you are certain the listener will understand; it can sound pretentious. Also avoid when a simpler synonym suffices.",Academic: Contemporary scholars debate whether the band hypothesis adequately explains the observed data.,Conversational: I told him the band approach just wouldn't work here — we need to rethink this.,GRE: The professor described the ___ as a ___ that ___ the entire field of study. (fill in: band)
523,bandage,noun,A piece of gauze,bind; patch,,"Use ""bandage"" (noun) when you want to convey a piece of gauze. Appropriate in formal writing, GRE sentence-equivalence, and academic contexts where precision matters.","Avoid ""bandage"" in casual conversation among friends unless you are certain the listener will understand; it can sound pretentious. Also avoid when a simpler synonym suffices.",Academic: Contemporary scholars debate whether the bandage hypothesis adequately explains the observed data.,"Conversational: Look, the bandage results speak for themselves — we can't ignore them any longer.",GRE: The author's ___ tone contrasted sharply with the ___ underlying message of the passage. (fill in: bandage)
524,bankrupt,adjective,Unable to pay debts,belly-up; insolvent; smash; break; ruin,,"Use ""bankrupt"" (adjective) when you want to convey unable to pay debts. Appropriate in formal writing, GRE sentence-equivalence, and academic contexts where precision matters.","Avoid ""bankrupt"" in casual conversation among friends unless you are certain the listener will understand; it can sound pretentious. Also avoid when a simpler synonym suffices.",Academic: The researcher's findings revealed that the bankrupt effect was statistically significant across all samples.,"Conversational: You know, it's pretty clear that the bankrupt situation needs our immediate attention.","GRE: Despite the ___ nature of the evidence, the researchers remained ___ about their conclusions. (fill in: bankrupt)"
525,banner,noun,A flag,standard; streamer,,"Use ""banner"" (noun) when you want to convey a flag. Appropriate in formal writing, GRE sentence-equivalence, and academic contexts where precision matters.","Avoid ""banner"" in casual conversation among friends unless you are certain the listener will understand; it can sound pretentious. Also avoid when a simpler synonym suffices.","Academic: In the scholarly article, the author argued that the banner phenomenon could not be overlooked.","Conversational: Honestly, the banner behavior of the team has been a major source of tension lately.",GRE: The committee's decision to ___ was met with both praise and criticism from stakeholders. (fill in: banner)
526,bantering,adjective,Cheerful and friendly,tongue-in-cheek; chaff; facetious; banter; kid; josh,,"Use ""bantering"" (adjective) when you want to convey cheerful and friendly. Appropriate in formal writing, GRE sentence-equivalence, and academic contexts where precision matters.","Avoid ""bantering"" in casual conversation among friends unless you are certain the listener will understand; it can sound pretentious. Also avoid when a simpler synonym suffices.",Academic: Contemporary scholars debate whether the bantering hypothesis adequately explains the observed data.,Conversational: I told him the bantering approach just wouldn't work here — we need to rethink this.,GRE: The committee's decision to ___ was met with both praise and criticism from stakeholders. (fill in: bantering)
527,banter,verb,To talk informally,backchat; raillery; chaff; kid; josh; jolly,,"Use ""banter"" (verb) when you want to convey to talk informally. Appropriate in formal writing, GRE sentence-equivalence, and academic contexts where precision matters.","Avoid ""banter"" in casual conversation among friends unless you are certain the listener will understand; it can sound pretentious. Also avoid when a simpler synonym suffices.",Academic: The researcher's findings revealed that the banter effect was statistically significant across all samples.,"Conversational: Look, the banter results speak for themselves — we can't ignore them any longer.","GRE: Despite the ___ nature of the evidence, the researchers remained ___ about their conclusions. (fill in: banter)"
528,bar,verb,To prohibit,taproom; barroom; prevention; saloon; measure; ginmill,unbar,"Use ""bar"" (verb) when you want to convey to prohibit. Appropriate in formal writing, GRE sentence-equivalence, and academic contexts where precision matters.","Avoid ""bar"" in casual conversation among friends unless you are certain the listener will understand; it can sound pretentious. Also avoid when a simpler synonym suffices.",Academic: Contemporary scholars debate whether the bar hypothesis adequately explains the observed data.,Conversational: I've noticed the bar trend in our office culture and it's starting to concern me.,GRE: The author's ___ tone contrasted sharply with the ___ underlying message of the passage. (fill in: bar)
529,barbecue,noun,A method of cooking food,cook out; barbeque,,"Use ""barbecue"" (noun) when you want to convey a method of cooking food. Appropriate in formal writing, GRE sentence-equivalence, and academic contexts where precision matters.","Avoid ""barbecue"" in casual conversation among friends unless you are certain the listener will understand; it can sound pretentious. Also avoid when a simpler synonym suffices.",Academic: The researcher's findings revealed that the barbecue effect was statistically significant across all samples.,"Conversational: Honestly, the barbecue behavior of the team has been a major source of tension lately.",GRE: The professor described the ___ as a ___ that ___ the entire field of study. (fill in: barbecue)
530,bare,noun,A short form of bare-knuckled,publicise; denude; air; publicize; denudate; strip,covered; sheathed,"Use ""bare"" (noun) when you want to convey a short form of bare-knuckled. Appropriate in formal writing, GRE sentence-equivalence, and academic contexts where precision matters.","Avoid ""bare"" in casual conversation among friends unless you are certain the listener will understand; it can sound pretentious. Also avoid when a simpler synonym suffices.",Academic: A key consideration in modern discourse is how the bare principle shapes contemporary policy decisions.,"Conversational: Look, the bare results speak for themselves — we can't ignore them any longer.","GRE: Despite the ___ nature of the evidence, the researchers remained ___ about their conclusions. (fill in: bare)"
531,bargain,noun,A thing that reduces cost,steal; deal; buy; dicker,,"Use ""bargain"" (noun) when you want to convey a thing that reduces cost. Appropriate in formal writing, GRE sentence-equivalence, and academic contexts where precision matters.","Avoid ""bargain"" in casual conversation among friends unless you are certain the listener will understand; it can sound pretentious. Also avoid when a simpler synonym suffices.",Academic: A key consideration in modern discourse is how the bargain principle shapes contemporary policy decisions.,Conversational: I've noticed the bargain trend in our office culture and it's starting to concern me.,GRE: The committee's decision to ___ was met with both praise and criticism from stakeholders. (fill in: bargain)
532,barker,noun,A person who stands at the door,bow-wow; doggie; doggy; pooch,,"Use ""barker"" (noun) when you want to convey a person who stands at the door. Appropriate in formal writing, GRE sentence-equivalence, and academic contexts where precision matters.","Avoid ""barker"" in casual conversation among friends unless you are certain the listener will understand; it can sound pretentious. Also avoid when a simpler synonym suffices.",Academic: A key consideration in modern discourse is how the barker principle shapes contemporary policy decisions.,"Conversational: You know, it's pretty clear that the barker situation needs our immediate attention.",GRE: The professor described the ___ as a ___ that ___ the entire field of study. (fill in: barker)
533,barn,noun,A large farm building,b,,"Use ""barn"" (noun) when you want to convey a large farm building. Appropriate in formal writing, GRE sentence-equivalence, and academic contexts where precision matters.","Avoid ""barn"" in casual conversation among friends unless you are certain the listener will understand; it can sound pretentious. Also avoid when a simpler synonym suffices.","Academic: In the scholarly article, the author argued that the barn phenomenon could not be overlooked.",Conversational: I've noticed the barn trend in our office culture and it's starting to concern me.,"GRE: Despite the ___ nature of the evidence, the researchers remained ___ about their conclusions. (fill in: barn)"
534,barrel,noun,A cylindrical container,gun barrel; bbl; cask; barrelful; drum,,"Use ""barrel"" (noun) when you want to convey a cylindrical container. Appropriate in formal writing, GRE sentence-equivalence, and academic contexts where precision matters.","Avoid ""barrel"" in casual conversation among friends unless you are certain the listener will understand; it can sound pretentious. Also avoid when a simpler synonym suffices.",Academic: A key consideration in modern discourse is how the barrel principle shapes contemporary policy decisions.,"Conversational: Honestly, the barrel behavior of the team has been a major source of tension lately.",GRE: The author's ___ tone contrasted sharply with the ___ underlying message of the passage. (fill in: barrel)
535,barrier,noun,A fence or obstacle,roadblock,,"Use ""barrier"" (noun) when you want to convey a fence or obstacle. Appropriate in formal writing, GRE sentence-equivalence, and academic contexts where precision matters.","Avoid ""barrier"" in casual conversation among friends unless you are certain the listener will understand; it can sound pretentious. Also avoid when a simpler synonym suffices.",Academic: The researcher's findings revealed that the barrier effect was statistically significant across all samples.,"Conversational: Honestly, the barrier behavior of the team has been a major source of tension lately.",GRE: The committee's decision to ___ was met with both praise and criticism from stakeholders. (fill in: barrier)
536,gallant,adjective,unflinching in battle or action,clotheshorse; fashion plate; dude; fop; dandy; sheik,,"Use ""gallant"" (adjective) when you want to convey unflinching in battle or action. Appropriate in formal writing, GRE sentence-equivalence, and academic contexts where precision matters.","Avoid ""gallant"" in casual conversation among friends unless you are certain the listener will understand; it can sound pretentious. Also avoid when a simpler synonym suffices.",Academic: Contemporary scholars debate whether the gallant hypothesis adequately explains the observed data.,Conversational: I told him the gallant approach just wouldn't work here — we need to rethink this.,GRE: The professor described the ___ as a ___ that ___ the entire field of study. (fill in: gallant)
537,dexterous,adjective,skillful in physical movements; especially of the hands,deft; dextrous,,"Use ""dexterous"" (adjective) when you want to convey skillful in physical movements; especially of the hands. Appropriate in formal writing, GRE sentence-equivalence, and academic contexts where precision matters.","Avoid ""dexterous"" in casual conversation among friends unless you are certain the listener will understand; it can sound pretentious. Also avoid when a simpler synonym suffices.",Academic: A key consideration in modern discourse is how the dexterous principle shapes contemporary policy decisions.,"Conversational: Look, the dexterous results speak for themselves — we can't ignore them any longer.",GRE: Analysts noted that the company's ___ strategy had ___ results in the last quarter. (fill in: dexterous)
538,unambiguous,adjective,admitting of no doubt or misunderstanding; having only one meaning or interpretation and leading to only one conclusion,univocal; unequivocal,equivocal; ambiguous,"Use ""unambiguous"" (adjective) when you want to convey admitting of no doubt or misunderstanding; having only one meaning or interpretation and leading to only one conclusion. Appropriate in formal writing, GRE sentence-equivalence, and academic contexts where precision matters.","Avoid ""unambiguous"" in casual conversation among friends unless you are certain the listener will understand; it can sound pretentious. Also avoid when a simpler synonym suffices.",Academic: Contemporary scholars debate whether the unambiguous hypothesis adequately explains the observed data.,"Conversational: You know, it's pretty clear that the unambiguous situation needs our immediate attention.",GRE: The professor described the ___ as a ___ that ___ the entire field of study. (fill in: unambiguous)
539,quiescent,adjective,being quiet or still or inactive,,,"Use ""quiescent"" (adjective) when you want to convey being quiet or still or inactive. Appropriate in formal writing, GRE sentence-equivalence, and academic contexts where precision matters.","Avoid ""quiescent"" in casual conversation among friends unless you are certain the listener will understand; it can sound pretentious. Also avoid when a simpler synonym suffices.",Academic: Contemporary scholars debate whether the quiescent hypothesis adequately explains the observed data.,"Conversational: Look, the quiescent results speak for themselves — we can't ignore them any longer.",GRE: The professor described the ___ as a ___ that ___ the entire field of study. (fill in: quiescent)
540,certified,adjective,endorsed authoritatively as having met certain requirements,certify; manifest; attest; demonstrate; licence; evidence,uncertified; decertify,"Use ""certified"" (adjective) when you want to convey endorsed authoritatively as having met certain requirements. Appropriate in formal writing, GRE sentence-equivalence, and academic contexts where precision matters.","Avoid ""certified"" in casual conversation among friends unless you are certain the listener will understand; it can sound pretentious. Also avoid when a simpler synonym suffices.",Academic: The researcher's findings revealed that the certified effect was statistically significant across all samples.,Conversational: I've noticed the certified trend in our office culture and it's starting to concern me.,GRE: The committee's decision to ___ was met with both praise and criticism from stakeholders. (fill in: certified)
541,adventurous,adjective,willing to undertake or seeking out new and daring enterprises,adventuresome,unadventurous,"Use ""adventurous"" (adjective) when you want to convey willing to undertake or seeking out new and daring enterprises. Appropriate in formal writing, GRE sentence-equivalence, and academic contexts where precision matters.","Avoid ""adventurous"" in casual conversation among friends unless you are certain the listener will understand; it can sound pretentious. Also avoid when a simpler synonym suffices.",Academic: The study concluded that the adventurous factor played a decisive role in the experimental outcome.,Conversational: I've noticed the adventurous trend in our office culture and it's starting to concern me.,GRE: The professor described the ___ as a ___ that ___ the entire field of study. (fill in: adventurous)
542,battered,adjective,exhibiting symptoms resulting from repeated physical and emotional injury,knock about; baste; clobber; batter; dinge; buffet,,"Use ""battered"" (adjective) when you want to convey exhibiting symptoms resulting from repeated physical and emotional injury. Appropriate in formal writing, GRE sentence-equivalence, and academic contexts where precision matters.","Avoid ""battered"" in casual conversation among friends unless you are certain the listener will understand; it can sound pretentious. Also avoid when a simpler synonym suffices.","Academic: In the scholarly article, the author argued that the battered phenomenon could not be overlooked.","Conversational: Honestly, the battered behavior of the team has been a major source of tension lately.",GRE: The professor described the ___ as a ___ that ___ the entire field of study. (fill in: battered)
543,grilled,adjective,cooked by radiant heat (as over a grill),broiled; grill; barbecued,,"Use ""grilled"" (adjective) when you want to convey cooked by radiant heat (as over a grill). Appropriate in formal writing, GRE sentence-equivalence, and academic contexts where precision matters.","Avoid ""grilled"" in casual conversation among friends unless you are certain the listener will understand; it can sound pretentious. Also avoid when a simpler synonym suffices.",Academic: The researcher's findings revealed that the grilled effect was statistically significant across all samples.,Conversational: I told him the grilled approach just wouldn't work here — we need to rethink this.,GRE: The professor described the ___ as a ___ that ___ the entire field of study. (fill in: grilled)
544,nonconducting,adjective,not able to conduct heat or electricity or sound,non-conducting; nonconductive,conductive,"Use ""nonconducting"" (adjective) when you want to convey not able to conduct heat or electricity or sound. Appropriate in formal writing, GRE sentence-equivalence, and academic contexts where precision matters.","Avoid ""nonconducting"" in casual conversation among friends unless you are certain the listener will understand; it can sound pretentious. Also avoid when a simpler synonym suffices.",Academic: The study concluded that the nonconducting factor played a decisive role in the experimental outcome.,Conversational: I told him the nonconducting approach just wouldn't work here — we need to rethink this.,GRE: Analysts noted that the company's ___ strategy had ___ results in the last quarter. (fill in: nonconducting)
545,turbid,adjective,(of liquids) clouded as with sediment,murky; muddy; cloudy; mirky,,"Use ""turbid"" (adjective) when you want to convey (of liquids) clouded as with sediment. Appropriate in formal writing, GRE sentence-equivalence, and academic contexts where precision matters.","Avoid ""turbid"" in casual conversation among friends unless you are certain the listener will understand; it can sound pretentious. Also avoid when a simpler synonym suffices.",Academic: The researcher's findings revealed that the turbid effect was statistically significant across all samples.,Conversational: I told him the turbid approach just wouldn't work here — we need to rethink this.,GRE: The committee's decision to ___ was met with both praise and criticism from stakeholders. (fill in: turbid)
546,artificial,adjective,artificially formal,stilted; hokey; unreal; contrived,natural,"Use ""artificial"" (adjective) when you want to convey artificially formal. Appropriate in formal writing, GRE sentence-equivalence, and academic contexts where precision matters.","Avoid ""artificial"" in casual conversation among friends unless you are certain the listener will understand; it can sound pretentious. Also avoid when a simpler synonym suffices.",Academic: A key consideration in modern discourse is how the artificial principle shapes contemporary policy decisions.,"Conversational: You know, it's pretty clear that the artificial situation needs our immediate attention.",GRE: The author's ___ tone contrasted sharply with the ___ underlying message of the passage. (fill in: artificial)
547,bondable,adjective,capable of holding together or cohering; as particles in a mass,bindable,,"Use ""bondable"" (adjective) when you want to convey capable of holding together or cohering; as particles in a mass. Appropriate in formal writing, GRE sentence-equivalence, and academic contexts where precision matters.","Avoid ""bondable"" in casual conversation among friends unless you are certain the listener will understand; it can sound pretentious. Also avoid when a simpler synonym suffices.",Academic: Contemporary scholars debate whether the bondable hypothesis adequately explains the observed data.,Conversational: I've noticed the bondable trend in our office culture and it's starting to concern me.,GRE: The committee's decision to ___ was met with both praise and criticism from stakeholders. (fill in: bondable)
548,eastern,adjective,relating to or characteristic of regions of eastern parts of the world,easterly,western,"Use ""eastern"" (adjective) when you want to convey relating to or characteristic of regions of eastern parts of the world. Appropriate in formal writing, GRE sentence-equivalence, and academic contexts where precision matters.","Avoid ""eastern"" in casual conversation among friends unless you are certain the listener will understand; it can sound pretentious. Also avoid when a simpler synonym suffices.",Academic: A key consideration in modern discourse is how the eastern principle shapes contemporary policy decisions.,Conversational: I've noticed the eastern trend in our office culture and it's starting to concern me.,GRE: Analysts noted that the company's ___ strategy had ___ results in the last quarter. (fill in: eastern)
549,observant,adjective,paying close attention especially to details,law-abiding; observing,,"Use ""observant"" (adjective) when you want to convey paying close attention especially to details. Appropriate in formal writing, GRE sentence-equivalence, and academic contexts where precision matters.","Avoid ""observant"" in casual conversation among friends unless you are certain the listener will understand; it can sound pretentious. Also avoid when a simpler synonym suffices.",Academic: Contemporary scholars debate whether the observant hypothesis adequately explains the observed data.,"Conversational: Look, the observant results speak for themselves — we can't ignore them any longer.",GRE: Analysts noted that the company's ___ strategy had ___ results in the last quarter. (fill in: observant)
550,burned,adjective,destroyed or badly damaged by fire,burn; burn down; glow; fire; combust; bite,,"Use ""burned"" (adjective) when you want to convey destroyed or badly damaged by fire. Appropriate in formal writing, GRE sentence-equivalence, and academic contexts where precision matters.","Avoid ""burned"" in casual conversation among friends unless you are certain the listener will understand; it can sound pretentious. Also avoid when a simpler synonym suffices.",Academic: The researcher's findings revealed that the burned effect was statistically significant across all samples.,Conversational: I told him the burned approach just wouldn't work here — we need to rethink this.,GRE: The author's ___ tone contrasted sharply with the ___ underlying message of the passage. (fill in: burned)
551,bluish-lilac,adjective,of lavender tinged with blue,blue-lilac,,"Use ""bluish-lilac"" (adjective) when you want to convey of lavender tinged with blue. Appropriate in formal writing, GRE sentence-equivalence, and academic contexts where precision matters.","Avoid ""bluish-lilac"" in casual conversation among friends unless you are certain the listener will understand; it can sound pretentious. Also avoid when a simpler synonym suffices.",Academic: The researcher's findings revealed that the bluish-lilac effect was statistically significant across all samples.,"Conversational: Look, the bluish-lilac results speak for themselves — we can't ignore them any longer.",GRE: The committee's decision to ___ was met with both praise and criticism from stakeholders. (fill in: bluish-lilac)
552,handmade,adjective,made by hand or a hand process,hand-crafted,machine-made,"Use ""handmade"" (adjective) when you want to convey made by hand or a hand process. Appropriate in formal writing, GRE sentence-equivalence, and academic contexts where precision matters.","Avoid ""handmade"" in casual conversation among friends unless you are certain the listener will understand; it can sound pretentious. Also avoid when a simpler synonym suffices.",Academic: The study concluded that the handmade factor played a decisive role in the experimental outcome.,"Conversational: Honestly, the handmade behavior of the team has been a major source of tension lately.",GRE: Analysts noted that the company's ___ strategy had ___ results in the last quarter. (fill in: handmade)
553,breathless,adjective,not breathing or able to breathe except with difficulty,pulseless; dyspneal; dyspnoeal; breathtaking; dyspnoeic; inanimate,breathing,"Use ""breathless"" (adjective) when you want to convey not breathing or able to breathe except with difficulty. Appropriate in formal writing, GRE sentence-equivalence, and academic contexts where precision matters.","Avoid ""breathless"" in casual conversation among friends unless you are certain the listener will understand; it can sound pretentious. Also avoid when a simpler synonym suffices.",Academic: The study concluded that the breathless factor played a decisive role in the experimental outcome.,Conversational: I've noticed the breathless trend in our office culture and it's starting to concern me.,GRE: The professor described the ___ as a ___ that ___ the entire field of study. (fill in: breathless)
554,varicoloured,adjective,having sections or patches colored differently and usually brightly,motley; multicolour; particolored; multi-colored; multi-coloured; pied,,"Use ""varicoloured"" (adjective) when you want to convey having sections or patches colored differently and usually brightly. Appropriate in formal writing, GRE sentence-equivalence, and academic contexts where precision matters.","Avoid ""varicoloured"" in casual conversation among friends unless you are certain the listener will understand; it can sound pretentious. Also avoid when a simpler synonym suffices.",Academic: The study concluded that the varicoloured factor played a decisive role in the experimental outcome.,Conversational: I told him the varicoloured approach just wouldn't work here — we need to rethink this.,GRE: The author's ___ tone contrasted sharply with the ___ underlying message of the passage. (fill in: varicoloured)
555,repulsive,adjective,so extremely ugly as to be terrifying,repugnant; detestable; abhorrent; hideous; obscene,attractive,"Use ""repulsive"" (adjective) when you want to convey so extremely ugly as to be terrifying. Appropriate in formal writing, GRE sentence-equivalence, and academic contexts where precision matters.","Avoid ""repulsive"" in casual conversation among friends unless you are certain the listener will understand; it can sound pretentious. Also avoid when a simpler synonym suffices.",Academic: The researcher's findings revealed that the repulsive effect was statistically significant across all samples.,"Conversational: Honestly, the repulsive behavior of the team has been a major source of tension lately.","GRE: Despite the ___ nature of the evidence, the researchers remained ___ about their conclusions. (fill in: repulsive)"
556,burdened,adjective,bearing a physically heavy weight or load,burden; charge; weight; burthen; weight down; saddle,unburdened; unburden,"Use ""burdened"" (adjective) when you want to convey bearing a physically heavy weight or load. Appropriate in formal writing, GRE sentence-equivalence, and academic contexts where precision matters.","Avoid ""burdened"" in casual conversation among friends unless you are certain the listener will understand; it can sound pretentious. Also avoid when a simpler synonym suffices.",Academic: The researcher's findings revealed that the burdened effect was statistically significant across all samples.,"Conversational: Honestly, the burdened behavior of the team has been a major source of tension lately.",GRE: The author's ___ tone contrasted sharply with the ___ underlying message of the passage. (fill in: burdened)
557,unwashed,adjective,not cleaned with or as if with soap and water,plebeian; vulgar; common,,"Use ""unwashed"" (adjective) when you want to convey not cleaned with or as if with soap and water. Appropriate in formal writing, GRE sentence-equivalence, and academic contexts where precision matters.","Avoid ""unwashed"" in casual conversation among friends unless you are certain the listener will understand; it can sound pretentious. Also avoid when a simpler synonym suffices.",Academic: The study concluded that the unwashed factor played a decisive role in the experimental outcome.,"Conversational: Look, the unwashed results speak for themselves — we can't ignore them any longer.",GRE: The professor described the ___ as a ___ that ___ the entire field of study. (fill in: unwashed)
558,enveloping,adjective,surrounding and closing in on or hemming in,enwrap; enfold; envelop; enclose; wrap,,"Use ""enveloping"" (adjective) when you want to convey surrounding and closing in on or hemming in. Appropriate in formal writing, GRE sentence-equivalence, and academic contexts where precision matters.","Avoid ""enveloping"" in casual conversation among friends unless you are certain the listener will understand; it can sound pretentious. Also avoid when a simpler synonym suffices.",Academic: The study concluded that the enveloping factor played a decisive role in the experimental outcome.,Conversational: I've noticed the enveloping trend in our office culture and it's starting to concern me.,GRE: The author's ___ tone contrasted sharply with the ___ underlying message of the passage. (fill in: enveloping)
559,peripheral,adjective,on or near an edge or constituting an outer boundary; the outer area,computer peripheral; peripheral device,central,"Use ""peripheral"" (adjective) when you want to convey on or near an edge or constituting an outer boundary; the outer area. Appropriate in formal writing, GRE sentence-equivalence, and academic contexts where precision matters.","Avoid ""peripheral"" in casual conversation among friends unless you are certain the listener will understand; it can sound pretentious. Also avoid when a simpler synonym suffices.",Academic: The study concluded that the peripheral factor played a decisive role in the experimental outcome.,Conversational: I told him the peripheral approach just wouldn't work here — we need to rethink this.,GRE: Analysts noted that the company's ___ strategy had ___ results in the last quarter. (fill in: peripheral)
560,incautious,adjective,lacking in caution,,cautious,"Use ""incautious"" (adjective) when you want to convey lacking in caution. Appropriate in formal writing, GRE sentence-equivalence, and academic contexts where precision matters.","Avoid ""incautious"" in casual conversation among friends unless you are certain the listener will understand; it can sound pretentious. Also avoid when a simpler synonym suffices.",Academic: Contemporary scholars debate whether the incautious hypothesis adequately explains the observed data.,Conversational: I told him the incautious approach just wouldn't work here — we need to rethink this.,GRE: The professor described the ___ as a ___ that ___ the entire field of study. (fill in: incautious)
561,cataclysmal,adjective,severely destructive,cataclysmic,,"Use ""cataclysmal"" (adjective) when you want to convey severely destructive. Appropriate in formal writing, GRE sentence-equivalence, and academic contexts where precision matters.","Avoid ""cataclysmal"" in casual conversation among friends unless you are certain the listener will understand; it can sound pretentious. Also avoid when a simpler synonym suffices.","Academic: In the scholarly article, the author argued that the cataclysmal phenomenon could not be overlooked.","Conversational: Look, the cataclysmal results speak for themselves — we can't ignore them any longer.",GRE: The professor described the ___ as a ___ that ___ the entire field of study. (fill in: cataclysmal)
562,sporadic,adjective,recurring in scattered and irregular or unpredictable instances,,continual,"Use ""sporadic"" (adjective) when you want to convey recurring in scattered and irregular or unpredictable instances. Appropriate in formal writing, GRE sentence-equivalence, and academic contexts where precision matters.","Avoid ""sporadic"" in casual conversation among friends unless you are certain the listener will understand; it can sound pretentious. Also avoid when a simpler synonym suffices.",Academic: Contemporary scholars debate whether the sporadic hypothesis adequately explains the observed data.,"Conversational: You know, it's pretty clear that the sporadic situation needs our immediate attention.",GRE: The author's ___ tone contrasted sharply with the ___ underlying message of the passage. (fill in: sporadic)
563,insensible,adjective,unresponsive to stimulation,indiscernible; undetectable; unaffected; senseless,sensible,"Use ""insensible"" (adjective) when you want to convey unresponsive to stimulation. Appropriate in formal writing, GRE sentence-equivalence, and academic contexts where precision matters.","Avoid ""insensible"" in casual conversation among friends unless you are certain the listener will understand; it can sound pretentious. Also avoid when a simpler synonym suffices.","Academic: In the scholarly article, the author argued that the insensible phenomenon could not be overlooked.","Conversational: Honestly, the insensible behavior of the team has been a major source of tension lately.",GRE: The committee's decision to ___ was met with both praise and criticism from stakeholders. (fill in: insensible)
564,ripping,adjective,resembling a sound of violent tearing as of something ripped apart or lightning splitting a tree,rive; rip; rend; rending; pull; splitting,,"Use ""ripping"" (adjective) when you want to convey resembling a sound of violent tearing as of something ripped apart or lightning splitting a tree. Appropriate in formal writing, GRE sentence-equivalence, and academic contexts where precision matters.","Avoid ""ripping"" in casual conversation among friends unless you are certain the listener will understand; it can sound pretentious. Also avoid when a simpler synonym suffices.",Academic: The researcher's findings revealed that the ripping effect was statistically significant across all samples.,"Conversational: Honestly, the ripping behavior of the team has been a major source of tension lately.","GRE: Despite the ___ nature of the evidence, the researchers remained ___ about their conclusions. (fill in: ripping)"
565,furthest,adjective,(comparatives of `far') most remote in space or time or order,utmost; furthermost; farthermost; uttermost; farthest,,"Use ""furthest"" (adjective) when you want to convey (comparatives of `far') most remote in space or time or order. Appropriate in formal writing, GRE sentence-equivalence, and academic contexts where precision matters.","Avoid ""furthest"" in casual conversation among friends unless you are certain the listener will understand; it can sound pretentious. Also avoid when a simpler synonym suffices.",Academic: Contemporary scholars debate whether the furthest hypothesis adequately explains the observed data.,Conversational: I told him the furthest approach just wouldn't work here — we need to rethink this.,"GRE: Despite the ___ nature of the evidence, the researchers remained ___ about their conclusions. (fill in: furthest)"
566,smooth,adjective,smoothly agreeable and courteous with a degree of sophistication,smoothen; polish; politic; smooth out; bland; suave,rough; staccato; roughen,"Use ""smooth"" (adjective) when you want to convey smoothly agreeable and courteous with a degree of sophistication. Appropriate in formal writing, GRE sentence-equivalence, and academic contexts where precision matters.","Avoid ""smooth"" in casual conversation among friends unless you are certain the listener will understand; it can sound pretentious. Also avoid when a simpler synonym suffices.","Academic: In the scholarly article, the author argued that the smooth phenomenon could not be overlooked.",Conversational: I told him the smooth approach just wouldn't work here — we need to rethink this.,"GRE: Despite the ___ nature of the evidence, the researchers remained ___ about their conclusions. (fill in: smooth)"
567,brown-gray,adjective,of grey tinged with brown,brownish-gray; brown-grey; brownish-grey,,"Use ""brown-gray"" (adjective) when you want to convey of grey tinged with brown. Appropriate in formal writing, GRE sentence-equivalence, and academic contexts where precision matters.","Avoid ""brown-gray"" in casual conversation among friends unless you are certain the listener will understand; it can sound pretentious. Also avoid when a simpler synonym suffices.",Academic: A key consideration in modern discourse is how the brown-gray principle shapes contemporary policy decisions.,"Conversational: You know, it's pretty clear that the brown-gray situation needs our immediate attention.","GRE: Despite the ___ nature of the evidence, the researchers remained ___ about their conclusions. (fill in: brown-gray)"
568,light-blue,adjective,of a light shade of blue,pale blue,,"Use ""light-blue"" (adjective) when you want to convey of a light shade of blue. Appropriate in formal writing, GRE sentence-equivalence, and academic contexts where precision matters.","Avoid ""light-blue"" in casual conversation among friends unless you are certain the listener will understand; it can sound pretentious. Also avoid when a simpler synonym suffices.","Academic: In the scholarly article, the author argued that the light-blue phenomenon could not be overlooked.","Conversational: Look, the light-blue results speak for themselves — we can't ignore them any longer.",GRE: The author's ___ tone contrasted sharply with the ___ underlying message of the passage. (fill in: light-blue)
569,square,adjective,rigidly conventional or old-fashioned,foursquare; public square; second power; lame; square up; square toes,crooked; round,"Use ""square"" (adjective) when you want to convey rigidly conventional or old-fashioned. Appropriate in formal writing, GRE sentence-equivalence, and academic contexts where precision matters.","Avoid ""square"" in casual conversation among friends unless you are certain the listener will understand; it can sound pretentious. Also avoid when a simpler synonym suffices.",Academic: A key consideration in modern discourse is how the square principle shapes contemporary policy decisions.,Conversational: I told him the square approach just wouldn't work here — we need to rethink this.,"GRE: Despite the ___ nature of the evidence, the researchers remained ___ about their conclusions. (fill in: square)"
570,lop-eared,adjective,having bent or drooping ears,,,"Use ""lop-eared"" (adjective) when you want to convey having bent or drooping ears. Appropriate in formal writing, GRE sentence-equivalence, and academic contexts where precision matters.","Avoid ""lop-eared"" in casual conversation among friends unless you are certain the listener will understand; it can sound pretentious. Also avoid when a simpler synonym suffices.","Academic: In the scholarly article, the author argued that the lop-eared phenomenon could not be overlooked.","Conversational: Honestly, the lop-eared behavior of the team has been a major source of tension lately.",GRE: Analysts noted that the company's ___ strategy had ___ results in the last quarter. (fill in: lop-eared)
571,supercharged,adjective,fraught with great emotion,charged; advance; pressurize; supercharge; boost; pressurise,,"Use ""supercharged"" (adjective) when you want to convey fraught with great emotion. Appropriate in formal writing, GRE sentence-equivalence, and academic contexts where precision matters.","Avoid ""supercharged"" in casual conversation among friends unless you are certain the listener will understand; it can sound pretentious. Also avoid when a simpler synonym suffices.","Academic: In the scholarly article, the author argued that the supercharged phenomenon could not be overlooked.","Conversational: Honestly, the supercharged behavior of the team has been a major source of tension lately.",GRE: The committee's decision to ___ was met with both praise and criticism from stakeholders. (fill in: supercharged)
572,professed,adjective,claimed with intent to deceive,profess; concede; pretend; confess; avowed,,"Use ""professed"" (adjective) when you want to convey claimed with intent to deceive. Appropriate in formal writing, GRE sentence-equivalence, and academic contexts where precision matters.","Avoid ""professed"" in casual conversation among friends unless you are certain the listener will understand; it can sound pretentious. Also avoid when a simpler synonym suffices.",Academic: A key consideration in modern discourse is how the professed principle shapes contemporary policy decisions.,Conversational: I told him the professed approach just wouldn't work here — we need to rethink this.,GRE: Analysts noted that the company's ___ strategy had ___ results in the last quarter. (fill in: professed)
573,desirable,adjective,worthy of being chosen especially as a spouse,suitable; worthy,undesirable,"Use ""desirable"" (adjective) when you want to convey worthy of being chosen especially as a spouse. Appropriate in formal writing, GRE sentence-equivalence, and academic contexts where precision matters.","Avoid ""desirable"" in casual conversation among friends unless you are certain the listener will understand; it can sound pretentious. Also avoid when a simpler synonym suffices.","Academic: In the scholarly article, the author argued that the desirable phenomenon could not be overlooked.","Conversational: Honestly, the desirable behavior of the team has been a major source of tension lately.","GRE: Despite the ___ nature of the evidence, the researchers remained ___ about their conclusions. (fill in: desirable)"
574,lively,adjective,full of life and energy,alert; spanking; merry; zippy; rattling; brisk,dull,"Use ""lively"" (adjective) when you want to convey full of life and energy. Appropriate in formal writing, GRE sentence-equivalence, and academic contexts where precision matters.","Avoid ""lively"" in casual conversation among friends unless you are certain the listener will understand; it can sound pretentious. Also avoid when a simpler synonym suffices.",Academic: The researcher's findings revealed that the lively effect was statistically significant across all samples.,"Conversational: Look, the lively results speak for themselves — we can't ignore them any longer.","GRE: Despite the ___ nature of the evidence, the researchers remained ___ about their conclusions. (fill in: lively)"
575,blue-green,adjective,of a bluish shade of green,teal; bluish green; cyan,,"Use ""blue-green"" (adjective) when you want to convey of a bluish shade of green. Appropriate in formal writing, GRE sentence-equivalence, and academic contexts where precision matters.","Avoid ""blue-green"" in casual conversation among friends unless you are certain the listener will understand; it can sound pretentious. Also avoid when a simpler synonym suffices.",Academic: Contemporary scholars debate whether the blue-green hypothesis adequately explains the observed data.,"Conversational: You know, it's pretty clear that the blue-green situation needs our immediate attention.",GRE: The committee's decision to ___ was met with both praise and criticism from stakeholders. (fill in: blue-green)
576,permeating,adjective,spreading or spread throughout,riddle; imbue; permeate; diffuse; interpenetrate; pervade,,"Use ""permeating"" (adjective) when you want to convey spreading or spread throughout. Appropriate in formal writing, GRE sentence-equivalence, and academic contexts where precision matters.","Avoid ""permeating"" in casual conversation among friends unless you are certain the listener will understand; it can sound pretentious. Also avoid when a simpler synonym suffices.","Academic: In the scholarly article, the author argued that the permeating phenomenon could not be overlooked.","Conversational: Honestly, the permeating behavior of the team has been a major source of tension lately.",GRE: Analysts noted that the company's ___ strategy had ___ results in the last quarter. (fill in: permeating)
577,shamefaced,adjective,showing a sense of shame,sheepish; guilty; shamed; hangdog,,"Use ""shamefaced"" (adjective) when you want to convey showing a sense of shame. Appropriate in formal writing, GRE sentence-equivalence, and academic contexts where precision matters.","Avoid ""shamefaced"" in casual conversation among friends unless you are certain the listener will understand; it can sound pretentious. Also avoid when a simpler synonym suffices.",Academic: The researcher's findings revealed that the shamefaced effect was statistically significant across all samples.,Conversational: I've noticed the shamefaced trend in our office culture and it's starting to concern me.,GRE: The author's ___ tone contrasted sharply with the ___ underlying message of the passage. (fill in: shamefaced)
578,inhumed,adjective,placed in a grave,buried; entomb; inter; bury; interred; lay to rest,unburied,"Use ""inhumed"" (adjective) when you want to convey placed in a grave. Appropriate in formal writing, GRE sentence-equivalence, and academic contexts where precision matters.","Avoid ""inhumed"" in casual conversation among friends unless you are certain the listener will understand; it can sound pretentious. Also avoid when a simpler synonym suffices.",Academic: Contemporary scholars debate whether the inhumed hypothesis adequately explains the observed data.,"Conversational: Look, the inhumed results speak for themselves — we can't ignore them any longer.",GRE: The committee's decision to ___ was met with both praise and criticism from stakeholders. (fill in: inhumed)
579,strong-boned,adjective,having strong bones,,,"Use ""strong-boned"" (adjective) when you want to convey having strong bones. Appropriate in formal writing, GRE sentence-equivalence, and academic contexts where precision matters.","Avoid ""strong-boned"" in casual conversation among friends unless you are certain the listener will understand; it can sound pretentious. Also avoid when a simpler synonym suffices.",Academic: A key consideration in modern discourse is how the strong-boned principle shapes contemporary policy decisions.,Conversational: I told him the strong-boned approach just wouldn't work here — we need to rethink this.,GRE: The professor described the ___ as a ___ that ___ the entire field of study. (fill in: strong-boned)
580,clashing,adjective,sharply and harshly discordant,jar; collide; clash,,"Use ""clashing"" (adjective) when you want to convey sharply and harshly discordant. Appropriate in formal writing, GRE sentence-equivalence, and academic contexts where precision matters.","Avoid ""clashing"" in casual conversation among friends unless you are certain the listener will understand; it can sound pretentious. Also avoid when a simpler synonym suffices.","Academic: In the scholarly article, the author argued that the clashing phenomenon could not be overlooked.","Conversational: You know, it's pretty clear that the clashing situation needs our immediate attention.",GRE: Analysts noted that the company's ___ strategy had ___ results in the last quarter. (fill in: clashing)
581,indigo,adjective,having a color between blue and violet,indigotin; indigo plant; Indigofera tinctoria; anil,,"Use ""indigo"" (adjective) when you want to convey having a color between blue and violet. Appropriate in formal writing, GRE sentence-equivalence, and academic contexts where precision matters.","Avoid ""indigo"" in casual conversation among friends unless you are certain the listener will understand; it can sound pretentious. Also avoid when a simpler synonym suffices.",Academic: The study concluded that the indigo factor played a decisive role in the experimental outcome.,Conversational: I've noticed the indigo trend in our office culture and it's starting to concern me.,"GRE: Despite the ___ nature of the evidence, the researchers remained ___ about their conclusions. (fill in: indigo)"
582,bribable,adjective,capable of being corrupted,corruptible; purchasable; dishonest; venal,,"Use ""bribable"" (adjective) when you want to convey capable of being corrupted. Appropriate in formal writing, GRE sentence-equivalence, and academic contexts where precision matters.","Avoid ""bribable"" in casual conversation among friends unless you are certain the listener will understand; it can sound pretentious. Also avoid when a simpler synonym suffices.","Academic: In the scholarly article, the author argued that the bribable phenomenon could not be overlooked.","Conversational: You know, it's pretty clear that the bribable situation needs our immediate attention.","GRE: Despite the ___ nature of the evidence, the researchers remained ___ about their conclusions. (fill in: bribable)"
583,blue-violet,adjective,of violet tinted with blue,bluish-violet,,"Use ""blue-violet"" (adjective) when you want to convey of violet tinted with blue. Appropriate in formal writing, GRE sentence-equivalence, and academic contexts where precision matters.","Avoid ""blue-violet"" in casual conversation among friends unless you are certain the listener will understand; it can sound pretentious. Also avoid when a simpler synonym suffices.",Academic: Contemporary scholars debate whether the blue-violet hypothesis adequately explains the observed data.,Conversational: I've noticed the blue-violet trend in our office culture and it's starting to concern me.,GRE: The committee's decision to ___ was met with both praise and criticism from stakeholders. (fill in: blue-violet)
584,silent,adjective,unable to speak because of hereditary deafness,understood; still; unsounded; tacit; mum; soundless,,"Use ""silent"" (adjective) when you want to convey unable to speak because of hereditary deafness. Appropriate in formal writing, GRE sentence-equivalence, and academic contexts where precision matters.","Avoid ""silent"" in casual conversation among friends unless you are certain the listener will understand; it can sound pretentious. Also avoid when a simpler synonym suffices.",Academic: Contemporary scholars debate whether the silent hypothesis adequately explains the observed data.,Conversational: I've noticed the silent trend in our office culture and it's starting to concern me.,GRE: Analysts noted that the company's ___ strategy had ___ results in the last quarter. (fill in: silent)
585,rubbery,adjective,having an elastic texture resembling rubber in flexibility or toughness,cartilaginous; gristly; rubberlike,,"Use ""rubbery"" (adjective) when you want to convey having an elastic texture resembling rubber in flexibility or toughness. Appropriate in formal writing, GRE sentence-equivalence, and academic contexts where precision matters.","Avoid ""rubbery"" in casual conversation among friends unless you are certain the listener will understand; it can sound pretentious. Also avoid when a simpler synonym suffices.",Academic: The researcher's findings revealed that the rubbery effect was statistically significant across all samples.,"Conversational: Honestly, the rubbery behavior of the team has been a major source of tension lately.","GRE: Despite the ___ nature of the evidence, the researchers remained ___ about their conclusions. (fill in: rubbery)"
586,horror-struck,adjective,stricken with horror,horror-stricken; horrified,,"Use ""horror-struck"" (adjective) when you want to convey stricken with horror. Appropriate in formal writing, GRE sentence-equivalence, and academic contexts where precision matters.","Avoid ""horror-struck"" in casual conversation among friends unless you are certain the listener will understand; it can sound pretentious. Also avoid when a simpler synonym suffices.","Academic: In the scholarly article, the author argued that the horror-struck phenomenon could not be overlooked.",Conversational: I've noticed the horror-struck trend in our office culture and it's starting to concern me.,GRE: The professor described the ___ as a ___ that ___ the entire field of study. (fill in: horror-struck)
587,inquisitorial,adjective,having the authority to conduct official investigations,,accusatorial,"Use ""inquisitorial"" (adjective) when you want to convey having the authority to conduct official investigations. Appropriate in formal writing, GRE sentence-equivalence, and academic contexts where precision matters.","Avoid ""inquisitorial"" in casual conversation among friends unless you are certain the listener will understand; it can sound pretentious. Also avoid when a simpler synonym suffices.",Academic: The researcher's findings revealed that the inquisitorial effect was statistically significant across all samples.,Conversational: I've noticed the inquisitorial trend in our office culture and it's starting to concern me.,"GRE: Despite the ___ nature of the evidence, the researchers remained ___ about their conclusions. (fill in: inquisitorial)"
588,cumulous,adjective,thrown together in a pile,,,"Use ""cumulous"" (adjective) when you want to convey thrown together in a pile. Appropriate in formal writing, GRE sentence-equivalence, and academic contexts where precision matters.","Avoid ""cumulous"" in casual conversation among friends unless you are certain the listener will understand; it can sound pretentious. Also avoid when a simpler synonym suffices.",Academic: The researcher's findings revealed that the cumulous effect was statistically significant across all samples.,"Conversational: You know, it's pretty clear that the cumulous situation needs our immediate attention.",GRE: The author's ___ tone contrasted sharply with the ___ underlying message of the passage. (fill in: cumulous)
589,tendentious,adjective,having or marked by a strong tendency especially a controversial one,tendencious,,"Use ""tendentious"" (adjective) when you want to convey having or marked by a strong tendency especially a controversial one. Appropriate in formal writing, GRE sentence-equivalence, and academic contexts where precision matters.","Avoid ""tendentious"" in casual conversation among friends unless you are certain the listener will understand; it can sound pretentious. Also avoid when a simpler synonym suffices.",Academic: A key consideration in modern discourse is how the tendentious principle shapes contemporary policy decisions.,"Conversational: You know, it's pretty clear that the tendentious situation needs our immediate attention.",GRE: The author's ___ tone contrasted sharply with the ___ underlying message of the passage. (fill in: tendentious)
590,ascendent,adjective,most powerful or important or influential,ascendant; ascensive; dominating; root; ancestor; antecedent,descendant,"Use ""ascendent"" (adjective) when you want to convey most powerful or important or influential. Appropriate in formal writing, GRE sentence-equivalence, and academic contexts where precision matters.","Avoid ""ascendent"" in casual conversation among friends unless you are certain the listener will understand; it can sound pretentious. Also avoid when a simpler synonym suffices.",Academic: Contemporary scholars debate whether the ascendent hypothesis adequately explains the observed data.,Conversational: I've noticed the ascendent trend in our office culture and it's starting to concern me.,GRE: The author's ___ tone contrasted sharply with the ___ underlying message of the passage. (fill in: ascendent)
591,uncompartmented,adjective,not compartmented; not divided into compartments or isolated units,,compartmented,"Use ""uncompartmented"" (adjective) when you want to convey not compartmented; not divided into compartments or isolated units. Appropriate in formal writing, GRE sentence-equivalence, and academic contexts where precision matters.","Avoid ""uncompartmented"" in casual conversation among friends unless you are certain the listener will understand; it can sound pretentious. Also avoid when a simpler synonym suffices.",Academic: Contemporary scholars debate whether the uncompartmented hypothesis adequately explains the observed data.,"Conversational: You know, it's pretty clear that the uncompartmented situation needs our immediate attention.","GRE: Despite the ___ nature of the evidence, the researchers remained ___ about their conclusions. (fill in: uncompartmented)"
592,delighted,adjective,filled with wonder and delight,revel; delight; enthrall; please; ravish; transport,disenchant; displease,"Use ""delighted"" (adjective) when you want to convey filled with wonder and delight. Appropriate in formal writing, GRE sentence-equivalence, and academic contexts where precision matters.","Avoid ""delighted"" in casual conversation among friends unless you are certain the listener will understand; it can sound pretentious. Also avoid when a simpler synonym suffices.",Academic: The study concluded that the delighted factor played a decisive role in the experimental outcome.,"Conversational: You know, it's pretty clear that the delighted situation needs our immediate attention.","GRE: Despite the ___ nature of the evidence, the researchers remained ___ about their conclusions. (fill in: delighted)"
593,broiled,adjective,cooked by radiant heat (as over a grill),grilled; broil; oven broil; bake,,"Use ""broiled"" (adjective) when you want to convey cooked by radiant heat (as over a grill). Appropriate in formal writing, GRE sentence-equivalence, and academic contexts where precision matters.","Avoid ""broiled"" in casual conversation among friends unless you are certain the listener will understand; it can sound pretentious. Also avoid when a simpler synonym suffices.",Academic: A key consideration in modern discourse is how the broiled principle shapes contemporary policy decisions.,"Conversational: Honestly, the broiled behavior of the team has been a major source of tension lately.",GRE: The committee's decision to ___ was met with both praise and criticism from stakeholders. (fill in: broiled)
594,tattling,adjective,prone to communicate confidential information,piffle; prate; blabber; gibber; twaddle; gabble,keep quiet,"Use ""tattling"" (adjective) when you want to convey prone to communicate confidential information. Appropriate in formal writing, GRE sentence-equivalence, and academic contexts where precision matters.","Avoid ""tattling"" in casual conversation among friends unless you are certain the listener will understand; it can sound pretentious. Also avoid when a simpler synonym suffices.",Academic: A key consideration in modern discourse is how the tattling principle shapes contemporary policy decisions.,"Conversational: You know, it's pretty clear that the tattling situation needs our immediate attention.",GRE: The professor described the ___ as a ___ that ___ the entire field of study. (fill in: tattling)
595,garnet-coloured,adjective,having the color of garnet,garnet-colored,,"Use ""garnet-coloured"" (adjective) when you want to convey having the color of garnet. Appropriate in formal writing, GRE sentence-equivalence, and academic contexts where precision matters.","Avoid ""garnet-coloured"" in casual conversation among friends unless you are certain the listener will understand; it can sound pretentious. Also avoid when a simpler synonym suffices.",Academic: The researcher's findings revealed that the garnet-coloured effect was statistically significant across all samples.,"Conversational: You know, it's pretty clear that the garnet-coloured situation needs our immediate attention.",GRE: The author's ___ tone contrasted sharply with the ___ underlying message of the passage. (fill in: garnet-coloured)
596,unquestioning,adjective,not inclined to ask questions,implicit,,"Use ""unquestioning"" (adjective) when you want to convey not inclined to ask questions. Appropriate in formal writing, GRE sentence-equivalence, and academic contexts where precision matters.","Avoid ""unquestioning"" in casual conversation among friends unless you are certain the listener will understand; it can sound pretentious. Also avoid when a simpler synonym suffices.",Academic: A key consideration in modern discourse is how the unquestioning principle shapes contemporary policy decisions.,Conversational: I told him the unquestioning approach just wouldn't work here — we need to rethink this.,GRE: The committee's decision to ___ was met with both praise and criticism from stakeholders. (fill in: unquestioning)
597,indistinguishable,adjective,not capable of being distinguished or differentiated,undistinguishable; identical,distinguishable,"Use ""indistinguishable"" (adjective) when you want to convey not capable of being distinguished or differentiated. Appropriate in formal writing, GRE sentence-equivalence, and academic contexts where precision matters.","Avoid ""indistinguishable"" in casual conversation among friends unless you are certain the listener will understand; it can sound pretentious. Also avoid when a simpler synonym suffices.",Academic: A key consideration in modern discourse is how the indistinguishable principle shapes contemporary policy decisions.,Conversational: I've noticed the indistinguishable trend in our office culture and it's starting to concern me.,GRE: The professor described the ___ as a ___ that ___ the entire field of study. (fill in: indistinguishable)
598,uninflected,adjective,expressing a grammatical category by using two or more words rather than inflection,analytic,synthetic; inflected,"Use ""uninflected"" (adjective) when you want to convey expressing a grammatical category by using two or more words rather than inflection. Appropriate in formal writing, GRE sentence-equivalence, and academic contexts where precision matters.","Avoid ""uninflected"" in casual conversation among friends unless you are certain the listener will understand; it can sound pretentious. Also avoid when a simpler synonym suffices.",Academic: The researcher's findings revealed that the uninflected effect was statistically significant across all samples.,"Conversational: Look, the uninflected results speak for themselves — we can't ignore them any longer.","GRE: Despite the ___ nature of the evidence, the researchers remained ___ about their conclusions. (fill in: uninflected)"
599,popular,adjective,representing or appealing to or adapted for the benefit of the people at large,pop; democratic,unpopular,"Use ""popular"" (adjective) when you want to convey representing or appealing to or adapted for the benefit of the people at large. Appropriate in formal writing, GRE sentence-equivalence, and academic contexts where precision matters.","Avoid ""popular"" in casual conversation among friends unless you are certain the listener will understand; it can sound pretentious. Also avoid when a simpler synonym suffices.",Academic: The researcher's findings revealed that the popular effect was statistically significant across all samples.,Conversational: I told him the popular approach just wouldn't work here — we need to rethink this.,GRE: The committee's decision to ___ was met with both praise and criticism from stakeholders. (fill in: popular)
600,burbly,adjective,uttered with unrestrained enthusiasm,burbling; effusive; gushing,,"Use ""burbly"" (adjective) when you want to convey uttered with unrestrained enthusiasm. Appropriate in formal writing, GRE sentence-equivalence, and academic contexts where precision matters.","Avoid ""burbly"" in casual conversation among friends unless you are certain the listener will understand; it can sound pretentious. Also avoid when a simpler synonym suffices.",Academic: The study concluded that the burbly factor played a decisive role in the experimental outcome.,"Conversational: You know, it's pretty clear that the burbly situation needs our immediate attention.",GRE: The professor described the ___ as a ___ that ___ the entire field of study. (fill in: burbly)
