rank,word,pos,definition,synonyms,antonyms,usage_where,usage_where_not,example_1,example_2,example_3
901,secret,adjective,not openly made known,enigma; mystery; clandestine; hole-and-corner; hugger-mugger; surreptitious,,"Use ""secret"" (adjective) when you want to convey not openly made known. Appropriate in formal writing, GRE sentence-equivalence, and academic contexts where precision matters.","Avoid ""secret"" in casual conversation among friends unless you are certain the listener will understand; it can sound pretentious. Also avoid when a simpler synonym suffices.",Academic: The researcher's findings revealed that the secret effect was statistically significant across all samples.,"Conversational: Honestly, the secret behavior of the team has been a major source of tension lately.",GRE: The committee's decision to ___ was met with both praise and criticism from stakeholders. (fill in: secret)
902,cragfast,adjective,stranded on or as if on a crag,,,"Use ""cragfast"" (adjective) when you want to convey stranded on or as if on a crag. Appropriate in formal writing, GRE sentence-equivalence, and academic contexts where precision matters.","Avoid ""cragfast"" in casual conversation among friends unless you are certain the listener will understand; it can sound pretentious. Also avoid when a simpler synonym suffices.",Academic: The researcher's findings revealed that the cragfast effect was statistically significant across all samples.,Conversational: I've noticed the cragfast trend in our office culture and it's starting to concern me.,GRE: Analysts noted that the company's ___ strategy had ___ results in the last quarter. (fill in: cragfast)
903,scratchy,adjective,lacking consistency,fractious; peevish; irritable; peckish; pettish; petulant,,"Use ""scratchy"" (adjective) when you want to convey lacking consistency. Appropriate in formal writing, GRE sentence-equivalence, and academic contexts where precision matters.","Avoid ""scratchy"" in casual conversation among friends unless you are certain the listener will understand; it can sound pretentious. Also avoid when a simpler synonym suffices.",Academic: The study concluded that the scratchy factor played a decisive role in the experimental outcome.,"Conversational: You know, it's pretty clear that the scratchy situation needs our immediate attention.",GRE: The professor described the ___ as a ___ that ___ the entire field of study. (fill in: scratchy)
904,forthcoming,adjective,available when required or as promised,outgoing; coming; approaching; upcoming; extroverted,,"Use ""forthcoming"" (adjective) when you want to convey available when required or as promised. Appropriate in formal writing, GRE sentence-equivalence, and academic contexts where precision matters.","Avoid ""forthcoming"" in casual conversation among friends unless you are certain the listener will understand; it can sound pretentious. Also avoid when a simpler synonym suffices.",Academic: The researcher's findings revealed that the forthcoming effect was statistically significant across all samples.,Conversational: I've noticed the forthcoming trend in our office culture and it's starting to concern me.,GRE: Analysts noted that the company's ___ strategy had ___ results in the last quarter. (fill in: forthcoming)
905,coordinate,adjective,"of equal importance, rank, or degree",ordinate; organise; co-ordinate; align; organize,,"Use ""coordinate"" (adjective) when you want to convey of equal importance, rank, or degree. Appropriate in formal writing, GRE sentence-equivalence, and academic contexts where precision matters.","Avoid ""coordinate"" in casual conversation among friends unless you are certain the listener will understand; it can sound pretentious. Also avoid when a simpler synonym suffices.",Academic: Contemporary scholars debate whether the coordinate hypothesis adequately explains the observed data.,"Conversational: Look, the coordinate results speak for themselves — we can't ignore them any longer.",GRE: The author's ___ tone contrasted sharply with the ___ underlying message of the passage. (fill in: coordinate)
906,traceable,adjective,(usually followed by `to') able to be traced to,trackable,untraceable,"Use ""traceable"" (adjective) when you want to convey (usually followed by `to') able to be traced to. Appropriate in formal writing, GRE sentence-equivalence, and academic contexts where precision matters.","Avoid ""traceable"" in casual conversation among friends unless you are certain the listener will understand; it can sound pretentious. Also avoid when a simpler synonym suffices.",Academic: A key consideration in modern discourse is how the traceable principle shapes contemporary policy decisions.,"Conversational: Look, the traceable results speak for themselves — we can't ignore them any longer.",GRE: Analysts noted that the company's ___ strategy had ___ results in the last quarter. (fill in: traceable)
907,croaky,adjective,like the sounds of frogs and crows,guttural,,"Use ""croaky"" (adjective) when you want to convey like the sounds of frogs and crows. Appropriate in formal writing, GRE sentence-equivalence, and academic contexts where precision matters.","Avoid ""croaky"" in casual conversation among friends unless you are certain the listener will understand; it can sound pretentious. Also avoid when a simpler synonym suffices.","Academic: In the scholarly article, the author argued that the croaky phenomenon could not be overlooked.",Conversational: I've noticed the croaky trend in our office culture and it's starting to concern me.,GRE: The professor described the ___ as a ___ that ___ the entire field of study. (fill in: croaky)
908,tenebrious,adjective,dark and gloomy,tenebrous; tenebrific,,"Use ""tenebrious"" (adjective) when you want to convey dark and gloomy. Appropriate in formal writing, GRE sentence-equivalence, and academic contexts where precision matters.","Avoid ""tenebrious"" in casual conversation among friends unless you are certain the listener will understand; it can sound pretentious. Also avoid when a simpler synonym suffices.","Academic: In the scholarly article, the author argued that the tenebrious phenomenon could not be overlooked.","Conversational: You know, it's pretty clear that the tenebrious situation needs our immediate attention.","GRE: Despite the ___ nature of the evidence, the researchers remained ___ about their conclusions. (fill in: tenebrious)"
909,coplanar,adjective,lying in the same plane,,,"Use ""coplanar"" (adjective) when you want to convey lying in the same plane. Appropriate in formal writing, GRE sentence-equivalence, and academic contexts where precision matters.","Avoid ""coplanar"" in casual conversation among friends unless you are certain the listener will understand; it can sound pretentious. Also avoid when a simpler synonym suffices.",Academic: The researcher's findings revealed that the coplanar effect was statistically significant across all samples.,"Conversational: You know, it's pretty clear that the coplanar situation needs our immediate attention.",GRE: The professor described the ___ as a ___ that ___ the entire field of study. (fill in: coplanar)
910,unbodied,adjective,having no body,bodiless; discorporate; disembodied; unembodied,bodied,"Use ""unbodied"" (adjective) when you want to convey having no body. Appropriate in formal writing, GRE sentence-equivalence, and academic contexts where precision matters.","Avoid ""unbodied"" in casual conversation among friends unless you are certain the listener will understand; it can sound pretentious. Also avoid when a simpler synonym suffices.",Academic: Contemporary scholars debate whether the unbodied hypothesis adequately explains the observed data.,Conversational: I've noticed the unbodied trend in our office culture and it's starting to concern me.,GRE: The author's ___ tone contrasted sharply with the ___ underlying message of the passage. (fill in: unbodied)
911,expressive,adjective,characterized by expression,,,"Use ""expressive"" (adjective) when you want to convey characterized by expression. Appropriate in formal writing, GRE sentence-equivalence, and academic contexts where precision matters.","Avoid ""expressive"" in casual conversation among friends unless you are certain the listener will understand; it can sound pretentious. Also avoid when a simpler synonym suffices.",Academic: The study concluded that the expressive factor played a decisive role in the experimental outcome.,"Conversational: Honestly, the expressive behavior of the team has been a major source of tension lately.",GRE: The committee's decision to ___ was met with both praise and criticism from stakeholders. (fill in: expressive)
912,untainted,adjective,(of reputation) free from blemishes,unstained; unsullied; untarnished; stainless,,"Use ""untainted"" (adjective) when you want to convey (of reputation) free from blemishes. Appropriate in formal writing, GRE sentence-equivalence, and academic contexts where precision matters.","Avoid ""untainted"" in casual conversation among friends unless you are certain the listener will understand; it can sound pretentious. Also avoid when a simpler synonym suffices.",Academic: A key consideration in modern discourse is how the untainted principle shapes contemporary policy decisions.,"Conversational: Look, the untainted results speak for themselves — we can't ignore them any longer.","GRE: Despite the ___ nature of the evidence, the researchers remained ___ about their conclusions. (fill in: untainted)"
913,boughten,adjective,purchased; not homemade,store-bought,,"Use ""boughten"" (adjective) when you want to convey purchased; not homemade. Appropriate in formal writing, GRE sentence-equivalence, and academic contexts where precision matters.","Avoid ""boughten"" in casual conversation among friends unless you are certain the listener will understand; it can sound pretentious. Also avoid when a simpler synonym suffices.",Academic: The researcher's findings revealed that the boughten effect was statistically significant across all samples.,"Conversational: Honestly, the boughten behavior of the team has been a major source of tension lately.",GRE: The author's ___ tone contrasted sharply with the ___ underlying message of the passage. (fill in: boughten)
914,threatening,adjective,threatening or foreshadowing evil or tragic developments,imperil; menace; jeopardize; endanger; threaten; peril,,"Use ""threatening"" (adjective) when you want to convey threatening or foreshadowing evil or tragic developments. Appropriate in formal writing, GRE sentence-equivalence, and academic contexts where precision matters.","Avoid ""threatening"" in casual conversation among friends unless you are certain the listener will understand; it can sound pretentious. Also avoid when a simpler synonym suffices.",Academic: The study concluded that the threatening factor played a decisive role in the experimental outcome.,"Conversational: Look, the threatening results speak for themselves — we can't ignore them any longer.",GRE: Analysts noted that the company's ___ strategy had ___ results in the last quarter. (fill in: threatening)
915,devoid,adjective,completely wanting or lacking,innocent; free; destitute; barren,,"Use ""devoid"" (adjective) when you want to convey completely wanting or lacking. Appropriate in formal writing, GRE sentence-equivalence, and academic contexts where precision matters.","Avoid ""devoid"" in casual conversation among friends unless you are certain the listener will understand; it can sound pretentious. Also avoid when a simpler synonym suffices.",Academic: Contemporary scholars debate whether the devoid hypothesis adequately explains the observed data.,"Conversational: Look, the devoid results speak for themselves — we can't ignore them any longer.",GRE: The committee's decision to ___ was met with both praise and criticism from stakeholders. (fill in: devoid)
916,undistributed,adjective,(of investments) not distributed among a variety of securities,,,"Use ""undistributed"" (adjective) when you want to convey (of investments) not distributed among a variety of securities. Appropriate in formal writing, GRE sentence-equivalence, and academic contexts where precision matters.","Avoid ""undistributed"" in casual conversation among friends unless you are certain the listener will understand; it can sound pretentious. Also avoid when a simpler synonym suffices.",Academic: Contemporary scholars debate whether the undistributed hypothesis adequately explains the observed data.,"Conversational: Honestly, the undistributed behavior of the team has been a major source of tension lately.",GRE: Analysts noted that the company's ___ strategy had ___ results in the last quarter. (fill in: undistributed)
917,crosstown,adjective,going or extending across a town or city,cross-town,,"Use ""crosstown"" (adjective) when you want to convey going or extending across a town or city. Appropriate in formal writing, GRE sentence-equivalence, and academic contexts where precision matters.","Avoid ""crosstown"" in casual conversation among friends unless you are certain the listener will understand; it can sound pretentious. Also avoid when a simpler synonym suffices.","Academic: In the scholarly article, the author argued that the crosstown phenomenon could not be overlooked.","Conversational: You know, it's pretty clear that the crosstown situation needs our immediate attention.",GRE: The professor described the ___ as a ___ that ___ the entire field of study. (fill in: crosstown)
918,well-balanced,adjective,free from psychological disorder,well-adjusted,,"Use ""well-balanced"" (adjective) when you want to convey free from psychological disorder. Appropriate in formal writing, GRE sentence-equivalence, and academic contexts where precision matters.","Avoid ""well-balanced"" in casual conversation among friends unless you are certain the listener will understand; it can sound pretentious. Also avoid when a simpler synonym suffices.",Academic: The researcher's findings revealed that the well-balanced effect was statistically significant across all samples.,"Conversational: Look, the well-balanced results speak for themselves — we can't ignore them any longer.",GRE: Analysts noted that the company's ___ strategy had ___ results in the last quarter. (fill in: well-balanced)
919,chalky,adjective,of something having the color of chalk,calcareous,,"Use ""chalky"" (adjective) when you want to convey of something having the color of chalk. Appropriate in formal writing, GRE sentence-equivalence, and academic contexts where precision matters.","Avoid ""chalky"" in casual conversation among friends unless you are certain the listener will understand; it can sound pretentious. Also avoid when a simpler synonym suffices.",Academic: The study concluded that the chalky factor played a decisive role in the experimental outcome.,"Conversational: Honestly, the chalky behavior of the team has been a major source of tension lately.",GRE: The professor described the ___ as a ___ that ___ the entire field of study. (fill in: chalky)
920,tasselled,adjective,fringed or adorned with tassels,tasseled,,"Use ""tasselled"" (adjective) when you want to convey fringed or adorned with tassels. Appropriate in formal writing, GRE sentence-equivalence, and academic contexts where precision matters.","Avoid ""tasselled"" in casual conversation among friends unless you are certain the listener will understand; it can sound pretentious. Also avoid when a simpler synonym suffices.","Academic: In the scholarly article, the author argued that the tasselled phenomenon could not be overlooked.","Conversational: You know, it's pretty clear that the tasselled situation needs our immediate attention.",GRE: The committee's decision to ___ was met with both praise and criticism from stakeholders. (fill in: tasselled)
921,uninterrupted,adjective,having undisturbed continuity,continuous,discontinuous,"Use ""uninterrupted"" (adjective) when you want to convey having undisturbed continuity. Appropriate in formal writing, GRE sentence-equivalence, and academic contexts where precision matters.","Avoid ""uninterrupted"" in casual conversation among friends unless you are certain the listener will understand; it can sound pretentious. Also avoid when a simpler synonym suffices.",Academic: A key consideration in modern discourse is how the uninterrupted principle shapes contemporary policy decisions.,"Conversational: Look, the uninterrupted results speak for themselves — we can't ignore them any longer.",GRE: The professor described the ___ as a ___ that ___ the entire field of study. (fill in: uninterrupted)
922,thirsty,adjective,(usually followed by `for') extremely desirous,hungry; athirst,hungry,"Use ""thirsty"" (adjective) when you want to convey (usually followed by `for') extremely desirous. Appropriate in formal writing, GRE sentence-equivalence, and academic contexts where precision matters.","Avoid ""thirsty"" in casual conversation among friends unless you are certain the listener will understand; it can sound pretentious. Also avoid when a simpler synonym suffices.",Academic: A key consideration in modern discourse is how the thirsty principle shapes contemporary policy decisions.,"Conversational: You know, it's pretty clear that the thirsty situation needs our immediate attention.",GRE: Analysts noted that the company's ___ strategy had ___ results in the last quarter. (fill in: thirsty)
923,approximate,adjective,not quite exact or correct,come close; approximative; rough; gauge; guess; estimate,,"Use ""approximate"" (adjective) when you want to convey not quite exact or correct. Appropriate in formal writing, GRE sentence-equivalence, and academic contexts where precision matters.","Avoid ""approximate"" in casual conversation among friends unless you are certain the listener will understand; it can sound pretentious. Also avoid when a simpler synonym suffices.","Academic: In the scholarly article, the author argued that the approximate phenomenon could not be overlooked.",Conversational: I told him the approximate approach just wouldn't work here — we need to rethink this.,"GRE: Despite the ___ nature of the evidence, the researchers remained ___ about their conclusions. (fill in: approximate)"
924,understaffed,adjective,inadequate in number of workers or assistants etc.,short-staffed; short-handed; undermanned,,"Use ""understaffed"" (adjective) when you want to convey inadequate in number of workers or assistants etc.. Appropriate in formal writing, GRE sentence-equivalence, and academic contexts where precision matters.","Avoid ""understaffed"" in casual conversation among friends unless you are certain the listener will understand; it can sound pretentious. Also avoid when a simpler synonym suffices.",Academic: The study concluded that the understaffed factor played a decisive role in the experimental outcome.,Conversational: I've noticed the understaffed trend in our office culture and it's starting to concern me.,GRE: The author's ___ tone contrasted sharply with the ___ underlying message of the passage. (fill in: understaffed)
925,jerkwater,adjective,small and remote and insignificant,poky; pokey; one-horse,,"Use ""jerkwater"" (adjective) when you want to convey small and remote and insignificant. Appropriate in formal writing, GRE sentence-equivalence, and academic contexts where precision matters.","Avoid ""jerkwater"" in casual conversation among friends unless you are certain the listener will understand; it can sound pretentious. Also avoid when a simpler synonym suffices.",Academic: Contemporary scholars debate whether the jerkwater hypothesis adequately explains the observed data.,"Conversational: Look, the jerkwater results speak for themselves — we can't ignore them any longer.",GRE: The committee's decision to ___ was met with both praise and criticism from stakeholders. (fill in: jerkwater)
926,pubescent,adjective,covered with fine soft hairs or down,sericeous; puberulent; downy,,"Use ""pubescent"" (adjective) when you want to convey covered with fine soft hairs or down. Appropriate in formal writing, GRE sentence-equivalence, and academic contexts where precision matters.","Avoid ""pubescent"" in casual conversation among friends unless you are certain the listener will understand; it can sound pretentious. Also avoid when a simpler synonym suffices.","Academic: In the scholarly article, the author argued that the pubescent phenomenon could not be overlooked.","Conversational: You know, it's pretty clear that the pubescent situation needs our immediate attention.",GRE: The professor described the ___ as a ___ that ___ the entire field of study. (fill in: pubescent)
927,activated,adjective,rendered active; e.g. rendered radioactive or luminescent or photosensitive or conductive,activate; actuate; trigger off; spark; trigger; set off,inactivate,"Use ""activated"" (adjective) when you want to convey rendered active; e.g. rendered radioactive or luminescent or photosensitive or conductive. Appropriate in formal writing, GRE sentence-equivalence, and academic contexts where precision matters.","Avoid ""activated"" in casual conversation among friends unless you are certain the listener will understand; it can sound pretentious. Also avoid when a simpler synonym suffices.",Academic: Contemporary scholars debate whether the activated hypothesis adequately explains the observed data.,"Conversational: You know, it's pretty clear that the activated situation needs our immediate attention.",GRE: The author's ___ tone contrasted sharply with the ___ underlying message of the passage. (fill in: activated)
928,galvanic,adjective,affected by emotion as if by electricity; thrilling,voltaic; galvanising; electric; galvanizing,,"Use ""galvanic"" (adjective) when you want to convey affected by emotion as if by electricity; thrilling. Appropriate in formal writing, GRE sentence-equivalence, and academic contexts where precision matters.","Avoid ""galvanic"" in casual conversation among friends unless you are certain the listener will understand; it can sound pretentious. Also avoid when a simpler synonym suffices.",Academic: Contemporary scholars debate whether the galvanic hypothesis adequately explains the observed data.,"Conversational: Honestly, the galvanic behavior of the team has been a major source of tension lately.","GRE: Despite the ___ nature of the evidence, the researchers remained ___ about their conclusions. (fill in: galvanic)"
929,unconformist,adjective,not conforming to some norm or socially approved pattern of behavior or thought,nonconformist,conformist,"Use ""unconformist"" (adjective) when you want to convey not conforming to some norm or socially approved pattern of behavior or thought. Appropriate in formal writing, GRE sentence-equivalence, and academic contexts where precision matters.","Avoid ""unconformist"" in casual conversation among friends unless you are certain the listener will understand; it can sound pretentious. Also avoid when a simpler synonym suffices.","Academic: In the scholarly article, the author argued that the unconformist phenomenon could not be overlooked.","Conversational: Honestly, the unconformist behavior of the team has been a major source of tension lately.","GRE: Despite the ___ nature of the evidence, the researchers remained ___ about their conclusions. (fill in: unconformist)"
930,unlovely,adjective,without beauty or charm,unpicturesque,,"Use ""unlovely"" (adjective) when you want to convey without beauty or charm. Appropriate in formal writing, GRE sentence-equivalence, and academic contexts where precision matters.","Avoid ""unlovely"" in casual conversation among friends unless you are certain the listener will understand; it can sound pretentious. Also avoid when a simpler synonym suffices.",Academic: The study concluded that the unlovely factor played a decisive role in the experimental outcome.,"Conversational: You know, it's pretty clear that the unlovely situation needs our immediate attention.",GRE: The author's ___ tone contrasted sharply with the ___ underlying message of the passage. (fill in: unlovely)
931,impure,adjective,having a physical or moral blemish so as to make impure according to dietary or ceremonial laws; ; -Leviticus 11:3,unclean,clean; pure,"Use ""impure"" (adjective) when you want to convey having a physical or moral blemish so as to make impure according to dietary or ceremonial laws; ; -leviticus 11:3. Appropriate in formal writing, GRE sentence-equivalence, and academic contexts where precision matters.","Avoid ""impure"" in casual conversation among friends unless you are certain the listener will understand; it can sound pretentious. Also avoid when a simpler synonym suffices.",Academic: The researcher's findings revealed that the impure effect was statistically significant across all samples.,Conversational: I've noticed the impure trend in our office culture and it's starting to concern me.,GRE: The author's ___ tone contrasted sharply with the ___ underlying message of the passage. (fill in: impure)
932,swarthy,adjective,naturally having skin of a dark color,dark-skinned; dusky; swart,,"Use ""swarthy"" (adjective) when you want to convey naturally having skin of a dark color. Appropriate in formal writing, GRE sentence-equivalence, and academic contexts where precision matters.","Avoid ""swarthy"" in casual conversation among friends unless you are certain the listener will understand; it can sound pretentious. Also avoid when a simpler synonym suffices.",Academic: The researcher's findings revealed that the swarthy effect was statistically significant across all samples.,"Conversational: Look, the swarthy results speak for themselves — we can't ignore them any longer.",GRE: Analysts noted that the company's ___ strategy had ___ results in the last quarter. (fill in: swarthy)
933,spangled,adjective,covered with beads or jewels or sequins,jewelled; gemmed; sequined; spangly; spangle; bespangle,,"Use ""spangled"" (adjective) when you want to convey covered with beads or jewels or sequins. Appropriate in formal writing, GRE sentence-equivalence, and academic contexts where precision matters.","Avoid ""spangled"" in casual conversation among friends unless you are certain the listener will understand; it can sound pretentious. Also avoid when a simpler synonym suffices.",Academic: The researcher's findings revealed that the spangled effect was statistically significant across all samples.,"Conversational: Honestly, the spangled behavior of the team has been a major source of tension lately.",GRE: The professor described the ___ as a ___ that ___ the entire field of study. (fill in: spangled)
934,offish,adjective,lacking cordiality; unfriendly,standoffish,,"Use ""offish"" (adjective) when you want to convey lacking cordiality; unfriendly. Appropriate in formal writing, GRE sentence-equivalence, and academic contexts where precision matters.","Avoid ""offish"" in casual conversation among friends unless you are certain the listener will understand; it can sound pretentious. Also avoid when a simpler synonym suffices.",Academic: A key consideration in modern discourse is how the offish principle shapes contemporary policy decisions.,"Conversational: Look, the offish results speak for themselves — we can't ignore them any longer.",GRE: Analysts noted that the company's ___ strategy had ___ results in the last quarter. (fill in: offish)
935,incidental,adjective,not of prime or central importance; - Pubs.MLA,accompanying; ensuant; resultant; attendant; consequent; minor expense,basic,"Use ""incidental"" (adjective) when you want to convey not of prime or central importance; - pubs.mla. Appropriate in formal writing, GRE sentence-equivalence, and academic contexts where precision matters.","Avoid ""incidental"" in casual conversation among friends unless you are certain the listener will understand; it can sound pretentious. Also avoid when a simpler synonym suffices.","Academic: In the scholarly article, the author argued that the incidental phenomenon could not be overlooked.",Conversational: I told him the incidental approach just wouldn't work here — we need to rethink this.,"GRE: Despite the ___ nature of the evidence, the researchers remained ___ about their conclusions. (fill in: incidental)"
936,fulgid,adjective,having brief brilliant points or flashes of light,sparkly; glittering; aglitter; scintillant; scintillating; glistering,,"Use ""fulgid"" (adjective) when you want to convey having brief brilliant points or flashes of light. Appropriate in formal writing, GRE sentence-equivalence, and academic contexts where precision matters.","Avoid ""fulgid"" in casual conversation among friends unless you are certain the listener will understand; it can sound pretentious. Also avoid when a simpler synonym suffices.",Academic: A key consideration in modern discourse is how the fulgid principle shapes contemporary policy decisions.,"Conversational: Look, the fulgid results speak for themselves — we can't ignore them any longer.",GRE: The professor described the ___ as a ___ that ___ the entire field of study. (fill in: fulgid)
937,addlebrained,adjective,stupid and confused; ; - Isaac Sterne,puddingheaded; muddleheaded; addlepated,,"Use ""addlebrained"" (adjective) when you want to convey stupid and confused; ; - isaac sterne. Appropriate in formal writing, GRE sentence-equivalence, and academic contexts where precision matters.","Avoid ""addlebrained"" in casual conversation among friends unless you are certain the listener will understand; it can sound pretentious. Also avoid when a simpler synonym suffices.",Academic: The study concluded that the addlebrained factor played a decisive role in the experimental outcome.,"Conversational: You know, it's pretty clear that the addlebrained situation needs our immediate attention.",GRE: The professor described the ___ as a ___ that ___ the entire field of study. (fill in: addlebrained)
938,red-lavender,adjective,of something having a lavender color tinged with red,reddish-lavender,,"Use ""red-lavender"" (adjective) when you want to convey of something having a lavender color tinged with red. Appropriate in formal writing, GRE sentence-equivalence, and academic contexts where precision matters.","Avoid ""red-lavender"" in casual conversation among friends unless you are certain the listener will understand; it can sound pretentious. Also avoid when a simpler synonym suffices.",Academic: A key consideration in modern discourse is how the red-lavender principle shapes contemporary policy decisions.,Conversational: I told him the red-lavender approach just wouldn't work here — we need to rethink this.,"GRE: Despite the ___ nature of the evidence, the researchers remained ___ about their conclusions. (fill in: red-lavender)"
939,prejudiced,adjective,being biased or having a belief or attitude formed beforehand,discriminatory; prejudice; prepossess,unprejudiced,"Use ""prejudiced"" (adjective) when you want to convey being biased or having a belief or attitude formed beforehand. Appropriate in formal writing, GRE sentence-equivalence, and academic contexts where precision matters.","Avoid ""prejudiced"" in casual conversation among friends unless you are certain the listener will understand; it can sound pretentious. Also avoid when a simpler synonym suffices.",Academic: Contemporary scholars debate whether the prejudiced hypothesis adequately explains the observed data.,Conversational: I've noticed the prejudiced trend in our office culture and it's starting to concern me.,GRE: Analysts noted that the company's ___ strategy had ___ results in the last quarter. (fill in: prejudiced)
940,rampant,adjective,(of a plant) having a lush and unchecked growth,rearing,,"Use ""rampant"" (adjective) when you want to convey (of a plant) having a lush and unchecked growth. Appropriate in formal writing, GRE sentence-equivalence, and academic contexts where precision matters.","Avoid ""rampant"" in casual conversation among friends unless you are certain the listener will understand; it can sound pretentious. Also avoid when a simpler synonym suffices.",Academic: The study concluded that the rampant factor played a decisive role in the experimental outcome.,"Conversational: You know, it's pretty clear that the rampant situation needs our immediate attention.",GRE: Analysts noted that the company's ___ strategy had ___ results in the last quarter. (fill in: rampant)
941,harmonious,adjective,suitable and fitting,symmetrical; proportionate,inharmonious,"Use ""harmonious"" (adjective) when you want to convey suitable and fitting. Appropriate in formal writing, GRE sentence-equivalence, and academic contexts where precision matters.","Avoid ""harmonious"" in casual conversation among friends unless you are certain the listener will understand; it can sound pretentious. Also avoid when a simpler synonym suffices.",Academic: A key consideration in modern discourse is how the harmonious principle shapes contemporary policy decisions.,"Conversational: You know, it's pretty clear that the harmonious situation needs our immediate attention.","GRE: Despite the ___ nature of the evidence, the researchers remained ___ about their conclusions. (fill in: harmonious)"
942,reduced,adjective,made less in size or amount or degree,cut; bring down; cut down; trim back; trim down; trim,blow up; oxidize; expand; increased; gain; oxidise,"Use ""reduced"" (adjective) when you want to convey made less in size or amount or degree. Appropriate in formal writing, GRE sentence-equivalence, and academic contexts where precision matters.","Avoid ""reduced"" in casual conversation among friends unless you are certain the listener will understand; it can sound pretentious. Also avoid when a simpler synonym suffices.",Academic: A key consideration in modern discourse is how the reduced principle shapes contemporary policy decisions.,Conversational: I've noticed the reduced trend in our office culture and it's starting to concern me.,"GRE: Despite the ___ nature of the evidence, the researchers remained ___ about their conclusions. (fill in: reduced)"
943,ill-advised,adjective,without careful prior deliberation or counsel,unadvised,well-advised,"Use ""ill-advised"" (adjective) when you want to convey without careful prior deliberation or counsel. Appropriate in formal writing, GRE sentence-equivalence, and academic contexts where precision matters.","Avoid ""ill-advised"" in casual conversation among friends unless you are certain the listener will understand; it can sound pretentious. Also avoid when a simpler synonym suffices.",Academic: A key consideration in modern discourse is how the ill-advised principle shapes contemporary policy decisions.,"Conversational: Look, the ill-advised results speak for themselves — we can't ignore them any longer.",GRE: The professor described the ___ as a ___ that ___ the entire field of study. (fill in: ill-advised)
944,profuse,adjective,produced or growing in extreme abundance,lush; exuberant; riotous; luxuriant,,"Use ""profuse"" (adjective) when you want to convey produced or growing in extreme abundance. Appropriate in formal writing, GRE sentence-equivalence, and academic contexts where precision matters.","Avoid ""profuse"" in casual conversation among friends unless you are certain the listener will understand; it can sound pretentious. Also avoid when a simpler synonym suffices.",Academic: The study concluded that the profuse factor played a decisive role in the experimental outcome.,Conversational: I've noticed the profuse trend in our office culture and it's starting to concern me.,GRE: Analysts noted that the company's ___ strategy had ___ results in the last quarter. (fill in: profuse)
945,pinkish-purple,adjective,of purple tinged with pink,pink-purple,,"Use ""pinkish-purple"" (adjective) when you want to convey of purple tinged with pink. Appropriate in formal writing, GRE sentence-equivalence, and academic contexts where precision matters.","Avoid ""pinkish-purple"" in casual conversation among friends unless you are certain the listener will understand; it can sound pretentious. Also avoid when a simpler synonym suffices.",Academic: A key consideration in modern discourse is how the pinkish-purple principle shapes contemporary policy decisions.,"Conversational: Honestly, the pinkish-purple behavior of the team has been a major source of tension lately.",GRE: The author's ___ tone contrasted sharply with the ___ underlying message of the passage. (fill in: pinkish-purple)
946,illogical,adjective,lacking orderly continuity,confused; disconnected; unconnected; garbled; disordered; scattered,logical,"Use ""illogical"" (adjective) when you want to convey lacking orderly continuity. Appropriate in formal writing, GRE sentence-equivalence, and academic contexts where precision matters.","Avoid ""illogical"" in casual conversation among friends unless you are certain the listener will understand; it can sound pretentious. Also avoid when a simpler synonym suffices.",Academic: The researcher's findings revealed that the illogical effect was statistically significant across all samples.,"Conversational: Look, the illogical results speak for themselves — we can't ignore them any longer.",GRE: The professor described the ___ as a ___ that ___ the entire field of study. (fill in: illogical)
947,self-fertilized,adjective,fertilized by its own pollen,self-fertilised; self-pollinated,,"Use ""self-fertilized"" (adjective) when you want to convey fertilized by its own pollen. Appropriate in formal writing, GRE sentence-equivalence, and academic contexts where precision matters.","Avoid ""self-fertilized"" in casual conversation among friends unless you are certain the listener will understand; it can sound pretentious. Also avoid when a simpler synonym suffices.",Academic: The researcher's findings revealed that the self-fertilized effect was statistically significant across all samples.,"Conversational: Look, the self-fertilized results speak for themselves — we can't ignore them any longer.",GRE: The professor described the ___ as a ___ that ___ the entire field of study. (fill in: self-fertilized)
948,darkling,adjective,(poetic) occurring in the dark or night,,,"Use ""darkling"" (adjective) when you want to convey (poetic) occurring in the dark or night. Appropriate in formal writing, GRE sentence-equivalence, and academic contexts where precision matters.","Avoid ""darkling"" in casual conversation among friends unless you are certain the listener will understand; it can sound pretentious. Also avoid when a simpler synonym suffices.",Academic: A key consideration in modern discourse is how the darkling principle shapes contemporary policy decisions.,"Conversational: Look, the darkling results speak for themselves — we can't ignore them any longer.",GRE: The author's ___ tone contrasted sharply with the ___ underlying message of the passage. (fill in: darkling)
949,correctable,adjective,capable of being corrected by additions,amendable,,"Use ""correctable"" (adjective) when you want to convey capable of being corrected by additions. Appropriate in formal writing, GRE sentence-equivalence, and academic contexts where precision matters.","Avoid ""correctable"" in casual conversation among friends unless you are certain the listener will understand; it can sound pretentious. Also avoid when a simpler synonym suffices.",Academic: The researcher's findings revealed that the correctable effect was statistically significant across all samples.,"Conversational: Honestly, the correctable behavior of the team has been a major source of tension lately.","GRE: Despite the ___ nature of the evidence, the researchers remained ___ about their conclusions. (fill in: correctable)"
950,cinnabar,adjective,of a vivid red to reddish-orange color,vermillion; vermilion; Chinese-red; cinnabar moth; Callimorpha jacobeae,,"Use ""cinnabar"" (adjective) when you want to convey of a vivid red to reddish-orange color. Appropriate in formal writing, GRE sentence-equivalence, and academic contexts where precision matters.","Avoid ""cinnabar"" in casual conversation among friends unless you are certain the listener will understand; it can sound pretentious. Also avoid when a simpler synonym suffices.",Academic: A key consideration in modern discourse is how the cinnabar principle shapes contemporary policy decisions.,"Conversational: Look, the cinnabar results speak for themselves — we can't ignore them any longer.",GRE: The professor described the ___ as a ___ that ___ the entire field of study. (fill in: cinnabar)
951,prehensile,adjective,adapted for grasping especially by wrapping around an object,greedy; grabby; covetous; grasping; avaricious,nonprehensile,"Use ""prehensile"" (adjective) when you want to convey adapted for grasping especially by wrapping around an object. Appropriate in formal writing, GRE sentence-equivalence, and academic contexts where precision matters.","Avoid ""prehensile"" in casual conversation among friends unless you are certain the listener will understand; it can sound pretentious. Also avoid when a simpler synonym suffices.","Academic: In the scholarly article, the author argued that the prehensile phenomenon could not be overlooked.",Conversational: I've noticed the prehensile trend in our office culture and it's starting to concern me.,GRE: Analysts noted that the company's ___ strategy had ___ results in the last quarter. (fill in: prehensile)
952,unconditional,adjective,not conditional,flat; categorical; unconditioned; categoric,conditional,"Use ""unconditional"" (adjective) when you want to convey not conditional. Appropriate in formal writing, GRE sentence-equivalence, and academic contexts where precision matters.","Avoid ""unconditional"" in casual conversation among friends unless you are certain the listener will understand; it can sound pretentious. Also avoid when a simpler synonym suffices.",Academic: Contemporary scholars debate whether the unconditional hypothesis adequately explains the observed data.,Conversational: I've noticed the unconditional trend in our office culture and it's starting to concern me.,GRE: Analysts noted that the company's ___ strategy had ___ results in the last quarter. (fill in: unconditional)
953,guilty,adjective,showing a sense of guilt; ; - Eric Linklater,shamefaced; shamed; hangdog,innocent,"Use ""guilty"" (adjective) when you want to convey showing a sense of guilt; ; - eric linklater. Appropriate in formal writing, GRE sentence-equivalence, and academic contexts where precision matters.","Avoid ""guilty"" in casual conversation among friends unless you are certain the listener will understand; it can sound pretentious. Also avoid when a simpler synonym suffices.",Academic: Contemporary scholars debate whether the guilty hypothesis adequately explains the observed data.,"Conversational: You know, it's pretty clear that the guilty situation needs our immediate attention.","GRE: Despite the ___ nature of the evidence, the researchers remained ___ about their conclusions. (fill in: guilty)"
954,computable,adjective,may be computed or estimated,estimable,,"Use ""computable"" (adjective) when you want to convey may be computed or estimated. Appropriate in formal writing, GRE sentence-equivalence, and academic contexts where precision matters.","Avoid ""computable"" in casual conversation among friends unless you are certain the listener will understand; it can sound pretentious. Also avoid when a simpler synonym suffices.",Academic: The researcher's findings revealed that the computable effect was statistically significant across all samples.,"Conversational: Look, the computable results speak for themselves — we can't ignore them any longer.",GRE: The professor described the ___ as a ___ that ___ the entire field of study. (fill in: computable)
955,economical,adjective,using the minimum of time or resources necessary for effectiveness,sparing; economic; stinting; scotch; frugal,,"Use ""economical"" (adjective) when you want to convey using the minimum of time or resources necessary for effectiveness. Appropriate in formal writing, GRE sentence-equivalence, and academic contexts where precision matters.","Avoid ""economical"" in casual conversation among friends unless you are certain the listener will understand; it can sound pretentious. Also avoid when a simpler synonym suffices.","Academic: In the scholarly article, the author argued that the economical phenomenon could not be overlooked.","Conversational: Look, the economical results speak for themselves — we can't ignore them any longer.","GRE: Despite the ___ nature of the evidence, the researchers remained ___ about their conclusions. (fill in: economical)"
956,uncorrupted,adjective,not debased,unspoiled; undefiled,,"Use ""uncorrupted"" (adjective) when you want to convey not debased. Appropriate in formal writing, GRE sentence-equivalence, and academic contexts where precision matters.","Avoid ""uncorrupted"" in casual conversation among friends unless you are certain the listener will understand; it can sound pretentious. Also avoid when a simpler synonym suffices.",Academic: The researcher's findings revealed that the uncorrupted effect was statistically significant across all samples.,"Conversational: Honestly, the uncorrupted behavior of the team has been a major source of tension lately.",GRE: Analysts noted that the company's ___ strategy had ___ results in the last quarter. (fill in: uncorrupted)
957,vaulting,adjective,revealing excessive self-confidence; reaching for the heights,curvet; vault; overreaching; overleap,,"Use ""vaulting"" (adjective) when you want to convey revealing excessive self-confidence; reaching for the heights. Appropriate in formal writing, GRE sentence-equivalence, and academic contexts where precision matters.","Avoid ""vaulting"" in casual conversation among friends unless you are certain the listener will understand; it can sound pretentious. Also avoid when a simpler synonym suffices.",Academic: A key consideration in modern discourse is how the vaulting principle shapes contemporary policy decisions.,Conversational: I told him the vaulting approach just wouldn't work here — we need to rethink this.,"GRE: Despite the ___ nature of the evidence, the researchers remained ___ about their conclusions. (fill in: vaulting)"
958,western,adjective,of wind; from the west,westerly; western sandwich; horse opera,eastern,"Use ""western"" (adjective) when you want to convey of wind; from the west. Appropriate in formal writing, GRE sentence-equivalence, and academic contexts where precision matters.","Avoid ""western"" in casual conversation among friends unless you are certain the listener will understand; it can sound pretentious. Also avoid when a simpler synonym suffices.",Academic: The study concluded that the western factor played a decisive role in the experimental outcome.,"Conversational: You know, it's pretty clear that the western situation needs our immediate attention.","GRE: Despite the ___ nature of the evidence, the researchers remained ___ about their conclusions. (fill in: western)"
959,smudgy,adjective,smeared with something that soils or stains; these words are often used in combination; ; - Henry Roth,,,"Use ""smudgy"" (adjective) when you want to convey smeared with something that soils or stains; these words are often used in combination; ; - henry roth. Appropriate in formal writing, GRE sentence-equivalence, and academic contexts where precision matters.","Avoid ""smudgy"" in casual conversation among friends unless you are certain the listener will understand; it can sound pretentious. Also avoid when a simpler synonym suffices.",Academic: Contemporary scholars debate whether the smudgy hypothesis adequately explains the observed data.,"Conversational: Look, the smudgy results speak for themselves — we can't ignore them any longer.",GRE: The author's ___ tone contrasted sharply with the ___ underlying message of the passage. (fill in: smudgy)
960,energetic,adjective,possessing or exerting or displaying energy,industrious; up-and-coming; gumptious,lethargic,"Use ""energetic"" (adjective) when you want to convey possessing or exerting or displaying energy. Appropriate in formal writing, GRE sentence-equivalence, and academic contexts where precision matters.","Avoid ""energetic"" in casual conversation among friends unless you are certain the listener will understand; it can sound pretentious. Also avoid when a simpler synonym suffices.",Academic: The study concluded that the energetic factor played a decisive role in the experimental outcome.,Conversational: I've noticed the energetic trend in our office culture and it's starting to concern me.,GRE: The author's ___ tone contrasted sharply with the ___ underlying message of the passage. (fill in: energetic)
961,circulating,adjective,passing from one to another,distribute; circulate; propagate; diffuse; circularise; circularize,,"Use ""circulating"" (adjective) when you want to convey passing from one to another. Appropriate in formal writing, GRE sentence-equivalence, and academic contexts where precision matters.","Avoid ""circulating"" in casual conversation among friends unless you are certain the listener will understand; it can sound pretentious. Also avoid when a simpler synonym suffices.",Academic: The study concluded that the circulating factor played a decisive role in the experimental outcome.,Conversational: I've noticed the circulating trend in our office culture and it's starting to concern me.,GRE: The committee's decision to ___ was met with both praise and criticism from stakeholders. (fill in: circulating)
962,glowing,adjective,highly enthusiastic,radiance; radiate; burn; shine; glow; beam,,"Use ""glowing"" (adjective) when you want to convey highly enthusiastic. Appropriate in formal writing, GRE sentence-equivalence, and academic contexts where precision matters.","Avoid ""glowing"" in casual conversation among friends unless you are certain the listener will understand; it can sound pretentious. Also avoid when a simpler synonym suffices.",Academic: A key consideration in modern discourse is how the glowing principle shapes contemporary policy decisions.,Conversational: I've noticed the glowing trend in our office culture and it's starting to concern me.,GRE: The author's ___ tone contrasted sharply with the ___ underlying message of the passage. (fill in: glowing)
963,degage,adjective,showing lack of emotional involvement; - J.S.Perelman,uninvolved; detached,,"Use ""degage"" (adjective) when you want to convey showing lack of emotional involvement; - j.s.perelman. Appropriate in formal writing, GRE sentence-equivalence, and academic contexts where precision matters.","Avoid ""degage"" in casual conversation among friends unless you are certain the listener will understand; it can sound pretentious. Also avoid when a simpler synonym suffices.","Academic: In the scholarly article, the author argued that the degage phenomenon could not be overlooked.","Conversational: You know, it's pretty clear that the degage situation needs our immediate attention.",GRE: Analysts noted that the company's ___ strategy had ___ results in the last quarter. (fill in: degage)
964,backbreaking,adjective,characterized by effort to the point of exhaustion; especially physical effort,heavy; hard; punishing; toilsome; laborious; operose,,"Use ""backbreaking"" (adjective) when you want to convey characterized by effort to the point of exhaustion; especially physical effort. Appropriate in formal writing, GRE sentence-equivalence, and academic contexts where precision matters.","Avoid ""backbreaking"" in casual conversation among friends unless you are certain the listener will understand; it can sound pretentious. Also avoid when a simpler synonym suffices.",Academic: A key consideration in modern discourse is how the backbreaking principle shapes contemporary policy decisions.,Conversational: I told him the backbreaking approach just wouldn't work here — we need to rethink this.,GRE: The author's ___ tone contrasted sharply with the ___ underlying message of the passage. (fill in: backbreaking)
965,rectified,adjective,having been put right,remedy; remediate; repair; amend; rectify; reform,falsify,"Use ""rectified"" (adjective) when you want to convey having been put right. Appropriate in formal writing, GRE sentence-equivalence, and academic contexts where precision matters.","Avoid ""rectified"" in casual conversation among friends unless you are certain the listener will understand; it can sound pretentious. Also avoid when a simpler synonym suffices.","Academic: In the scholarly article, the author argued that the rectified phenomenon could not be overlooked.",Conversational: I've noticed the rectified trend in our office culture and it's starting to concern me.,"GRE: Despite the ___ nature of the evidence, the researchers remained ___ about their conclusions. (fill in: rectified)"
966,knotty,adjective,tangled in knots or snarls,knotted; problematical; tough; elusive; problematic; gnarled,,"Use ""knotty"" (adjective) when you want to convey tangled in knots or snarls. Appropriate in formal writing, GRE sentence-equivalence, and academic contexts where precision matters.","Avoid ""knotty"" in casual conversation among friends unless you are certain the listener will understand; it can sound pretentious. Also avoid when a simpler synonym suffices.",Academic: A key consideration in modern discourse is how the knotty principle shapes contemporary policy decisions.,"Conversational: Look, the knotty results speak for themselves — we can't ignore them any longer.",GRE: The committee's decision to ___ was met with both praise and criticism from stakeholders. (fill in: knotty)
967,orbitual,adjective,describing a circle; moving in a circle,rotary; circular,,"Use ""orbitual"" (adjective) when you want to convey describing a circle; moving in a circle. Appropriate in formal writing, GRE sentence-equivalence, and academic contexts where precision matters.","Avoid ""orbitual"" in casual conversation among friends unless you are certain the listener will understand; it can sound pretentious. Also avoid when a simpler synonym suffices.","Academic: In the scholarly article, the author argued that the orbitual phenomenon could not be overlooked.","Conversational: You know, it's pretty clear that the orbitual situation needs our immediate attention.",GRE: The professor described the ___ as a ___ that ___ the entire field of study. (fill in: orbitual)
968,supposititious,adjective,based primarily on surmise rather than adequate evidence,suppositional; supposed; conjectural; divinatory; suppositious; hypothetic,,"Use ""supposititious"" (adjective) when you want to convey based primarily on surmise rather than adequate evidence. Appropriate in formal writing, GRE sentence-equivalence, and academic contexts where precision matters.","Avoid ""supposititious"" in casual conversation among friends unless you are certain the listener will understand; it can sound pretentious. Also avoid when a simpler synonym suffices.",Academic: The researcher's findings revealed that the supposititious effect was statistically significant across all samples.,Conversational: I've noticed the supposititious trend in our office culture and it's starting to concern me.,GRE: The author's ___ tone contrasted sharply with the ___ underlying message of the passage. (fill in: supposititious)
969,slipshod,adjective,marked by great carelessness,slapdash; sloppy; haphazard,,"Use ""slipshod"" (adjective) when you want to convey marked by great carelessness. Appropriate in formal writing, GRE sentence-equivalence, and academic contexts where precision matters.","Avoid ""slipshod"" in casual conversation among friends unless you are certain the listener will understand; it can sound pretentious. Also avoid when a simpler synonym suffices.",Academic: Contemporary scholars debate whether the slipshod hypothesis adequately explains the observed data.,Conversational: I've noticed the slipshod trend in our office culture and it's starting to concern me.,GRE: The author's ___ tone contrasted sharply with the ___ underlying message of the passage. (fill in: slipshod)
970,primeval,adjective,having existed from the beginning; in an earliest or original stage or state,primordial; aboriginal; primaeval; primal,,"Use ""primeval"" (adjective) when you want to convey having existed from the beginning; in an earliest or original stage or state. Appropriate in formal writing, GRE sentence-equivalence, and academic contexts where precision matters.","Avoid ""primeval"" in casual conversation among friends unless you are certain the listener will understand; it can sound pretentious. Also avoid when a simpler synonym suffices.",Academic: The researcher's findings revealed that the primeval effect was statistically significant across all samples.,"Conversational: Look, the primeval results speak for themselves — we can't ignore them any longer.",GRE: The professor described the ___ as a ___ that ___ the entire field of study. (fill in: primeval)
971,halfhearted,adjective,feeling or showing little interest or enthusiasm,half-hearted; lukewarm; tepid,,"Use ""halfhearted"" (adjective) when you want to convey feeling or showing little interest or enthusiasm. Appropriate in formal writing, GRE sentence-equivalence, and academic contexts where precision matters.","Avoid ""halfhearted"" in casual conversation among friends unless you are certain the listener will understand; it can sound pretentious. Also avoid when a simpler synonym suffices.",Academic: The study concluded that the halfhearted factor played a decisive role in the experimental outcome.,"Conversational: Look, the halfhearted results speak for themselves — we can't ignore them any longer.",GRE: The author's ___ tone contrasted sharply with the ___ underlying message of the passage. (fill in: halfhearted)
972,whitened,adjective,(of hair) having lost its color,whiten; white,blacken,"Use ""whitened"" (adjective) when you want to convey (of hair) having lost its color. Appropriate in formal writing, GRE sentence-equivalence, and academic contexts where precision matters.","Avoid ""whitened"" in casual conversation among friends unless you are certain the listener will understand; it can sound pretentious. Also avoid when a simpler synonym suffices.",Academic: Contemporary scholars debate whether the whitened hypothesis adequately explains the observed data.,Conversational: I told him the whitened approach just wouldn't work here — we need to rethink this.,GRE: The professor described the ___ as a ___ that ___ the entire field of study. (fill in: whitened)
973,unlicensed,adjective,lacking official approval,unaccredited; unlicenced,,"Use ""unlicensed"" (adjective) when you want to convey lacking official approval. Appropriate in formal writing, GRE sentence-equivalence, and academic contexts where precision matters.","Avoid ""unlicensed"" in casual conversation among friends unless you are certain the listener will understand; it can sound pretentious. Also avoid when a simpler synonym suffices.","Academic: In the scholarly article, the author argued that the unlicensed phenomenon could not be overlooked.","Conversational: Look, the unlicensed results speak for themselves — we can't ignore them any longer.",GRE: The committee's decision to ___ was met with both praise and criticism from stakeholders. (fill in: unlicensed)
974,well-educated,adjective,highly educated; having extensive information or understanding,learned; knowledgeable; well-read; lettered; knowing,,"Use ""well-educated"" (adjective) when you want to convey highly educated; having extensive information or understanding. Appropriate in formal writing, GRE sentence-equivalence, and academic contexts where precision matters.","Avoid ""well-educated"" in casual conversation among friends unless you are certain the listener will understand; it can sound pretentious. Also avoid when a simpler synonym suffices.",Academic: A key consideration in modern discourse is how the well-educated principle shapes contemporary policy decisions.,"Conversational: Look, the well-educated results speak for themselves — we can't ignore them any longer.",GRE: The committee's decision to ___ was met with both praise and criticism from stakeholders. (fill in: well-educated)
975,addicted,adjective,compulsively or physiologically dependent on something habit-forming,addict; hook,unaddicted,"Use ""addicted"" (adjective) when you want to convey compulsively or physiologically dependent on something habit-forming. Appropriate in formal writing, GRE sentence-equivalence, and academic contexts where precision matters.","Avoid ""addicted"" in casual conversation among friends unless you are certain the listener will understand; it can sound pretentious. Also avoid when a simpler synonym suffices.","Academic: In the scholarly article, the author argued that the addicted phenomenon could not be overlooked.",Conversational: I told him the addicted approach just wouldn't work here — we need to rethink this.,GRE: The professor described the ___ as a ___ that ___ the entire field of study. (fill in: addicted)
976,piquant,adjective,attracting or delighting,savory; savoury; engaging; spicy; salty; zesty,,"Use ""piquant"" (adjective) when you want to convey attracting or delighting. Appropriate in formal writing, GRE sentence-equivalence, and academic contexts where precision matters.","Avoid ""piquant"" in casual conversation among friends unless you are certain the listener will understand; it can sound pretentious. Also avoid when a simpler synonym suffices.",Academic: A key consideration in modern discourse is how the piquant principle shapes contemporary policy decisions.,"Conversational: Honestly, the piquant behavior of the team has been a major source of tension lately.","GRE: Despite the ___ nature of the evidence, the researchers remained ___ about their conclusions. (fill in: piquant)"
977,acetabular,adjective,of the cup-shaped socket that receives the head of the thigh bone,cotyloid; cotyloidal,,"Use ""acetabular"" (adjective) when you want to convey of the cup-shaped socket that receives the head of the thigh bone. Appropriate in formal writing, GRE sentence-equivalence, and academic contexts where precision matters.","Avoid ""acetabular"" in casual conversation among friends unless you are certain the listener will understand; it can sound pretentious. Also avoid when a simpler synonym suffices.",Academic: The researcher's findings revealed that the acetabular effect was statistically significant across all samples.,Conversational: I've noticed the acetabular trend in our office culture and it's starting to concern me.,"GRE: Despite the ___ nature of the evidence, the researchers remained ___ about their conclusions. (fill in: acetabular)"
978,chickenhearted,adjective,easily frightened,yellow-bellied; chicken; white-livered; yellow; lily-livered,,"Use ""chickenhearted"" (adjective) when you want to convey easily frightened. Appropriate in formal writing, GRE sentence-equivalence, and academic contexts where precision matters.","Avoid ""chickenhearted"" in casual conversation among friends unless you are certain the listener will understand; it can sound pretentious. Also avoid when a simpler synonym suffices.",Academic: A key consideration in modern discourse is how the chickenhearted principle shapes contemporary policy decisions.,"Conversational: Look, the chickenhearted results speak for themselves — we can't ignore them any longer.",GRE: The committee's decision to ___ was met with both praise and criticism from stakeholders. (fill in: chickenhearted)
979,disillusioning,adjective,freeing from illusion or false belief,disenchant; disenchanting; disillusion,enchant,"Use ""disillusioning"" (adjective) when you want to convey freeing from illusion or false belief. Appropriate in formal writing, GRE sentence-equivalence, and academic contexts where precision matters.","Avoid ""disillusioning"" in casual conversation among friends unless you are certain the listener will understand; it can sound pretentious. Also avoid when a simpler synonym suffices.",Academic: The study concluded that the disillusioning factor played a decisive role in the experimental outcome.,"Conversational: Look, the disillusioning results speak for themselves — we can't ignore them any longer.",GRE: The professor described the ___ as a ___ that ___ the entire field of study. (fill in: disillusioning)
980,eight-sided,adjective,having eight sides,,,"Use ""eight-sided"" (adjective) when you want to convey having eight sides. Appropriate in formal writing, GRE sentence-equivalence, and academic contexts where precision matters.","Avoid ""eight-sided"" in casual conversation among friends unless you are certain the listener will understand; it can sound pretentious. Also avoid when a simpler synonym suffices.","Academic: In the scholarly article, the author argued that the eight-sided phenomenon could not be overlooked.","Conversational: Honestly, the eight-sided behavior of the team has been a major source of tension lately.",GRE: The committee's decision to ___ was met with both praise and criticism from stakeholders. (fill in: eight-sided)
981,wonted,adjective,commonly used or practiced; usual,habitual; customary; accustomed,,"Use ""wonted"" (adjective) when you want to convey commonly used or practiced; usual. Appropriate in formal writing, GRE sentence-equivalence, and academic contexts where precision matters.","Avoid ""wonted"" in casual conversation among friends unless you are certain the listener will understand; it can sound pretentious. Also avoid when a simpler synonym suffices.","Academic: In the scholarly article, the author argued that the wonted phenomenon could not be overlooked.","Conversational: You know, it's pretty clear that the wonted situation needs our immediate attention.",GRE: The professor described the ___ as a ___ that ___ the entire field of study. (fill in: wonted)
982,obliterated,adjective,reduced to nothingness,obscure; obliterate; blot out; hide; veil; wipe out,,"Use ""obliterated"" (adjective) when you want to convey reduced to nothingness. Appropriate in formal writing, GRE sentence-equivalence, and academic contexts where precision matters.","Avoid ""obliterated"" in casual conversation among friends unless you are certain the listener will understand; it can sound pretentious. Also avoid when a simpler synonym suffices.","Academic: In the scholarly article, the author argued that the obliterated phenomenon could not be overlooked.",Conversational: I told him the obliterated approach just wouldn't work here — we need to rethink this.,GRE: Analysts noted that the company's ___ strategy had ___ results in the last quarter. (fill in: obliterated)
983,drunken,adjective,given to or marked by the consumption of alcohol,bibulous; boozy; sottish,,"Use ""drunken"" (adjective) when you want to convey given to or marked by the consumption of alcohol. Appropriate in formal writing, GRE sentence-equivalence, and academic contexts where precision matters.","Avoid ""drunken"" in casual conversation among friends unless you are certain the listener will understand; it can sound pretentious. Also avoid when a simpler synonym suffices.",Academic: Contemporary scholars debate whether the drunken hypothesis adequately explains the observed data.,Conversational: I told him the drunken approach just wouldn't work here — we need to rethink this.,GRE: The author's ___ tone contrasted sharply with the ___ underlying message of the passage. (fill in: drunken)
984,braised,adjective,cooked by browning in fat and then simmering in a closed container,braise,,"Use ""braised"" (adjective) when you want to convey cooked by browning in fat and then simmering in a closed container. Appropriate in formal writing, GRE sentence-equivalence, and academic contexts where precision matters.","Avoid ""braised"" in casual conversation among friends unless you are certain the listener will understand; it can sound pretentious. Also avoid when a simpler synonym suffices.",Academic: The researcher's findings revealed that the braised effect was statistically significant across all samples.,"Conversational: Honestly, the braised behavior of the team has been a major source of tension lately.",GRE: The author's ___ tone contrasted sharply with the ___ underlying message of the passage. (fill in: braised)
985,unquestioned,adjective,generally agreed upon; not subject to dispute,undisputed; unchallenged,,"Use ""unquestioned"" (adjective) when you want to convey generally agreed upon; not subject to dispute. Appropriate in formal writing, GRE sentence-equivalence, and academic contexts where precision matters.","Avoid ""unquestioned"" in casual conversation among friends unless you are certain the listener will understand; it can sound pretentious. Also avoid when a simpler synonym suffices.",Academic: The study concluded that the unquestioned factor played a decisive role in the experimental outcome.,"Conversational: Look, the unquestioned results speak for themselves — we can't ignore them any longer.",GRE: Analysts noted that the company's ___ strategy had ___ results in the last quarter. (fill in: unquestioned)
986,unrestricted,adjective,never having had security classification,nonsensitive; unexclusive,restricted,"Use ""unrestricted"" (adjective) when you want to convey never having had security classification. Appropriate in formal writing, GRE sentence-equivalence, and academic contexts where precision matters.","Avoid ""unrestricted"" in casual conversation among friends unless you are certain the listener will understand; it can sound pretentious. Also avoid when a simpler synonym suffices.",Academic: The study concluded that the unrestricted factor played a decisive role in the experimental outcome.,Conversational: I told him the unrestricted approach just wouldn't work here — we need to rethink this.,GRE: Analysts noted that the company's ___ strategy had ___ results in the last quarter. (fill in: unrestricted)
987,combinational,adjective,able to or tending to combine,combinatory; combinable,,"Use ""combinational"" (adjective) when you want to convey able to or tending to combine. Appropriate in formal writing, GRE sentence-equivalence, and academic contexts where precision matters.","Avoid ""combinational"" in casual conversation among friends unless you are certain the listener will understand; it can sound pretentious. Also avoid when a simpler synonym suffices.",Academic: The study concluded that the combinational factor played a decisive role in the experimental outcome.,"Conversational: Look, the combinational results speak for themselves — we can't ignore them any longer.",GRE: The committee's decision to ___ was met with both praise and criticism from stakeholders. (fill in: combinational)
988,xanthous,adjective,of the color intermediate between green and orange in the color spectrum; of something resembling the color of an egg yolk,yellow; yellowish,,"Use ""xanthous"" (adjective) when you want to convey of the color intermediate between green and orange in the color spectrum; of something resembling the color of an egg yolk. Appropriate in formal writing, GRE sentence-equivalence, and academic contexts where precision matters.","Avoid ""xanthous"" in casual conversation among friends unless you are certain the listener will understand; it can sound pretentious. Also avoid when a simpler synonym suffices.",Academic: Contemporary scholars debate whether the xanthous hypothesis adequately explains the observed data.,Conversational: I told him the xanthous approach just wouldn't work here — we need to rethink this.,"GRE: Despite the ___ nature of the evidence, the researchers remained ___ about their conclusions. (fill in: xanthous)"
989,greyed,adjective,deprived of color,grey; dulled; gray,,"Use ""greyed"" (adjective) when you want to convey deprived of color. Appropriate in formal writing, GRE sentence-equivalence, and academic contexts where precision matters.","Avoid ""greyed"" in casual conversation among friends unless you are certain the listener will understand; it can sound pretentious. Also avoid when a simpler synonym suffices.",Academic: Contemporary scholars debate whether the greyed hypothesis adequately explains the observed data.,"Conversational: Look, the greyed results speak for themselves — we can't ignore them any longer.","GRE: Despite the ___ nature of the evidence, the researchers remained ___ about their conclusions. (fill in: greyed)"
990,disaffected,adjective,discontented as toward authority,alien; estrange; alienate; malcontent; disaffect; ill-affected,,"Use ""disaffected"" (adjective) when you want to convey discontented as toward authority. Appropriate in formal writing, GRE sentence-equivalence, and academic contexts where precision matters.","Avoid ""disaffected"" in casual conversation among friends unless you are certain the listener will understand; it can sound pretentious. Also avoid when a simpler synonym suffices.","Academic: In the scholarly article, the author argued that the disaffected phenomenon could not be overlooked.",Conversational: I told him the disaffected approach just wouldn't work here — we need to rethink this.,GRE: Analysts noted that the company's ___ strategy had ___ results in the last quarter. (fill in: disaffected)
991,formative,adjective,forming or capable of forming or molding or fashioning,shaping; plastic,,"Use ""formative"" (adjective) when you want to convey forming or capable of forming or molding or fashioning. Appropriate in formal writing, GRE sentence-equivalence, and academic contexts where precision matters.","Avoid ""formative"" in casual conversation among friends unless you are certain the listener will understand; it can sound pretentious. Also avoid when a simpler synonym suffices.",Academic: A key consideration in modern discourse is how the formative principle shapes contemporary policy decisions.,"Conversational: You know, it's pretty clear that the formative situation needs our immediate attention.",GRE: The author's ___ tone contrasted sharply with the ___ underlying message of the passage. (fill in: formative)
992,aesthetic,adjective,concerning or characterized by an appreciation of beauty or good taste,artistic; esthetic; aesthetical; esthetical,inaesthetic,"Use ""aesthetic"" (adjective) when you want to convey concerning or characterized by an appreciation of beauty or good taste. Appropriate in formal writing, GRE sentence-equivalence, and academic contexts where precision matters.","Avoid ""aesthetic"" in casual conversation among friends unless you are certain the listener will understand; it can sound pretentious. Also avoid when a simpler synonym suffices.","Academic: In the scholarly article, the author argued that the aesthetic phenomenon could not be overlooked.",Conversational: I've noticed the aesthetic trend in our office culture and it's starting to concern me.,GRE: Analysts noted that the company's ___ strategy had ___ results in the last quarter. (fill in: aesthetic)
993,stick-on,adjective,of something (a paper label or postage stamp) gummed in advance,,,"Use ""stick-on"" (adjective) when you want to convey of something (a paper label or postage stamp) gummed in advance. Appropriate in formal writing, GRE sentence-equivalence, and academic contexts where precision matters.","Avoid ""stick-on"" in casual conversation among friends unless you are certain the listener will understand; it can sound pretentious. Also avoid when a simpler synonym suffices.",Academic: A key consideration in modern discourse is how the stick-on principle shapes contemporary policy decisions.,"Conversational: Honestly, the stick-on behavior of the team has been a major source of tension lately.",GRE: Analysts noted that the company's ___ strategy had ___ results in the last quarter. (fill in: stick-on)
994,smutty,adjective,soiled with dirt or soot,filthy; foul; cruddy; nasty; black,,"Use ""smutty"" (adjective) when you want to convey soiled with dirt or soot. Appropriate in formal writing, GRE sentence-equivalence, and academic contexts where precision matters.","Avoid ""smutty"" in casual conversation among friends unless you are certain the listener will understand; it can sound pretentious. Also avoid when a simpler synonym suffices.",Academic: The study concluded that the smutty factor played a decisive role in the experimental outcome.,"Conversational: You know, it's pretty clear that the smutty situation needs our immediate attention.",GRE: The professor described the ___ as a ___ that ___ the entire field of study. (fill in: smutty)
995,obsessed,adjective,influenced or controlled by a powerful force such as a strong emotion,preoccupied; haunted; obsess; haunt; taken up; ghost,,"Use ""obsessed"" (adjective) when you want to convey influenced or controlled by a powerful force such as a strong emotion. Appropriate in formal writing, GRE sentence-equivalence, and academic contexts where precision matters.","Avoid ""obsessed"" in casual conversation among friends unless you are certain the listener will understand; it can sound pretentious. Also avoid when a simpler synonym suffices.",Academic: The study concluded that the obsessed factor played a decisive role in the experimental outcome.,Conversational: I've noticed the obsessed trend in our office culture and it's starting to concern me.,GRE: The professor described the ___ as a ___ that ___ the entire field of study. (fill in: obsessed)
996,costive,adjective,retarding evacuation of feces; binding; constipating,,laxative,"Use ""costive"" (adjective) when you want to convey retarding evacuation of feces; binding; constipating. Appropriate in formal writing, GRE sentence-equivalence, and academic contexts where precision matters.","Avoid ""costive"" in casual conversation among friends unless you are certain the listener will understand; it can sound pretentious. Also avoid when a simpler synonym suffices.",Academic: Contemporary scholars debate whether the costive hypothesis adequately explains the observed data.,"Conversational: Look, the costive results speak for themselves — we can't ignore them any longer.",GRE: The author's ___ tone contrasted sharply with the ___ underlying message of the passage. (fill in: costive)
997,terefah,adjective,not conforming to dietary laws,tref; nonkosher,,"Use ""terefah"" (adjective) when you want to convey not conforming to dietary laws. Appropriate in formal writing, GRE sentence-equivalence, and academic contexts where precision matters.","Avoid ""terefah"" in casual conversation among friends unless you are certain the listener will understand; it can sound pretentious. Also avoid when a simpler synonym suffices.",Academic: The study concluded that the terefah factor played a decisive role in the experimental outcome.,Conversational: I've noticed the terefah trend in our office culture and it's starting to concern me.,GRE: The committee's decision to ___ was met with both praise and criticism from stakeholders. (fill in: terefah)
998,isocyclic,adjective,containing a closed ring of atoms of the same kind especially carbon atoms,homocyclic,,"Use ""isocyclic"" (adjective) when you want to convey containing a closed ring of atoms of the same kind especially carbon atoms. Appropriate in formal writing, GRE sentence-equivalence, and academic contexts where precision matters.","Avoid ""isocyclic"" in casual conversation among friends unless you are certain the listener will understand; it can sound pretentious. Also avoid when a simpler synonym suffices.",Academic: A key consideration in modern discourse is how the isocyclic principle shapes contemporary policy decisions.,"Conversational: Honestly, the isocyclic behavior of the team has been a major source of tension lately.","GRE: Despite the ___ nature of the evidence, the researchers remained ___ about their conclusions. (fill in: isocyclic)"
999,bifocal,adjective,having two foci,,,"Use ""bifocal"" (adjective) when you want to convey having two foci. Appropriate in formal writing, GRE sentence-equivalence, and academic contexts where precision matters.","Avoid ""bifocal"" in casual conversation among friends unless you are certain the listener will understand; it can sound pretentious. Also avoid when a simpler synonym suffices.",Academic: Contemporary scholars debate whether the bifocal hypothesis adequately explains the observed data.,Conversational: I told him the bifocal approach just wouldn't work here — we need to rethink this.,GRE: The professor described the ___ as a ___ that ___ the entire field of study. (fill in: bifocal)
1000,silver-tongued,adjective,"expressing yourself readily, clearly, effectively",fluent; smooth-spoken; facile; silver; eloquent,,"Use ""silver-tongued"" (adjective) when you want to convey expressing yourself readily, clearly, effectively. Appropriate in formal writing, GRE sentence-equivalence, and academic contexts where precision matters.","Avoid ""silver-tongued"" in casual conversation among friends unless you are certain the listener will understand; it can sound pretentious. Also avoid when a simpler synonym suffices.",Academic: Contemporary scholars debate whether the silver-tongued hypothesis adequately explains the observed data.,Conversational: I've noticed the silver-tongued trend in our office culture and it's starting to concern me.,GRE: The committee's decision to ___ was met with both praise and criticism from stakeholders. (fill in: silver-tongued)
1001,bluish-white,adjective,of white tinged with blue,blue-white; cool-white,,"Use ""bluish-white"" (adjective) when you want to convey of white tinged with blue. Appropriate in formal writing, GRE sentence-equivalence, and academic contexts where precision matters.","Avoid ""bluish-white"" in casual conversation among friends unless you are certain the listener will understand; it can sound pretentious. Also avoid when a simpler synonym suffices.",Academic: The researcher's findings revealed that the bluish-white effect was statistically significant across all samples.,"Conversational: Honestly, the bluish-white behavior of the team has been a major source of tension lately.",GRE: The committee's decision to ___ was met with both praise and criticism from stakeholders. (fill in: bluish-white)
1002,sweet-breathed,adjective,having breath or breath as specified,,,"Use ""sweet-breathed"" (adjective) when you want to convey having breath or breath as specified. Appropriate in formal writing, GRE sentence-equivalence, and academic contexts where precision matters.","Avoid ""sweet-breathed"" in casual conversation among friends unless you are certain the listener will understand; it can sound pretentious. Also avoid when a simpler synonym suffices.",Academic: The researcher's findings revealed that the sweet-breathed effect was statistically significant across all samples.,"Conversational: Honestly, the sweet-breathed behavior of the team has been a major source of tension lately.",GRE: The committee's decision to ___ was met with both praise and criticism from stakeholders. (fill in: sweet-breathed)
1003,armor-plated,adjective,covered with heavy steel,steel-plated; armour-clad; armor-clad; armour-plated,,"Use ""armor-plated"" (adjective) when you want to convey covered with heavy steel. Appropriate in formal writing, GRE sentence-equivalence, and academic contexts where precision matters.","Avoid ""armor-plated"" in casual conversation among friends unless you are certain the listener will understand; it can sound pretentious. Also avoid when a simpler synonym suffices.",Academic: The researcher's findings revealed that the armor-plated effect was statistically significant across all samples.,"Conversational: Honestly, the armor-plated behavior of the team has been a major source of tension lately.",GRE: Analysts noted that the company's ___ strategy had ___ results in the last quarter. (fill in: armor-plated)
1004,steadfast,adjective,firm and dependable especially in loyalty,unbendable; unwavering; firm; unfaltering; steady; stiff,,"Use ""steadfast"" (adjective) when you want to convey firm and dependable especially in loyalty. Appropriate in formal writing, GRE sentence-equivalence, and academic contexts where precision matters.","Avoid ""steadfast"" in casual conversation among friends unless you are certain the listener will understand; it can sound pretentious. Also avoid when a simpler synonym suffices.",Academic: Contemporary scholars debate whether the steadfast hypothesis adequately explains the observed data.,"Conversational: Look, the steadfast results speak for themselves — we can't ignore them any longer.","GRE: Despite the ___ nature of the evidence, the researchers remained ___ about their conclusions. (fill in: steadfast)"
1005,beakless,adjective,not having a beak or bill,,beaked,"Use ""beakless"" (adjective) when you want to convey not having a beak or bill. Appropriate in formal writing, GRE sentence-equivalence, and academic contexts where precision matters.","Avoid ""beakless"" in casual conversation among friends unless you are certain the listener will understand; it can sound pretentious. Also avoid when a simpler synonym suffices.",Academic: Contemporary scholars debate whether the beakless hypothesis adequately explains the observed data.,Conversational: I told him the beakless approach just wouldn't work here — we need to rethink this.,GRE: The author's ___ tone contrasted sharply with the ___ underlying message of the passage. (fill in: beakless)
1006,peacock-blue,adjective,of bright greenish blue,,,"Use ""peacock-blue"" (adjective) when you want to convey of bright greenish blue. Appropriate in formal writing, GRE sentence-equivalence, and academic contexts where precision matters.","Avoid ""peacock-blue"" in casual conversation among friends unless you are certain the listener will understand; it can sound pretentious. Also avoid when a simpler synonym suffices.",Academic: The study concluded that the peacock-blue factor played a decisive role in the experimental outcome.,"Conversational: Look, the peacock-blue results speak for themselves — we can't ignore them any longer.",GRE: Analysts noted that the company's ___ strategy had ___ results in the last quarter. (fill in: peacock-blue)
1007,bipedal,adjective,having two feet,biped; two-footed,quadrupedal; quadruped,"Use ""bipedal"" (adjective) when you want to convey having two feet. Appropriate in formal writing, GRE sentence-equivalence, and academic contexts where precision matters.","Avoid ""bipedal"" in casual conversation among friends unless you are certain the listener will understand; it can sound pretentious. Also avoid when a simpler synonym suffices.",Academic: The study concluded that the bipedal factor played a decisive role in the experimental outcome.,Conversational: I've noticed the bipedal trend in our office culture and it's starting to concern me.,GRE: Analysts noted that the company's ___ strategy had ___ results in the last quarter. (fill in: bipedal)
1008,second-best,adjective,next to the best,,,"Use ""second-best"" (adjective) when you want to convey next to the best. Appropriate in formal writing, GRE sentence-equivalence, and academic contexts where precision matters.","Avoid ""second-best"" in casual conversation among friends unless you are certain the listener will understand; it can sound pretentious. Also avoid when a simpler synonym suffices.",Academic: Contemporary scholars debate whether the second-best hypothesis adequately explains the observed data.,Conversational: I told him the second-best approach just wouldn't work here — we need to rethink this.,"GRE: Despite the ___ nature of the evidence, the researchers remained ___ about their conclusions. (fill in: second-best)"
1009,metal-cutting,adjective,hard and sharp enough to cut metal,,,"Use ""metal-cutting"" (adjective) when you want to convey hard and sharp enough to cut metal. Appropriate in formal writing, GRE sentence-equivalence, and academic contexts where precision matters.","Avoid ""metal-cutting"" in casual conversation among friends unless you are certain the listener will understand; it can sound pretentious. Also avoid when a simpler synonym suffices.",Academic: A key consideration in modern discourse is how the metal-cutting principle shapes contemporary policy decisions.,Conversational: I told him the metal-cutting approach just wouldn't work here — we need to rethink this.,GRE: Analysts noted that the company's ___ strategy had ___ results in the last quarter. (fill in: metal-cutting)
1010,apteral,adjective,having columns at one or both ends but not along the sides,apterous,peripteral,"Use ""apteral"" (adjective) when you want to convey having columns at one or both ends but not along the sides. Appropriate in formal writing, GRE sentence-equivalence, and academic contexts where precision matters.","Avoid ""apteral"" in casual conversation among friends unless you are certain the listener will understand; it can sound pretentious. Also avoid when a simpler synonym suffices.",Academic: A key consideration in modern discourse is how the apteral principle shapes contemporary policy decisions.,"Conversational: Look, the apteral results speak for themselves — we can't ignore them any longer.",GRE: The author's ___ tone contrasted sharply with the ___ underlying message of the passage. (fill in: apteral)
1011,operose,adjective,characterized by effort to the point of exhaustion; especially physical effort,heavy; hard; punishing; toilsome; backbreaking; laborious,,"Use ""operose"" (adjective) when you want to convey characterized by effort to the point of exhaustion; especially physical effort. Appropriate in formal writing, GRE sentence-equivalence, and academic contexts where precision matters.","Avoid ""operose"" in casual conversation among friends unless you are certain the listener will understand; it can sound pretentious. Also avoid when a simpler synonym suffices.","Academic: In the scholarly article, the author argued that the operose phenomenon could not be overlooked.","Conversational: Honestly, the operose behavior of the team has been a major source of tension lately.",GRE: The committee's decision to ___ was met with both praise and criticism from stakeholders. (fill in: operose)
1012,unchained,adjective,not bound by shackles and chains,unchain; unfettered; untied; unshackled,chain,"Use ""unchained"" (adjective) when you want to convey not bound by shackles and chains. Appropriate in formal writing, GRE sentence-equivalence, and academic contexts where precision matters.","Avoid ""unchained"" in casual conversation among friends unless you are certain the listener will understand; it can sound pretentious. Also avoid when a simpler synonym suffices.",Academic: The study concluded that the unchained factor played a decisive role in the experimental outcome.,Conversational: I told him the unchained approach just wouldn't work here — we need to rethink this.,GRE: Analysts noted that the company's ___ strategy had ___ results in the last quarter. (fill in: unchained)
1013,debonair,adjective,"having a cheerful, lively, and self-confident air; - Frances G. Patton; - H.M.Reynolds",debonaire; jaunty; debonnaire; chipper; suave,,"Use ""debonair"" (adjective) when you want to convey having a cheerful, lively, and self-confident air; - frances g. patton; - h.m.reynolds. Appropriate in formal writing, GRE sentence-equivalence, and academic contexts where precision matters.","Avoid ""debonair"" in casual conversation among friends unless you are certain the listener will understand; it can sound pretentious. Also avoid when a simpler synonym suffices.",Academic: The study concluded that the debonair factor played a decisive role in the experimental outcome.,Conversational: I've noticed the debonair trend in our office culture and it's starting to concern me.,GRE: The author's ___ tone contrasted sharply with the ___ underlying message of the passage. (fill in: debonair)
1014,landless,adjective,owning no land,,landed,"Use ""landless"" (adjective) when you want to convey owning no land. Appropriate in formal writing, GRE sentence-equivalence, and academic contexts where precision matters.","Avoid ""landless"" in casual conversation among friends unless you are certain the listener will understand; it can sound pretentious. Also avoid when a simpler synonym suffices.",Academic: The study concluded that the landless factor played a decisive role in the experimental outcome.,"Conversational: Look, the landless results speak for themselves — we can't ignore them any longer.","GRE: Despite the ___ nature of the evidence, the researchers remained ___ about their conclusions. (fill in: landless)"
1015,springlike,adjective,resembling a spring or the action of a spring,,,"Use ""springlike"" (adjective) when you want to convey resembling a spring or the action of a spring. Appropriate in formal writing, GRE sentence-equivalence, and academic contexts where precision matters.","Avoid ""springlike"" in casual conversation among friends unless you are certain the listener will understand; it can sound pretentious. Also avoid when a simpler synonym suffices.",Academic: The study concluded that the springlike factor played a decisive role in the experimental outcome.,"Conversational: Look, the springlike results speak for themselves — we can't ignore them any longer.","GRE: Despite the ___ nature of the evidence, the researchers remained ___ about their conclusions. (fill in: springlike)"
1016,servile,adjective,submissive or fawning in attitude or behavior,,unservile,"Use ""servile"" (adjective) when you want to convey submissive or fawning in attitude or behavior. Appropriate in formal writing, GRE sentence-equivalence, and academic contexts where precision matters.","Avoid ""servile"" in casual conversation among friends unless you are certain the listener will understand; it can sound pretentious. Also avoid when a simpler synonym suffices.",Academic: The researcher's findings revealed that the servile effect was statistically significant across all samples.,"Conversational: You know, it's pretty clear that the servile situation needs our immediate attention.",GRE: The author's ___ tone contrasted sharply with the ___ underlying message of the passage. (fill in: servile)
1017,sweeping,adjective,ignoring distinctions,sweep; sweep up; sail; embroil; tangle; brush,,"Use ""sweeping"" (adjective) when you want to convey ignoring distinctions. Appropriate in formal writing, GRE sentence-equivalence, and academic contexts where precision matters.","Avoid ""sweeping"" in casual conversation among friends unless you are certain the listener will understand; it can sound pretentious. Also avoid when a simpler synonym suffices.","Academic: In the scholarly article, the author argued that the sweeping phenomenon could not be overlooked.",Conversational: I told him the sweeping approach just wouldn't work here — we need to rethink this.,GRE: The professor described the ___ as a ___ that ___ the entire field of study. (fill in: sweeping)
1018,colored,adjective,having color or a certain color; sometimes used in combination,colour; colourise; colorise; colorize; color; colourize,uncolored; discolor,"Use ""colored"" (adjective) when you want to convey having color or a certain color; sometimes used in combination. Appropriate in formal writing, GRE sentence-equivalence, and academic contexts where precision matters.","Avoid ""colored"" in casual conversation among friends unless you are certain the listener will understand; it can sound pretentious. Also avoid when a simpler synonym suffices.","Academic: In the scholarly article, the author argued that the colored phenomenon could not be overlooked.","Conversational: Honestly, the colored behavior of the team has been a major source of tension lately.",GRE: Analysts noted that the company's ___ strategy had ___ results in the last quarter. (fill in: colored)
1019,jobless,adjective,not having a job,idle; out of work,,"Use ""jobless"" (adjective) when you want to convey not having a job. Appropriate in formal writing, GRE sentence-equivalence, and academic contexts where precision matters.","Avoid ""jobless"" in casual conversation among friends unless you are certain the listener will understand; it can sound pretentious. Also avoid when a simpler synonym suffices.",Academic: Contemporary scholars debate whether the jobless hypothesis adequately explains the observed data.,"Conversational: Honestly, the jobless behavior of the team has been a major source of tension lately.",GRE: Analysts noted that the company's ___ strategy had ___ results in the last quarter. (fill in: jobless)
1020,combinatory,adjective,marked by or relating to or resulting from combination,combinational; combinatorial; combinative; combinable,noncombinative,"Use ""combinatory"" (adjective) when you want to convey marked by or relating to or resulting from combination. Appropriate in formal writing, GRE sentence-equivalence, and academic contexts where precision matters.","Avoid ""combinatory"" in casual conversation among friends unless you are certain the listener will understand; it can sound pretentious. Also avoid when a simpler synonym suffices.",Academic: The study concluded that the combinatory factor played a decisive role in the experimental outcome.,Conversational: I've noticed the combinatory trend in our office culture and it's starting to concern me.,"GRE: Despite the ___ nature of the evidence, the researchers remained ___ about their conclusions. (fill in: combinatory)"
1021,uncharged,adjective,of a particle or body or system; having no charge,,charged,"Use ""uncharged"" (adjective) when you want to convey of a particle or body or system; having no charge. Appropriate in formal writing, GRE sentence-equivalence, and academic contexts where precision matters.","Avoid ""uncharged"" in casual conversation among friends unless you are certain the listener will understand; it can sound pretentious. Also avoid when a simpler synonym suffices.",Academic: Contemporary scholars debate whether the uncharged hypothesis adequately explains the observed data.,Conversational: I've noticed the uncharged trend in our office culture and it's starting to concern me.,GRE: The committee's decision to ___ was met with both praise and criticism from stakeholders. (fill in: uncharged)
1022,ill-defined,adjective,poorly stated or described,unclear,well-defined,"Use ""ill-defined"" (adjective) when you want to convey poorly stated or described. Appropriate in formal writing, GRE sentence-equivalence, and academic contexts where precision matters.","Avoid ""ill-defined"" in casual conversation among friends unless you are certain the listener will understand; it can sound pretentious. Also avoid when a simpler synonym suffices.",Academic: Contemporary scholars debate whether the ill-defined hypothesis adequately explains the observed data.,"Conversational: You know, it's pretty clear that the ill-defined situation needs our immediate attention.",GRE: The professor described the ___ as a ___ that ___ the entire field of study. (fill in: ill-defined)
1023,nonpareil,adjective,eminent beyond or above comparison,saint; apotheosis; nonsuch; ideal; nonesuch; paragon,,"Use ""nonpareil"" (adjective) when you want to convey eminent beyond or above comparison. Appropriate in formal writing, GRE sentence-equivalence, and academic contexts where precision matters.","Avoid ""nonpareil"" in casual conversation among friends unless you are certain the listener will understand; it can sound pretentious. Also avoid when a simpler synonym suffices.",Academic: Contemporary scholars debate whether the nonpareil hypothesis adequately explains the observed data.,"Conversational: Honestly, the nonpareil behavior of the team has been a major source of tension lately.",GRE: The author's ___ tone contrasted sharply with the ___ underlying message of the passage. (fill in: nonpareil)
1024,responsible,adjective,being the agent or cause,creditworthy; responsible for,irresponsible,"Use ""responsible"" (adjective) when you want to convey being the agent or cause. Appropriate in formal writing, GRE sentence-equivalence, and academic contexts where precision matters.","Avoid ""responsible"" in casual conversation among friends unless you are certain the listener will understand; it can sound pretentious. Also avoid when a simpler synonym suffices.","Academic: In the scholarly article, the author argued that the responsible phenomenon could not be overlooked.","Conversational: Look, the responsible results speak for themselves — we can't ignore them any longer.",GRE: The author's ___ tone contrasted sharply with the ___ underlying message of the passage. (fill in: responsible)
1025,beneficent,adjective,generous in assistance to the poor,eleemosynary; philanthropic; benevolent,maleficent,"Use ""beneficent"" (adjective) when you want to convey generous in assistance to the poor. Appropriate in formal writing, GRE sentence-equivalence, and academic contexts where precision matters.","Avoid ""beneficent"" in casual conversation among friends unless you are certain the listener will understand; it can sound pretentious. Also avoid when a simpler synonym suffices.",Academic: The researcher's findings revealed that the beneficent effect was statistically significant across all samples.,"Conversational: Look, the beneficent results speak for themselves — we can't ignore them any longer.",GRE: The committee's decision to ___ was met with both praise and criticism from stakeholders. (fill in: beneficent)
1026,entire,adjective,constituting the undiminished entirety; lacking nothing essential especially not damaged; - Bacon,intact; integral; stallion; full; total,,"Use ""entire"" (adjective) when you want to convey constituting the undiminished entirety; lacking nothing essential especially not damaged; - bacon. Appropriate in formal writing, GRE sentence-equivalence, and academic contexts where precision matters.","Avoid ""entire"" in casual conversation among friends unless you are certain the listener will understand; it can sound pretentious. Also avoid when a simpler synonym suffices.",Academic: The researcher's findings revealed that the entire effect was statistically significant across all samples.,"Conversational: Honestly, the entire behavior of the team has been a major source of tension lately.",GRE: The committee's decision to ___ was met with both praise and criticism from stakeholders. (fill in: entire)
1027,inexpungeable,adjective,not capable of being expunged; - Louis Auchincloss,inexpungible,,"Use ""inexpungeable"" (adjective) when you want to convey not capable of being expunged; - louis auchincloss. Appropriate in formal writing, GRE sentence-equivalence, and academic contexts where precision matters.","Avoid ""inexpungeable"" in casual conversation among friends unless you are certain the listener will understand; it can sound pretentious. Also avoid when a simpler synonym suffices.",Academic: The study concluded that the inexpungeable factor played a decisive role in the experimental outcome.,"Conversational: Honestly, the inexpungeable behavior of the team has been a major source of tension lately.",GRE: The professor described the ___ as a ___ that ___ the entire field of study. (fill in: inexpungeable)
1028,appreciative,adjective,having or showing appreciation or a favorable critical judgment or opinion,,,"Use ""appreciative"" (adjective) when you want to convey having or showing appreciation or a favorable critical judgment or opinion. Appropriate in formal writing, GRE sentence-equivalence, and academic contexts where precision matters.","Avoid ""appreciative"" in casual conversation among friends unless you are certain the listener will understand; it can sound pretentious. Also avoid when a simpler synonym suffices.","Academic: In the scholarly article, the author argued that the appreciative phenomenon could not be overlooked.","Conversational: Look, the appreciative results speak for themselves — we can't ignore them any longer.",GRE: The committee's decision to ___ was met with both praise and criticism from stakeholders. (fill in: appreciative)
1029,unassailable,adjective,without flaws or loopholes,untouchable; unattackable; inviolable; secure; impregnable; strong,,"Use ""unassailable"" (adjective) when you want to convey without flaws or loopholes. Appropriate in formal writing, GRE sentence-equivalence, and academic contexts where precision matters.","Avoid ""unassailable"" in casual conversation among friends unless you are certain the listener will understand; it can sound pretentious. Also avoid when a simpler synonym suffices.",Academic: The researcher's findings revealed that the unassailable effect was statistically significant across all samples.,Conversational: I told him the unassailable approach just wouldn't work here — we need to rethink this.,GRE: The author's ___ tone contrasted sharply with the ___ underlying message of the passage. (fill in: unassailable)
1030,viscous,adjective,having the sticky properties of an adhesive,sticky; pasty; gummy; gluey; glutinous; syrupy,,"Use ""viscous"" (adjective) when you want to convey having the sticky properties of an adhesive. Appropriate in formal writing, GRE sentence-equivalence, and academic contexts where precision matters.","Avoid ""viscous"" in casual conversation among friends unless you are certain the listener will understand; it can sound pretentious. Also avoid when a simpler synonym suffices.",Academic: A key consideration in modern discourse is how the viscous principle shapes contemporary policy decisions.,Conversational: I've noticed the viscous trend in our office culture and it's starting to concern me.,"GRE: Despite the ___ nature of the evidence, the researchers remained ___ about their conclusions. (fill in: viscous)"
1031,hopeful,adjective,full or promise,wannabee; aspirant; bright; aspirer; promising; wannabe,hopeless,"Use ""hopeful"" (adjective) when you want to convey full or promise. Appropriate in formal writing, GRE sentence-equivalence, and academic contexts where precision matters.","Avoid ""hopeful"" in casual conversation among friends unless you are certain the listener will understand; it can sound pretentious. Also avoid when a simpler synonym suffices.",Academic: The researcher's findings revealed that the hopeful effect was statistically significant across all samples.,Conversational: I've noticed the hopeful trend in our office culture and it's starting to concern me.,GRE: Analysts noted that the company's ___ strategy had ___ results in the last quarter. (fill in: hopeful)
1032,walking,adjective,close enough to be walked to,walk; walk-to; take the air,ride,"Use ""walking"" (adjective) when you want to convey close enough to be walked to. Appropriate in formal writing, GRE sentence-equivalence, and academic contexts where precision matters.","Avoid ""walking"" in casual conversation among friends unless you are certain the listener will understand; it can sound pretentious. Also avoid when a simpler synonym suffices.",Academic: The researcher's findings revealed that the walking effect was statistically significant across all samples.,Conversational: I told him the walking approach just wouldn't work here — we need to rethink this.,GRE: The committee's decision to ___ was met with both praise and criticism from stakeholders. (fill in: walking)
1033,unornamented,adjective,lacking embellishment or ornamentation,spare; unembellished; bare; plain,,"Use ""unornamented"" (adjective) when you want to convey lacking embellishment or ornamentation. Appropriate in formal writing, GRE sentence-equivalence, and academic contexts where precision matters.","Avoid ""unornamented"" in casual conversation among friends unless you are certain the listener will understand; it can sound pretentious. Also avoid when a simpler synonym suffices.",Academic: Contemporary scholars debate whether the unornamented hypothesis adequately explains the observed data.,"Conversational: Honestly, the unornamented behavior of the team has been a major source of tension lately.",GRE: The author's ___ tone contrasted sharply with the ___ underlying message of the passage. (fill in: unornamented)
1034,glaucous,adjective,"having a frosted look from a powdery coating, as on plants",,,"Use ""glaucous"" (adjective) when you want to convey having a frosted look from a powdery coating, as on plants. Appropriate in formal writing, GRE sentence-equivalence, and academic contexts where precision matters.","Avoid ""glaucous"" in casual conversation among friends unless you are certain the listener will understand; it can sound pretentious. Also avoid when a simpler synonym suffices.",Academic: A key consideration in modern discourse is how the glaucous principle shapes contemporary policy decisions.,Conversational: I've noticed the glaucous trend in our office culture and it's starting to concern me.,GRE: The author's ___ tone contrasted sharply with the ___ underlying message of the passage. (fill in: glaucous)
1035,beneficial,adjective,promoting or enhancing well-being,good,,"Use ""beneficial"" (adjective) when you want to convey promoting or enhancing well-being. Appropriate in formal writing, GRE sentence-equivalence, and academic contexts where precision matters.","Avoid ""beneficial"" in casual conversation among friends unless you are certain the listener will understand; it can sound pretentious. Also avoid when a simpler synonym suffices.",Academic: The researcher's findings revealed that the beneficial effect was statistically significant across all samples.,"Conversational: Honestly, the beneficial behavior of the team has been a major source of tension lately.",GRE: The professor described the ___ as a ___ that ___ the entire field of study. (fill in: beneficial)
1036,muddled,adjective,confused and vague; used especially of thinking,puddle; befuddled; woolly-headed; muzzy; muddle; woolly,,"Use ""muddled"" (adjective) when you want to convey confused and vague; used especially of thinking. Appropriate in formal writing, GRE sentence-equivalence, and academic contexts where precision matters.","Avoid ""muddled"" in casual conversation among friends unless you are certain the listener will understand; it can sound pretentious. Also avoid when a simpler synonym suffices.",Academic: A key consideration in modern discourse is how the muddled principle shapes contemporary policy decisions.,Conversational: I've noticed the muddled trend in our office culture and it's starting to concern me.,GRE: The professor described the ___ as a ___ that ___ the entire field of study. (fill in: muddled)
1037,disqualified,adjective,barred from competition for violation of rules,unfit; disqualify; indispose,qualify,"Use ""disqualified"" (adjective) when you want to convey barred from competition for violation of rules. Appropriate in formal writing, GRE sentence-equivalence, and academic contexts where precision matters.","Avoid ""disqualified"" in casual conversation among friends unless you are certain the listener will understand; it can sound pretentious. Also avoid when a simpler synonym suffices.",Academic: Contemporary scholars debate whether the disqualified hypothesis adequately explains the observed data.,"Conversational: You know, it's pretty clear that the disqualified situation needs our immediate attention.",GRE: Analysts noted that the company's ___ strategy had ___ results in the last quarter. (fill in: disqualified)
1038,pregnant,adjective,carrying developing offspring within the body or being about to produce new life,fraught; meaning; significant,nonpregnant,"Use ""pregnant"" (adjective) when you want to convey carrying developing offspring within the body or being about to produce new life. Appropriate in formal writing, GRE sentence-equivalence, and academic contexts where precision matters.","Avoid ""pregnant"" in casual conversation among friends unless you are certain the listener will understand; it can sound pretentious. Also avoid when a simpler synonym suffices.",Academic: The study concluded that the pregnant factor played a decisive role in the experimental outcome.,"Conversational: You know, it's pretty clear that the pregnant situation needs our immediate attention.",GRE: The professor described the ___ as a ___ that ___ the entire field of study. (fill in: pregnant)
1039,enforceable,adjective,capable of being enforced,,unenforceable,"Use ""enforceable"" (adjective) when you want to convey capable of being enforced. Appropriate in formal writing, GRE sentence-equivalence, and academic contexts where precision matters.","Avoid ""enforceable"" in casual conversation among friends unless you are certain the listener will understand; it can sound pretentious. Also avoid when a simpler synonym suffices.",Academic: The researcher's findings revealed that the enforceable effect was statistically significant across all samples.,Conversational: I told him the enforceable approach just wouldn't work here — we need to rethink this.,GRE: Analysts noted that the company's ___ strategy had ___ results in the last quarter. (fill in: enforceable)
1040,enthusiastic,adjective,having or showing great excitement and interest,,unenthusiastic,"Use ""enthusiastic"" (adjective) when you want to convey having or showing great excitement and interest. Appropriate in formal writing, GRE sentence-equivalence, and academic contexts where precision matters.","Avoid ""enthusiastic"" in casual conversation among friends unless you are certain the listener will understand; it can sound pretentious. Also avoid when a simpler synonym suffices.",Academic: The researcher's findings revealed that the enthusiastic effect was statistically significant across all samples.,"Conversational: Honestly, the enthusiastic behavior of the team has been a major source of tension lately.",GRE: Analysts noted that the company's ___ strategy had ___ results in the last quarter. (fill in: enthusiastic)
1041,arbitrable,adjective,appropriate for or subject to settlement by arbitration,,nonarbitrable,"Use ""arbitrable"" (adjective) when you want to convey appropriate for or subject to settlement by arbitration. Appropriate in formal writing, GRE sentence-equivalence, and academic contexts where precision matters.","Avoid ""arbitrable"" in casual conversation among friends unless you are certain the listener will understand; it can sound pretentious. Also avoid when a simpler synonym suffices.",Academic: The study concluded that the arbitrable factor played a decisive role in the experimental outcome.,"Conversational: Look, the arbitrable results speak for themselves — we can't ignore them any longer.",GRE: Analysts noted that the company's ___ strategy had ___ results in the last quarter. (fill in: arbitrable)
1042,engrossed,adjective,giving or marked by complete attention to; ; ; - Walter de la Mare,steep; immerse; soak up; engulf; absorb; plunge,,"Use ""engrossed"" (adjective) when you want to convey giving or marked by complete attention to; ; ; - walter de la mare. Appropriate in formal writing, GRE sentence-equivalence, and academic contexts where precision matters.","Avoid ""engrossed"" in casual conversation among friends unless you are certain the listener will understand; it can sound pretentious. Also avoid when a simpler synonym suffices.",Academic: Contemporary scholars debate whether the engrossed hypothesis adequately explains the observed data.,"Conversational: Honestly, the engrossed behavior of the team has been a major source of tension lately.","GRE: Despite the ___ nature of the evidence, the researchers remained ___ about their conclusions. (fill in: engrossed)"
1043,gummed,adjective,covered with adhesive gum,gummy; mumble; gum,,"Use ""gummed"" (adjective) when you want to convey covered with adhesive gum. Appropriate in formal writing, GRE sentence-equivalence, and academic contexts where precision matters.","Avoid ""gummed"" in casual conversation among friends unless you are certain the listener will understand; it can sound pretentious. Also avoid when a simpler synonym suffices.",Academic: The study concluded that the gummed factor played a decisive role in the experimental outcome.,"Conversational: Look, the gummed results speak for themselves — we can't ignore them any longer.",GRE: The committee's decision to ___ was met with both praise and criticism from stakeholders. (fill in: gummed)
1044,mercantile,adjective,relating to or characteristic of trade or traders; - Van Wyck Brooks,moneymaking; mercenary,,"Use ""mercantile"" (adjective) when you want to convey relating to or characteristic of trade or traders; - van wyck brooks. Appropriate in formal writing, GRE sentence-equivalence, and academic contexts where precision matters.","Avoid ""mercantile"" in casual conversation among friends unless you are certain the listener will understand; it can sound pretentious. Also avoid when a simpler synonym suffices.","Academic: In the scholarly article, the author argued that the mercantile phenomenon could not be overlooked.","Conversational: Look, the mercantile results speak for themselves — we can't ignore them any longer.",GRE: The author's ___ tone contrasted sharply with the ___ underlying message of the passage. (fill in: mercantile)
1045,saddled,adjective,subject to an imposed burden,saddle; charge; burden,unsaddled; unsaddle,"Use ""saddled"" (adjective) when you want to convey subject to an imposed burden. Appropriate in formal writing, GRE sentence-equivalence, and academic contexts where precision matters.","Avoid ""saddled"" in casual conversation among friends unless you are certain the listener will understand; it can sound pretentious. Also avoid when a simpler synonym suffices.",Academic: A key consideration in modern discourse is how the saddled principle shapes contemporary policy decisions.,"Conversational: Honestly, the saddled behavior of the team has been a major source of tension lately.","GRE: Despite the ___ nature of the evidence, the researchers remained ___ about their conclusions. (fill in: saddled)"
1046,single,adjective,not divided among or brought to bear on more than one object or objective,ace; unity; bingle; one; I; 1,married; multiple; double; common,"Use ""single"" (adjective) when you want to convey not divided among or brought to bear on more than one object or objective. Appropriate in formal writing, GRE sentence-equivalence, and academic contexts where precision matters.","Avoid ""single"" in casual conversation among friends unless you are certain the listener will understand; it can sound pretentious. Also avoid when a simpler synonym suffices.",Academic: The study concluded that the single factor played a decisive role in the experimental outcome.,"Conversational: Honestly, the single behavior of the team has been a major source of tension lately.",GRE: The author's ___ tone contrasted sharply with the ___ underlying message of the passage. (fill in: single)
1047,incurable,adjective,unalterable in disposition or habits,,curable,"Use ""incurable"" (adjective) when you want to convey unalterable in disposition or habits. Appropriate in formal writing, GRE sentence-equivalence, and academic contexts where precision matters.","Avoid ""incurable"" in casual conversation among friends unless you are certain the listener will understand; it can sound pretentious. Also avoid when a simpler synonym suffices.","Academic: In the scholarly article, the author argued that the incurable phenomenon could not be overlooked.","Conversational: You know, it's pretty clear that the incurable situation needs our immediate attention.","GRE: Despite the ___ nature of the evidence, the researchers remained ___ about their conclusions. (fill in: incurable)"
1048,dagger-like,adjective,resembling a dagger,,,"Use ""dagger-like"" (adjective) when you want to convey resembling a dagger. Appropriate in formal writing, GRE sentence-equivalence, and academic contexts where precision matters.","Avoid ""dagger-like"" in casual conversation among friends unless you are certain the listener will understand; it can sound pretentious. Also avoid when a simpler synonym suffices.",Academic: A key consideration in modern discourse is how the dagger-like principle shapes contemporary policy decisions.,"Conversational: You know, it's pretty clear that the dagger-like situation needs our immediate attention.",GRE: The author's ___ tone contrasted sharply with the ___ underlying message of the passage. (fill in: dagger-like)
1049,knowledgeable,adjective,highly educated; having extensive information or understanding,learned; intimate; well-educated; well-read; lettered; versed,,"Use ""knowledgeable"" (adjective) when you want to convey highly educated; having extensive information or understanding. Appropriate in formal writing, GRE sentence-equivalence, and academic contexts where precision matters.","Avoid ""knowledgeable"" in casual conversation among friends unless you are certain the listener will understand; it can sound pretentious. Also avoid when a simpler synonym suffices.",Academic: The study concluded that the knowledgeable factor played a decisive role in the experimental outcome.,Conversational: I told him the knowledgeable approach just wouldn't work here — we need to rethink this.,"GRE: Despite the ___ nature of the evidence, the researchers remained ___ about their conclusions. (fill in: knowledgeable)"
1050,thick-branched,adjective,having thick branches,,,"Use ""thick-branched"" (adjective) when you want to convey having thick branches. Appropriate in formal writing, GRE sentence-equivalence, and academic contexts where precision matters.","Avoid ""thick-branched"" in casual conversation among friends unless you are certain the listener will understand; it can sound pretentious. Also avoid when a simpler synonym suffices.",Academic: The researcher's findings revealed that the thick-branched effect was statistically significant across all samples.,"Conversational: Look, the thick-branched results speak for themselves — we can't ignore them any longer.",GRE: The professor described the ___ as a ___ that ___ the entire field of study. (fill in: thick-branched)
1051,continuing,adjective,remaining in force or being carried on without letup,keep; go along; carry on; proceed; go on; continue,discontinue,"Use ""continuing"" (adjective) when you want to convey remaining in force or being carried on without letup. Appropriate in formal writing, GRE sentence-equivalence, and academic contexts where precision matters.","Avoid ""continuing"" in casual conversation among friends unless you are certain the listener will understand; it can sound pretentious. Also avoid when a simpler synonym suffices.",Academic: A key consideration in modern discourse is how the continuing principle shapes contemporary policy decisions.,"Conversational: Honestly, the continuing behavior of the team has been a major source of tension lately.",GRE: The professor described the ___ as a ___ that ___ the entire field of study. (fill in: continuing)
1052,barbellate,adjective,having or covered with protective barbs or quills or spines or thorns or setae etc.,setaceous; burred; bristly; burry; spiny; briary,,"Use ""barbellate"" (adjective) when you want to convey having or covered with protective barbs or quills or spines or thorns or setae etc.. Appropriate in formal writing, GRE sentence-equivalence, and academic contexts where precision matters.","Avoid ""barbellate"" in casual conversation among friends unless you are certain the listener will understand; it can sound pretentious. Also avoid when a simpler synonym suffices.",Academic: Contemporary scholars debate whether the barbellate hypothesis adequately explains the observed data.,Conversational: I've noticed the barbellate trend in our office culture and it's starting to concern me.,GRE: Analysts noted that the company's ___ strategy had ___ results in the last quarter. (fill in: barbellate)
1053,overbold,adjective,improperly forward or bold,fresh; smart; sassy; impertinent; wise; impudent,,"Use ""overbold"" (adjective) when you want to convey improperly forward or bold. Appropriate in formal writing, GRE sentence-equivalence, and academic contexts where precision matters.","Avoid ""overbold"" in casual conversation among friends unless you are certain the listener will understand; it can sound pretentious. Also avoid when a simpler synonym suffices.",Academic: Contemporary scholars debate whether the overbold hypothesis adequately explains the observed data.,"Conversational: Look, the overbold results speak for themselves — we can't ignore them any longer.",GRE: The professor described the ___ as a ___ that ___ the entire field of study. (fill in: overbold)
1054,acaulescent,adjective,(of plants) having no apparent stem above ground,stemless,caulescent,"Use ""acaulescent"" (adjective) when you want to convey (of plants) having no apparent stem above ground. Appropriate in formal writing, GRE sentence-equivalence, and academic contexts where precision matters.","Avoid ""acaulescent"" in casual conversation among friends unless you are certain the listener will understand; it can sound pretentious. Also avoid when a simpler synonym suffices.","Academic: In the scholarly article, the author argued that the acaulescent phenomenon could not be overlooked.","Conversational: You know, it's pretty clear that the acaulescent situation needs our immediate attention.",GRE: The committee's decision to ___ was met with both praise and criticism from stakeholders. (fill in: acaulescent)
1055,determinant,adjective,having the power or quality of deciding,epitope; determiner; determining factor; antigenic determinant; causal factor; determinative,,"Use ""determinant"" (adjective) when you want to convey having the power or quality of deciding. Appropriate in formal writing, GRE sentence-equivalence, and academic contexts where precision matters.","Avoid ""determinant"" in casual conversation among friends unless you are certain the listener will understand; it can sound pretentious. Also avoid when a simpler synonym suffices.",Academic: The study concluded that the determinant factor played a decisive role in the experimental outcome.,"Conversational: You know, it's pretty clear that the determinant situation needs our immediate attention.",GRE: The committee's decision to ___ was met with both praise and criticism from stakeholders. (fill in: determinant)
1056,accustomed,adjective,(often followed by `to') in the habit of or adapted to,wonted; customary; habituate; accustom; habitual,unaccustomed,"Use ""accustomed"" (adjective) when you want to convey (often followed by `to') in the habit of or adapted to. Appropriate in formal writing, GRE sentence-equivalence, and academic contexts where precision matters.","Avoid ""accustomed"" in casual conversation among friends unless you are certain the listener will understand; it can sound pretentious. Also avoid when a simpler synonym suffices.",Academic: The researcher's findings revealed that the accustomed effect was statistically significant across all samples.,"Conversational: Look, the accustomed results speak for themselves — we can't ignore them any longer.","GRE: Despite the ___ nature of the evidence, the researchers remained ___ about their conclusions. (fill in: accustomed)"
1057,incised,adjective,cut or impressed into a surface,etched; graven; incise; engraved; inscribed,,"Use ""incised"" (adjective) when you want to convey cut or impressed into a surface. Appropriate in formal writing, GRE sentence-equivalence, and academic contexts where precision matters.","Avoid ""incised"" in casual conversation among friends unless you are certain the listener will understand; it can sound pretentious. Also avoid when a simpler synonym suffices.","Academic: In the scholarly article, the author argued that the incised phenomenon could not be overlooked.","Conversational: Look, the incised results speak for themselves — we can't ignore them any longer.",GRE: Analysts noted that the company's ___ strategy had ___ results in the last quarter. (fill in: incised)
1058,lavender,adjective,of a pale purple color,lilac-colored; lilac,,"Use ""lavender"" (adjective) when you want to convey of a pale purple color. Appropriate in formal writing, GRE sentence-equivalence, and academic contexts where precision matters.","Avoid ""lavender"" in casual conversation among friends unless you are certain the listener will understand; it can sound pretentious. Also avoid when a simpler synonym suffices.",Academic: The researcher's findings revealed that the lavender effect was statistically significant across all samples.,"Conversational: Honestly, the lavender behavior of the team has been a major source of tension lately.",GRE: Analysts noted that the company's ___ strategy had ___ results in the last quarter. (fill in: lavender)
1059,brushlike,adjective,resembling a brush,,,"Use ""brushlike"" (adjective) when you want to convey resembling a brush. Appropriate in formal writing, GRE sentence-equivalence, and academic contexts where precision matters.","Avoid ""brushlike"" in casual conversation among friends unless you are certain the listener will understand; it can sound pretentious. Also avoid when a simpler synonym suffices.",Academic: A key consideration in modern discourse is how the brushlike principle shapes contemporary policy decisions.,"Conversational: You know, it's pretty clear that the brushlike situation needs our immediate attention.",GRE: The professor described the ___ as a ___ that ___ the entire field of study. (fill in: brushlike)
1060,denunciatory,adjective,containing warning of punishment,comminatory; denunciative,,"Use ""denunciatory"" (adjective) when you want to convey containing warning of punishment. Appropriate in formal writing, GRE sentence-equivalence, and academic contexts where precision matters.","Avoid ""denunciatory"" in casual conversation among friends unless you are certain the listener will understand; it can sound pretentious. Also avoid when a simpler synonym suffices.",Academic: A key consideration in modern discourse is how the denunciatory principle shapes contemporary policy decisions.,"Conversational: You know, it's pretty clear that the denunciatory situation needs our immediate attention.",GRE: The professor described the ___ as a ___ that ___ the entire field of study. (fill in: denunciatory)
1061,undogmatic,adjective,unwilling to accept authority or dogma (especially in religion),undogmatical; free-thinking; latitudinarian,,"Use ""undogmatic"" (adjective) when you want to convey unwilling to accept authority or dogma (especially in religion). Appropriate in formal writing, GRE sentence-equivalence, and academic contexts where precision matters.","Avoid ""undogmatic"" in casual conversation among friends unless you are certain the listener will understand; it can sound pretentious. Also avoid when a simpler synonym suffices.",Academic: The researcher's findings revealed that the undogmatic effect was statistically significant across all samples.,"Conversational: You know, it's pretty clear that the undogmatic situation needs our immediate attention.","GRE: Despite the ___ nature of the evidence, the researchers remained ___ about their conclusions. (fill in: undogmatic)"
1062,scrimpy,adjective,deficient in amount or quality or extent,meagerly; meagre; meager; stingy,ample,"Use ""scrimpy"" (adjective) when you want to convey deficient in amount or quality or extent. Appropriate in formal writing, GRE sentence-equivalence, and academic contexts where precision matters.","Avoid ""scrimpy"" in casual conversation among friends unless you are certain the listener will understand; it can sound pretentious. Also avoid when a simpler synonym suffices.",Academic: A key consideration in modern discourse is how the scrimpy principle shapes contemporary policy decisions.,Conversational: I told him the scrimpy approach just wouldn't work here — we need to rethink this.,"GRE: Despite the ___ nature of the evidence, the researchers remained ___ about their conclusions. (fill in: scrimpy)"
1063,watercress,adjective,of a moderate yellow-green color that is greener and deeper than moss green and yellower and darker than pea green,cresson; cress green,,"Use ""watercress"" (adjective) when you want to convey of a moderate yellow-green color that is greener and deeper than moss green and yellower and darker than pea green. Appropriate in formal writing, GRE sentence-equivalence, and academic contexts where precision matters.","Avoid ""watercress"" in casual conversation among friends unless you are certain the listener will understand; it can sound pretentious. Also avoid when a simpler synonym suffices.","Academic: In the scholarly article, the author argued that the watercress phenomenon could not be overlooked.","Conversational: You know, it's pretty clear that the watercress situation needs our immediate attention.",GRE: The committee's decision to ___ was met with both praise and criticism from stakeholders. (fill in: watercress)
1064,slate-black,adjective,of a black tinged with slate-grey,,,"Use ""slate-black"" (adjective) when you want to convey of a black tinged with slate-grey. Appropriate in formal writing, GRE sentence-equivalence, and academic contexts where precision matters.","Avoid ""slate-black"" in casual conversation among friends unless you are certain the listener will understand; it can sound pretentious. Also avoid when a simpler synonym suffices.",Academic: The researcher's findings revealed that the slate-black effect was statistically significant across all samples.,"Conversational: Look, the slate-black results speak for themselves — we can't ignore them any longer.",GRE: The committee's decision to ___ was met with both praise and criticism from stakeholders. (fill in: slate-black)
1065,halfway,adjective,including only half or a portion,midway; center; middle,,"Use ""halfway"" (adjective) when you want to convey including only half or a portion. Appropriate in formal writing, GRE sentence-equivalence, and academic contexts where precision matters.","Avoid ""halfway"" in casual conversation among friends unless you are certain the listener will understand; it can sound pretentious. Also avoid when a simpler synonym suffices.",Academic: The researcher's findings revealed that the halfway effect was statistically significant across all samples.,Conversational: I've noticed the halfway trend in our office culture and it's starting to concern me.,GRE: Analysts noted that the company's ___ strategy had ___ results in the last quarter. (fill in: halfway)
1066,mediated,adjective,acting or brought about through an intervening agency,intercede; intermediate; mediate; arbitrate; liaise,,"Use ""mediated"" (adjective) when you want to convey acting or brought about through an intervening agency. Appropriate in formal writing, GRE sentence-equivalence, and academic contexts where precision matters.","Avoid ""mediated"" in casual conversation among friends unless you are certain the listener will understand; it can sound pretentious. Also avoid when a simpler synonym suffices.",Academic: Contemporary scholars debate whether the mediated hypothesis adequately explains the observed data.,"Conversational: Look, the mediated results speak for themselves — we can't ignore them any longer.",GRE: The committee's decision to ___ was met with both praise and criticism from stakeholders. (fill in: mediated)
1067,irritating,adjective,causing irritation or annoyance,rag; devil; chafe; bother; irritate; nettle,soothe,"Use ""irritating"" (adjective) when you want to convey causing irritation or annoyance. Appropriate in formal writing, GRE sentence-equivalence, and academic contexts where precision matters.","Avoid ""irritating"" in casual conversation among friends unless you are certain the listener will understand; it can sound pretentious. Also avoid when a simpler synonym suffices.","Academic: In the scholarly article, the author argued that the irritating phenomenon could not be overlooked.","Conversational: Honestly, the irritating behavior of the team has been a major source of tension lately.",GRE: The committee's decision to ___ was met with both praise and criticism from stakeholders. (fill in: irritating)
1068,bellied,adjective,having a belly; often used in combination,belly; bulgy; bellying; bulging; bulbous; protuberant,bellyless,"Use ""bellied"" (adjective) when you want to convey having a belly; often used in combination. Appropriate in formal writing, GRE sentence-equivalence, and academic contexts where precision matters.","Avoid ""bellied"" in casual conversation among friends unless you are certain the listener will understand; it can sound pretentious. Also avoid when a simpler synonym suffices.",Academic: The study concluded that the bellied factor played a decisive role in the experimental outcome.,Conversational: I told him the bellied approach just wouldn't work here — we need to rethink this.,"GRE: Despite the ___ nature of the evidence, the researchers remained ___ about their conclusions. (fill in: bellied)"
1069,tyrannic,adjective,characteristic of an absolute ruler or absolute rule; having absolute sovereignty,tyrannical; authoritarian; despotic; dictatorial; autocratic,,"Use ""tyrannic"" (adjective) when you want to convey characteristic of an absolute ruler or absolute rule; having absolute sovereignty. Appropriate in formal writing, GRE sentence-equivalence, and academic contexts where precision matters.","Avoid ""tyrannic"" in casual conversation among friends unless you are certain the listener will understand; it can sound pretentious. Also avoid when a simpler synonym suffices.","Academic: In the scholarly article, the author argued that the tyrannic phenomenon could not be overlooked.",Conversational: I told him the tyrannic approach just wouldn't work here — we need to rethink this.,"GRE: Despite the ___ nature of the evidence, the researchers remained ___ about their conclusions. (fill in: tyrannic)"
1070,unengaged,adjective,not promised in marriage,unpromised; unpledged,,"Use ""unengaged"" (adjective) when you want to convey not promised in marriage. Appropriate in formal writing, GRE sentence-equivalence, and academic contexts where precision matters.","Avoid ""unengaged"" in casual conversation among friends unless you are certain the listener will understand; it can sound pretentious. Also avoid when a simpler synonym suffices.","Academic: In the scholarly article, the author argued that the unengaged phenomenon could not be overlooked.","Conversational: You know, it's pretty clear that the unengaged situation needs our immediate attention.",GRE: The committee's decision to ___ was met with both praise and criticism from stakeholders. (fill in: unengaged)
1071,clastic,adjective,capable of being taken apart,,,"Use ""clastic"" (adjective) when you want to convey capable of being taken apart. Appropriate in formal writing, GRE sentence-equivalence, and academic contexts where precision matters.","Avoid ""clastic"" in casual conversation among friends unless you are certain the listener will understand; it can sound pretentious. Also avoid when a simpler synonym suffices.",Academic: A key consideration in modern discourse is how the clastic principle shapes contemporary policy decisions.,"Conversational: Honestly, the clastic behavior of the team has been a major source of tension lately.",GRE: The professor described the ___ as a ___ that ___ the entire field of study. (fill in: clastic)
1072,minacious,adjective,threatening or foreshadowing evil or tragic developments,sinister; forbidding; threatening; ominous; menacing; baleful,,"Use ""minacious"" (adjective) when you want to convey threatening or foreshadowing evil or tragic developments. Appropriate in formal writing, GRE sentence-equivalence, and academic contexts where precision matters.","Avoid ""minacious"" in casual conversation among friends unless you are certain the listener will understand; it can sound pretentious. Also avoid when a simpler synonym suffices.",Academic: The researcher's findings revealed that the minacious effect was statistically significant across all samples.,"Conversational: Look, the minacious results speak for themselves — we can't ignore them any longer.",GRE: Analysts noted that the company's ___ strategy had ___ results in the last quarter. (fill in: minacious)
1073,sleepy,adjective,ready to fall asleep,sleepy-eyed; sleepyheaded,,"Use ""sleepy"" (adjective) when you want to convey ready to fall asleep. Appropriate in formal writing, GRE sentence-equivalence, and academic contexts where precision matters.","Avoid ""sleepy"" in casual conversation among friends unless you are certain the listener will understand; it can sound pretentious. Also avoid when a simpler synonym suffices.",Academic: The researcher's findings revealed that the sleepy effect was statistically significant across all samples.,"Conversational: You know, it's pretty clear that the sleepy situation needs our immediate attention.",GRE: The author's ___ tone contrasted sharply with the ___ underlying message of the passage. (fill in: sleepy)
1074,closely-held,adjective,owned by a relatively few shareholders,,,"Use ""closely-held"" (adjective) when you want to convey owned by a relatively few shareholders. Appropriate in formal writing, GRE sentence-equivalence, and academic contexts where precision matters.","Avoid ""closely-held"" in casual conversation among friends unless you are certain the listener will understand; it can sound pretentious. Also avoid when a simpler synonym suffices.",Academic: Contemporary scholars debate whether the closely-held hypothesis adequately explains the observed data.,"Conversational: You know, it's pretty clear that the closely-held situation needs our immediate attention.",GRE: The author's ___ tone contrasted sharply with the ___ underlying message of the passage. (fill in: closely-held)
1075,autogamic,adjective,characterized by or fit for autogamy,autogamous,exogamous; endogamous,"Use ""autogamic"" (adjective) when you want to convey characterized by or fit for autogamy. Appropriate in formal writing, GRE sentence-equivalence, and academic contexts where precision matters.","Avoid ""autogamic"" in casual conversation among friends unless you are certain the listener will understand; it can sound pretentious. Also avoid when a simpler synonym suffices.",Academic: The researcher's findings revealed that the autogamic effect was statistically significant across all samples.,"Conversational: Look, the autogamic results speak for themselves — we can't ignore them any longer.",GRE: The professor described the ___ as a ___ that ___ the entire field of study. (fill in: autogamic)
1076,platelike,adjective,as the hard flattened scales of e.g. sharks,placoid,,"Use ""platelike"" (adjective) when you want to convey as the hard flattened scales of e.g. sharks. Appropriate in formal writing, GRE sentence-equivalence, and academic contexts where precision matters.","Avoid ""platelike"" in casual conversation among friends unless you are certain the listener will understand; it can sound pretentious. Also avoid when a simpler synonym suffices.",Academic: The researcher's findings revealed that the platelike effect was statistically significant across all samples.,Conversational: I told him the platelike approach just wouldn't work here — we need to rethink this.,"GRE: Despite the ___ nature of the evidence, the researchers remained ___ about their conclusions. (fill in: platelike)"
1077,duncish,adjective,(used informally) stupid,loggerheaded; blockheaded; boneheaded; thick-skulled; fatheaded; wooden-headed,,"Use ""duncish"" (adjective) when you want to convey (used informally) stupid. Appropriate in formal writing, GRE sentence-equivalence, and academic contexts where precision matters.","Avoid ""duncish"" in casual conversation among friends unless you are certain the listener will understand; it can sound pretentious. Also avoid when a simpler synonym suffices.",Academic: Contemporary scholars debate whether the duncish hypothesis adequately explains the observed data.,"Conversational: Look, the duncish results speak for themselves — we can't ignore them any longer.",GRE: Analysts noted that the company's ___ strategy had ___ results in the last quarter. (fill in: duncish)
1078,living,adjective,(informal) absolute,keep; sustenance; bread and butter; support; animation; aliveness,dead,"Use ""living"" (adjective) when you want to convey (informal) absolute. Appropriate in formal writing, GRE sentence-equivalence, and academic contexts where precision matters.","Avoid ""living"" in casual conversation among friends unless you are certain the listener will understand; it can sound pretentious. Also avoid when a simpler synonym suffices.","Academic: In the scholarly article, the author argued that the living phenomenon could not be overlooked.","Conversational: You know, it's pretty clear that the living situation needs our immediate attention.",GRE: Analysts noted that the company's ___ strategy had ___ results in the last quarter. (fill in: living)
1079,retroflex,adjective,pronounced with the tip of the tongue turned back toward the hard palate,cacuminal; retroflexed; replicate,,"Use ""retroflex"" (adjective) when you want to convey pronounced with the tip of the tongue turned back toward the hard palate. Appropriate in formal writing, GRE sentence-equivalence, and academic contexts where precision matters.","Avoid ""retroflex"" in casual conversation among friends unless you are certain the listener will understand; it can sound pretentious. Also avoid when a simpler synonym suffices.","Academic: In the scholarly article, the author argued that the retroflex phenomenon could not be overlooked.",Conversational: I've noticed the retroflex trend in our office culture and it's starting to concern me.,"GRE: Despite the ___ nature of the evidence, the researchers remained ___ about their conclusions. (fill in: retroflex)"
1080,enlightened,adjective,having knowledge and spiritual insight,elucidate; sort out; edify; enlighten; clear; illuminate,uninitiate; unenlightened,"Use ""enlightened"" (adjective) when you want to convey having knowledge and spiritual insight. Appropriate in formal writing, GRE sentence-equivalence, and academic contexts where precision matters.","Avoid ""enlightened"" in casual conversation among friends unless you are certain the listener will understand; it can sound pretentious. Also avoid when a simpler synonym suffices.",Academic: A key consideration in modern discourse is how the enlightened principle shapes contemporary policy decisions.,"Conversational: Look, the enlightened results speak for themselves — we can't ignore them any longer.",GRE: The professor described the ___ as a ___ that ___ the entire field of study. (fill in: enlightened)
1081,stunned,adjective,in a state of mental numbness especially as resulting from shock,sandbag; daze; astonied; astonished; stun; amazed,,"Use ""stunned"" (adjective) when you want to convey in a state of mental numbness especially as resulting from shock. Appropriate in formal writing, GRE sentence-equivalence, and academic contexts where precision matters.","Avoid ""stunned"" in casual conversation among friends unless you are certain the listener will understand; it can sound pretentious. Also avoid when a simpler synonym suffices.",Academic: The researcher's findings revealed that the stunned effect was statistically significant across all samples.,Conversational: I told him the stunned approach just wouldn't work here — we need to rethink this.,GRE: The professor described the ___ as a ___ that ___ the entire field of study. (fill in: stunned)
1082,unconsummated,adjective,not consummated (especially of a marriage),,consummated,"Use ""unconsummated"" (adjective) when you want to convey not consummated (especially of a marriage). Appropriate in formal writing, GRE sentence-equivalence, and academic contexts where precision matters.","Avoid ""unconsummated"" in casual conversation among friends unless you are certain the listener will understand; it can sound pretentious. Also avoid when a simpler synonym suffices.","Academic: In the scholarly article, the author argued that the unconsummated phenomenon could not be overlooked.",Conversational: I told him the unconsummated approach just wouldn't work here — we need to rethink this.,GRE: The author's ___ tone contrasted sharply with the ___ underlying message of the passage. (fill in: unconsummated)
1083,snotty,adjective,dirty with nasal discharge,bigheaded; stuck-up; uppish; too big for one's breeches; persnickety; snot-nosed,,"Use ""snotty"" (adjective) when you want to convey dirty with nasal discharge. Appropriate in formal writing, GRE sentence-equivalence, and academic contexts where precision matters.","Avoid ""snotty"" in casual conversation among friends unless you are certain the listener will understand; it can sound pretentious. Also avoid when a simpler synonym suffices.",Academic: Contemporary scholars debate whether the snotty hypothesis adequately explains the observed data.,Conversational: I've noticed the snotty trend in our office culture and it's starting to concern me.,GRE: The author's ___ tone contrasted sharply with the ___ underlying message of the passage. (fill in: snotty)
1084,devious,adjective,indirect in departing from the accepted or proper way; misleading,roundabout; circuitous; oblique; shifty,,"Use ""devious"" (adjective) when you want to convey indirect in departing from the accepted or proper way; misleading. Appropriate in formal writing, GRE sentence-equivalence, and academic contexts where precision matters.","Avoid ""devious"" in casual conversation among friends unless you are certain the listener will understand; it can sound pretentious. Also avoid when a simpler synonym suffices.",Academic: A key consideration in modern discourse is how the devious principle shapes contemporary policy decisions.,"Conversational: You know, it's pretty clear that the devious situation needs our immediate attention.",GRE: The professor described the ___ as a ___ that ___ the entire field of study. (fill in: devious)
1085,timeserving,adjective,"taking immediate advantage, often unethically, of any circumstance of possible benefit",opportunist; opportunistic,,"Use ""timeserving"" (adjective) when you want to convey taking immediate advantage, often unethically, of any circumstance of possible benefit. Appropriate in formal writing, GRE sentence-equivalence, and academic contexts where precision matters.","Avoid ""timeserving"" in casual conversation among friends unless you are certain the listener will understand; it can sound pretentious. Also avoid when a simpler synonym suffices.",Academic: The researcher's findings revealed that the timeserving effect was statistically significant across all samples.,Conversational: I've noticed the timeserving trend in our office culture and it's starting to concern me.,GRE: The author's ___ tone contrasted sharply with the ___ underlying message of the passage. (fill in: timeserving)
1086,murdered,adjective,killed unlawfully,dispatch; off; slay; hit; remove; murder,,"Use ""murdered"" (adjective) when you want to convey killed unlawfully. Appropriate in formal writing, GRE sentence-equivalence, and academic contexts where precision matters.","Avoid ""murdered"" in casual conversation among friends unless you are certain the listener will understand; it can sound pretentious. Also avoid when a simpler synonym suffices.",Academic: Contemporary scholars debate whether the murdered hypothesis adequately explains the observed data.,Conversational: I told him the murdered approach just wouldn't work here — we need to rethink this.,"GRE: Despite the ___ nature of the evidence, the researchers remained ___ about their conclusions. (fill in: murdered)"
1087,scaled,adjective,(used of armor) having overlapping metal plates attached to a leather backing,scaly; surmount; descale; scaley; scale,,"Use ""scaled"" (adjective) when you want to convey (used of armor) having overlapping metal plates attached to a leather backing. Appropriate in formal writing, GRE sentence-equivalence, and academic contexts where precision matters.","Avoid ""scaled"" in casual conversation among friends unless you are certain the listener will understand; it can sound pretentious. Also avoid when a simpler synonym suffices.",Academic: A key consideration in modern discourse is how the scaled principle shapes contemporary policy decisions.,"Conversational: You know, it's pretty clear that the scaled situation needs our immediate attention.",GRE: Analysts noted that the company's ___ strategy had ___ results in the last quarter. (fill in: scaled)
1088,slushy,adjective,effusively or insincerely emotional,maudlin; schmaltzy; drippy; soupy; mushy; hokey,,"Use ""slushy"" (adjective) when you want to convey effusively or insincerely emotional. Appropriate in formal writing, GRE sentence-equivalence, and academic contexts where precision matters.","Avoid ""slushy"" in casual conversation among friends unless you are certain the listener will understand; it can sound pretentious. Also avoid when a simpler synonym suffices.",Academic: The study concluded that the slushy factor played a decisive role in the experimental outcome.,"Conversational: Look, the slushy results speak for themselves — we can't ignore them any longer.",GRE: The committee's decision to ___ was met with both praise and criticism from stakeholders. (fill in: slushy)
1089,refined,adjective,free from what is tawdry or unbecoming,complicate; down; polish; refine; rarify; fine-tune,unrefined,"Use ""refined"" (adjective) when you want to convey free from what is tawdry or unbecoming. Appropriate in formal writing, GRE sentence-equivalence, and academic contexts where precision matters.","Avoid ""refined"" in casual conversation among friends unless you are certain the listener will understand; it can sound pretentious. Also avoid when a simpler synonym suffices.",Academic: The researcher's findings revealed that the refined effect was statistically significant across all samples.,"Conversational: Look, the refined results speak for themselves — we can't ignore them any longer.",GRE: The author's ___ tone contrasted sharply with the ___ underlying message of the passage. (fill in: refined)
1090,concentrated,adjective,of or relating to a solution whose dilution has been reduced,center; centre; concentrate; pore; focus; rivet,decentralise; soft; deconcentrate; unsaturated; distributed; decentralize,"Use ""concentrated"" (adjective) when you want to convey of or relating to a solution whose dilution has been reduced. Appropriate in formal writing, GRE sentence-equivalence, and academic contexts where precision matters.","Avoid ""concentrated"" in casual conversation among friends unless you are certain the listener will understand; it can sound pretentious. Also avoid when a simpler synonym suffices.","Academic: In the scholarly article, the author argued that the concentrated phenomenon could not be overlooked.",Conversational: I've noticed the concentrated trend in our office culture and it's starting to concern me.,GRE: The committee's decision to ___ was met with both praise and criticism from stakeholders. (fill in: concentrated)
1091,esthetic,adjective,concerning or characterized by an appreciation of beauty or good taste,artistic; aesthetic; aesthetical; esthetical,inaesthetic,"Use ""esthetic"" (adjective) when you want to convey concerning or characterized by an appreciation of beauty or good taste. Appropriate in formal writing, GRE sentence-equivalence, and academic contexts where precision matters.","Avoid ""esthetic"" in casual conversation among friends unless you are certain the listener will understand; it can sound pretentious. Also avoid when a simpler synonym suffices.",Academic: A key consideration in modern discourse is how the esthetic principle shapes contemporary policy decisions.,"Conversational: Honestly, the esthetic behavior of the team has been a major source of tension lately.",GRE: Analysts noted that the company's ___ strategy had ___ results in the last quarter. (fill in: esthetic)
1092,amphibiotic,adjective,having an aquatic early or larval form and a terrestrial adult form,semiaquatic,,"Use ""amphibiotic"" (adjective) when you want to convey having an aquatic early or larval form and a terrestrial adult form. Appropriate in formal writing, GRE sentence-equivalence, and academic contexts where precision matters.","Avoid ""amphibiotic"" in casual conversation among friends unless you are certain the listener will understand; it can sound pretentious. Also avoid when a simpler synonym suffices.",Academic: The study concluded that the amphibiotic factor played a decisive role in the experimental outcome.,Conversational: I've noticed the amphibiotic trend in our office culture and it's starting to concern me.,"GRE: Despite the ___ nature of the evidence, the researchers remained ___ about their conclusions. (fill in: amphibiotic)"
1093,hand-hewn,adjective,cut or shaped with hard blows of a heavy cutting instrument like an ax or chisel,hewn,,"Use ""hand-hewn"" (adjective) when you want to convey cut or shaped with hard blows of a heavy cutting instrument like an ax or chisel. Appropriate in formal writing, GRE sentence-equivalence, and academic contexts where precision matters.","Avoid ""hand-hewn"" in casual conversation among friends unless you are certain the listener will understand; it can sound pretentious. Also avoid when a simpler synonym suffices.",Academic: A key consideration in modern discourse is how the hand-hewn principle shapes contemporary policy decisions.,Conversational: I've noticed the hand-hewn trend in our office culture and it's starting to concern me.,GRE: Analysts noted that the company's ___ strategy had ___ results in the last quarter. (fill in: hand-hewn)
1094,effective,adjective,producing or capable of producing an intended result or having a striking effect; -LewisMumford,effectual; in effect; good; efficacious; in force; efficient,ineffective,"Use ""effective"" (adjective) when you want to convey producing or capable of producing an intended result or having a striking effect; -lewismumford. Appropriate in formal writing, GRE sentence-equivalence, and academic contexts where precision matters.","Avoid ""effective"" in casual conversation among friends unless you are certain the listener will understand; it can sound pretentious. Also avoid when a simpler synonym suffices.",Academic: The study concluded that the effective factor played a decisive role in the experimental outcome.,"Conversational: You know, it's pretty clear that the effective situation needs our immediate attention.",GRE: The committee's decision to ___ was met with both praise and criticism from stakeholders. (fill in: effective)
1095,maladjustive,adjective,poorly adjusted,,,"Use ""maladjustive"" (adjective) when you want to convey poorly adjusted. Appropriate in formal writing, GRE sentence-equivalence, and academic contexts where precision matters.","Avoid ""maladjustive"" in casual conversation among friends unless you are certain the listener will understand; it can sound pretentious. Also avoid when a simpler synonym suffices.",Academic: Contemporary scholars debate whether the maladjustive hypothesis adequately explains the observed data.,"Conversational: You know, it's pretty clear that the maladjustive situation needs our immediate attention.",GRE: The committee's decision to ___ was met with both praise and criticism from stakeholders. (fill in: maladjustive)
1096,dazzled,adjective,stupefied or dizzied by something overpowering; - `Chanticler' by Rostand,dazzle; bedazzle; daze,,"Use ""dazzled"" (adjective) when you want to convey stupefied or dizzied by something overpowering; - `chanticler' by rostand. Appropriate in formal writing, GRE sentence-equivalence, and academic contexts where precision matters.","Avoid ""dazzled"" in casual conversation among friends unless you are certain the listener will understand; it can sound pretentious. Also avoid when a simpler synonym suffices.",Academic: A key consideration in modern discourse is how the dazzled principle shapes contemporary policy decisions.,Conversational: I told him the dazzled approach just wouldn't work here — we need to rethink this.,GRE: The committee's decision to ___ was met with both praise and criticism from stakeholders. (fill in: dazzled)
1097,clunky,adjective,making a clunking sound,ungainly; clumsy; gawky; unwieldy,,"Use ""clunky"" (adjective) when you want to convey making a clunking sound. Appropriate in formal writing, GRE sentence-equivalence, and academic contexts where precision matters.","Avoid ""clunky"" in casual conversation among friends unless you are certain the listener will understand; it can sound pretentious. Also avoid when a simpler synonym suffices.","Academic: In the scholarly article, the author argued that the clunky phenomenon could not be overlooked.","Conversational: Look, the clunky results speak for themselves — we can't ignore them any longer.",GRE: The author's ___ tone contrasted sharply with the ___ underlying message of the passage. (fill in: clunky)
1098,interrogative,adjective,relating to the use of or having the nature of an interrogation,interrogatory; question; interrogative sentence; interrogation; interrogative mood,declaratory; declarative,"Use ""interrogative"" (adjective) when you want to convey relating to the use of or having the nature of an interrogation. Appropriate in formal writing, GRE sentence-equivalence, and academic contexts where precision matters.","Avoid ""interrogative"" in casual conversation among friends unless you are certain the listener will understand; it can sound pretentious. Also avoid when a simpler synonym suffices.",Academic: A key consideration in modern discourse is how the interrogative principle shapes contemporary policy decisions.,Conversational: I've noticed the interrogative trend in our office culture and it's starting to concern me.,"GRE: Despite the ___ nature of the evidence, the researchers remained ___ about their conclusions. (fill in: interrogative)"
1099,baby-faced,adjective,having a youthful-looking face,,,"Use ""baby-faced"" (adjective) when you want to convey having a youthful-looking face. Appropriate in formal writing, GRE sentence-equivalence, and academic contexts where precision matters.","Avoid ""baby-faced"" in casual conversation among friends unless you are certain the listener will understand; it can sound pretentious. Also avoid when a simpler synonym suffices.",Academic: The study concluded that the baby-faced factor played a decisive role in the experimental outcome.,"Conversational: Look, the baby-faced results speak for themselves — we can't ignore them any longer.",GRE: The committee's decision to ___ was met with both praise and criticism from stakeholders. (fill in: baby-faced)
1100,dowerless,adjective,lacking a dowry,,,"Use ""dowerless"" (adjective) when you want to convey lacking a dowry. Appropriate in formal writing, GRE sentence-equivalence, and academic contexts where precision matters.","Avoid ""dowerless"" in casual conversation among friends unless you are certain the listener will understand; it can sound pretentious. Also avoid when a simpler synonym suffices.",Academic: Contemporary scholars debate whether the dowerless hypothesis adequately explains the observed data.,Conversational: I've noticed the dowerless trend in our office culture and it's starting to concern me.,GRE: The author's ___ tone contrasted sharply with the ___ underlying message of the passage. (fill in: dowerless)
1101,attendant,adjective,following or accompanying as a consequence,tender; accompaniment; attendee; meeter; attender; concomitant,,"Use ""attendant"" (adjective) when you want to convey following or accompanying as a consequence. Appropriate in formal writing, GRE sentence-equivalence, and academic contexts where precision matters.","Avoid ""attendant"" in casual conversation among friends unless you are certain the listener will understand; it can sound pretentious. Also avoid when a simpler synonym suffices.",Academic: The researcher's findings revealed that the attendant effect was statistically significant across all samples.,"Conversational: Honestly, the attendant behavior of the team has been a major source of tension lately.",GRE: The committee's decision to ___ was met with both praise and criticism from stakeholders. (fill in: attendant)
1102,compendious,adjective,briefly giving the gist of something,succinct; compact; summary,,"Use ""compendious"" (adjective) when you want to convey briefly giving the gist of something. Appropriate in formal writing, GRE sentence-equivalence, and academic contexts where precision matters.","Avoid ""compendious"" in casual conversation among friends unless you are certain the listener will understand; it can sound pretentious. Also avoid when a simpler synonym suffices.",Academic: A key consideration in modern discourse is how the compendious principle shapes contemporary policy decisions.,"Conversational: You know, it's pretty clear that the compendious situation needs our immediate attention.",GRE: The author's ___ tone contrasted sharply with the ___ underlying message of the passage. (fill in: compendious)
1103,unappreciated,adjective,having value that is not acknowledged,thankless; unsung; unvalued; ungratifying,,"Use ""unappreciated"" (adjective) when you want to convey having value that is not acknowledged. Appropriate in formal writing, GRE sentence-equivalence, and academic contexts where precision matters.","Avoid ""unappreciated"" in casual conversation among friends unless you are certain the listener will understand; it can sound pretentious. Also avoid when a simpler synonym suffices.",Academic: The researcher's findings revealed that the unappreciated effect was statistically significant across all samples.,Conversational: I told him the unappreciated approach just wouldn't work here — we need to rethink this.,GRE: The author's ___ tone contrasted sharply with the ___ underlying message of the passage. (fill in: unappreciated)
1104,boisterous,adjective,violently agitated and turbulent; ; - Ezra Pound,knockabout; rumbustious; fierce; robustious; unruly; rough,,"Use ""boisterous"" (adjective) when you want to convey violently agitated and turbulent; ; - ezra pound. Appropriate in formal writing, GRE sentence-equivalence, and academic contexts where precision matters.","Avoid ""boisterous"" in casual conversation among friends unless you are certain the listener will understand; it can sound pretentious. Also avoid when a simpler synonym suffices.",Academic: A key consideration in modern discourse is how the boisterous principle shapes contemporary policy decisions.,"Conversational: Look, the boisterous results speak for themselves — we can't ignore them any longer.",GRE: The author's ___ tone contrasted sharply with the ___ underlying message of the passage. (fill in: boisterous)
1105,lead-coloured,adjective,having the color of lead,lead-colored,,"Use ""lead-coloured"" (adjective) when you want to convey having the color of lead. Appropriate in formal writing, GRE sentence-equivalence, and academic contexts where precision matters.","Avoid ""lead-coloured"" in casual conversation among friends unless you are certain the listener will understand; it can sound pretentious. Also avoid when a simpler synonym suffices.","Academic: In the scholarly article, the author argued that the lead-coloured phenomenon could not be overlooked.","Conversational: Honestly, the lead-coloured behavior of the team has been a major source of tension lately.","GRE: Despite the ___ nature of the evidence, the researchers remained ___ about their conclusions. (fill in: lead-coloured)"
1106,active,adjective,(used of verbs (e.g. `to run') and participial adjectives (e.g. `running' in `running water')) expressing action rather than a state of being,active agent; participating; combat-ready; active voice; fighting; alive,passive voice; stative; quiet; extinct; inactive; passive,"Use ""active"" (adjective) when you want to convey (used of verbs (e.g. `to run') and participial adjectives (e.g. `running' in `running water')) expressing action rather than a state of being. Appropriate in formal writing, GRE sentence-equivalence, and academic contexts where precision matters.","Avoid ""active"" in casual conversation among friends unless you are certain the listener will understand; it can sound pretentious. Also avoid when a simpler synonym suffices.",Academic: The researcher's findings revealed that the active effect was statistically significant across all samples.,"Conversational: You know, it's pretty clear that the active situation needs our immediate attention.",GRE: Analysts noted that the company's ___ strategy had ___ results in the last quarter. (fill in: active)
1107,concentric,adjective,having a common center,homocentric; concentrical,eccentric,"Use ""concentric"" (adjective) when you want to convey having a common center. Appropriate in formal writing, GRE sentence-equivalence, and academic contexts where precision matters.","Avoid ""concentric"" in casual conversation among friends unless you are certain the listener will understand; it can sound pretentious. Also avoid when a simpler synonym suffices.","Academic: In the scholarly article, the author argued that the concentric phenomenon could not be overlooked.","Conversational: Look, the concentric results speak for themselves — we can't ignore them any longer.",GRE: The committee's decision to ___ was met with both praise and criticism from stakeholders. (fill in: concentric)
1108,dark-green,adjective,of the color between blue and yellow in the color spectrum; similar to the color of fresh grass,green; light-green; greenish,,"Use ""dark-green"" (adjective) when you want to convey of the color between blue and yellow in the color spectrum; similar to the color of fresh grass. Appropriate in formal writing, GRE sentence-equivalence, and academic contexts where precision matters.","Avoid ""dark-green"" in casual conversation among friends unless you are certain the listener will understand; it can sound pretentious. Also avoid when a simpler synonym suffices.",Academic: The study concluded that the dark-green factor played a decisive role in the experimental outcome.,Conversational: I've noticed the dark-green trend in our office culture and it's starting to concern me.,GRE: The author's ___ tone contrasted sharply with the ___ underlying message of the passage. (fill in: dark-green)
1109,schmaltzy,adjective,effusively or insincerely emotional,maudlin; slushy; drippy; soupy; mushy; hokey,,"Use ""schmaltzy"" (adjective) when you want to convey effusively or insincerely emotional. Appropriate in formal writing, GRE sentence-equivalence, and academic contexts where precision matters.","Avoid ""schmaltzy"" in casual conversation among friends unless you are certain the listener will understand; it can sound pretentious. Also avoid when a simpler synonym suffices.","Academic: In the scholarly article, the author argued that the schmaltzy phenomenon could not be overlooked.","Conversational: Honestly, the schmaltzy behavior of the team has been a major source of tension lately.",GRE: Analysts noted that the company's ___ strategy had ___ results in the last quarter. (fill in: schmaltzy)
1110,working-class,adjective,of those who work for wages especially manual or industrial laborers; - G.B.Shaw,propertyless; blue-collar; wage-earning,,"Use ""working-class"" (adjective) when you want to convey of those who work for wages especially manual or industrial laborers; - g.b.shaw. Appropriate in formal writing, GRE sentence-equivalence, and academic contexts where precision matters.","Avoid ""working-class"" in casual conversation among friends unless you are certain the listener will understand; it can sound pretentious. Also avoid when a simpler synonym suffices.","Academic: In the scholarly article, the author argued that the working-class phenomenon could not be overlooked.","Conversational: You know, it's pretty clear that the working-class situation needs our immediate attention.",GRE: Analysts noted that the company's ___ strategy had ___ results in the last quarter. (fill in: working-class)
1111,shaping,adjective,forming or capable of forming or molding or fashioning,mold; influence; determine; shape; defining; formation,,"Use ""shaping"" (adjective) when you want to convey forming or capable of forming or molding or fashioning. Appropriate in formal writing, GRE sentence-equivalence, and academic contexts where precision matters.","Avoid ""shaping"" in casual conversation among friends unless you are certain the listener will understand; it can sound pretentious. Also avoid when a simpler synonym suffices.","Academic: In the scholarly article, the author argued that the shaping phenomenon could not be overlooked.",Conversational: I told him the shaping approach just wouldn't work here — we need to rethink this.,"GRE: Despite the ___ nature of the evidence, the researchers remained ___ about their conclusions. (fill in: shaping)"
1112,undisputable,adjective,not open to question; obviously true,incontestable; indisputable,,"Use ""undisputable"" (adjective) when you want to convey not open to question; obviously true. Appropriate in formal writing, GRE sentence-equivalence, and academic contexts where precision matters.","Avoid ""undisputable"" in casual conversation among friends unless you are certain the listener will understand; it can sound pretentious. Also avoid when a simpler synonym suffices.",Academic: A key consideration in modern discourse is how the undisputable principle shapes contemporary policy decisions.,Conversational: I've noticed the undisputable trend in our office culture and it's starting to concern me.,GRE: The author's ___ tone contrasted sharply with the ___ underlying message of the passage. (fill in: undisputable)
1113,arboriform,adjective,resembling a tree in form and branching structure,treelike; arboresque; dendriform; dendroidal; arboreous; dendroid,,"Use ""arboriform"" (adjective) when you want to convey resembling a tree in form and branching structure. Appropriate in formal writing, GRE sentence-equivalence, and academic contexts where precision matters.","Avoid ""arboriform"" in casual conversation among friends unless you are certain the listener will understand; it can sound pretentious. Also avoid when a simpler synonym suffices.",Academic: A key consideration in modern discourse is how the arboriform principle shapes contemporary policy decisions.,Conversational: I told him the arboriform approach just wouldn't work here — we need to rethink this.,GRE: The professor described the ___ as a ___ that ___ the entire field of study. (fill in: arboriform)
1114,minute,adjective,characterized by painstaking care and detailed examination,second; instant; bit; moment; mo; min,,"Use ""minute"" (adjective) when you want to convey characterized by painstaking care and detailed examination. Appropriate in formal writing, GRE sentence-equivalence, and academic contexts where precision matters.","Avoid ""minute"" in casual conversation among friends unless you are certain the listener will understand; it can sound pretentious. Also avoid when a simpler synonym suffices.",Academic: The researcher's findings revealed that the minute effect was statistically significant across all samples.,"Conversational: Honestly, the minute behavior of the team has been a major source of tension lately.",GRE: The committee's decision to ___ was met with both praise and criticism from stakeholders. (fill in: minute)
1115,bright,adjective,having striking color,vivid; smart; burnished; lustrous; shiny; shining,dimmed; dull,"Use ""bright"" (adjective) when you want to convey having striking color. Appropriate in formal writing, GRE sentence-equivalence, and academic contexts where precision matters.","Avoid ""bright"" in casual conversation among friends unless you are certain the listener will understand; it can sound pretentious. Also avoid when a simpler synonym suffices.","Academic: In the scholarly article, the author argued that the bright phenomenon could not be overlooked.","Conversational: Honestly, the bright behavior of the team has been a major source of tension lately.","GRE: Despite the ___ nature of the evidence, the researchers remained ___ about their conclusions. (fill in: bright)"
1116,iron-gray,adjective,of the grey color of iron,iron-grey,,"Use ""iron-gray"" (adjective) when you want to convey of the grey color of iron. Appropriate in formal writing, GRE sentence-equivalence, and academic contexts where precision matters.","Avoid ""iron-gray"" in casual conversation among friends unless you are certain the listener will understand; it can sound pretentious. Also avoid when a simpler synonym suffices.",Academic: A key consideration in modern discourse is how the iron-gray principle shapes contemporary policy decisions.,Conversational: I've noticed the iron-gray trend in our office culture and it's starting to concern me.,GRE: The committee's decision to ___ was met with both praise and criticism from stakeholders. (fill in: iron-gray)
1117,gloomy,adjective,causing dejection,dispirited; down in the mouth; grim; gloomful; down; low,,"Use ""gloomy"" (adjective) when you want to convey causing dejection. Appropriate in formal writing, GRE sentence-equivalence, and academic contexts where precision matters.","Avoid ""gloomy"" in casual conversation among friends unless you are certain the listener will understand; it can sound pretentious. Also avoid when a simpler synonym suffices.",Academic: A key consideration in modern discourse is how the gloomy principle shapes contemporary policy decisions.,Conversational: I've noticed the gloomy trend in our office culture and it's starting to concern me.,GRE: The committee's decision to ___ was met with both praise and criticism from stakeholders. (fill in: gloomy)
1118,archaean,adjective,of or relating to the earliest known rocks formed during the Precambrian Eon,archean,,"Use ""archaean"" (adjective) when you want to convey of or relating to the earliest known rocks formed during the precambrian eon. Appropriate in formal writing, GRE sentence-equivalence, and academic contexts where precision matters.","Avoid ""archaean"" in casual conversation among friends unless you are certain the listener will understand; it can sound pretentious. Also avoid when a simpler synonym suffices.",Academic: The study concluded that the archaean factor played a decisive role in the experimental outcome.,"Conversational: Look, the archaean results speak for themselves — we can't ignore them any longer.",GRE: The author's ___ tone contrasted sharply with the ___ underlying message of the passage. (fill in: archaean)
1119,justificatory,adjective,providing justification,defensive; justificative; vindicatory,,"Use ""justificatory"" (adjective) when you want to convey providing justification. Appropriate in formal writing, GRE sentence-equivalence, and academic contexts where precision matters.","Avoid ""justificatory"" in casual conversation among friends unless you are certain the listener will understand; it can sound pretentious. Also avoid when a simpler synonym suffices.",Academic: A key consideration in modern discourse is how the justificatory principle shapes contemporary policy decisions.,"Conversational: You know, it's pretty clear that the justificatory situation needs our immediate attention.","GRE: Despite the ___ nature of the evidence, the researchers remained ___ about their conclusions. (fill in: justificatory)"
1120,subordinative,adjective,serving to connect a subordinate clause to a main clause,subordinating,coordinating,"Use ""subordinative"" (adjective) when you want to convey serving to connect a subordinate clause to a main clause. Appropriate in formal writing, GRE sentence-equivalence, and academic contexts where precision matters.","Avoid ""subordinative"" in casual conversation among friends unless you are certain the listener will understand; it can sound pretentious. Also avoid when a simpler synonym suffices.",Academic: Contemporary scholars debate whether the subordinative hypothesis adequately explains the observed data.,Conversational: I told him the subordinative approach just wouldn't work here — we need to rethink this.,GRE: The professor described the ___ as a ___ that ___ the entire field of study. (fill in: subordinative)
1121,nescient,adjective,uneducated in general; lacking knowledge or sophistication,unlettered; unbelieving; ignorant; unlearned,,"Use ""nescient"" (adjective) when you want to convey uneducated in general; lacking knowledge or sophistication. Appropriate in formal writing, GRE sentence-equivalence, and academic contexts where precision matters.","Avoid ""nescient"" in casual conversation among friends unless you are certain the listener will understand; it can sound pretentious. Also avoid when a simpler synonym suffices.",Academic: The researcher's findings revealed that the nescient effect was statistically significant across all samples.,"Conversational: Honestly, the nescient behavior of the team has been a major source of tension lately.",GRE: The committee's decision to ___ was met with both praise and criticism from stakeholders. (fill in: nescient)
1122,stillborn,adjective,(of newborn infant) showing no signs of life at birth; not liveborn,unsuccessful; abortive,,"Use ""stillborn"" (adjective) when you want to convey (of newborn infant) showing no signs of life at birth; not liveborn. Appropriate in formal writing, GRE sentence-equivalence, and academic contexts where precision matters.","Avoid ""stillborn"" in casual conversation among friends unless you are certain the listener will understand; it can sound pretentious. Also avoid when a simpler synonym suffices.",Academic: Contemporary scholars debate whether the stillborn hypothesis adequately explains the observed data.,"Conversational: You know, it's pretty clear that the stillborn situation needs our immediate attention.",GRE: Analysts noted that the company's ___ strategy had ___ results in the last quarter. (fill in: stillborn)
1123,rose-tinted,adjective,of a color tinged with rose,rose-tinged,,"Use ""rose-tinted"" (adjective) when you want to convey of a color tinged with rose. Appropriate in formal writing, GRE sentence-equivalence, and academic contexts where precision matters.","Avoid ""rose-tinted"" in casual conversation among friends unless you are certain the listener will understand; it can sound pretentious. Also avoid when a simpler synonym suffices.",Academic: Contemporary scholars debate whether the rose-tinted hypothesis adequately explains the observed data.,"Conversational: You know, it's pretty clear that the rose-tinted situation needs our immediate attention.",GRE: The committee's decision to ___ was met with both praise and criticism from stakeholders. (fill in: rose-tinted)
1124,indefeasible,adjective,not liable to being annulled or voided or undone,,defeasible,"Use ""indefeasible"" (adjective) when you want to convey not liable to being annulled or voided or undone. Appropriate in formal writing, GRE sentence-equivalence, and academic contexts where precision matters.","Avoid ""indefeasible"" in casual conversation among friends unless you are certain the listener will understand; it can sound pretentious. Also avoid when a simpler synonym suffices.","Academic: In the scholarly article, the author argued that the indefeasible phenomenon could not be overlooked.",Conversational: I told him the indefeasible approach just wouldn't work here — we need to rethink this.,GRE: The committee's decision to ___ was met with both praise and criticism from stakeholders. (fill in: indefeasible)
1125,uneven,adjective,(of a contest or contestants) not fairly matched as opponents,odd; spotty; scratchy; mismatched,even,"Use ""uneven"" (adjective) when you want to convey (of a contest or contestants) not fairly matched as opponents. Appropriate in formal writing, GRE sentence-equivalence, and academic contexts where precision matters.","Avoid ""uneven"" in casual conversation among friends unless you are certain the listener will understand; it can sound pretentious. Also avoid when a simpler synonym suffices.",Academic: The study concluded that the uneven factor played a decisive role in the experimental outcome.,"Conversational: Honestly, the uneven behavior of the team has been a major source of tension lately.","GRE: Despite the ___ nature of the evidence, the researchers remained ___ about their conclusions. (fill in: uneven)"
1126,soft-haired,adjective,having soft hair,,,"Use ""soft-haired"" (adjective) when you want to convey having soft hair. Appropriate in formal writing, GRE sentence-equivalence, and academic contexts where precision matters.","Avoid ""soft-haired"" in casual conversation among friends unless you are certain the listener will understand; it can sound pretentious. Also avoid when a simpler synonym suffices.",Academic: The researcher's findings revealed that the soft-haired effect was statistically significant across all samples.,Conversational: I told him the soft-haired approach just wouldn't work here — we need to rethink this.,GRE: The committee's decision to ___ was met with both praise and criticism from stakeholders. (fill in: soft-haired)
1127,unilateral,adjective,involving only one part or side,one-sided,multilateral,"Use ""unilateral"" (adjective) when you want to convey involving only one part or side. Appropriate in formal writing, GRE sentence-equivalence, and academic contexts where precision matters.","Avoid ""unilateral"" in casual conversation among friends unless you are certain the listener will understand; it can sound pretentious. Also avoid when a simpler synonym suffices.",Academic: Contemporary scholars debate whether the unilateral hypothesis adequately explains the observed data.,"Conversational: Look, the unilateral results speak for themselves — we can't ignore them any longer.",GRE: Analysts noted that the company's ___ strategy had ___ results in the last quarter. (fill in: unilateral)
1128,abstinent,adjective,self-restraining; not indulging an appetite especially for food or drink,nondrinker; abstentious; abstainer,drinker,"Use ""abstinent"" (adjective) when you want to convey self-restraining; not indulging an appetite especially for food or drink. Appropriate in formal writing, GRE sentence-equivalence, and academic contexts where precision matters.","Avoid ""abstinent"" in casual conversation among friends unless you are certain the listener will understand; it can sound pretentious. Also avoid when a simpler synonym suffices.",Academic: A key consideration in modern discourse is how the abstinent principle shapes contemporary policy decisions.,Conversational: I told him the abstinent approach just wouldn't work here — we need to rethink this.,"GRE: Despite the ___ nature of the evidence, the researchers remained ___ about their conclusions. (fill in: abstinent)"
1129,divisive,adjective,dissenting (especially dissenting with the majority opinion),dissentious; factious,,"Use ""divisive"" (adjective) when you want to convey dissenting (especially dissenting with the majority opinion). Appropriate in formal writing, GRE sentence-equivalence, and academic contexts where precision matters.","Avoid ""divisive"" in casual conversation among friends unless you are certain the listener will understand; it can sound pretentious. Also avoid when a simpler synonym suffices.",Academic: A key consideration in modern discourse is how the divisive principle shapes contemporary policy decisions.,"Conversational: Honestly, the divisive behavior of the team has been a major source of tension lately.",GRE: The committee's decision to ___ was met with both praise and criticism from stakeholders. (fill in: divisive)
1130,plodding,adjective,(of movement) slow and laborious,footslog; trudge; drudgery; plod; slog; tramp,,"Use ""plodding"" (adjective) when you want to convey (of movement) slow and laborious. Appropriate in formal writing, GRE sentence-equivalence, and academic contexts where precision matters.","Avoid ""plodding"" in casual conversation among friends unless you are certain the listener will understand; it can sound pretentious. Also avoid when a simpler synonym suffices.",Academic: Contemporary scholars debate whether the plodding hypothesis adequately explains the observed data.,"Conversational: Honestly, the plodding behavior of the team has been a major source of tension lately.",GRE: The committee's decision to ___ was met with both praise and criticism from stakeholders. (fill in: plodding)
1131,premature,adjective,too soon or too hasty,untimely; previous,full-term,"Use ""premature"" (adjective) when you want to convey too soon or too hasty. Appropriate in formal writing, GRE sentence-equivalence, and academic contexts where precision matters.","Avoid ""premature"" in casual conversation among friends unless you are certain the listener will understand; it can sound pretentious. Also avoid when a simpler synonym suffices.",Academic: Contemporary scholars debate whether the premature hypothesis adequately explains the observed data.,"Conversational: You know, it's pretty clear that the premature situation needs our immediate attention.",GRE: Analysts noted that the company's ___ strategy had ___ results in the last quarter. (fill in: premature)
1132,gossamer,adjective,characterized by unusual lightness and delicacy,see-through; sheer; gauze-like; vapourous; cobwebby; filmy,,"Use ""gossamer"" (adjective) when you want to convey characterized by unusual lightness and delicacy. Appropriate in formal writing, GRE sentence-equivalence, and academic contexts where precision matters.","Avoid ""gossamer"" in casual conversation among friends unless you are certain the listener will understand; it can sound pretentious. Also avoid when a simpler synonym suffices.",Academic: The researcher's findings revealed that the gossamer effect was statistically significant across all samples.,Conversational: I've noticed the gossamer trend in our office culture and it's starting to concern me.,GRE: The committee's decision to ___ was met with both praise and criticism from stakeholders. (fill in: gossamer)
1133,preferred,adjective,more desirable than another,favor; favour; choose; prefer; preferable; opt,,"Use ""preferred"" (adjective) when you want to convey more desirable than another. Appropriate in formal writing, GRE sentence-equivalence, and academic contexts where precision matters.","Avoid ""preferred"" in casual conversation among friends unless you are certain the listener will understand; it can sound pretentious. Also avoid when a simpler synonym suffices.",Academic: The study concluded that the preferred factor played a decisive role in the experimental outcome.,"Conversational: You know, it's pretty clear that the preferred situation needs our immediate attention.","GRE: Despite the ___ nature of the evidence, the researchers remained ___ about their conclusions. (fill in: preferred)"
1134,unpropitious,adjective,not propitious,,propitious,"Use ""unpropitious"" (adjective) when you want to convey not propitious. Appropriate in formal writing, GRE sentence-equivalence, and academic contexts where precision matters.","Avoid ""unpropitious"" in casual conversation among friends unless you are certain the listener will understand; it can sound pretentious. Also avoid when a simpler synonym suffices.",Academic: A key consideration in modern discourse is how the unpropitious principle shapes contemporary policy decisions.,"Conversational: Honestly, the unpropitious behavior of the team has been a major source of tension lately.",GRE: The professor described the ___ as a ___ that ___ the entire field of study. (fill in: unpropitious)
1135,noncommissioned,adjective,(of military officers) appointed from enlisted personnel,,commissioned,"Use ""noncommissioned"" (adjective) when you want to convey (of military officers) appointed from enlisted personnel. Appropriate in formal writing, GRE sentence-equivalence, and academic contexts where precision matters.","Avoid ""noncommissioned"" in casual conversation among friends unless you are certain the listener will understand; it can sound pretentious. Also avoid when a simpler synonym suffices.","Academic: In the scholarly article, the author argued that the noncommissioned phenomenon could not be overlooked.",Conversational: I've noticed the noncommissioned trend in our office culture and it's starting to concern me.,"GRE: Despite the ___ nature of the evidence, the researchers remained ___ about their conclusions. (fill in: noncommissioned)"
1136,innumerous,adjective,too numerous to be counted,numberless; countless; unnumberable; uncounted; multitudinous; unnumerable,,"Use ""innumerous"" (adjective) when you want to convey too numerous to be counted. Appropriate in formal writing, GRE sentence-equivalence, and academic contexts where precision matters.","Avoid ""innumerous"" in casual conversation among friends unless you are certain the listener will understand; it can sound pretentious. Also avoid when a simpler synonym suffices.","Academic: In the scholarly article, the author argued that the innumerous phenomenon could not be overlooked.","Conversational: Honestly, the innumerous behavior of the team has been a major source of tension lately.",GRE: Analysts noted that the company's ___ strategy had ___ results in the last quarter. (fill in: innumerous)
1137,incremental,adjective,increasing gradually by regular degrees or additions,,,"Use ""incremental"" (adjective) when you want to convey increasing gradually by regular degrees or additions. Appropriate in formal writing, GRE sentence-equivalence, and academic contexts where precision matters.","Avoid ""incremental"" in casual conversation among friends unless you are certain the listener will understand; it can sound pretentious. Also avoid when a simpler synonym suffices.",Academic: A key consideration in modern discourse is how the incremental principle shapes contemporary policy decisions.,Conversational: I've noticed the incremental trend in our office culture and it's starting to concern me.,GRE: The professor described the ___ as a ___ that ___ the entire field of study. (fill in: incremental)
1138,derogatory,adjective,expressive of low opinion,disparaging; derogative,,"Use ""derogatory"" (adjective) when you want to convey expressive of low opinion. Appropriate in formal writing, GRE sentence-equivalence, and academic contexts where precision matters.","Avoid ""derogatory"" in casual conversation among friends unless you are certain the listener will understand; it can sound pretentious. Also avoid when a simpler synonym suffices.",Academic: Contemporary scholars debate whether the derogatory hypothesis adequately explains the observed data.,Conversational: I told him the derogatory approach just wouldn't work here — we need to rethink this.,"GRE: Despite the ___ nature of the evidence, the researchers remained ___ about their conclusions. (fill in: derogatory)"
1139,addressed,adjective,(of mail) marked with a destination,call; direct; handle; cover; deal; speak,unaddressed,"Use ""addressed"" (adjective) when you want to convey (of mail) marked with a destination. Appropriate in formal writing, GRE sentence-equivalence, and academic contexts where precision matters.","Avoid ""addressed"" in casual conversation among friends unless you are certain the listener will understand; it can sound pretentious. Also avoid when a simpler synonym suffices.",Academic: A key consideration in modern discourse is how the addressed principle shapes contemporary policy decisions.,Conversational: I've noticed the addressed trend in our office culture and it's starting to concern me.,"GRE: Despite the ___ nature of the evidence, the researchers remained ___ about their conclusions. (fill in: addressed)"
1140,branched,adjective,having branches,bifurcate; prongy; separate; furcate; branch; forficate,,"Use ""branched"" (adjective) when you want to convey having branches. Appropriate in formal writing, GRE sentence-equivalence, and academic contexts where precision matters.","Avoid ""branched"" in casual conversation among friends unless you are certain the listener will understand; it can sound pretentious. Also avoid when a simpler synonym suffices.",Academic: The researcher's findings revealed that the branched effect was statistically significant across all samples.,Conversational: I've noticed the branched trend in our office culture and it's starting to concern me.,GRE: Analysts noted that the company's ___ strategy had ___ results in the last quarter. (fill in: branched)
1141,decreased,adjective,made less in size or amount or degree,decrease; fall; reduced; diminish; lessen; minify,increase; increased,"Use ""decreased"" (adjective) when you want to convey made less in size or amount or degree. Appropriate in formal writing, GRE sentence-equivalence, and academic contexts where precision matters.","Avoid ""decreased"" in casual conversation among friends unless you are certain the listener will understand; it can sound pretentious. Also avoid when a simpler synonym suffices.",Academic: The researcher's findings revealed that the decreased effect was statistically significant across all samples.,"Conversational: You know, it's pretty clear that the decreased situation needs our immediate attention.","GRE: Despite the ___ nature of the evidence, the researchers remained ___ about their conclusions. (fill in: decreased)"
1142,unsounded,adjective,situated at or extending to great depth; too deep to have been sounded or plumbed; ; -Thomas Gray,silent; unplumbed; unfathomed; profound,,"Use ""unsounded"" (adjective) when you want to convey situated at or extending to great depth; too deep to have been sounded or plumbed; ; -thomas gray. Appropriate in formal writing, GRE sentence-equivalence, and academic contexts where precision matters.","Avoid ""unsounded"" in casual conversation among friends unless you are certain the listener will understand; it can sound pretentious. Also avoid when a simpler synonym suffices.","Academic: In the scholarly article, the author argued that the unsounded phenomenon could not be overlooked.",Conversational: I told him the unsounded approach just wouldn't work here — we need to rethink this.,GRE: The author's ___ tone contrasted sharply with the ___ underlying message of the passage. (fill in: unsounded)
1143,nonconscious,adjective,concerning mental functioning that is not represented in consciousness,,,"Use ""nonconscious"" (adjective) when you want to convey concerning mental functioning that is not represented in consciousness. Appropriate in formal writing, GRE sentence-equivalence, and academic contexts where precision matters.","Avoid ""nonconscious"" in casual conversation among friends unless you are certain the listener will understand; it can sound pretentious. Also avoid when a simpler synonym suffices.",Academic: A key consideration in modern discourse is how the nonconscious principle shapes contemporary policy decisions.,"Conversational: You know, it's pretty clear that the nonconscious situation needs our immediate attention.",GRE: The professor described the ___ as a ___ that ___ the entire field of study. (fill in: nonconscious)
1144,beat-up,adjective,damaged by blows or hard usage,battered; beaten-up,,"Use ""beat-up"" (adjective) when you want to convey damaged by blows or hard usage. Appropriate in formal writing, GRE sentence-equivalence, and academic contexts where precision matters.","Avoid ""beat-up"" in casual conversation among friends unless you are certain the listener will understand; it can sound pretentious. Also avoid when a simpler synonym suffices.","Academic: In the scholarly article, the author argued that the beat-up phenomenon could not be overlooked.","Conversational: Look, the beat-up results speak for themselves — we can't ignore them any longer.",GRE: The professor described the ___ as a ___ that ___ the entire field of study. (fill in: beat-up)
1145,exigent,adjective,demanding attention; ; ; - H.L.Mencken,insistent; instant; crying; clamant; exacting,,"Use ""exigent"" (adjective) when you want to convey demanding attention; ; ; - h.l.mencken. Appropriate in formal writing, GRE sentence-equivalence, and academic contexts where precision matters.","Avoid ""exigent"" in casual conversation among friends unless you are certain the listener will understand; it can sound pretentious. Also avoid when a simpler synonym suffices.","Academic: In the scholarly article, the author argued that the exigent phenomenon could not be overlooked.",Conversational: I told him the exigent approach just wouldn't work here — we need to rethink this.,GRE: The author's ___ tone contrasted sharply with the ___ underlying message of the passage. (fill in: exigent)
1146,squelched,adjective,subdued or overcome,slop; slosh; quench; squelch; splosh; squish,,"Use ""squelched"" (adjective) when you want to convey subdued or overcome. Appropriate in formal writing, GRE sentence-equivalence, and academic contexts where precision matters.","Avoid ""squelched"" in casual conversation among friends unless you are certain the listener will understand; it can sound pretentious. Also avoid when a simpler synonym suffices.",Academic: The researcher's findings revealed that the squelched effect was statistically significant across all samples.,"Conversational: Look, the squelched results speak for themselves — we can't ignore them any longer.","GRE: Despite the ___ nature of the evidence, the researchers remained ___ about their conclusions. (fill in: squelched)"
1147,unobjectionable,adjective,(of behavior or especially language) free from objectionable elements; fit for all observers,innocuous; clean,dirty,"Use ""unobjectionable"" (adjective) when you want to convey (of behavior or especially language) free from objectionable elements; fit for all observers. Appropriate in formal writing, GRE sentence-equivalence, and academic contexts where precision matters.","Avoid ""unobjectionable"" in casual conversation among friends unless you are certain the listener will understand; it can sound pretentious. Also avoid when a simpler synonym suffices.","Academic: In the scholarly article, the author argued that the unobjectionable phenomenon could not be overlooked.",Conversational: I told him the unobjectionable approach just wouldn't work here — we need to rethink this.,GRE: The professor described the ___ as a ___ that ___ the entire field of study. (fill in: unobjectionable)
1148,exhilarating,adjective,making lively and joyful,thrill; inebriate; exhilarate; exalt; beatify; tickle pink,,"Use ""exhilarating"" (adjective) when you want to convey making lively and joyful. Appropriate in formal writing, GRE sentence-equivalence, and academic contexts where precision matters.","Avoid ""exhilarating"" in casual conversation among friends unless you are certain the listener will understand; it can sound pretentious. Also avoid when a simpler synonym suffices.","Academic: In the scholarly article, the author argued that the exhilarating phenomenon could not be overlooked.","Conversational: You know, it's pretty clear that the exhilarating situation needs our immediate attention.",GRE: Analysts noted that the company's ___ strategy had ___ results in the last quarter. (fill in: exhilarating)
1149,leisured,adjective,free from duties or responsibilities; ; - J.J.Chapman; - Ida Craven,,,"Use ""leisured"" (adjective) when you want to convey free from duties or responsibilities; ; - j.j.chapman; - ida craven. Appropriate in formal writing, GRE sentence-equivalence, and academic contexts where precision matters.","Avoid ""leisured"" in casual conversation among friends unless you are certain the listener will understand; it can sound pretentious. Also avoid when a simpler synonym suffices.",Academic: Contemporary scholars debate whether the leisured hypothesis adequately explains the observed data.,"Conversational: Look, the leisured results speak for themselves — we can't ignore them any longer.",GRE: The professor described the ___ as a ___ that ___ the entire field of study. (fill in: leisured)
1150,amber-green,adjective,of green tinged with amber,,,"Use ""amber-green"" (adjective) when you want to convey of green tinged with amber. Appropriate in formal writing, GRE sentence-equivalence, and academic contexts where precision matters.","Avoid ""amber-green"" in casual conversation among friends unless you are certain the listener will understand; it can sound pretentious. Also avoid when a simpler synonym suffices.",Academic: The study concluded that the amber-green factor played a decisive role in the experimental outcome.,"Conversational: You know, it's pretty clear that the amber-green situation needs our immediate attention.",GRE: The author's ___ tone contrasted sharply with the ___ underlying message of the passage. (fill in: amber-green)
1151,analphabetic,adjective,not alphabetic,analphabet; unlettered,alphabetic,"Use ""analphabetic"" (adjective) when you want to convey not alphabetic. Appropriate in formal writing, GRE sentence-equivalence, and academic contexts where precision matters.","Avoid ""analphabetic"" in casual conversation among friends unless you are certain the listener will understand; it can sound pretentious. Also avoid when a simpler synonym suffices.","Academic: In the scholarly article, the author argued that the analphabetic phenomenon could not be overlooked.",Conversational: I've noticed the analphabetic trend in our office culture and it's starting to concern me.,GRE: Analysts noted that the company's ___ strategy had ___ results in the last quarter. (fill in: analphabetic)
1152,overambitious,adjective,excessively ambitious,,,"Use ""overambitious"" (adjective) when you want to convey excessively ambitious. Appropriate in formal writing, GRE sentence-equivalence, and academic contexts where precision matters.","Avoid ""overambitious"" in casual conversation among friends unless you are certain the listener will understand; it can sound pretentious. Also avoid when a simpler synonym suffices.",Academic: The study concluded that the overambitious factor played a decisive role in the experimental outcome.,"Conversational: You know, it's pretty clear that the overambitious situation needs our immediate attention.",GRE: The author's ___ tone contrasted sharply with the ___ underlying message of the passage. (fill in: overambitious)
1153,curly-grained,adjective,of timber; having fibers running irregularly rather than in parallel,cross-grained; wavy-grained,,"Use ""curly-grained"" (adjective) when you want to convey of timber; having fibers running irregularly rather than in parallel. Appropriate in formal writing, GRE sentence-equivalence, and academic contexts where precision matters.","Avoid ""curly-grained"" in casual conversation among friends unless you are certain the listener will understand; it can sound pretentious. Also avoid when a simpler synonym suffices.",Academic: Contemporary scholars debate whether the curly-grained hypothesis adequately explains the observed data.,"Conversational: You know, it's pretty clear that the curly-grained situation needs our immediate attention.","GRE: Despite the ___ nature of the evidence, the researchers remained ___ about their conclusions. (fill in: curly-grained)"
1154,landlocked,adjective,surrounded entirely or almost entirely by land,,,"Use ""landlocked"" (adjective) when you want to convey surrounded entirely or almost entirely by land. Appropriate in formal writing, GRE sentence-equivalence, and academic contexts where precision matters.","Avoid ""landlocked"" in casual conversation among friends unless you are certain the listener will understand; it can sound pretentious. Also avoid when a simpler synonym suffices.",Academic: The researcher's findings revealed that the landlocked effect was statistically significant across all samples.,Conversational: I told him the landlocked approach just wouldn't work here — we need to rethink this.,GRE: The professor described the ___ as a ___ that ___ the entire field of study. (fill in: landlocked)
1155,hibernating,adjective,in a condition of biological rest or suspended animation,hibernate; dormant; hole up; torpid,aestivate; estivate,"Use ""hibernating"" (adjective) when you want to convey in a condition of biological rest or suspended animation. Appropriate in formal writing, GRE sentence-equivalence, and academic contexts where precision matters.","Avoid ""hibernating"" in casual conversation among friends unless you are certain the listener will understand; it can sound pretentious. Also avoid when a simpler synonym suffices.",Academic: A key consideration in modern discourse is how the hibernating principle shapes contemporary policy decisions.,"Conversational: Honestly, the hibernating behavior of the team has been a major source of tension lately.","GRE: Despite the ___ nature of the evidence, the researchers remained ___ about their conclusions. (fill in: hibernating)"
1156,ready-cooked,adjective,cooked in such a way as to be ready for sale,,,"Use ""ready-cooked"" (adjective) when you want to convey cooked in such a way as to be ready for sale. Appropriate in formal writing, GRE sentence-equivalence, and academic contexts where precision matters.","Avoid ""ready-cooked"" in casual conversation among friends unless you are certain the listener will understand; it can sound pretentious. Also avoid when a simpler synonym suffices.",Academic: A key consideration in modern discourse is how the ready-cooked principle shapes contemporary policy decisions.,"Conversational: Honestly, the ready-cooked behavior of the team has been a major source of tension lately.","GRE: Despite the ___ nature of the evidence, the researchers remained ___ about their conclusions. (fill in: ready-cooked)"
1157,drug-free,adjective,characteristic of a person not taking illegal drugs or of a place where no illegal drugs are used,,,"Use ""drug-free"" (adjective) when you want to convey characteristic of a person not taking illegal drugs or of a place where no illegal drugs are used. Appropriate in formal writing, GRE sentence-equivalence, and academic contexts where precision matters.","Avoid ""drug-free"" in casual conversation among friends unless you are certain the listener will understand; it can sound pretentious. Also avoid when a simpler synonym suffices.",Academic: A key consideration in modern discourse is how the drug-free principle shapes contemporary policy decisions.,Conversational: I told him the drug-free approach just wouldn't work here — we need to rethink this.,GRE: The committee's decision to ___ was met with both praise and criticism from stakeholders. (fill in: drug-free)
1158,further,adjective,more distant in especially degree,foster; promote; advance; encourage; farther; boost,,"Use ""further"" (adjective) when you want to convey more distant in especially degree. Appropriate in formal writing, GRE sentence-equivalence, and academic contexts where precision matters.","Avoid ""further"" in casual conversation among friends unless you are certain the listener will understand; it can sound pretentious. Also avoid when a simpler synonym suffices.",Academic: The researcher's findings revealed that the further effect was statistically significant across all samples.,Conversational: I told him the further approach just wouldn't work here — we need to rethink this.,GRE: The author's ___ tone contrasted sharply with the ___ underlying message of the passage. (fill in: further)
1159,varicolored,adjective,having sections or patches colored differently and usually brightly,motley; multicolour; particolored; multi-colored; multi-coloured; pied,,"Use ""varicolored"" (adjective) when you want to convey having sections or patches colored differently and usually brightly. Appropriate in formal writing, GRE sentence-equivalence, and academic contexts where precision matters.","Avoid ""varicolored"" in casual conversation among friends unless you are certain the listener will understand; it can sound pretentious. Also avoid when a simpler synonym suffices.","Academic: In the scholarly article, the author argued that the varicolored phenomenon could not be overlooked.",Conversational: I told him the varicolored approach just wouldn't work here — we need to rethink this.,GRE: The committee's decision to ___ was met with both praise and criticism from stakeholders. (fill in: varicolored)
1160,virtual,adjective,existing in essence or effect though not in actual fact,practical,,"Use ""virtual"" (adjective) when you want to convey existing in essence or effect though not in actual fact. Appropriate in formal writing, GRE sentence-equivalence, and academic contexts where precision matters.","Avoid ""virtual"" in casual conversation among friends unless you are certain the listener will understand; it can sound pretentious. Also avoid when a simpler synonym suffices.",Academic: The researcher's findings revealed that the virtual effect was statistically significant across all samples.,"Conversational: Look, the virtual results speak for themselves — we can't ignore them any longer.","GRE: Despite the ___ nature of the evidence, the researchers remained ___ about their conclusions. (fill in: virtual)"
1161,untouched,adjective,not influenced or affected; - V.L.Parrington,uninfluenced; unmoved; unswayed; unaffected; untasted,moved; touched,"Use ""untouched"" (adjective) when you want to convey not influenced or affected; - v.l.parrington. Appropriate in formal writing, GRE sentence-equivalence, and academic contexts where precision matters.","Avoid ""untouched"" in casual conversation among friends unless you are certain the listener will understand; it can sound pretentious. Also avoid when a simpler synonym suffices.",Academic: A key consideration in modern discourse is how the untouched principle shapes contemporary policy decisions.,"Conversational: Look, the untouched results speak for themselves — we can't ignore them any longer.",GRE: The committee's decision to ___ was met with both praise and criticism from stakeholders. (fill in: untouched)
1162,shrunken,adjective,reduced in efficacy or vitality or intensity,quail; shrivel; shrink; squinch; recoil; shrivel up,expand; stretch,"Use ""shrunken"" (adjective) when you want to convey reduced in efficacy or vitality or intensity. Appropriate in formal writing, GRE sentence-equivalence, and academic contexts where precision matters.","Avoid ""shrunken"" in casual conversation among friends unless you are certain the listener will understand; it can sound pretentious. Also avoid when a simpler synonym suffices.",Academic: Contemporary scholars debate whether the shrunken hypothesis adequately explains the observed data.,"Conversational: Honestly, the shrunken behavior of the team has been a major source of tension lately.",GRE: Analysts noted that the company's ___ strategy had ___ results in the last quarter. (fill in: shrunken)
1163,neglected,adjective,lacking a caretaker,pretermit; omit; leave out; miss; overleap; neglect,attend to,"Use ""neglected"" (adjective) when you want to convey lacking a caretaker. Appropriate in formal writing, GRE sentence-equivalence, and academic contexts where precision matters.","Avoid ""neglected"" in casual conversation among friends unless you are certain the listener will understand; it can sound pretentious. Also avoid when a simpler synonym suffices.",Academic: The study concluded that the neglected factor played a decisive role in the experimental outcome.,"Conversational: Honestly, the neglected behavior of the team has been a major source of tension lately.","GRE: Despite the ___ nature of the evidence, the researchers remained ___ about their conclusions. (fill in: neglected)"
1164,cacuminal,adjective,pronounced with the tip of the tongue turned back toward the hard palate,retroflex,,"Use ""cacuminal"" (adjective) when you want to convey pronounced with the tip of the tongue turned back toward the hard palate. Appropriate in formal writing, GRE sentence-equivalence, and academic contexts where precision matters.","Avoid ""cacuminal"" in casual conversation among friends unless you are certain the listener will understand; it can sound pretentious. Also avoid when a simpler synonym suffices.",Academic: A key consideration in modern discourse is how the cacuminal principle shapes contemporary policy decisions.,"Conversational: You know, it's pretty clear that the cacuminal situation needs our immediate attention.",GRE: The committee's decision to ___ was met with both praise and criticism from stakeholders. (fill in: cacuminal)
1165,ignitible,adjective,capable of burning,ignitable; burnable,,"Use ""ignitible"" (adjective) when you want to convey capable of burning. Appropriate in formal writing, GRE sentence-equivalence, and academic contexts where precision matters.","Avoid ""ignitible"" in casual conversation among friends unless you are certain the listener will understand; it can sound pretentious. Also avoid when a simpler synonym suffices.",Academic: The researcher's findings revealed that the ignitible effect was statistically significant across all samples.,"Conversational: Honestly, the ignitible behavior of the team has been a major source of tension lately.",GRE: The author's ___ tone contrasted sharply with the ___ underlying message of the passage. (fill in: ignitible)
1166,noncontroversial,adjective,not likely to arouse controversy,uncontroversial,controversial,"Use ""noncontroversial"" (adjective) when you want to convey not likely to arouse controversy. Appropriate in formal writing, GRE sentence-equivalence, and academic contexts where precision matters.","Avoid ""noncontroversial"" in casual conversation among friends unless you are certain the listener will understand; it can sound pretentious. Also avoid when a simpler synonym suffices.","Academic: In the scholarly article, the author argued that the noncontroversial phenomenon could not be overlooked.",Conversational: I told him the noncontroversial approach just wouldn't work here — we need to rethink this.,GRE: The professor described the ___ as a ___ that ___ the entire field of study. (fill in: noncontroversial)
1167,attached,adjective,used of buildings joined by common sidewalls,attach; impound; bond; sequester; seize; bind,unattached; detach; detached,"Use ""attached"" (adjective) when you want to convey used of buildings joined by common sidewalls. Appropriate in formal writing, GRE sentence-equivalence, and academic contexts where precision matters.","Avoid ""attached"" in casual conversation among friends unless you are certain the listener will understand; it can sound pretentious. Also avoid when a simpler synonym suffices.",Academic: The researcher's findings revealed that the attached effect was statistically significant across all samples.,"Conversational: You know, it's pretty clear that the attached situation needs our immediate attention.",GRE: Analysts noted that the company's ___ strategy had ___ results in the last quarter. (fill in: attached)
1168,blackish-grey,adjective,of dark grey,black-gray; black-grey; blackish-gray,,"Use ""blackish-grey"" (adjective) when you want to convey of dark grey. Appropriate in formal writing, GRE sentence-equivalence, and academic contexts where precision matters.","Avoid ""blackish-grey"" in casual conversation among friends unless you are certain the listener will understand; it can sound pretentious. Also avoid when a simpler synonym suffices.",Academic: A key consideration in modern discourse is how the blackish-grey principle shapes contemporary policy decisions.,"Conversational: Look, the blackish-grey results speak for themselves — we can't ignore them any longer.",GRE: The author's ___ tone contrasted sharply with the ___ underlying message of the passage. (fill in: blackish-grey)
1169,self-acting,adjective,designed to activate or move or regulate itself,self-activating; self-moving; self-regulating,,"Use ""self-acting"" (adjective) when you want to convey designed to activate or move or regulate itself. Appropriate in formal writing, GRE sentence-equivalence, and academic contexts where precision matters.","Avoid ""self-acting"" in casual conversation among friends unless you are certain the listener will understand; it can sound pretentious. Also avoid when a simpler synonym suffices.","Academic: In the scholarly article, the author argued that the self-acting phenomenon could not be overlooked.","Conversational: Honestly, the self-acting behavior of the team has been a major source of tension lately.",GRE: The professor described the ___ as a ___ that ___ the entire field of study. (fill in: self-acting)
1170,straight,adjective,in keeping with the facts,unbent; unbowed; heterosexual; straight person; consecutive; straightaway,coiled; crooked; indirectly; curved; curly,"Use ""straight"" (adjective) when you want to convey in keeping with the facts. Appropriate in formal writing, GRE sentence-equivalence, and academic contexts where precision matters.","Avoid ""straight"" in casual conversation among friends unless you are certain the listener will understand; it can sound pretentious. Also avoid when a simpler synonym suffices.",Academic: The researcher's findings revealed that the straight effect was statistically significant across all samples.,"Conversational: You know, it's pretty clear that the straight situation needs our immediate attention.","GRE: Despite the ___ nature of the evidence, the researchers remained ___ about their conclusions. (fill in: straight)"
1171,flakey,adjective,conspicuously or grossly unconventional or unusual,off-the-wall; flaky; outlandish; eccentric; freaky; outre,,"Use ""flakey"" (adjective) when you want to convey conspicuously or grossly unconventional or unusual. Appropriate in formal writing, GRE sentence-equivalence, and academic contexts where precision matters.","Avoid ""flakey"" in casual conversation among friends unless you are certain the listener will understand; it can sound pretentious. Also avoid when a simpler synonym suffices.",Academic: The study concluded that the flakey factor played a decisive role in the experimental outcome.,Conversational: I've noticed the flakey trend in our office culture and it's starting to concern me.,GRE: The author's ___ tone contrasted sharply with the ___ underlying message of the passage. (fill in: flakey)
1172,self-centered,adjective,limited to or caring only about yourself and your own needs,egocentric; egoistic; egoistical; self-centred,altruistic,"Use ""self-centered"" (adjective) when you want to convey limited to or caring only about yourself and your own needs. Appropriate in formal writing, GRE sentence-equivalence, and academic contexts where precision matters.","Avoid ""self-centered"" in casual conversation among friends unless you are certain the listener will understand; it can sound pretentious. Also avoid when a simpler synonym suffices.",Academic: The researcher's findings revealed that the self-centered effect was statistically significant across all samples.,"Conversational: You know, it's pretty clear that the self-centered situation needs our immediate attention.","GRE: Despite the ___ nature of the evidence, the researchers remained ___ about their conclusions. (fill in: self-centered)"
1173,slumbery,adjective,inclined to or marked by drowsiness,somnolent; slumbrous; slumberous,,"Use ""slumbery"" (adjective) when you want to convey inclined to or marked by drowsiness. Appropriate in formal writing, GRE sentence-equivalence, and academic contexts where precision matters.","Avoid ""slumbery"" in casual conversation among friends unless you are certain the listener will understand; it can sound pretentious. Also avoid when a simpler synonym suffices.","Academic: In the scholarly article, the author argued that the slumbery phenomenon could not be overlooked.",Conversational: I told him the slumbery approach just wouldn't work here — we need to rethink this.,GRE: The committee's decision to ___ was met with both praise and criticism from stakeholders. (fill in: slumbery)
1174,unexpected,adjective,not expected or anticipated,,expected,"Use ""unexpected"" (adjective) when you want to convey not expected or anticipated. Appropriate in formal writing, GRE sentence-equivalence, and academic contexts where precision matters.","Avoid ""unexpected"" in casual conversation among friends unless you are certain the listener will understand; it can sound pretentious. Also avoid when a simpler synonym suffices.","Academic: In the scholarly article, the author argued that the unexpected phenomenon could not be overlooked.","Conversational: You know, it's pretty clear that the unexpected situation needs our immediate attention.",GRE: Analysts noted that the company's ___ strategy had ___ results in the last quarter. (fill in: unexpected)
1175,unpromising,adjective,unlikely to bring about favorable results or enjoyment,,,"Use ""unpromising"" (adjective) when you want to convey unlikely to bring about favorable results or enjoyment. Appropriate in formal writing, GRE sentence-equivalence, and academic contexts where precision matters.","Avoid ""unpromising"" in casual conversation among friends unless you are certain the listener will understand; it can sound pretentious. Also avoid when a simpler synonym suffices.",Academic: The researcher's findings revealed that the unpromising effect was statistically significant across all samples.,Conversational: I told him the unpromising approach just wouldn't work here — we need to rethink this.,"GRE: Despite the ___ nature of the evidence, the researchers remained ___ about their conclusions. (fill in: unpromising)"
1176,exoteric,adjective,suitable for the general public,,esoteric,"Use ""exoteric"" (adjective) when you want to convey suitable for the general public. Appropriate in formal writing, GRE sentence-equivalence, and academic contexts where precision matters.","Avoid ""exoteric"" in casual conversation among friends unless you are certain the listener will understand; it can sound pretentious. Also avoid when a simpler synonym suffices.",Academic: A key consideration in modern discourse is how the exoteric principle shapes contemporary policy decisions.,"Conversational: You know, it's pretty clear that the exoteric situation needs our immediate attention.",GRE: The author's ___ tone contrasted sharply with the ___ underlying message of the passage. (fill in: exoteric)
1177,inconvertible,adjective,used especially of currencies; incapable of being exchanged for or replaced by another currency of equal value,unexchangeable; unconvertible; untransmutable,convertible,"Use ""inconvertible"" (adjective) when you want to convey used especially of currencies; incapable of being exchanged for or replaced by another currency of equal value. Appropriate in formal writing, GRE sentence-equivalence, and academic contexts where precision matters.","Avoid ""inconvertible"" in casual conversation among friends unless you are certain the listener will understand; it can sound pretentious. Also avoid when a simpler synonym suffices.",Academic: Contemporary scholars debate whether the inconvertible hypothesis adequately explains the observed data.,"Conversational: Honestly, the inconvertible behavior of the team has been a major source of tension lately.",GRE: The committee's decision to ___ was met with both praise and criticism from stakeholders. (fill in: inconvertible)
1178,sneering,adjective,expressive of contempt,snide; sneer; supercilious,,"Use ""sneering"" (adjective) when you want to convey expressive of contempt. Appropriate in formal writing, GRE sentence-equivalence, and academic contexts where precision matters.","Avoid ""sneering"" in casual conversation among friends unless you are certain the listener will understand; it can sound pretentious. Also avoid when a simpler synonym suffices.","Academic: In the scholarly article, the author argued that the sneering phenomenon could not be overlooked.","Conversational: You know, it's pretty clear that the sneering situation needs our immediate attention.",GRE: Analysts noted that the company's ___ strategy had ___ results in the last quarter. (fill in: sneering)
1179,narrow,adjective,characterized by painstaking care and detailed examination,nail down; pin down; narrow down; peg down; contract; specify,diversify; wide; widen; broad-minded,"Use ""narrow"" (adjective) when you want to convey characterized by painstaking care and detailed examination. Appropriate in formal writing, GRE sentence-equivalence, and academic contexts where precision matters.","Avoid ""narrow"" in casual conversation among friends unless you are certain the listener will understand; it can sound pretentious. Also avoid when a simpler synonym suffices.",Academic: The study concluded that the narrow factor played a decisive role in the experimental outcome.,Conversational: I told him the narrow approach just wouldn't work here — we need to rethink this.,GRE: The committee's decision to ___ was met with both praise and criticism from stakeholders. (fill in: narrow)
1180,verbatim,adjective,in precisely the same words used by a writer or speaker,direct; word for word,,"Use ""verbatim"" (adjective) when you want to convey in precisely the same words used by a writer or speaker. Appropriate in formal writing, GRE sentence-equivalence, and academic contexts where precision matters.","Avoid ""verbatim"" in casual conversation among friends unless you are certain the listener will understand; it can sound pretentious. Also avoid when a simpler synonym suffices.",Academic: A key consideration in modern discourse is how the verbatim principle shapes contemporary policy decisions.,"Conversational: You know, it's pretty clear that the verbatim situation needs our immediate attention.",GRE: The committee's decision to ___ was met with both praise and criticism from stakeholders. (fill in: verbatim)
1181,overcareful,adjective,excessively or unduly careful,too-careful,,"Use ""overcareful"" (adjective) when you want to convey excessively or unduly careful. Appropriate in formal writing, GRE sentence-equivalence, and academic contexts where precision matters.","Avoid ""overcareful"" in casual conversation among friends unless you are certain the listener will understand; it can sound pretentious. Also avoid when a simpler synonym suffices.",Academic: The study concluded that the overcareful factor played a decisive role in the experimental outcome.,"Conversational: You know, it's pretty clear that the overcareful situation needs our immediate attention.",GRE: Analysts noted that the company's ___ strategy had ___ results in the last quarter. (fill in: overcareful)
1182,difficult,adjective,not easy; requiring great physical or mental effort to accomplish or comprehend or endure,hard; unmanageable,manageable; easy,"Use ""difficult"" (adjective) when you want to convey not easy; requiring great physical or mental effort to accomplish or comprehend or endure. Appropriate in formal writing, GRE sentence-equivalence, and academic contexts where precision matters.","Avoid ""difficult"" in casual conversation among friends unless you are certain the listener will understand; it can sound pretentious. Also avoid when a simpler synonym suffices.",Academic: Contemporary scholars debate whether the difficult hypothesis adequately explains the observed data.,"Conversational: Look, the difficult results speak for themselves — we can't ignore them any longer.","GRE: Despite the ___ nature of the evidence, the researchers remained ___ about their conclusions. (fill in: difficult)"
1183,discrepant,adjective,not compatible with other facts,dissonant; incompatible; inconsistent; at variance,,"Use ""discrepant"" (adjective) when you want to convey not compatible with other facts. Appropriate in formal writing, GRE sentence-equivalence, and academic contexts where precision matters.","Avoid ""discrepant"" in casual conversation among friends unless you are certain the listener will understand; it can sound pretentious. Also avoid when a simpler synonym suffices.",Academic: The study concluded that the discrepant factor played a decisive role in the experimental outcome.,"Conversational: You know, it's pretty clear that the discrepant situation needs our immediate attention.","GRE: Despite the ___ nature of the evidence, the researchers remained ___ about their conclusions. (fill in: discrepant)"
1184,automated,adjective,operated by automation,machine-driven; automate; automatize; automatise; machine-controlled,,"Use ""automated"" (adjective) when you want to convey operated by automation. Appropriate in formal writing, GRE sentence-equivalence, and academic contexts where precision matters.","Avoid ""automated"" in casual conversation among friends unless you are certain the listener will understand; it can sound pretentious. Also avoid when a simpler synonym suffices.",Academic: The study concluded that the automated factor played a decisive role in the experimental outcome.,Conversational: I told him the automated approach just wouldn't work here — we need to rethink this.,GRE: The professor described the ___ as a ___ that ___ the entire field of study. (fill in: automated)
1185,theoretical,adjective,concerned with theories rather than their practical applications,theoretic,empirical; applied,"Use ""theoretical"" (adjective) when you want to convey concerned with theories rather than their practical applications. Appropriate in formal writing, GRE sentence-equivalence, and academic contexts where precision matters.","Avoid ""theoretical"" in casual conversation among friends unless you are certain the listener will understand; it can sound pretentious. Also avoid when a simpler synonym suffices.",Academic: The researcher's findings revealed that the theoretical effect was statistically significant across all samples.,Conversational: I told him the theoretical approach just wouldn't work here — we need to rethink this.,GRE: The professor described the ___ as a ___ that ___ the entire field of study. (fill in: theoretical)
1186,open-ended,adjective,allowing for future changes or revisions,,,"Use ""open-ended"" (adjective) when you want to convey allowing for future changes or revisions. Appropriate in formal writing, GRE sentence-equivalence, and academic contexts where precision matters.","Avoid ""open-ended"" in casual conversation among friends unless you are certain the listener will understand; it can sound pretentious. Also avoid when a simpler synonym suffices.",Academic: A key consideration in modern discourse is how the open-ended principle shapes contemporary policy decisions.,"Conversational: Look, the open-ended results speak for themselves — we can't ignore them any longer.",GRE: Analysts noted that the company's ___ strategy had ___ results in the last quarter. (fill in: open-ended)
1187,bristly,adjective,having or covered with protective barbs or quills or spines or thorns or setae etc.,setaceous; burred; burry; spiny; barbellate; briary,,"Use ""bristly"" (adjective) when you want to convey having or covered with protective barbs or quills or spines or thorns or setae etc.. Appropriate in formal writing, GRE sentence-equivalence, and academic contexts where precision matters.","Avoid ""bristly"" in casual conversation among friends unless you are certain the listener will understand; it can sound pretentious. Also avoid when a simpler synonym suffices.","Academic: In the scholarly article, the author argued that the bristly phenomenon could not be overlooked.",Conversational: I've noticed the bristly trend in our office culture and it's starting to concern me.,GRE: The author's ___ tone contrasted sharply with the ___ underlying message of the passage. (fill in: bristly)
1188,hopped-up,adjective,under the influence of narcotics,stoned,,"Use ""hopped-up"" (adjective) when you want to convey under the influence of narcotics. Appropriate in formal writing, GRE sentence-equivalence, and academic contexts where precision matters.","Avoid ""hopped-up"" in casual conversation among friends unless you are certain the listener will understand; it can sound pretentious. Also avoid when a simpler synonym suffices.",Academic: Contemporary scholars debate whether the hopped-up hypothesis adequately explains the observed data.,Conversational: I told him the hopped-up approach just wouldn't work here — we need to rethink this.,GRE: The professor described the ___ as a ___ that ___ the entire field of study. (fill in: hopped-up)
1189,edible,adjective,suitable for use as food,comestible; victuals; pabulum; eatable; victual,inedible,"Use ""edible"" (adjective) when you want to convey suitable for use as food. Appropriate in formal writing, GRE sentence-equivalence, and academic contexts where precision matters.","Avoid ""edible"" in casual conversation among friends unless you are certain the listener will understand; it can sound pretentious. Also avoid when a simpler synonym suffices.",Academic: The study concluded that the edible factor played a decisive role in the experimental outcome.,"Conversational: Look, the edible results speak for themselves — we can't ignore them any longer.",GRE: The author's ___ tone contrasted sharply with the ___ underlying message of the passage. (fill in: edible)
1190,undimmed,adjective,not made dim or less bright,bright,dimmed,"Use ""undimmed"" (adjective) when you want to convey not made dim or less bright. Appropriate in formal writing, GRE sentence-equivalence, and academic contexts where precision matters.","Avoid ""undimmed"" in casual conversation among friends unless you are certain the listener will understand; it can sound pretentious. Also avoid when a simpler synonym suffices.",Academic: The study concluded that the undimmed factor played a decisive role in the experimental outcome.,"Conversational: You know, it's pretty clear that the undimmed situation needs our immediate attention.",GRE: The committee's decision to ___ was met with both praise and criticism from stakeholders. (fill in: undimmed)
1191,bouncy,adjective,elastic; rebounds readily,springy; zippy; peppy; bouncing; spirited; live,,"Use ""bouncy"" (adjective) when you want to convey elastic; rebounds readily. Appropriate in formal writing, GRE sentence-equivalence, and academic contexts where precision matters.","Avoid ""bouncy"" in casual conversation among friends unless you are certain the listener will understand; it can sound pretentious. Also avoid when a simpler synonym suffices.",Academic: A key consideration in modern discourse is how the bouncy principle shapes contemporary policy decisions.,"Conversational: Look, the bouncy results speak for themselves — we can't ignore them any longer.",GRE: Analysts noted that the company's ___ strategy had ___ results in the last quarter. (fill in: bouncy)
1192,eventful,adjective,full of events or incidents,consequential,uneventful,"Use ""eventful"" (adjective) when you want to convey full of events or incidents. Appropriate in formal writing, GRE sentence-equivalence, and academic contexts where precision matters.","Avoid ""eventful"" in casual conversation among friends unless you are certain the listener will understand; it can sound pretentious. Also avoid when a simpler synonym suffices.",Academic: The study concluded that the eventful factor played a decisive role in the experimental outcome.,Conversational: I told him the eventful approach just wouldn't work here — we need to rethink this.,GRE: The author's ___ tone contrasted sharply with the ___ underlying message of the passage. (fill in: eventful)
1193,critical,adjective,marked by a tendency to find and call attention to errors and flaws,vital; decisive,noncritical; uncritical,"Use ""critical"" (adjective) when you want to convey marked by a tendency to find and call attention to errors and flaws. Appropriate in formal writing, GRE sentence-equivalence, and academic contexts where precision matters.","Avoid ""critical"" in casual conversation among friends unless you are certain the listener will understand; it can sound pretentious. Also avoid when a simpler synonym suffices.",Academic: The researcher's findings revealed that the critical effect was statistically significant across all samples.,Conversational: I've noticed the critical trend in our office culture and it's starting to concern me.,GRE: The committee's decision to ___ was met with both praise and criticism from stakeholders. (fill in: critical)
1194,grayish-green,adjective,of green tinged with grey,greyish-green; grey-green; gray-green,,"Use ""grayish-green"" (adjective) when you want to convey of green tinged with grey. Appropriate in formal writing, GRE sentence-equivalence, and academic contexts where precision matters.","Avoid ""grayish-green"" in casual conversation among friends unless you are certain the listener will understand; it can sound pretentious. Also avoid when a simpler synonym suffices.",Academic: The study concluded that the grayish-green factor played a decisive role in the experimental outcome.,"Conversational: Honestly, the grayish-green behavior of the team has been a major source of tension lately.","GRE: Despite the ___ nature of the evidence, the researchers remained ___ about their conclusions. (fill in: grayish-green)"
1195,indecorous,adjective,lacking propriety and good taste in manners and conduct,indelicate; unseemly; uncomely; untoward; unbecoming; indecent,decorous,"Use ""indecorous"" (adjective) when you want to convey lacking propriety and good taste in manners and conduct. Appropriate in formal writing, GRE sentence-equivalence, and academic contexts where precision matters.","Avoid ""indecorous"" in casual conversation among friends unless you are certain the listener will understand; it can sound pretentious. Also avoid when a simpler synonym suffices.",Academic: Contemporary scholars debate whether the indecorous hypothesis adequately explains the observed data.,"Conversational: Look, the indecorous results speak for themselves — we can't ignore them any longer.",GRE: The professor described the ___ as a ___ that ___ the entire field of study. (fill in: indecorous)
1196,retral,adjective,moving or directed or tending in a backward direction or contrary to a previous direction,retrograde,,"Use ""retral"" (adjective) when you want to convey moving or directed or tending in a backward direction or contrary to a previous direction. Appropriate in formal writing, GRE sentence-equivalence, and academic contexts where precision matters.","Avoid ""retral"" in casual conversation among friends unless you are certain the listener will understand; it can sound pretentious. Also avoid when a simpler synonym suffices.",Academic: Contemporary scholars debate whether the retral hypothesis adequately explains the observed data.,Conversational: I've noticed the retral trend in our office culture and it's starting to concern me.,GRE: The professor described the ___ as a ___ that ___ the entire field of study. (fill in: retral)
1197,ablative,adjective,tending to ablate; i.e. to be removed or vaporized at very high temperature,ablative case,,"Use ""ablative"" (adjective) when you want to convey tending to ablate; i.e. to be removed or vaporized at very high temperature. Appropriate in formal writing, GRE sentence-equivalence, and academic contexts where precision matters.","Avoid ""ablative"" in casual conversation among friends unless you are certain the listener will understand; it can sound pretentious. Also avoid when a simpler synonym suffices.",Academic: The study concluded that the ablative factor played a decisive role in the experimental outcome.,"Conversational: Honestly, the ablative behavior of the team has been a major source of tension lately.",GRE: Analysts noted that the company's ___ strategy had ___ results in the last quarter. (fill in: ablative)
1198,despoiled,adjective,having been robbed and destroyed by force and violence,foray; loot; reave; despoil; ransack; pillage,,"Use ""despoiled"" (adjective) when you want to convey having been robbed and destroyed by force and violence. Appropriate in formal writing, GRE sentence-equivalence, and academic contexts where precision matters.","Avoid ""despoiled"" in casual conversation among friends unless you are certain the listener will understand; it can sound pretentious. Also avoid when a simpler synonym suffices.","Academic: In the scholarly article, the author argued that the despoiled phenomenon could not be overlooked.","Conversational: Honestly, the despoiled behavior of the team has been a major source of tension lately.",GRE: The author's ___ tone contrasted sharply with the ___ underlying message of the passage. (fill in: despoiled)
1199,flame-retardant,adjective,resistant to catching fire,flameproof,,"Use ""flame-retardant"" (adjective) when you want to convey resistant to catching fire. Appropriate in formal writing, GRE sentence-equivalence, and academic contexts where precision matters.","Avoid ""flame-retardant"" in casual conversation among friends unless you are certain the listener will understand; it can sound pretentious. Also avoid when a simpler synonym suffices.",Academic: The researcher's findings revealed that the flame-retardant effect was statistically significant across all samples.,"Conversational: You know, it's pretty clear that the flame-retardant situation needs our immediate attention.",GRE: The professor described the ___ as a ___ that ___ the entire field of study. (fill in: flame-retardant)
1200,unemployable,adjective,not acceptable for employment as a worker,,employable,"Use ""unemployable"" (adjective) when you want to convey not acceptable for employment as a worker. Appropriate in formal writing, GRE sentence-equivalence, and academic contexts where precision matters.","Avoid ""unemployable"" in casual conversation among friends unless you are certain the listener will understand; it can sound pretentious. Also avoid when a simpler synonym suffices.","Academic: In the scholarly article, the author argued that the unemployable phenomenon could not be overlooked.","Conversational: Look, the unemployable results speak for themselves — we can't ignore them any longer.",GRE: The author's ___ tone contrasted sharply with the ___ underlying message of the passage. (fill in: unemployable)
