rank,word,pos,definition,synonyms,antonyms,usage_where,usage_where_not,example_1,example_2,example_3
2101,contiguous,adjective,connecting without a break; within a common boundary,neighboring; immediate; adjacent; conterminous,,"Use ""contiguous"" (adjective) when you want to convey connecting without a break; within a common boundary. Appropriate in formal writing, GRE sentence-equivalence, and academic contexts where precision matters.","Avoid ""contiguous"" in casual conversation among friends unless you are certain the listener will understand; it can sound pretentious. Also avoid when a simpler synonym suffices.",Academic: A key consideration in modern discourse is how the contiguous principle shapes contemporary policy decisions.,"Conversational: Honestly, the contiguous behavior of the team has been a major source of tension lately.",GRE: The committee's decision to ___ was met with both praise and criticism from stakeholders. (fill in: contiguous)
2102,curly-coated,adjective,covered with curly hair,curly-haired,,"Use ""curly-coated"" (adjective) when you want to convey covered with curly hair. Appropriate in formal writing, GRE sentence-equivalence, and academic contexts where precision matters.","Avoid ""curly-coated"" in casual conversation among friends unless you are certain the listener will understand; it can sound pretentious. Also avoid when a simpler synonym suffices.",Academic: The researcher's findings revealed that the curly-coated effect was statistically significant across all samples.,"Conversational: Honestly, the curly-coated behavior of the team has been a major source of tension lately.",GRE: The committee's decision to ___ was met with both praise and criticism from stakeholders. (fill in: curly-coated)
2103,announced,adjective,declared publicly; made widely known,herald; harbinger; announce; denote; declare; foretell,,"Use ""announced"" (adjective) when you want to convey declared publicly; made widely known. Appropriate in formal writing, GRE sentence-equivalence, and academic contexts where precision matters.","Avoid ""announced"" in casual conversation among friends unless you are certain the listener will understand; it can sound pretentious. Also avoid when a simpler synonym suffices.",Academic: A key consideration in modern discourse is how the announced principle shapes contemporary policy decisions.,"Conversational: Look, the announced results speak for themselves — we can't ignore them any longer.",GRE: The author's ___ tone contrasted sharply with the ___ underlying message of the passage. (fill in: announced)
2104,accessible,adjective,easy to get along with or talk to; friendly,approachable,inaccessible,"Use ""accessible"" (adjective) when you want to convey easy to get along with or talk to; friendly. Appropriate in formal writing, GRE sentence-equivalence, and academic contexts where precision matters.","Avoid ""accessible"" in casual conversation among friends unless you are certain the listener will understand; it can sound pretentious. Also avoid when a simpler synonym suffices.",Academic: The researcher's findings revealed that the accessible effect was statistically significant across all samples.,Conversational: I've noticed the accessible trend in our office culture and it's starting to concern me.,GRE: The author's ___ tone contrasted sharply with the ___ underlying message of the passage. (fill in: accessible)
2105,unconstipated,adjective,not constipated,regular,constipated,"Use ""unconstipated"" (adjective) when you want to convey not constipated. Appropriate in formal writing, GRE sentence-equivalence, and academic contexts where precision matters.","Avoid ""unconstipated"" in casual conversation among friends unless you are certain the listener will understand; it can sound pretentious. Also avoid when a simpler synonym suffices.",Academic: The study concluded that the unconstipated factor played a decisive role in the experimental outcome.,Conversational: I told him the unconstipated approach just wouldn't work here — we need to rethink this.,GRE: The author's ___ tone contrasted sharply with the ___ underlying message of the passage. (fill in: unconstipated)
2106,agglutinate,adjective,united as if by glue,agglutinative,,"Use ""agglutinate"" (adjective) when you want to convey united as if by glue. Appropriate in formal writing, GRE sentence-equivalence, and academic contexts where precision matters.","Avoid ""agglutinate"" in casual conversation among friends unless you are certain the listener will understand; it can sound pretentious. Also avoid when a simpler synonym suffices.","Academic: In the scholarly article, the author argued that the agglutinate phenomenon could not be overlooked.","Conversational: Honestly, the agglutinate behavior of the team has been a major source of tension lately.",GRE: The professor described the ___ as a ___ that ___ the entire field of study. (fill in: agglutinate)
2107,wellborn,adjective,of good or upper-class lineage,,,"Use ""wellborn"" (adjective) when you want to convey of good or upper-class lineage. Appropriate in formal writing, GRE sentence-equivalence, and academic contexts where precision matters.","Avoid ""wellborn"" in casual conversation among friends unless you are certain the listener will understand; it can sound pretentious. Also avoid when a simpler synonym suffices.","Academic: In the scholarly article, the author argued that the wellborn phenomenon could not be overlooked.","Conversational: Honestly, the wellborn behavior of the team has been a major source of tension lately.","GRE: Despite the ___ nature of the evidence, the researchers remained ___ about their conclusions. (fill in: wellborn)"
2108,involved,adjective,entangled or hindered as if e.g. in mire,call for; affect; postulate; necessitate; imply; regard,uninvolved; obviate,"Use ""involved"" (adjective) when you want to convey entangled or hindered as if e.g. in mire. Appropriate in formal writing, GRE sentence-equivalence, and academic contexts where precision matters.","Avoid ""involved"" in casual conversation among friends unless you are certain the listener will understand; it can sound pretentious. Also avoid when a simpler synonym suffices.","Academic: In the scholarly article, the author argued that the involved phenomenon could not be overlooked.","Conversational: Look, the involved results speak for themselves — we can't ignore them any longer.",GRE: Analysts noted that the company's ___ strategy had ___ results in the last quarter. (fill in: involved)
2109,precedented,adjective,having or supported or justified by a precedent,,unprecedented,"Use ""precedented"" (adjective) when you want to convey having or supported or justified by a precedent. Appropriate in formal writing, GRE sentence-equivalence, and academic contexts where precision matters.","Avoid ""precedented"" in casual conversation among friends unless you are certain the listener will understand; it can sound pretentious. Also avoid when a simpler synonym suffices.",Academic: A key consideration in modern discourse is how the precedented principle shapes contemporary policy decisions.,"Conversational: Look, the precedented results speak for themselves — we can't ignore them any longer.",GRE: The professor described the ___ as a ___ that ___ the entire field of study. (fill in: precedented)
2110,outside,adjective,(of a baseball pitch) on the far side of home plate from the batter,outdoor; extraneous; external; international; out-of-door; exterior,inside; indoor; indoors,"Use ""outside"" (adjective) when you want to convey (of a baseball pitch) on the far side of home plate from the batter. Appropriate in formal writing, GRE sentence-equivalence, and academic contexts where precision matters.","Avoid ""outside"" in casual conversation among friends unless you are certain the listener will understand; it can sound pretentious. Also avoid when a simpler synonym suffices.",Academic: The researcher's findings revealed that the outside effect was statistically significant across all samples.,Conversational: I've noticed the outside trend in our office culture and it's starting to concern me.,GRE: The professor described the ___ as a ___ that ___ the entire field of study. (fill in: outside)
2111,incontrovertible,adjective,necessarily or demonstrably true,irrefutable; positive; demonstrable,,"Use ""incontrovertible"" (adjective) when you want to convey necessarily or demonstrably true. Appropriate in formal writing, GRE sentence-equivalence, and academic contexts where precision matters.","Avoid ""incontrovertible"" in casual conversation among friends unless you are certain the listener will understand; it can sound pretentious. Also avoid when a simpler synonym suffices.",Academic: The researcher's findings revealed that the incontrovertible effect was statistically significant across all samples.,"Conversational: You know, it's pretty clear that the incontrovertible situation needs our immediate attention.",GRE: The professor described the ___ as a ___ that ___ the entire field of study. (fill in: incontrovertible)
2112,self-satisfied,adjective,marked by excessive complacency or self-satisfaction,smug; complacent; self-complacent,,"Use ""self-satisfied"" (adjective) when you want to convey marked by excessive complacency or self-satisfaction. Appropriate in formal writing, GRE sentence-equivalence, and academic contexts where precision matters.","Avoid ""self-satisfied"" in casual conversation among friends unless you are certain the listener will understand; it can sound pretentious. Also avoid when a simpler synonym suffices.","Academic: In the scholarly article, the author argued that the self-satisfied phenomenon could not be overlooked.",Conversational: I told him the self-satisfied approach just wouldn't work here — we need to rethink this.,GRE: The committee's decision to ___ was met with both praise and criticism from stakeholders. (fill in: self-satisfied)
2113,evaluative,adjective,exercising or involving careful evaluations,appraising,,"Use ""evaluative"" (adjective) when you want to convey exercising or involving careful evaluations. Appropriate in formal writing, GRE sentence-equivalence, and academic contexts where precision matters.","Avoid ""evaluative"" in casual conversation among friends unless you are certain the listener will understand; it can sound pretentious. Also avoid when a simpler synonym suffices.",Academic: The study concluded that the evaluative factor played a decisive role in the experimental outcome.,Conversational: I've noticed the evaluative trend in our office culture and it's starting to concern me.,GRE: The committee's decision to ___ was met with both praise and criticism from stakeholders. (fill in: evaluative)
2114,short-tailed,adjective,having a short tail,,,"Use ""short-tailed"" (adjective) when you want to convey having a short tail. Appropriate in formal writing, GRE sentence-equivalence, and academic contexts where precision matters.","Avoid ""short-tailed"" in casual conversation among friends unless you are certain the listener will understand; it can sound pretentious. Also avoid when a simpler synonym suffices.",Academic: The study concluded that the short-tailed factor played a decisive role in the experimental outcome.,Conversational: I've noticed the short-tailed trend in our office culture and it's starting to concern me.,GRE: Analysts noted that the company's ___ strategy had ___ results in the last quarter. (fill in: short-tailed)
2115,unprecedented,adjective,having no precedent; novel,,precedented,"Use ""unprecedented"" (adjective) when you want to convey having no precedent; novel. Appropriate in formal writing, GRE sentence-equivalence, and academic contexts where precision matters.","Avoid ""unprecedented"" in casual conversation among friends unless you are certain the listener will understand; it can sound pretentious. Also avoid when a simpler synonym suffices.",Academic: The researcher's findings revealed that the unprecedented effect was statistically significant across all samples.,"Conversational: Honestly, the unprecedented behavior of the team has been a major source of tension lately.","GRE: Despite the ___ nature of the evidence, the researchers remained ___ about their conclusions. (fill in: unprecedented)"
2116,literate,adjective,knowledgeable and educated in one or several fields,literate person,illiterate,"Use ""literate"" (adjective) when you want to convey knowledgeable and educated in one or several fields. Appropriate in formal writing, GRE sentence-equivalence, and academic contexts where precision matters.","Avoid ""literate"" in casual conversation among friends unless you are certain the listener will understand; it can sound pretentious. Also avoid when a simpler synonym suffices.",Academic: Contemporary scholars debate whether the literate hypothesis adequately explains the observed data.,"Conversational: Honestly, the literate behavior of the team has been a major source of tension lately.",GRE: The professor described the ___ as a ___ that ___ the entire field of study. (fill in: literate)
2117,reverse,adjective,directed or moving toward the rear,reverse gear; setback; blow; opposite; contrary; reversal,obverse; forward,"Use ""reverse"" (adjective) when you want to convey directed or moving toward the rear. Appropriate in formal writing, GRE sentence-equivalence, and academic contexts where precision matters.","Avoid ""reverse"" in casual conversation among friends unless you are certain the listener will understand; it can sound pretentious. Also avoid when a simpler synonym suffices.",Academic: The researcher's findings revealed that the reverse effect was statistically significant across all samples.,"Conversational: You know, it's pretty clear that the reverse situation needs our immediate attention.",GRE: The author's ___ tone contrasted sharply with the ___ underlying message of the passage. (fill in: reverse)
2118,insouciant,adjective,marked by blithe unconcern,nonchalant; casual,,"Use ""insouciant"" (adjective) when you want to convey marked by blithe unconcern. Appropriate in formal writing, GRE sentence-equivalence, and academic contexts where precision matters.","Avoid ""insouciant"" in casual conversation among friends unless you are certain the listener will understand; it can sound pretentious. Also avoid when a simpler synonym suffices.",Academic: The researcher's findings revealed that the insouciant effect was statistically significant across all samples.,Conversational: I told him the insouciant approach just wouldn't work here — we need to rethink this.,GRE: The committee's decision to ___ was met with both praise and criticism from stakeholders. (fill in: insouciant)
2119,unsuspecting,adjective,(often followed by `of') not knowing or expecting; not thinking likely,unsuspicious,,"Use ""unsuspecting"" (adjective) when you want to convey (often followed by `of') not knowing or expecting; not thinking likely. Appropriate in formal writing, GRE sentence-equivalence, and academic contexts where precision matters.","Avoid ""unsuspecting"" in casual conversation among friends unless you are certain the listener will understand; it can sound pretentious. Also avoid when a simpler synonym suffices.",Academic: The study concluded that the unsuspecting factor played a decisive role in the experimental outcome.,"Conversational: Look, the unsuspecting results speak for themselves — we can't ignore them any longer.",GRE: The author's ___ tone contrasted sharply with the ___ underlying message of the passage. (fill in: unsuspecting)
2120,priestlike,adjective,befitting or characteristic of a priest or the priesthood,priestly,unpriestly,"Use ""priestlike"" (adjective) when you want to convey befitting or characteristic of a priest or the priesthood. Appropriate in formal writing, GRE sentence-equivalence, and academic contexts where precision matters.","Avoid ""priestlike"" in casual conversation among friends unless you are certain the listener will understand; it can sound pretentious. Also avoid when a simpler synonym suffices.","Academic: In the scholarly article, the author argued that the priestlike phenomenon could not be overlooked.","Conversational: You know, it's pretty clear that the priestlike situation needs our immediate attention.",GRE: The professor described the ___ as a ___ that ___ the entire field of study. (fill in: priestlike)
2121,clothed,adjective,wearing or provided with clothing; sometimes used in combination; - Bible,habilitate; raiment; dress; garb; clothe; tog,unclothed; undress,"Use ""clothed"" (adjective) when you want to convey wearing or provided with clothing; sometimes used in combination; - bible. Appropriate in formal writing, GRE sentence-equivalence, and academic contexts where precision matters.","Avoid ""clothed"" in casual conversation among friends unless you are certain the listener will understand; it can sound pretentious. Also avoid when a simpler synonym suffices.","Academic: In the scholarly article, the author argued that the clothed phenomenon could not be overlooked.",Conversational: I've noticed the clothed trend in our office culture and it's starting to concern me.,GRE: The committee's decision to ___ was met with both praise and criticism from stakeholders. (fill in: clothed)
2122,evangelistic,adjective,marked by ardent or zealous enthusiasm for a cause,evangelical,,"Use ""evangelistic"" (adjective) when you want to convey marked by ardent or zealous enthusiasm for a cause. Appropriate in formal writing, GRE sentence-equivalence, and academic contexts where precision matters.","Avoid ""evangelistic"" in casual conversation among friends unless you are certain the listener will understand; it can sound pretentious. Also avoid when a simpler synonym suffices.",Academic: A key consideration in modern discourse is how the evangelistic principle shapes contemporary policy decisions.,"Conversational: Look, the evangelistic results speak for themselves — we can't ignore them any longer.",GRE: The committee's decision to ___ was met with both praise and criticism from stakeholders. (fill in: evangelistic)
2123,disputed,adjective,subject to disagreement and debate,altercate; challenge; gainsay; dispute; argufy; scrap,,"Use ""disputed"" (adjective) when you want to convey subject to disagreement and debate. Appropriate in formal writing, GRE sentence-equivalence, and academic contexts where precision matters.","Avoid ""disputed"" in casual conversation among friends unless you are certain the listener will understand; it can sound pretentious. Also avoid when a simpler synonym suffices.","Academic: In the scholarly article, the author argued that the disputed phenomenon could not be overlooked.",Conversational: I've noticed the disputed trend in our office culture and it's starting to concern me.,GRE: The professor described the ___ as a ___ that ___ the entire field of study. (fill in: disputed)
2124,trackless,adjective,lacking pathways,roadless; untracked; pathless; untrod; untrodden,tracked,"Use ""trackless"" (adjective) when you want to convey lacking pathways. Appropriate in formal writing, GRE sentence-equivalence, and academic contexts where precision matters.","Avoid ""trackless"" in casual conversation among friends unless you are certain the listener will understand; it can sound pretentious. Also avoid when a simpler synonym suffices.","Academic: In the scholarly article, the author argued that the trackless phenomenon could not be overlooked.",Conversational: I've noticed the trackless trend in our office culture and it's starting to concern me.,GRE: The professor described the ___ as a ___ that ___ the entire field of study. (fill in: trackless)
2125,acentric,adjective,not centered or having no center,,,"Use ""acentric"" (adjective) when you want to convey not centered or having no center. Appropriate in formal writing, GRE sentence-equivalence, and academic contexts where precision matters.","Avoid ""acentric"" in casual conversation among friends unless you are certain the listener will understand; it can sound pretentious. Also avoid when a simpler synonym suffices.",Academic: The researcher's findings revealed that the acentric effect was statistically significant across all samples.,"Conversational: Honestly, the acentric behavior of the team has been a major source of tension lately.",GRE: Analysts noted that the company's ___ strategy had ___ results in the last quarter. (fill in: acentric)
2126,greenish-grey,adjective,of grey tinged with green,greenish-gray,,"Use ""greenish-grey"" (adjective) when you want to convey of grey tinged with green. Appropriate in formal writing, GRE sentence-equivalence, and academic contexts where precision matters.","Avoid ""greenish-grey"" in casual conversation among friends unless you are certain the listener will understand; it can sound pretentious. Also avoid when a simpler synonym suffices.",Academic: The researcher's findings revealed that the greenish-grey effect was statistically significant across all samples.,"Conversational: Honestly, the greenish-grey behavior of the team has been a major source of tension lately.",GRE: The professor described the ___ as a ___ that ___ the entire field of study. (fill in: greenish-grey)
2127,maverick,adjective,independent in behavior or thought,unorthodox; irregular; rebel,,"Use ""maverick"" (adjective) when you want to convey independent in behavior or thought. Appropriate in formal writing, GRE sentence-equivalence, and academic contexts where precision matters.","Avoid ""maverick"" in casual conversation among friends unless you are certain the listener will understand; it can sound pretentious. Also avoid when a simpler synonym suffices.",Academic: Contemporary scholars debate whether the maverick hypothesis adequately explains the observed data.,"Conversational: Honestly, the maverick behavior of the team has been a major source of tension lately.","GRE: Despite the ___ nature of the evidence, the researchers remained ___ about their conclusions. (fill in: maverick)"
2128,anticipatory,adjective,in anticipation,prevenient,,"Use ""anticipatory"" (adjective) when you want to convey in anticipation. Appropriate in formal writing, GRE sentence-equivalence, and academic contexts where precision matters.","Avoid ""anticipatory"" in casual conversation among friends unless you are certain the listener will understand; it can sound pretentious. Also avoid when a simpler synonym suffices.","Academic: In the scholarly article, the author argued that the anticipatory phenomenon could not be overlooked.","Conversational: Honestly, the anticipatory behavior of the team has been a major source of tension lately.",GRE: Analysts noted that the company's ___ strategy had ___ results in the last quarter. (fill in: anticipatory)
2129,slumberous,adjective,inclined to or marked by drowsiness,somnolent; slumbrous; slumbery,,"Use ""slumberous"" (adjective) when you want to convey inclined to or marked by drowsiness. Appropriate in formal writing, GRE sentence-equivalence, and academic contexts where precision matters.","Avoid ""slumberous"" in casual conversation among friends unless you are certain the listener will understand; it can sound pretentious. Also avoid when a simpler synonym suffices.",Academic: The researcher's findings revealed that the slumberous effect was statistically significant across all samples.,"Conversational: Honestly, the slumberous behavior of the team has been a major source of tension lately.",GRE: The committee's decision to ___ was met with both praise and criticism from stakeholders. (fill in: slumberous)
2130,spread,adjective,distributed or spread over a considerable extent,cattle ranch; cattle farm; spreading; ranch; scatter; gap,gather; fold,"Use ""spread"" (adjective) when you want to convey distributed or spread over a considerable extent. Appropriate in formal writing, GRE sentence-equivalence, and academic contexts where precision matters.","Avoid ""spread"" in casual conversation among friends unless you are certain the listener will understand; it can sound pretentious. Also avoid when a simpler synonym suffices.","Academic: In the scholarly article, the author argued that the spread phenomenon could not be overlooked.",Conversational: I've noticed the spread trend in our office culture and it's starting to concern me.,GRE: The author's ___ tone contrasted sharply with the ___ underlying message of the passage. (fill in: spread)
2131,primitive,adjective,used of preliterate or tribal or nonindustrial societies,crude; naive; rude; archaic; primitive person,,"Use ""primitive"" (adjective) when you want to convey used of preliterate or tribal or nonindustrial societies. Appropriate in formal writing, GRE sentence-equivalence, and academic contexts where precision matters.","Avoid ""primitive"" in casual conversation among friends unless you are certain the listener will understand; it can sound pretentious. Also avoid when a simpler synonym suffices.",Academic: Contemporary scholars debate whether the primitive hypothesis adequately explains the observed data.,"Conversational: You know, it's pretty clear that the primitive situation needs our immediate attention.",GRE: Analysts noted that the company's ___ strategy had ___ results in the last quarter. (fill in: primitive)
2132,colour-blind,adjective,unprejudiced about race,color-blind; nonracist,,"Use ""colour-blind"" (adjective) when you want to convey unprejudiced about race. Appropriate in formal writing, GRE sentence-equivalence, and academic contexts where precision matters.","Avoid ""colour-blind"" in casual conversation among friends unless you are certain the listener will understand; it can sound pretentious. Also avoid when a simpler synonym suffices.",Academic: Contemporary scholars debate whether the colour-blind hypothesis adequately explains the observed data.,"Conversational: Honestly, the colour-blind behavior of the team has been a major source of tension lately.",GRE: The author's ___ tone contrasted sharply with the ___ underlying message of the passage. (fill in: colour-blind)
2133,yellow,adjective,of the color intermediate between green and orange in the color spectrum; of something resembling the color of an egg yolk,yellow-bellied; chicken; yellowness; white-livered; chickenhearted; yellowish,,"Use ""yellow"" (adjective) when you want to convey of the color intermediate between green and orange in the color spectrum; of something resembling the color of an egg yolk. Appropriate in formal writing, GRE sentence-equivalence, and academic contexts where precision matters.","Avoid ""yellow"" in casual conversation among friends unless you are certain the listener will understand; it can sound pretentious. Also avoid when a simpler synonym suffices.",Academic: A key consideration in modern discourse is how the yellow principle shapes contemporary policy decisions.,"Conversational: Honestly, the yellow behavior of the team has been a major source of tension lately.",GRE: Analysts noted that the company's ___ strategy had ___ results in the last quarter. (fill in: yellow)
2134,reddish-lavender,adjective,of something having a lavender color tinged with red,red-lavender,,"Use ""reddish-lavender"" (adjective) when you want to convey of something having a lavender color tinged with red. Appropriate in formal writing, GRE sentence-equivalence, and academic contexts where precision matters.","Avoid ""reddish-lavender"" in casual conversation among friends unless you are certain the listener will understand; it can sound pretentious. Also avoid when a simpler synonym suffices.",Academic: A key consideration in modern discourse is how the reddish-lavender principle shapes contemporary policy decisions.,Conversational: I've noticed the reddish-lavender trend in our office culture and it's starting to concern me.,GRE: Analysts noted that the company's ___ strategy had ___ results in the last quarter. (fill in: reddish-lavender)
2135,archaic,adjective,little evolved from or characteristic of an earlier ancestral type,antiquated; antediluvian; primitive,,"Use ""archaic"" (adjective) when you want to convey little evolved from or characteristic of an earlier ancestral type. Appropriate in formal writing, GRE sentence-equivalence, and academic contexts where precision matters.","Avoid ""archaic"" in casual conversation among friends unless you are certain the listener will understand; it can sound pretentious. Also avoid when a simpler synonym suffices.",Academic: The researcher's findings revealed that the archaic effect was statistically significant across all samples.,"Conversational: You know, it's pretty clear that the archaic situation needs our immediate attention.",GRE: The professor described the ___ as a ___ that ___ the entire field of study. (fill in: archaic)
2136,tapestried,adjective,hung or decorated with tapestry,,,"Use ""tapestried"" (adjective) when you want to convey hung or decorated with tapestry. Appropriate in formal writing, GRE sentence-equivalence, and academic contexts where precision matters.","Avoid ""tapestried"" in casual conversation among friends unless you are certain the listener will understand; it can sound pretentious. Also avoid when a simpler synonym suffices.",Academic: Contemporary scholars debate whether the tapestried hypothesis adequately explains the observed data.,"Conversational: Honestly, the tapestried behavior of the team has been a major source of tension lately.",GRE: The author's ___ tone contrasted sharply with the ___ underlying message of the passage. (fill in: tapestried)
2137,unashamed,adjective,used of persons or their behavior; feeling no shame,,ashamed,"Use ""unashamed"" (adjective) when you want to convey used of persons or their behavior; feeling no shame. Appropriate in formal writing, GRE sentence-equivalence, and academic contexts where precision matters.","Avoid ""unashamed"" in casual conversation among friends unless you are certain the listener will understand; it can sound pretentious. Also avoid when a simpler synonym suffices.",Academic: The study concluded that the unashamed factor played a decisive role in the experimental outcome.,"Conversational: You know, it's pretty clear that the unashamed situation needs our immediate attention.",GRE: Analysts noted that the company's ___ strategy had ___ results in the last quarter. (fill in: unashamed)
2138,conspicuous,adjective,obvious to the eye or mind,blazing; blatant,inconspicuous,"Use ""conspicuous"" (adjective) when you want to convey obvious to the eye or mind. Appropriate in formal writing, GRE sentence-equivalence, and academic contexts where precision matters.","Avoid ""conspicuous"" in casual conversation among friends unless you are certain the listener will understand; it can sound pretentious. Also avoid when a simpler synonym suffices.","Academic: In the scholarly article, the author argued that the conspicuous phenomenon could not be overlooked.","Conversational: Look, the conspicuous results speak for themselves — we can't ignore them any longer.",GRE: The committee's decision to ___ was met with both praise and criticism from stakeholders. (fill in: conspicuous)
2139,discontented,adjective,showing or experiencing dissatisfaction or restless longing,discontent,contented; content,"Use ""discontented"" (adjective) when you want to convey showing or experiencing dissatisfaction or restless longing. Appropriate in formal writing, GRE sentence-equivalence, and academic contexts where precision matters.","Avoid ""discontented"" in casual conversation among friends unless you are certain the listener will understand; it can sound pretentious. Also avoid when a simpler synonym suffices.","Academic: In the scholarly article, the author argued that the discontented phenomenon could not be overlooked.","Conversational: Look, the discontented results speak for themselves — we can't ignore them any longer.",GRE: The committee's decision to ___ was met with both praise and criticism from stakeholders. (fill in: discontented)
2140,chaste,adjective,morally pure (especially not having experienced sexual intercourse),,unchaste,"Use ""chaste"" (adjective) when you want to convey morally pure (especially not having experienced sexual intercourse). Appropriate in formal writing, GRE sentence-equivalence, and academic contexts where precision matters.","Avoid ""chaste"" in casual conversation among friends unless you are certain the listener will understand; it can sound pretentious. Also avoid when a simpler synonym suffices.","Academic: In the scholarly article, the author argued that the chaste phenomenon could not be overlooked.","Conversational: Look, the chaste results speak for themselves — we can't ignore them any longer.","GRE: Despite the ___ nature of the evidence, the researchers remained ___ about their conclusions. (fill in: chaste)"
2141,anabolic,adjective,characterized by or promoting constructive metabolism,,catabolic,"Use ""anabolic"" (adjective) when you want to convey characterized by or promoting constructive metabolism. Appropriate in formal writing, GRE sentence-equivalence, and academic contexts where precision matters.","Avoid ""anabolic"" in casual conversation among friends unless you are certain the listener will understand; it can sound pretentious. Also avoid when a simpler synonym suffices.",Academic: The researcher's findings revealed that the anabolic effect was statistically significant across all samples.,Conversational: I've noticed the anabolic trend in our office culture and it's starting to concern me.,GRE: The author's ___ tone contrasted sharply with the ___ underlying message of the passage. (fill in: anabolic)
2142,foul-spoken,adjective,using foul or obscene language,foul-mouthed,,"Use ""foul-spoken"" (adjective) when you want to convey using foul or obscene language. Appropriate in formal writing, GRE sentence-equivalence, and academic contexts where precision matters.","Avoid ""foul-spoken"" in casual conversation among friends unless you are certain the listener will understand; it can sound pretentious. Also avoid when a simpler synonym suffices.",Academic: The study concluded that the foul-spoken factor played a decisive role in the experimental outcome.,Conversational: I've noticed the foul-spoken trend in our office culture and it's starting to concern me.,GRE: The professor described the ___ as a ___ that ___ the entire field of study. (fill in: foul-spoken)
2143,undrinkable,adjective,unsuitable for drinking,,drinkable,"Use ""undrinkable"" (adjective) when you want to convey unsuitable for drinking. Appropriate in formal writing, GRE sentence-equivalence, and academic contexts where precision matters.","Avoid ""undrinkable"" in casual conversation among friends unless you are certain the listener will understand; it can sound pretentious. Also avoid when a simpler synonym suffices.",Academic: A key consideration in modern discourse is how the undrinkable principle shapes contemporary policy decisions.,"Conversational: Honestly, the undrinkable behavior of the team has been a major source of tension lately.",GRE: Analysts noted that the company's ___ strategy had ___ results in the last quarter. (fill in: undrinkable)
2144,wordless,adjective,expressed without speech; ; ; - Emily Dickinson; ; ; - Thomas Wolfe,tongueless; unspoken; mute,,"Use ""wordless"" (adjective) when you want to convey expressed without speech; ; ; - emily dickinson; ; ; - thomas wolfe. Appropriate in formal writing, GRE sentence-equivalence, and academic contexts where precision matters.","Avoid ""wordless"" in casual conversation among friends unless you are certain the listener will understand; it can sound pretentious. Also avoid when a simpler synonym suffices.",Academic: Contemporary scholars debate whether the wordless hypothesis adequately explains the observed data.,"Conversational: You know, it's pretty clear that the wordless situation needs our immediate attention.","GRE: Despite the ___ nature of the evidence, the researchers remained ___ about their conclusions. (fill in: wordless)"
2145,inconsistent,adjective,displaying a lack of consistency,discrepant,consistent,"Use ""inconsistent"" (adjective) when you want to convey displaying a lack of consistency. Appropriate in formal writing, GRE sentence-equivalence, and academic contexts where precision matters.","Avoid ""inconsistent"" in casual conversation among friends unless you are certain the listener will understand; it can sound pretentious. Also avoid when a simpler synonym suffices.",Academic: Contemporary scholars debate whether the inconsistent hypothesis adequately explains the observed data.,Conversational: I told him the inconsistent approach just wouldn't work here — we need to rethink this.,GRE: The committee's decision to ___ was met with both praise and criticism from stakeholders. (fill in: inconsistent)
2146,consummated,adjective,brought to completion,consummate,unconsummated,"Use ""consummated"" (adjective) when you want to convey brought to completion. Appropriate in formal writing, GRE sentence-equivalence, and academic contexts where precision matters.","Avoid ""consummated"" in casual conversation among friends unless you are certain the listener will understand; it can sound pretentious. Also avoid when a simpler synonym suffices.",Academic: The study concluded that the consummated factor played a decisive role in the experimental outcome.,"Conversational: You know, it's pretty clear that the consummated situation needs our immediate attention.","GRE: Despite the ___ nature of the evidence, the researchers remained ___ about their conclusions. (fill in: consummated)"
2147,biaural,adjective,relating to or having or hearing with two ears,binaural,monaural,"Use ""biaural"" (adjective) when you want to convey relating to or having or hearing with two ears. Appropriate in formal writing, GRE sentence-equivalence, and academic contexts where precision matters.","Avoid ""biaural"" in casual conversation among friends unless you are certain the listener will understand; it can sound pretentious. Also avoid when a simpler synonym suffices.",Academic: A key consideration in modern discourse is how the biaural principle shapes contemporary policy decisions.,"Conversational: Look, the biaural results speak for themselves — we can't ignore them any longer.","GRE: Despite the ___ nature of the evidence, the researchers remained ___ about their conclusions. (fill in: biaural)"
2148,unfrosted,adjective,(of glass) lacking a frosted coating,,,"Use ""unfrosted"" (adjective) when you want to convey (of glass) lacking a frosted coating. Appropriate in formal writing, GRE sentence-equivalence, and academic contexts where precision matters.","Avoid ""unfrosted"" in casual conversation among friends unless you are certain the listener will understand; it can sound pretentious. Also avoid when a simpler synonym suffices.",Academic: The researcher's findings revealed that the unfrosted effect was statistically significant across all samples.,Conversational: I told him the unfrosted approach just wouldn't work here — we need to rethink this.,GRE: Analysts noted that the company's ___ strategy had ___ results in the last quarter. (fill in: unfrosted)
2149,user-friendly,adjective,easy to use,,,"Use ""user-friendly"" (adjective) when you want to convey easy to use. Appropriate in formal writing, GRE sentence-equivalence, and academic contexts where precision matters.","Avoid ""user-friendly"" in casual conversation among friends unless you are certain the listener will understand; it can sound pretentious. Also avoid when a simpler synonym suffices.",Academic: Contemporary scholars debate whether the user-friendly hypothesis adequately explains the observed data.,"Conversational: Honestly, the user-friendly behavior of the team has been a major source of tension lately.",GRE: The professor described the ___ as a ___ that ___ the entire field of study. (fill in: user-friendly)
2150,spectacled,adjective,"wearing, or having the face adorned with, eyeglasses or an eyeglass",bespectacled; monocled,,"Use ""spectacled"" (adjective) when you want to convey wearing, or having the face adorned with, eyeglasses or an eyeglass. Appropriate in formal writing, GRE sentence-equivalence, and academic contexts where precision matters.","Avoid ""spectacled"" in casual conversation among friends unless you are certain the listener will understand; it can sound pretentious. Also avoid when a simpler synonym suffices.",Academic: The study concluded that the spectacled factor played a decisive role in the experimental outcome.,Conversational: I told him the spectacled approach just wouldn't work here — we need to rethink this.,GRE: The professor described the ___ as a ___ that ___ the entire field of study. (fill in: spectacled)
2151,creepy-crawly,adjective,causing a sensation as of things crawling on your skin,creepy,,"Use ""creepy-crawly"" (adjective) when you want to convey causing a sensation as of things crawling on your skin. Appropriate in formal writing, GRE sentence-equivalence, and academic contexts where precision matters.","Avoid ""creepy-crawly"" in casual conversation among friends unless you are certain the listener will understand; it can sound pretentious. Also avoid when a simpler synonym suffices.",Academic: A key consideration in modern discourse is how the creepy-crawly principle shapes contemporary policy decisions.,"Conversational: Look, the creepy-crawly results speak for themselves — we can't ignore them any longer.","GRE: Despite the ___ nature of the evidence, the researchers remained ___ about their conclusions. (fill in: creepy-crawly)"
2152,unmodifiable,adjective,incapable of being modified in form or character or strength (especially by making less extreme),,modifiable,"Use ""unmodifiable"" (adjective) when you want to convey incapable of being modified in form or character or strength (especially by making less extreme). Appropriate in formal writing, GRE sentence-equivalence, and academic contexts where precision matters.","Avoid ""unmodifiable"" in casual conversation among friends unless you are certain the listener will understand; it can sound pretentious. Also avoid when a simpler synonym suffices.","Academic: In the scholarly article, the author argued that the unmodifiable phenomenon could not be overlooked.","Conversational: You know, it's pretty clear that the unmodifiable situation needs our immediate attention.","GRE: Despite the ___ nature of the evidence, the researchers remained ___ about their conclusions. (fill in: unmodifiable)"
2153,semitransparent,adjective,allowing light to pass through diffusely,translucent,,"Use ""semitransparent"" (adjective) when you want to convey allowing light to pass through diffusely. Appropriate in formal writing, GRE sentence-equivalence, and academic contexts where precision matters.","Avoid ""semitransparent"" in casual conversation among friends unless you are certain the listener will understand; it can sound pretentious. Also avoid when a simpler synonym suffices.","Academic: In the scholarly article, the author argued that the semitransparent phenomenon could not be overlooked.","Conversational: Honestly, the semitransparent behavior of the team has been a major source of tension lately.","GRE: Despite the ___ nature of the evidence, the researchers remained ___ about their conclusions. (fill in: semitransparent)"
2154,tolerant,adjective,showing or characterized by broad-mindedness,resistant; kind; liberal; large-minded; patient of; broad,intolerant,"Use ""tolerant"" (adjective) when you want to convey showing or characterized by broad-mindedness. Appropriate in formal writing, GRE sentence-equivalence, and academic contexts where precision matters.","Avoid ""tolerant"" in casual conversation among friends unless you are certain the listener will understand; it can sound pretentious. Also avoid when a simpler synonym suffices.",Academic: The study concluded that the tolerant factor played a decisive role in the experimental outcome.,Conversational: I told him the tolerant approach just wouldn't work here — we need to rethink this.,GRE: The professor described the ___ as a ___ that ___ the entire field of study. (fill in: tolerant)
2155,expansile,adjective,(of gases) capable of expansion,expandible; expandable; expansible,,"Use ""expansile"" (adjective) when you want to convey (of gases) capable of expansion. Appropriate in formal writing, GRE sentence-equivalence, and academic contexts where precision matters.","Avoid ""expansile"" in casual conversation among friends unless you are certain the listener will understand; it can sound pretentious. Also avoid when a simpler synonym suffices.",Academic: A key consideration in modern discourse is how the expansile principle shapes contemporary policy decisions.,Conversational: I've noticed the expansile trend in our office culture and it's starting to concern me.,GRE: The author's ___ tone contrasted sharply with the ___ underlying message of the passage. (fill in: expansile)
2156,well-adjusted,adjective,free from psychological disorder,well-balanced,,"Use ""well-adjusted"" (adjective) when you want to convey free from psychological disorder. Appropriate in formal writing, GRE sentence-equivalence, and academic contexts where precision matters.","Avoid ""well-adjusted"" in casual conversation among friends unless you are certain the listener will understand; it can sound pretentious. Also avoid when a simpler synonym suffices.",Academic: The researcher's findings revealed that the well-adjusted effect was statistically significant across all samples.,Conversational: I've noticed the well-adjusted trend in our office culture and it's starting to concern me.,GRE: The committee's decision to ___ was met with both praise and criticism from stakeholders. (fill in: well-adjusted)
2157,machine-controlled,adjective,operated by automation,machine-driven; automated,,"Use ""machine-controlled"" (adjective) when you want to convey operated by automation. Appropriate in formal writing, GRE sentence-equivalence, and academic contexts where precision matters.","Avoid ""machine-controlled"" in casual conversation among friends unless you are certain the listener will understand; it can sound pretentious. Also avoid when a simpler synonym suffices.",Academic: The study concluded that the machine-controlled factor played a decisive role in the experimental outcome.,"Conversational: You know, it's pretty clear that the machine-controlled situation needs our immediate attention.",GRE: The professor described the ___ as a ___ that ___ the entire field of study. (fill in: machine-controlled)
2158,roiling,adjective,(of a liquid) agitated vigorously; in a state of turbulence,churn; roily; boil; roiled; rile; roil,,"Use ""roiling"" (adjective) when you want to convey (of a liquid) agitated vigorously; in a state of turbulence. Appropriate in formal writing, GRE sentence-equivalence, and academic contexts where precision matters.","Avoid ""roiling"" in casual conversation among friends unless you are certain the listener will understand; it can sound pretentious. Also avoid when a simpler synonym suffices.",Academic: Contemporary scholars debate whether the roiling hypothesis adequately explains the observed data.,"Conversational: You know, it's pretty clear that the roiling situation needs our immediate attention.",GRE: The professor described the ___ as a ___ that ___ the entire field of study. (fill in: roiling)
2159,fathomable,adjective,(of meaning) capable of being penetrated or comprehended,soundable; plumbable,unfathomable,"Use ""fathomable"" (adjective) when you want to convey (of meaning) capable of being penetrated or comprehended. Appropriate in formal writing, GRE sentence-equivalence, and academic contexts where precision matters.","Avoid ""fathomable"" in casual conversation among friends unless you are certain the listener will understand; it can sound pretentious. Also avoid when a simpler synonym suffices.",Academic: Contemporary scholars debate whether the fathomable hypothesis adequately explains the observed data.,"Conversational: Look, the fathomable results speak for themselves — we can't ignore them any longer.","GRE: Despite the ___ nature of the evidence, the researchers remained ___ about their conclusions. (fill in: fathomable)"
2160,unmindful,adjective,(followed by `to' or `of') lacking conscious awareness of,oblivious; forgetful; mindless,mindful,"Use ""unmindful"" (adjective) when you want to convey (followed by `to' or `of') lacking conscious awareness of. Appropriate in formal writing, GRE sentence-equivalence, and academic contexts where precision matters.","Avoid ""unmindful"" in casual conversation among friends unless you are certain the listener will understand; it can sound pretentious. Also avoid when a simpler synonym suffices.",Academic: Contemporary scholars debate whether the unmindful hypothesis adequately explains the observed data.,"Conversational: Look, the unmindful results speak for themselves — we can't ignore them any longer.",GRE: Analysts noted that the company's ___ strategy had ___ results in the last quarter. (fill in: unmindful)
2161,continual,adjective,`continual' (meaning seemingly uninterrupted) is often used interchangeably with `continuous' (meaning without interruption),,sporadic,"Use ""continual"" (adjective) when you want to convey `continual' (meaning seemingly uninterrupted) is often used interchangeably with `continuous' (meaning without interruption). Appropriate in formal writing, GRE sentence-equivalence, and academic contexts where precision matters.","Avoid ""continual"" in casual conversation among friends unless you are certain the listener will understand; it can sound pretentious. Also avoid when a simpler synonym suffices.",Academic: Contemporary scholars debate whether the continual hypothesis adequately explains the observed data.,Conversational: I told him the continual approach just wouldn't work here — we need to rethink this.,GRE: The author's ___ tone contrasted sharply with the ___ underlying message of the passage. (fill in: continual)
2162,red-flowered,adjective,having red flowers,,,"Use ""red-flowered"" (adjective) when you want to convey having red flowers. Appropriate in formal writing, GRE sentence-equivalence, and academic contexts where precision matters.","Avoid ""red-flowered"" in casual conversation among friends unless you are certain the listener will understand; it can sound pretentious. Also avoid when a simpler synonym suffices.",Academic: The researcher's findings revealed that the red-flowered effect was statistically significant across all samples.,"Conversational: Look, the red-flowered results speak for themselves — we can't ignore them any longer.","GRE: Despite the ___ nature of the evidence, the researchers remained ___ about their conclusions. (fill in: red-flowered)"
2163,shatterproof,adjective,resistant to shattering or splintering,splinterproof; splinterless,,"Use ""shatterproof"" (adjective) when you want to convey resistant to shattering or splintering. Appropriate in formal writing, GRE sentence-equivalence, and academic contexts where precision matters.","Avoid ""shatterproof"" in casual conversation among friends unless you are certain the listener will understand; it can sound pretentious. Also avoid when a simpler synonym suffices.","Academic: In the scholarly article, the author argued that the shatterproof phenomenon could not be overlooked.","Conversational: Honestly, the shatterproof behavior of the team has been a major source of tension lately.",GRE: Analysts noted that the company's ___ strategy had ___ results in the last quarter. (fill in: shatterproof)
2164,jam-packed,adjective,filled to capacity,jammed; packed,,"Use ""jam-packed"" (adjective) when you want to convey filled to capacity. Appropriate in formal writing, GRE sentence-equivalence, and academic contexts where precision matters.","Avoid ""jam-packed"" in casual conversation among friends unless you are certain the listener will understand; it can sound pretentious. Also avoid when a simpler synonym suffices.",Academic: Contemporary scholars debate whether the jam-packed hypothesis adequately explains the observed data.,"Conversational: Look, the jam-packed results speak for themselves — we can't ignore them any longer.","GRE: Despite the ___ nature of the evidence, the researchers remained ___ about their conclusions. (fill in: jam-packed)"
2165,nerve-racking,adjective,extremely irritating to the nerves,nerve-wracking; stressful; trying,,"Use ""nerve-racking"" (adjective) when you want to convey extremely irritating to the nerves. Appropriate in formal writing, GRE sentence-equivalence, and academic contexts where precision matters.","Avoid ""nerve-racking"" in casual conversation among friends unless you are certain the listener will understand; it can sound pretentious. Also avoid when a simpler synonym suffices.",Academic: Contemporary scholars debate whether the nerve-racking hypothesis adequately explains the observed data.,"Conversational: Honestly, the nerve-racking behavior of the team has been a major source of tension lately.",GRE: The author's ___ tone contrasted sharply with the ___ underlying message of the passage. (fill in: nerve-racking)
2166,straining,adjective,taxing to the utmost; testing powers of endurance; ; ; - F.D.Roosevelt,torture; overrefinement; strive; distortion; twisting; reach,relax; unstrain,"Use ""straining"" (adjective) when you want to convey taxing to the utmost; testing powers of endurance; ; ; - f.d.roosevelt. Appropriate in formal writing, GRE sentence-equivalence, and academic contexts where precision matters.","Avoid ""straining"" in casual conversation among friends unless you are certain the listener will understand; it can sound pretentious. Also avoid when a simpler synonym suffices.",Academic: The researcher's findings revealed that the straining effect was statistically significant across all samples.,Conversational: I told him the straining approach just wouldn't work here — we need to rethink this.,GRE: The committee's decision to ___ was met with both praise and criticism from stakeholders. (fill in: straining)
2167,carpophagous,adjective,feeding on fruit,fruit-eating,,"Use ""carpophagous"" (adjective) when you want to convey feeding on fruit. Appropriate in formal writing, GRE sentence-equivalence, and academic contexts where precision matters.","Avoid ""carpophagous"" in casual conversation among friends unless you are certain the listener will understand; it can sound pretentious. Also avoid when a simpler synonym suffices.",Academic: Contemporary scholars debate whether the carpophagous hypothesis adequately explains the observed data.,"Conversational: Look, the carpophagous results speak for themselves — we can't ignore them any longer.",GRE: The committee's decision to ___ was met with both praise and criticism from stakeholders. (fill in: carpophagous)
2168,incorrect,adjective,not correct; not in conformity with fact or truth,faulty; wrong,correct; right,"Use ""incorrect"" (adjective) when you want to convey not correct; not in conformity with fact or truth. Appropriate in formal writing, GRE sentence-equivalence, and academic contexts where precision matters.","Avoid ""incorrect"" in casual conversation among friends unless you are certain the listener will understand; it can sound pretentious. Also avoid when a simpler synonym suffices.",Academic: Contemporary scholars debate whether the incorrect hypothesis adequately explains the observed data.,Conversational: I've noticed the incorrect trend in our office culture and it's starting to concern me.,"GRE: Despite the ___ nature of the evidence, the researchers remained ___ about their conclusions. (fill in: incorrect)"
2169,light-hearted,adjective,carefree and happy and lighthearted,blithe; lightsome; lighthearted; blithesome,,"Use ""light-hearted"" (adjective) when you want to convey carefree and happy and lighthearted. Appropriate in formal writing, GRE sentence-equivalence, and academic contexts where precision matters.","Avoid ""light-hearted"" in casual conversation among friends unless you are certain the listener will understand; it can sound pretentious. Also avoid when a simpler synonym suffices.",Academic: A key consideration in modern discourse is how the light-hearted principle shapes contemporary policy decisions.,Conversational: I've noticed the light-hearted trend in our office culture and it's starting to concern me.,GRE: The committee's decision to ___ was met with both praise and criticism from stakeholders. (fill in: light-hearted)
2170,sparkly,adjective,having brief brilliant points or flashes of light,glittering; frothy; aglitter; fulgid; scintillant; scintillating,,"Use ""sparkly"" (adjective) when you want to convey having brief brilliant points or flashes of light. Appropriate in formal writing, GRE sentence-equivalence, and academic contexts where precision matters.","Avoid ""sparkly"" in casual conversation among friends unless you are certain the listener will understand; it can sound pretentious. Also avoid when a simpler synonym suffices.",Academic: The study concluded that the sparkly factor played a decisive role in the experimental outcome.,Conversational: I told him the sparkly approach just wouldn't work here — we need to rethink this.,GRE: The professor described the ___ as a ___ that ___ the entire field of study. (fill in: sparkly)
2171,fateful,adjective,having momentous consequences; of decisive importance; - Saturday Rev,portentous; calamitous; fatal; disastrous; foreboding; black,,"Use ""fateful"" (adjective) when you want to convey having momentous consequences; of decisive importance; - saturday rev. Appropriate in formal writing, GRE sentence-equivalence, and academic contexts where precision matters.","Avoid ""fateful"" in casual conversation among friends unless you are certain the listener will understand; it can sound pretentious. Also avoid when a simpler synonym suffices.",Academic: The study concluded that the fateful factor played a decisive role in the experimental outcome.,"Conversational: You know, it's pretty clear that the fateful situation needs our immediate attention.",GRE: The author's ___ tone contrasted sharply with the ___ underlying message of the passage. (fill in: fateful)
2172,conclusive,adjective,forming an end or termination; especially putting an end to doubt or question,,inconclusive,"Use ""conclusive"" (adjective) when you want to convey forming an end or termination; especially putting an end to doubt or question. Appropriate in formal writing, GRE sentence-equivalence, and academic contexts where precision matters.","Avoid ""conclusive"" in casual conversation among friends unless you are certain the listener will understand; it can sound pretentious. Also avoid when a simpler synonym suffices.","Academic: In the scholarly article, the author argued that the conclusive phenomenon could not be overlooked.",Conversational: I've noticed the conclusive trend in our office culture and it's starting to concern me.,"GRE: Despite the ___ nature of the evidence, the researchers remained ___ about their conclusions. (fill in: conclusive)"
2173,worried,adjective,mentally upset over possible misfortune or danger etc,care; vex; occupy; interest; worry; concern,reassure,"Use ""worried"" (adjective) when you want to convey mentally upset over possible misfortune or danger etc. Appropriate in formal writing, GRE sentence-equivalence, and academic contexts where precision matters.","Avoid ""worried"" in casual conversation among friends unless you are certain the listener will understand; it can sound pretentious. Also avoid when a simpler synonym suffices.",Academic: A key consideration in modern discourse is how the worried principle shapes contemporary policy decisions.,"Conversational: Look, the worried results speak for themselves — we can't ignore them any longer.",GRE: The committee's decision to ___ was met with both praise and criticism from stakeholders. (fill in: worried)
2174,stretch,adjective,easily stretched,stretching; reaching; reach; stretchability; stretchiness; stint,shrink,"Use ""stretch"" (adjective) when you want to convey easily stretched. Appropriate in formal writing, GRE sentence-equivalence, and academic contexts where precision matters.","Avoid ""stretch"" in casual conversation among friends unless you are certain the listener will understand; it can sound pretentious. Also avoid when a simpler synonym suffices.","Academic: In the scholarly article, the author argued that the stretch phenomenon could not be overlooked.",Conversational: I told him the stretch approach just wouldn't work here — we need to rethink this.,GRE: Analysts noted that the company's ___ strategy had ___ results in the last quarter. (fill in: stretch)
2175,probing,adjective,diligent and thorough in inquiry or investigation,examine; inquisitory; dig into; probe; searching; poke into,,"Use ""probing"" (adjective) when you want to convey diligent and thorough in inquiry or investigation. Appropriate in formal writing, GRE sentence-equivalence, and academic contexts where precision matters.","Avoid ""probing"" in casual conversation among friends unless you are certain the listener will understand; it can sound pretentious. Also avoid when a simpler synonym suffices.",Academic: Contemporary scholars debate whether the probing hypothesis adequately explains the observed data.,"Conversational: You know, it's pretty clear that the probing situation needs our immediate attention.",GRE: Analysts noted that the company's ___ strategy had ___ results in the last quarter. (fill in: probing)
2176,unceasing,adjective,uninterrupted in time and indefinitely long continuing,eternal; unending; everlasting; ageless; perpetual; aeonian,,"Use ""unceasing"" (adjective) when you want to convey uninterrupted in time and indefinitely long continuing. Appropriate in formal writing, GRE sentence-equivalence, and academic contexts where precision matters.","Avoid ""unceasing"" in casual conversation among friends unless you are certain the listener will understand; it can sound pretentious. Also avoid when a simpler synonym suffices.",Academic: The researcher's findings revealed that the unceasing effect was statistically significant across all samples.,"Conversational: Look, the unceasing results speak for themselves — we can't ignore them any longer.",GRE: The author's ___ tone contrasted sharply with the ___ underlying message of the passage. (fill in: unceasing)
2177,amenable,adjective,disposed or willing to comply,tractable; conformable,,"Use ""amenable"" (adjective) when you want to convey disposed or willing to comply. Appropriate in formal writing, GRE sentence-equivalence, and academic contexts where precision matters.","Avoid ""amenable"" in casual conversation among friends unless you are certain the listener will understand; it can sound pretentious. Also avoid when a simpler synonym suffices.",Academic: A key consideration in modern discourse is how the amenable principle shapes contemporary policy decisions.,"Conversational: Look, the amenable results speak for themselves — we can't ignore them any longer.",GRE: The author's ___ tone contrasted sharply with the ___ underlying message of the passage. (fill in: amenable)
2178,capable,adjective,having the requisite qualities for,up to; open; equal to; subject; adequate to; able,incapable,"Use ""capable"" (adjective) when you want to convey having the requisite qualities for. Appropriate in formal writing, GRE sentence-equivalence, and academic contexts where precision matters.","Avoid ""capable"" in casual conversation among friends unless you are certain the listener will understand; it can sound pretentious. Also avoid when a simpler synonym suffices.",Academic: Contemporary scholars debate whether the capable hypothesis adequately explains the observed data.,"Conversational: Look, the capable results speak for themselves — we can't ignore them any longer.",GRE: Analysts noted that the company's ___ strategy had ___ results in the last quarter. (fill in: capable)
2179,dark-skinned,adjective,naturally having skin of a dark color,colored; dark; non-white; coloured; swarthy; swart,,"Use ""dark-skinned"" (adjective) when you want to convey naturally having skin of a dark color. Appropriate in formal writing, GRE sentence-equivalence, and academic contexts where precision matters.","Avoid ""dark-skinned"" in casual conversation among friends unless you are certain the listener will understand; it can sound pretentious. Also avoid when a simpler synonym suffices.",Academic: The researcher's findings revealed that the dark-skinned effect was statistically significant across all samples.,"Conversational: Honestly, the dark-skinned behavior of the team has been a major source of tension lately.",GRE: The professor described the ___ as a ___ that ___ the entire field of study. (fill in: dark-skinned)
2180,silver-scaled,adjective,having the body covered or partially covered with silver-colored scales,,,"Use ""silver-scaled"" (adjective) when you want to convey having the body covered or partially covered with silver-colored scales. Appropriate in formal writing, GRE sentence-equivalence, and academic contexts where precision matters.","Avoid ""silver-scaled"" in casual conversation among friends unless you are certain the listener will understand; it can sound pretentious. Also avoid when a simpler synonym suffices.",Academic: Contemporary scholars debate whether the silver-scaled hypothesis adequately explains the observed data.,"Conversational: Honestly, the silver-scaled behavior of the team has been a major source of tension lately.","GRE: Despite the ___ nature of the evidence, the researchers remained ___ about their conclusions. (fill in: silver-scaled)"
2181,colonnaded,adjective,having a series of columns arranged at regular intervals,,,"Use ""colonnaded"" (adjective) when you want to convey having a series of columns arranged at regular intervals. Appropriate in formal writing, GRE sentence-equivalence, and academic contexts where precision matters.","Avoid ""colonnaded"" in casual conversation among friends unless you are certain the listener will understand; it can sound pretentious. Also avoid when a simpler synonym suffices.",Academic: A key consideration in modern discourse is how the colonnaded principle shapes contemporary policy decisions.,"Conversational: You know, it's pretty clear that the colonnaded situation needs our immediate attention.",GRE: The author's ___ tone contrasted sharply with the ___ underlying message of the passage. (fill in: colonnaded)
2182,armour-plated,adjective,covered with heavy steel,steel-plated; armour-clad; armor-clad; armor-plated,,"Use ""armour-plated"" (adjective) when you want to convey covered with heavy steel. Appropriate in formal writing, GRE sentence-equivalence, and academic contexts where precision matters.","Avoid ""armour-plated"" in casual conversation among friends unless you are certain the listener will understand; it can sound pretentious. Also avoid when a simpler synonym suffices.","Academic: In the scholarly article, the author argued that the armour-plated phenomenon could not be overlooked.",Conversational: I've noticed the armour-plated trend in our office culture and it's starting to concern me.,GRE: The author's ___ tone contrasted sharply with the ___ underlying message of the passage. (fill in: armour-plated)
2183,notional,adjective,being of the nature of a notion or concept,imaginary; fanciful; speculative; ideational; conceptional,,"Use ""notional"" (adjective) when you want to convey being of the nature of a notion or concept. Appropriate in formal writing, GRE sentence-equivalence, and academic contexts where precision matters.","Avoid ""notional"" in casual conversation among friends unless you are certain the listener will understand; it can sound pretentious. Also avoid when a simpler synonym suffices.",Academic: The study concluded that the notional factor played a decisive role in the experimental outcome.,Conversational: I told him the notional approach just wouldn't work here — we need to rethink this.,GRE: The professor described the ___ as a ___ that ___ the entire field of study. (fill in: notional)
2184,downhearted,adjective,filled with melancholy and despondency,dispirited; down in the mouth; grim; down; low; depressed,,"Use ""downhearted"" (adjective) when you want to convey filled with melancholy and despondency. Appropriate in formal writing, GRE sentence-equivalence, and academic contexts where precision matters.","Avoid ""downhearted"" in casual conversation among friends unless you are certain the listener will understand; it can sound pretentious. Also avoid when a simpler synonym suffices.","Academic: In the scholarly article, the author argued that the downhearted phenomenon could not be overlooked.","Conversational: Honestly, the downhearted behavior of the team has been a major source of tension lately.",GRE: The author's ___ tone contrasted sharply with the ___ underlying message of the passage. (fill in: downhearted)
2185,voluminous,adjective,large in number or quantity (especially of discourse),tortuous; copious; twisting; twisty; winding,,"Use ""voluminous"" (adjective) when you want to convey large in number or quantity (especially of discourse). Appropriate in formal writing, GRE sentence-equivalence, and academic contexts where precision matters.","Avoid ""voluminous"" in casual conversation among friends unless you are certain the listener will understand; it can sound pretentious. Also avoid when a simpler synonym suffices.","Academic: In the scholarly article, the author argued that the voluminous phenomenon could not be overlooked.","Conversational: You know, it's pretty clear that the voluminous situation needs our immediate attention.",GRE: The author's ___ tone contrasted sharply with the ___ underlying message of the passage. (fill in: voluminous)
2186,umbellate,adjective,resembling an umbel in form,umbellar; umbel-like,,"Use ""umbellate"" (adjective) when you want to convey resembling an umbel in form. Appropriate in formal writing, GRE sentence-equivalence, and academic contexts where precision matters.","Avoid ""umbellate"" in casual conversation among friends unless you are certain the listener will understand; it can sound pretentious. Also avoid when a simpler synonym suffices.",Academic: A key consideration in modern discourse is how the umbellate principle shapes contemporary policy decisions.,"Conversational: You know, it's pretty clear that the umbellate situation needs our immediate attention.",GRE: The professor described the ___ as a ___ that ___ the entire field of study. (fill in: umbellate)
2187,unstained,adjective,(of reputation) free from blemishes,stainless; unspotted; untainted; unsullied; unvarnished; unsoiled,stained,"Use ""unstained"" (adjective) when you want to convey (of reputation) free from blemishes. Appropriate in formal writing, GRE sentence-equivalence, and academic contexts where precision matters.","Avoid ""unstained"" in casual conversation among friends unless you are certain the listener will understand; it can sound pretentious. Also avoid when a simpler synonym suffices.","Academic: In the scholarly article, the author argued that the unstained phenomenon could not be overlooked.",Conversational: I told him the unstained approach just wouldn't work here — we need to rethink this.,"GRE: Despite the ___ nature of the evidence, the researchers remained ___ about their conclusions. (fill in: unstained)"
2188,confluent,adjective,flowing together,merging; affluent; tributary; feeder,distributary,"Use ""confluent"" (adjective) when you want to convey flowing together. Appropriate in formal writing, GRE sentence-equivalence, and academic contexts where precision matters.","Avoid ""confluent"" in casual conversation among friends unless you are certain the listener will understand; it can sound pretentious. Also avoid when a simpler synonym suffices.",Academic: Contemporary scholars debate whether the confluent hypothesis adequately explains the observed data.,"Conversational: Look, the confluent results speak for themselves — we can't ignore them any longer.",GRE: The professor described the ___ as a ___ that ___ the entire field of study. (fill in: confluent)
2189,anaerobic,adjective,not aerobic,anaerobiotic,aerobic,"Use ""anaerobic"" (adjective) when you want to convey not aerobic. Appropriate in formal writing, GRE sentence-equivalence, and academic contexts where precision matters.","Avoid ""anaerobic"" in casual conversation among friends unless you are certain the listener will understand; it can sound pretentious. Also avoid when a simpler synonym suffices.",Academic: The study concluded that the anaerobic factor played a decisive role in the experimental outcome.,"Conversational: Look, the anaerobic results speak for themselves — we can't ignore them any longer.","GRE: Despite the ___ nature of the evidence, the researchers remained ___ about their conclusions. (fill in: anaerobic)"
2190,closed-ring,adjective,having atoms linked by bonds represented in circular or triangular form,closed-chain,,"Use ""closed-ring"" (adjective) when you want to convey having atoms linked by bonds represented in circular or triangular form. Appropriate in formal writing, GRE sentence-equivalence, and academic contexts where precision matters.","Avoid ""closed-ring"" in casual conversation among friends unless you are certain the listener will understand; it can sound pretentious. Also avoid when a simpler synonym suffices.",Academic: The study concluded that the closed-ring factor played a decisive role in the experimental outcome.,Conversational: I've noticed the closed-ring trend in our office culture and it's starting to concern me.,GRE: Analysts noted that the company's ___ strategy had ___ results in the last quarter. (fill in: closed-ring)
2191,reddish,adjective,of a color at the end of the color spectrum (next to orange); resembling the color of blood or cherries or tomatoes or rubies,cerise; cherry-red; crimson; blood-red; scarlet; ruby,,"Use ""reddish"" (adjective) when you want to convey of a color at the end of the color spectrum (next to orange); resembling the color of blood or cherries or tomatoes or rubies. Appropriate in formal writing, GRE sentence-equivalence, and academic contexts where precision matters.","Avoid ""reddish"" in casual conversation among friends unless you are certain the listener will understand; it can sound pretentious. Also avoid when a simpler synonym suffices.",Academic: The researcher's findings revealed that the reddish effect was statistically significant across all samples.,"Conversational: Look, the reddish results speak for themselves — we can't ignore them any longer.",GRE: Analysts noted that the company's ___ strategy had ___ results in the last quarter. (fill in: reddish)
2192,challengeable,adjective,capable of being challenged,,,"Use ""challengeable"" (adjective) when you want to convey capable of being challenged. Appropriate in formal writing, GRE sentence-equivalence, and academic contexts where precision matters.","Avoid ""challengeable"" in casual conversation among friends unless you are certain the listener will understand; it can sound pretentious. Also avoid when a simpler synonym suffices.",Academic: The researcher's findings revealed that the challengeable effect was statistically significant across all samples.,Conversational: I've noticed the challengeable trend in our office culture and it's starting to concern me.,"GRE: Despite the ___ nature of the evidence, the researchers remained ___ about their conclusions. (fill in: challengeable)"
2193,unconsumed,adjective,not consumed,,,"Use ""unconsumed"" (adjective) when you want to convey not consumed. Appropriate in formal writing, GRE sentence-equivalence, and academic contexts where precision matters.","Avoid ""unconsumed"" in casual conversation among friends unless you are certain the listener will understand; it can sound pretentious. Also avoid when a simpler synonym suffices.",Academic: A key consideration in modern discourse is how the unconsumed principle shapes contemporary policy decisions.,"Conversational: Look, the unconsumed results speak for themselves — we can't ignore them any longer.",GRE: Analysts noted that the company's ___ strategy had ___ results in the last quarter. (fill in: unconsumed)
2194,votive,adjective,dedicated in fulfillment of a vow,,,"Use ""votive"" (adjective) when you want to convey dedicated in fulfillment of a vow. Appropriate in formal writing, GRE sentence-equivalence, and academic contexts where precision matters.","Avoid ""votive"" in casual conversation among friends unless you are certain the listener will understand; it can sound pretentious. Also avoid when a simpler synonym suffices.",Academic: A key consideration in modern discourse is how the votive principle shapes contemporary policy decisions.,Conversational: I told him the votive approach just wouldn't work here — we need to rethink this.,GRE: Analysts noted that the company's ___ strategy had ___ results in the last quarter. (fill in: votive)
2195,damaging,adjective,"designed or tending to discredit, especially without positive or helpful suggestions",negative; damage; detrimental; prejudicial; prejudicious,,"Use ""damaging"" (adjective) when you want to convey designed or tending to discredit, especially without positive or helpful suggestions. Appropriate in formal writing, GRE sentence-equivalence, and academic contexts where precision matters.","Avoid ""damaging"" in casual conversation among friends unless you are certain the listener will understand; it can sound pretentious. Also avoid when a simpler synonym suffices.","Academic: In the scholarly article, the author argued that the damaging phenomenon could not be overlooked.","Conversational: You know, it's pretty clear that the damaging situation needs our immediate attention.",GRE: The committee's decision to ___ was met with both praise and criticism from stakeholders. (fill in: damaging)
2196,bespoke,adjective,(of clothing) custom-made,call for; point; indicate; quest; bespeak; request,,"Use ""bespoke"" (adjective) when you want to convey (of clothing) custom-made. Appropriate in formal writing, GRE sentence-equivalence, and academic contexts where precision matters.","Avoid ""bespoke"" in casual conversation among friends unless you are certain the listener will understand; it can sound pretentious. Also avoid when a simpler synonym suffices.",Academic: The researcher's findings revealed that the bespoke effect was statistically significant across all samples.,"Conversational: Look, the bespoke results speak for themselves — we can't ignore them any longer.","GRE: Despite the ___ nature of the evidence, the researchers remained ___ about their conclusions. (fill in: bespoke)"
2197,absorbable,adjective,capable of being absorbed or taken in through the pores of a surface,,adsorbable,"Use ""absorbable"" (adjective) when you want to convey capable of being absorbed or taken in through the pores of a surface. Appropriate in formal writing, GRE sentence-equivalence, and academic contexts where precision matters.","Avoid ""absorbable"" in casual conversation among friends unless you are certain the listener will understand; it can sound pretentious. Also avoid when a simpler synonym suffices.",Academic: The researcher's findings revealed that the absorbable effect was statistically significant across all samples.,"Conversational: You know, it's pretty clear that the absorbable situation needs our immediate attention.",GRE: Analysts noted that the company's ___ strategy had ___ results in the last quarter. (fill in: absorbable)
2198,bubbling,adjective,marked by high spirits or excitement,bubble; babble; guggle; ripple; gurgle; burble,,"Use ""bubbling"" (adjective) when you want to convey marked by high spirits or excitement. Appropriate in formal writing, GRE sentence-equivalence, and academic contexts where precision matters.","Avoid ""bubbling"" in casual conversation among friends unless you are certain the listener will understand; it can sound pretentious. Also avoid when a simpler synonym suffices.",Academic: The study concluded that the bubbling factor played a decisive role in the experimental outcome.,"Conversational: Look, the bubbling results speak for themselves — we can't ignore them any longer.",GRE: The author's ___ tone contrasted sharply with the ___ underlying message of the passage. (fill in: bubbling)
2199,combative,adjective,"inclined or showing an inclination to dispute or disagree, even to engage in law suits",agonistical; contentious; agonistic; litigious; disputatious; disputative,,"Use ""combative"" (adjective) when you want to convey inclined or showing an inclination to dispute or disagree, even to engage in law suits. Appropriate in formal writing, GRE sentence-equivalence, and academic contexts where precision matters.","Avoid ""combative"" in casual conversation among friends unless you are certain the listener will understand; it can sound pretentious. Also avoid when a simpler synonym suffices.",Academic: The study concluded that the combative factor played a decisive role in the experimental outcome.,Conversational: I've noticed the combative trend in our office culture and it's starting to concern me.,GRE: Analysts noted that the company's ___ strategy had ___ results in the last quarter. (fill in: combative)
2200,nocturnal,adjective,belonging to or active during the night,,diurnal,"Use ""nocturnal"" (adjective) when you want to convey belonging to or active during the night. Appropriate in formal writing, GRE sentence-equivalence, and academic contexts where precision matters.","Avoid ""nocturnal"" in casual conversation among friends unless you are certain the listener will understand; it can sound pretentious. Also avoid when a simpler synonym suffices.",Academic: The study concluded that the nocturnal factor played a decisive role in the experimental outcome.,Conversational: I've noticed the nocturnal trend in our office culture and it's starting to concern me.,"GRE: Despite the ___ nature of the evidence, the researchers remained ___ about their conclusions. (fill in: nocturnal)"
2201,unsatisfied,adjective,worried and uneasy,unsated; restless; unsatiated; ungratified,,"Use ""unsatisfied"" (adjective) when you want to convey worried and uneasy. Appropriate in formal writing, GRE sentence-equivalence, and academic contexts where precision matters.","Avoid ""unsatisfied"" in casual conversation among friends unless you are certain the listener will understand; it can sound pretentious. Also avoid when a simpler synonym suffices.",Academic: Contemporary scholars debate whether the unsatisfied hypothesis adequately explains the observed data.,"Conversational: Look, the unsatisfied results speak for themselves — we can't ignore them any longer.","GRE: Despite the ___ nature of the evidence, the researchers remained ___ about their conclusions. (fill in: unsatisfied)"
2202,statesmanlike,adjective,marked by the qualities of or befitting a statesman; ; -V.L.Parrington,statesmanly,unstatesmanlike,"Use ""statesmanlike"" (adjective) when you want to convey marked by the qualities of or befitting a statesman; ; -v.l.parrington. Appropriate in formal writing, GRE sentence-equivalence, and academic contexts where precision matters.","Avoid ""statesmanlike"" in casual conversation among friends unless you are certain the listener will understand; it can sound pretentious. Also avoid when a simpler synonym suffices.",Academic: A key consideration in modern discourse is how the statesmanlike principle shapes contemporary policy decisions.,Conversational: I told him the statesmanlike approach just wouldn't work here — we need to rethink this.,GRE: Analysts noted that the company's ___ strategy had ___ results in the last quarter. (fill in: statesmanlike)
2203,consecrated,adjective,solemnly dedicated to or set apart for a high purpose,ordinate; ordain; commit; give; consecrate; dedicate,desecrate; desecrated,"Use ""consecrated"" (adjective) when you want to convey solemnly dedicated to or set apart for a high purpose. Appropriate in formal writing, GRE sentence-equivalence, and academic contexts where precision matters.","Avoid ""consecrated"" in casual conversation among friends unless you are certain the listener will understand; it can sound pretentious. Also avoid when a simpler synonym suffices.",Academic: The study concluded that the consecrated factor played a decisive role in the experimental outcome.,Conversational: I've noticed the consecrated trend in our office culture and it's starting to concern me.,GRE: The committee's decision to ___ was met with both praise and criticism from stakeholders. (fill in: consecrated)
2204,uncontroversial,adjective,not likely to arouse controversy,noncontroversial,controversial,"Use ""uncontroversial"" (adjective) when you want to convey not likely to arouse controversy. Appropriate in formal writing, GRE sentence-equivalence, and academic contexts where precision matters.","Avoid ""uncontroversial"" in casual conversation among friends unless you are certain the listener will understand; it can sound pretentious. Also avoid when a simpler synonym suffices.",Academic: Contemporary scholars debate whether the uncontroversial hypothesis adequately explains the observed data.,"Conversational: Look, the uncontroversial results speak for themselves — we can't ignore them any longer.",GRE: Analysts noted that the company's ___ strategy had ___ results in the last quarter. (fill in: uncontroversial)
2205,argent,adjective,of lustrous grey; covered with or tinged with the color of silver,silver; silverish; silvery,,"Use ""argent"" (adjective) when you want to convey of lustrous grey; covered with or tinged with the color of silver. Appropriate in formal writing, GRE sentence-equivalence, and academic contexts where precision matters.","Avoid ""argent"" in casual conversation among friends unless you are certain the listener will understand; it can sound pretentious. Also avoid when a simpler synonym suffices.",Academic: Contemporary scholars debate whether the argent hypothesis adequately explains the observed data.,"Conversational: Honestly, the argent behavior of the team has been a major source of tension lately.","GRE: Despite the ___ nature of the evidence, the researchers remained ___ about their conclusions. (fill in: argent)"
2206,uncontrolled,adjective,not being under control; out of control,,controlled,"Use ""uncontrolled"" (adjective) when you want to convey not being under control; out of control. Appropriate in formal writing, GRE sentence-equivalence, and academic contexts where precision matters.","Avoid ""uncontrolled"" in casual conversation among friends unless you are certain the listener will understand; it can sound pretentious. Also avoid when a simpler synonym suffices.",Academic: Contemporary scholars debate whether the uncontrolled hypothesis adequately explains the observed data.,Conversational: I've noticed the uncontrolled trend in our office culture and it's starting to concern me.,GRE: The professor described the ___ as a ___ that ___ the entire field of study. (fill in: uncontrolled)
2207,relational,adjective,having a relation or being related,,,"Use ""relational"" (adjective) when you want to convey having a relation or being related. Appropriate in formal writing, GRE sentence-equivalence, and academic contexts where precision matters.","Avoid ""relational"" in casual conversation among friends unless you are certain the listener will understand; it can sound pretentious. Also avoid when a simpler synonym suffices.","Academic: In the scholarly article, the author argued that the relational phenomenon could not be overlooked.","Conversational: You know, it's pretty clear that the relational situation needs our immediate attention.",GRE: The author's ___ tone contrasted sharply with the ___ underlying message of the passage. (fill in: relational)
2208,unbranched,adjective,without branches,unbranching,,"Use ""unbranched"" (adjective) when you want to convey without branches. Appropriate in formal writing, GRE sentence-equivalence, and academic contexts where precision matters.","Avoid ""unbranched"" in casual conversation among friends unless you are certain the listener will understand; it can sound pretentious. Also avoid when a simpler synonym suffices.",Academic: The study concluded that the unbranched factor played a decisive role in the experimental outcome.,"Conversational: Honestly, the unbranched behavior of the team has been a major source of tension lately.",GRE: The committee's decision to ___ was met with both praise and criticism from stakeholders. (fill in: unbranched)
2209,lyrical,adjective,expressing deep emotion,lyric,,"Use ""lyrical"" (adjective) when you want to convey expressing deep emotion. Appropriate in formal writing, GRE sentence-equivalence, and academic contexts where precision matters.","Avoid ""lyrical"" in casual conversation among friends unless you are certain the listener will understand; it can sound pretentious. Also avoid when a simpler synonym suffices.",Academic: Contemporary scholars debate whether the lyrical hypothesis adequately explains the observed data.,"Conversational: Look, the lyrical results speak for themselves — we can't ignore them any longer.",GRE: The committee's decision to ___ was met with both praise and criticism from stakeholders. (fill in: lyrical)
2210,minimized,adjective,reduced to the smallest possible size or amount or degree,downplay; denigrate; minimise; minimize; understate; derogate,overstate; maximise; maximize,"Use ""minimized"" (adjective) when you want to convey reduced to the smallest possible size or amount or degree. Appropriate in formal writing, GRE sentence-equivalence, and academic contexts where precision matters.","Avoid ""minimized"" in casual conversation among friends unless you are certain the listener will understand; it can sound pretentious. Also avoid when a simpler synonym suffices.",Academic: The researcher's findings revealed that the minimized effect was statistically significant across all samples.,Conversational: I've noticed the minimized trend in our office culture and it's starting to concern me.,GRE: The professor described the ___ as a ___ that ___ the entire field of study. (fill in: minimized)
2211,swinish,adjective,resembling swine; coarsely gluttonous or greedy,hoggish; porcine; piggy; neandertal; oafish; neanderthal,,"Use ""swinish"" (adjective) when you want to convey resembling swine; coarsely gluttonous or greedy. Appropriate in formal writing, GRE sentence-equivalence, and academic contexts where precision matters.","Avoid ""swinish"" in casual conversation among friends unless you are certain the listener will understand; it can sound pretentious. Also avoid when a simpler synonym suffices.",Academic: The study concluded that the swinish factor played a decisive role in the experimental outcome.,Conversational: I've noticed the swinish trend in our office culture and it's starting to concern me.,GRE: The committee's decision to ___ was met with both praise and criticism from stakeholders. (fill in: swinish)
2212,obtuse,adjective,lacking in insight or discernment; ; - Jasper Griffin,purblind; dull; dim; dumb; slow; dense,acute,"Use ""obtuse"" (adjective) when you want to convey lacking in insight or discernment; ; - jasper griffin. Appropriate in formal writing, GRE sentence-equivalence, and academic contexts where precision matters.","Avoid ""obtuse"" in casual conversation among friends unless you are certain the listener will understand; it can sound pretentious. Also avoid when a simpler synonym suffices.",Academic: Contemporary scholars debate whether the obtuse hypothesis adequately explains the observed data.,Conversational: I've noticed the obtuse trend in our office culture and it's starting to concern me.,GRE: The committee's decision to ___ was met with both praise and criticism from stakeholders. (fill in: obtuse)
2213,ascetical,adjective,practicing great self-denial; - William James,spartan; austere; ascetic,,"Use ""ascetical"" (adjective) when you want to convey practicing great self-denial; - william james. Appropriate in formal writing, GRE sentence-equivalence, and academic contexts where precision matters.","Avoid ""ascetical"" in casual conversation among friends unless you are certain the listener will understand; it can sound pretentious. Also avoid when a simpler synonym suffices.",Academic: The researcher's findings revealed that the ascetical effect was statistically significant across all samples.,"Conversational: Look, the ascetical results speak for themselves — we can't ignore them any longer.",GRE: The committee's decision to ___ was met with both praise and criticism from stakeholders. (fill in: ascetical)
2214,endogamous,adjective,characterized by or fit for fertilization by pollen from another flower of the same kind,endogamic,autogamous; exogamous,"Use ""endogamous"" (adjective) when you want to convey characterized by or fit for fertilization by pollen from another flower of the same kind. Appropriate in formal writing, GRE sentence-equivalence, and academic contexts where precision matters.","Avoid ""endogamous"" in casual conversation among friends unless you are certain the listener will understand; it can sound pretentious. Also avoid when a simpler synonym suffices.",Academic: Contemporary scholars debate whether the endogamous hypothesis adequately explains the observed data.,Conversational: I've noticed the endogamous trend in our office culture and it's starting to concern me.,GRE: The professor described the ___ as a ___ that ___ the entire field of study. (fill in: endogamous)
2215,exanimate,adjective,deprived of life; no longer living,lifeless,,"Use ""exanimate"" (adjective) when you want to convey deprived of life; no longer living. Appropriate in formal writing, GRE sentence-equivalence, and academic contexts where precision matters.","Avoid ""exanimate"" in casual conversation among friends unless you are certain the listener will understand; it can sound pretentious. Also avoid when a simpler synonym suffices.",Academic: Contemporary scholars debate whether the exanimate hypothesis adequately explains the observed data.,"Conversational: You know, it's pretty clear that the exanimate situation needs our immediate attention.",GRE: The professor described the ___ as a ___ that ___ the entire field of study. (fill in: exanimate)
2216,inapposite,adjective,of an inappropriate or misapplied nature,out of place,,"Use ""inapposite"" (adjective) when you want to convey of an inappropriate or misapplied nature. Appropriate in formal writing, GRE sentence-equivalence, and academic contexts where precision matters.","Avoid ""inapposite"" in casual conversation among friends unless you are certain the listener will understand; it can sound pretentious. Also avoid when a simpler synonym suffices.",Academic: Contemporary scholars debate whether the inapposite hypothesis adequately explains the observed data.,"Conversational: You know, it's pretty clear that the inapposite situation needs our immediate attention.","GRE: Despite the ___ nature of the evidence, the researchers remained ___ about their conclusions. (fill in: inapposite)"
2217,demonstrable,adjective,necessarily or demonstrably true,provable; incontrovertible,,"Use ""demonstrable"" (adjective) when you want to convey necessarily or demonstrably true. Appropriate in formal writing, GRE sentence-equivalence, and academic contexts where precision matters.","Avoid ""demonstrable"" in casual conversation among friends unless you are certain the listener will understand; it can sound pretentious. Also avoid when a simpler synonym suffices.",Academic: The study concluded that the demonstrable factor played a decisive role in the experimental outcome.,Conversational: I've noticed the demonstrable trend in our office culture and it's starting to concern me.,"GRE: Despite the ___ nature of the evidence, the researchers remained ___ about their conclusions. (fill in: demonstrable)"
2218,chestnut,adjective,(of hair or feathers) of a golden brown to reddish brown color,chestnut tree,,"Use ""chestnut"" (adjective) when you want to convey (of hair or feathers) of a golden brown to reddish brown color. Appropriate in formal writing, GRE sentence-equivalence, and academic contexts where precision matters.","Avoid ""chestnut"" in casual conversation among friends unless you are certain the listener will understand; it can sound pretentious. Also avoid when a simpler synonym suffices.",Academic: Contemporary scholars debate whether the chestnut hypothesis adequately explains the observed data.,"Conversational: Honestly, the chestnut behavior of the team has been a major source of tension lately.","GRE: Despite the ___ nature of the evidence, the researchers remained ___ about their conclusions. (fill in: chestnut)"
2219,unpledged,adjective,not promised in marriage,unpromised; unengaged,,"Use ""unpledged"" (adjective) when you want to convey not promised in marriage. Appropriate in formal writing, GRE sentence-equivalence, and academic contexts where precision matters.","Avoid ""unpledged"" in casual conversation among friends unless you are certain the listener will understand; it can sound pretentious. Also avoid when a simpler synonym suffices.",Academic: A key consideration in modern discourse is how the unpledged principle shapes contemporary policy decisions.,"Conversational: Honestly, the unpledged behavior of the team has been a major source of tension lately.",GRE: The professor described the ___ as a ___ that ___ the entire field of study. (fill in: unpledged)
2220,connotative,adjective,having the power of implying or suggesting something in addition to what is explicit,,denotative,"Use ""connotative"" (adjective) when you want to convey having the power of implying or suggesting something in addition to what is explicit. Appropriate in formal writing, GRE sentence-equivalence, and academic contexts where precision matters.","Avoid ""connotative"" in casual conversation among friends unless you are certain the listener will understand; it can sound pretentious. Also avoid when a simpler synonym suffices.",Academic: The researcher's findings revealed that the connotative effect was statistically significant across all samples.,"Conversational: You know, it's pretty clear that the connotative situation needs our immediate attention.",GRE: The author's ___ tone contrasted sharply with the ___ underlying message of the passage. (fill in: connotative)
2221,unavowed,adjective,not affirmed or mentioned or declared,secret; sneaking,,"Use ""unavowed"" (adjective) when you want to convey not affirmed or mentioned or declared. Appropriate in formal writing, GRE sentence-equivalence, and academic contexts where precision matters.","Avoid ""unavowed"" in casual conversation among friends unless you are certain the listener will understand; it can sound pretentious. Also avoid when a simpler synonym suffices.",Academic: A key consideration in modern discourse is how the unavowed principle shapes contemporary policy decisions.,Conversational: I've noticed the unavowed trend in our office culture and it's starting to concern me.,GRE: The professor described the ___ as a ___ that ___ the entire field of study. (fill in: unavowed)
2222,independent,adjective,not controlled by a party or interest group,freelancer; free-lance; fencesitter; mugwump; self-employed person; freelance,dependent,"Use ""independent"" (adjective) when you want to convey not controlled by a party or interest group. Appropriate in formal writing, GRE sentence-equivalence, and academic contexts where precision matters.","Avoid ""independent"" in casual conversation among friends unless you are certain the listener will understand; it can sound pretentious. Also avoid when a simpler synonym suffices.","Academic: In the scholarly article, the author argued that the independent phenomenon could not be overlooked.","Conversational: Look, the independent results speak for themselves — we can't ignore them any longer.",GRE: The author's ___ tone contrasted sharply with the ___ underlying message of the passage. (fill in: independent)
2223,word-perfect,adjective,correct to the last detail; especially being in or following the exact words,letter-perfect,,"Use ""word-perfect"" (adjective) when you want to convey correct to the last detail; especially being in or following the exact words. Appropriate in formal writing, GRE sentence-equivalence, and academic contexts where precision matters.","Avoid ""word-perfect"" in casual conversation among friends unless you are certain the listener will understand; it can sound pretentious. Also avoid when a simpler synonym suffices.",Academic: The researcher's findings revealed that the word-perfect effect was statistically significant across all samples.,Conversational: I've noticed the word-perfect trend in our office culture and it's starting to concern me.,GRE: The committee's decision to ___ was met with both praise and criticism from stakeholders. (fill in: word-perfect)
2224,silver-colored,adjective,having the color of polished silver,,,"Use ""silver-colored"" (adjective) when you want to convey having the color of polished silver. Appropriate in formal writing, GRE sentence-equivalence, and academic contexts where precision matters.","Avoid ""silver-colored"" in casual conversation among friends unless you are certain the listener will understand; it can sound pretentious. Also avoid when a simpler synonym suffices.",Academic: A key consideration in modern discourse is how the silver-colored principle shapes contemporary policy decisions.,Conversational: I've noticed the silver-colored trend in our office culture and it's starting to concern me.,GRE: The committee's decision to ___ was met with both praise and criticism from stakeholders. (fill in: silver-colored)
2225,damnable,adjective,deserving a curse,execrable,,"Use ""damnable"" (adjective) when you want to convey deserving a curse. Appropriate in formal writing, GRE sentence-equivalence, and academic contexts where precision matters.","Avoid ""damnable"" in casual conversation among friends unless you are certain the listener will understand; it can sound pretentious. Also avoid when a simpler synonym suffices.",Academic: A key consideration in modern discourse is how the damnable principle shapes contemporary policy decisions.,"Conversational: Look, the damnable results speak for themselves — we can't ignore them any longer.",GRE: The committee's decision to ___ was met with both praise and criticism from stakeholders. (fill in: damnable)
2226,aliquot,adjective,signifying an exact divisor or factor of a quantity,aliquot part,aliquant,"Use ""aliquot"" (adjective) when you want to convey signifying an exact divisor or factor of a quantity. Appropriate in formal writing, GRE sentence-equivalence, and academic contexts where precision matters.","Avoid ""aliquot"" in casual conversation among friends unless you are certain the listener will understand; it can sound pretentious. Also avoid when a simpler synonym suffices.",Academic: The researcher's findings revealed that the aliquot effect was statistically significant across all samples.,Conversational: I've noticed the aliquot trend in our office culture and it's starting to concern me.,GRE: The committee's decision to ___ was met with both praise and criticism from stakeholders. (fill in: aliquot)
2227,capitalistic,adjective,favoring or practicing capitalism,capitalist,socialistic,"Use ""capitalistic"" (adjective) when you want to convey favoring or practicing capitalism. Appropriate in formal writing, GRE sentence-equivalence, and academic contexts where precision matters.","Avoid ""capitalistic"" in casual conversation among friends unless you are certain the listener will understand; it can sound pretentious. Also avoid when a simpler synonym suffices.",Academic: A key consideration in modern discourse is how the capitalistic principle shapes contemporary policy decisions.,"Conversational: Honestly, the capitalistic behavior of the team has been a major source of tension lately.",GRE: Analysts noted that the company's ___ strategy had ___ results in the last quarter. (fill in: capitalistic)
2228,can-do,adjective,marked by a willingness to tackle a job and get it done,,,"Use ""can-do"" (adjective) when you want to convey marked by a willingness to tackle a job and get it done. Appropriate in formal writing, GRE sentence-equivalence, and academic contexts where precision matters.","Avoid ""can-do"" in casual conversation among friends unless you are certain the listener will understand; it can sound pretentious. Also avoid when a simpler synonym suffices.",Academic: Contemporary scholars debate whether the can-do hypothesis adequately explains the observed data.,"Conversational: Honestly, the can-do behavior of the team has been a major source of tension lately.",GRE: The professor described the ___ as a ___ that ___ the entire field of study. (fill in: can-do)
2229,unexampled,adjective,having no previous example or precedent or parallel,new,,"Use ""unexampled"" (adjective) when you want to convey having no previous example or precedent or parallel. Appropriate in formal writing, GRE sentence-equivalence, and academic contexts where precision matters.","Avoid ""unexampled"" in casual conversation among friends unless you are certain the listener will understand; it can sound pretentious. Also avoid when a simpler synonym suffices.",Academic: A key consideration in modern discourse is how the unexampled principle shapes contemporary policy decisions.,"Conversational: You know, it's pretty clear that the unexampled situation needs our immediate attention.",GRE: The committee's decision to ___ was met with both praise and criticism from stakeholders. (fill in: unexampled)
2230,stupid,adjective,in a state of mental numbness especially as resulting from shock,dolt; poor fish; stupid person; dullard; stupe; pudden-head,smart; intelligent,"Use ""stupid"" (adjective) when you want to convey in a state of mental numbness especially as resulting from shock. Appropriate in formal writing, GRE sentence-equivalence, and academic contexts where precision matters.","Avoid ""stupid"" in casual conversation among friends unless you are certain the listener will understand; it can sound pretentious. Also avoid when a simpler synonym suffices.",Academic: Contemporary scholars debate whether the stupid hypothesis adequately explains the observed data.,Conversational: I told him the stupid approach just wouldn't work here — we need to rethink this.,GRE: The author's ___ tone contrasted sharply with the ___ underlying message of the passage. (fill in: stupid)
2231,cobwebby,adjective,covered with cobwebs,see-through; sheer; gauze-like; vapourous; gossamer; filmy,,"Use ""cobwebby"" (adjective) when you want to convey covered with cobwebs. Appropriate in formal writing, GRE sentence-equivalence, and academic contexts where precision matters.","Avoid ""cobwebby"" in casual conversation among friends unless you are certain the listener will understand; it can sound pretentious. Also avoid when a simpler synonym suffices.",Academic: The researcher's findings revealed that the cobwebby effect was statistically significant across all samples.,"Conversational: Look, the cobwebby results speak for themselves — we can't ignore them any longer.",GRE: The professor described the ___ as a ___ that ___ the entire field of study. (fill in: cobwebby)
2232,lonely,adjective,marked by dejection from being alone,unfrequented; lonesome; solitary; lone; alone,,"Use ""lonely"" (adjective) when you want to convey marked by dejection from being alone. Appropriate in formal writing, GRE sentence-equivalence, and academic contexts where precision matters.","Avoid ""lonely"" in casual conversation among friends unless you are certain the listener will understand; it can sound pretentious. Also avoid when a simpler synonym suffices.",Academic: The researcher's findings revealed that the lonely effect was statistically significant across all samples.,"Conversational: Honestly, the lonely behavior of the team has been a major source of tension lately.",GRE: Analysts noted that the company's ___ strategy had ___ results in the last quarter. (fill in: lonely)
2233,folding,adjective,capable of being folded up and stored,fold up; close; fold; protein folding; shut down; turn up,unfold; open,"Use ""folding"" (adjective) when you want to convey capable of being folded up and stored. Appropriate in formal writing, GRE sentence-equivalence, and academic contexts where precision matters.","Avoid ""folding"" in casual conversation among friends unless you are certain the listener will understand; it can sound pretentious. Also avoid when a simpler synonym suffices.",Academic: The study concluded that the folding factor played a decisive role in the experimental outcome.,Conversational: I told him the folding approach just wouldn't work here — we need to rethink this.,GRE: The author's ___ tone contrasted sharply with the ___ underlying message of the passage. (fill in: folding)
2234,well-defined,adjective,accurately stated or described,chiseled; clear,ill-defined,"Use ""well-defined"" (adjective) when you want to convey accurately stated or described. Appropriate in formal writing, GRE sentence-equivalence, and academic contexts where precision matters.","Avoid ""well-defined"" in casual conversation among friends unless you are certain the listener will understand; it can sound pretentious. Also avoid when a simpler synonym suffices.","Academic: In the scholarly article, the author argued that the well-defined phenomenon could not be overlooked.","Conversational: Honestly, the well-defined behavior of the team has been a major source of tension lately.",GRE: The committee's decision to ___ was met with both praise and criticism from stakeholders. (fill in: well-defined)
2235,unexcited,adjective,not excited,,excited,"Use ""unexcited"" (adjective) when you want to convey not excited. Appropriate in formal writing, GRE sentence-equivalence, and academic contexts where precision matters.","Avoid ""unexcited"" in casual conversation among friends unless you are certain the listener will understand; it can sound pretentious. Also avoid when a simpler synonym suffices.",Academic: The researcher's findings revealed that the unexcited effect was statistically significant across all samples.,Conversational: I've noticed the unexcited trend in our office culture and it's starting to concern me.,GRE: Analysts noted that the company's ___ strategy had ___ results in the last quarter. (fill in: unexcited)
2236,labored,adjective,requiring or showing effort,travail; tug; push; labor; fag; drive,,"Use ""labored"" (adjective) when you want to convey requiring or showing effort. Appropriate in formal writing, GRE sentence-equivalence, and academic contexts where precision matters.","Avoid ""labored"" in casual conversation among friends unless you are certain the listener will understand; it can sound pretentious. Also avoid when a simpler synonym suffices.",Academic: The study concluded that the labored factor played a decisive role in the experimental outcome.,"Conversational: Look, the labored results speak for themselves — we can't ignore them any longer.","GRE: Despite the ___ nature of the evidence, the researchers remained ___ about their conclusions. (fill in: labored)"
2237,cumulative,adjective,increasing by successive addition,accumulative,,"Use ""cumulative"" (adjective) when you want to convey increasing by successive addition. Appropriate in formal writing, GRE sentence-equivalence, and academic contexts where precision matters.","Avoid ""cumulative"" in casual conversation among friends unless you are certain the listener will understand; it can sound pretentious. Also avoid when a simpler synonym suffices.",Academic: The researcher's findings revealed that the cumulative effect was statistically significant across all samples.,"Conversational: Look, the cumulative results speak for themselves — we can't ignore them any longer.",GRE: Analysts noted that the company's ___ strategy had ___ results in the last quarter. (fill in: cumulative)
2238,existent,adjective,having existence or being or actuality,real; actual; existing,potential; unreal; nonexistent,"Use ""existent"" (adjective) when you want to convey having existence or being or actuality. Appropriate in formal writing, GRE sentence-equivalence, and academic contexts where precision matters.","Avoid ""existent"" in casual conversation among friends unless you are certain the listener will understand; it can sound pretentious. Also avoid when a simpler synonym suffices.",Academic: The researcher's findings revealed that the existent effect was statistically significant across all samples.,Conversational: I've noticed the existent trend in our office culture and it's starting to concern me.,GRE: The professor described the ___ as a ___ that ___ the entire field of study. (fill in: existent)
2239,adiabatic,adjective,occurring without loss or gain of heat,,diabatic,"Use ""adiabatic"" (adjective) when you want to convey occurring without loss or gain of heat. Appropriate in formal writing, GRE sentence-equivalence, and academic contexts where precision matters.","Avoid ""adiabatic"" in casual conversation among friends unless you are certain the listener will understand; it can sound pretentious. Also avoid when a simpler synonym suffices.","Academic: In the scholarly article, the author argued that the adiabatic phenomenon could not be overlooked.","Conversational: Honestly, the adiabatic behavior of the team has been a major source of tension lately.",GRE: The committee's decision to ___ was met with both praise and criticism from stakeholders. (fill in: adiabatic)
2240,letter-perfect,adjective,correct to the last detail; especially being in or following the exact words,word-perfect,,"Use ""letter-perfect"" (adjective) when you want to convey correct to the last detail; especially being in or following the exact words. Appropriate in formal writing, GRE sentence-equivalence, and academic contexts where precision matters.","Avoid ""letter-perfect"" in casual conversation among friends unless you are certain the listener will understand; it can sound pretentious. Also avoid when a simpler synonym suffices.","Academic: In the scholarly article, the author argued that the letter-perfect phenomenon could not be overlooked.",Conversational: I told him the letter-perfect approach just wouldn't work here — we need to rethink this.,"GRE: Despite the ___ nature of the evidence, the researchers remained ___ about their conclusions. (fill in: letter-perfect)"
2241,amorphous,adjective,without real or apparent crystalline form,unstructured; formless; uncrystallised; uncrystallized; shapeless,,"Use ""amorphous"" (adjective) when you want to convey without real or apparent crystalline form. Appropriate in formal writing, GRE sentence-equivalence, and academic contexts where precision matters.","Avoid ""amorphous"" in casual conversation among friends unless you are certain the listener will understand; it can sound pretentious. Also avoid when a simpler synonym suffices.",Academic: The study concluded that the amorphous factor played a decisive role in the experimental outcome.,"Conversational: Look, the amorphous results speak for themselves — we can't ignore them any longer.",GRE: The professor described the ___ as a ___ that ___ the entire field of study. (fill in: amorphous)
2242,unthinking,adjective,without care or thought for others,thoughtless; unreflective; unthoughtful; lumpen; uncaring; lumpish,thoughtfully,"Use ""unthinking"" (adjective) when you want to convey without care or thought for others. Appropriate in formal writing, GRE sentence-equivalence, and academic contexts where precision matters.","Avoid ""unthinking"" in casual conversation among friends unless you are certain the listener will understand; it can sound pretentious. Also avoid when a simpler synonym suffices.",Academic: The study concluded that the unthinking factor played a decisive role in the experimental outcome.,Conversational: I've noticed the unthinking trend in our office culture and it's starting to concern me.,GRE: Analysts noted that the company's ___ strategy had ___ results in the last quarter. (fill in: unthinking)
2243,fearless,adjective,invulnerable to fear or intimidation,unfearing; unafraid; dauntless; intrepid; brave; audacious,afraid,"Use ""fearless"" (adjective) when you want to convey invulnerable to fear or intimidation. Appropriate in formal writing, GRE sentence-equivalence, and academic contexts where precision matters.","Avoid ""fearless"" in casual conversation among friends unless you are certain the listener will understand; it can sound pretentious. Also avoid when a simpler synonym suffices.",Academic: The study concluded that the fearless factor played a decisive role in the experimental outcome.,"Conversational: Look, the fearless results speak for themselves — we can't ignore them any longer.","GRE: Despite the ___ nature of the evidence, the researchers remained ___ about their conclusions. (fill in: fearless)"
2244,alternate,adjective,every second one of a series; ; - the White Queen,flip; flip-flop; interchange; replacement; jump; switch,opposite,"Use ""alternate"" (adjective) when you want to convey every second one of a series; ; - the white queen. Appropriate in formal writing, GRE sentence-equivalence, and academic contexts where precision matters.","Avoid ""alternate"" in casual conversation among friends unless you are certain the listener will understand; it can sound pretentious. Also avoid when a simpler synonym suffices.",Academic: A key consideration in modern discourse is how the alternate principle shapes contemporary policy decisions.,Conversational: I told him the alternate approach just wouldn't work here — we need to rethink this.,GRE: The author's ___ tone contrasted sharply with the ___ underlying message of the passage. (fill in: alternate)
2245,urn-shaped,adjective,having a concave shape like an urn,,,"Use ""urn-shaped"" (adjective) when you want to convey having a concave shape like an urn. Appropriate in formal writing, GRE sentence-equivalence, and academic contexts where precision matters.","Avoid ""urn-shaped"" in casual conversation among friends unless you are certain the listener will understand; it can sound pretentious. Also avoid when a simpler synonym suffices.",Academic: The study concluded that the urn-shaped factor played a decisive role in the experimental outcome.,"Conversational: You know, it's pretty clear that the urn-shaped situation needs our immediate attention.",GRE: The professor described the ___ as a ___ that ___ the entire field of study. (fill in: urn-shaped)
2246,tailed,adjective,having a tail of a specified kind; often used in combination,tag; dog; trail; give chase; chase; tail,,"Use ""tailed"" (adjective) when you want to convey having a tail of a specified kind; often used in combination. Appropriate in formal writing, GRE sentence-equivalence, and academic contexts where precision matters.","Avoid ""tailed"" in casual conversation among friends unless you are certain the listener will understand; it can sound pretentious. Also avoid when a simpler synonym suffices.",Academic: The study concluded that the tailed factor played a decisive role in the experimental outcome.,"Conversational: Look, the tailed results speak for themselves — we can't ignore them any longer.",GRE: The professor described the ___ as a ___ that ___ the entire field of study. (fill in: tailed)
2247,senseless,adjective,(of especially persons) lacking sense or understanding or judgment,pointless; wasted; reasonless; otiose; insensible; mindless,,"Use ""senseless"" (adjective) when you want to convey (of especially persons) lacking sense or understanding or judgment. Appropriate in formal writing, GRE sentence-equivalence, and academic contexts where precision matters.","Avoid ""senseless"" in casual conversation among friends unless you are certain the listener will understand; it can sound pretentious. Also avoid when a simpler synonym suffices.",Academic: Contemporary scholars debate whether the senseless hypothesis adequately explains the observed data.,"Conversational: You know, it's pretty clear that the senseless situation needs our immediate attention.",GRE: The committee's decision to ___ was met with both praise and criticism from stakeholders. (fill in: senseless)
2248,feathered,adjective,adorned with feathers or plumes,square; feather; fledge; plumy; feathery,unfeathered,"Use ""feathered"" (adjective) when you want to convey adorned with feathers or plumes. Appropriate in formal writing, GRE sentence-equivalence, and academic contexts where precision matters.","Avoid ""feathered"" in casual conversation among friends unless you are certain the listener will understand; it can sound pretentious. Also avoid when a simpler synonym suffices.",Academic: Contemporary scholars debate whether the feathered hypothesis adequately explains the observed data.,"Conversational: Honestly, the feathered behavior of the team has been a major source of tension lately.","GRE: Despite the ___ nature of the evidence, the researchers remained ___ about their conclusions. (fill in: feathered)"
2249,interdependent,adjective,mutually dependent,mutually beneficial; mutualist,,"Use ""interdependent"" (adjective) when you want to convey mutually dependent. Appropriate in formal writing, GRE sentence-equivalence, and academic contexts where precision matters.","Avoid ""interdependent"" in casual conversation among friends unless you are certain the listener will understand; it can sound pretentious. Also avoid when a simpler synonym suffices.",Academic: Contemporary scholars debate whether the interdependent hypothesis adequately explains the observed data.,"Conversational: Honestly, the interdependent behavior of the team has been a major source of tension lately.",GRE: The professor described the ___ as a ___ that ___ the entire field of study. (fill in: interdependent)
2250,three-d,adjective,involving or relating to three dimensions or aspects; giving the illusion of depth,three-dimensional; third-dimensional; 3D; 3-dimensional; 3-D,,"Use ""three-d"" (adjective) when you want to convey involving or relating to three dimensions or aspects; giving the illusion of depth. Appropriate in formal writing, GRE sentence-equivalence, and academic contexts where precision matters.","Avoid ""three-d"" in casual conversation among friends unless you are certain the listener will understand; it can sound pretentious. Also avoid when a simpler synonym suffices.",Academic: A key consideration in modern discourse is how the three-d principle shapes contemporary policy decisions.,"Conversational: Honestly, the three-d behavior of the team has been a major source of tension lately.",GRE: The committee's decision to ___ was met with both praise and criticism from stakeholders. (fill in: three-d)
2251,submerged,adjective,growing or remaining under water,drown; submerge; submerse; inundate; overwhelm; deluge,,"Use ""submerged"" (adjective) when you want to convey growing or remaining under water. Appropriate in formal writing, GRE sentence-equivalence, and academic contexts where precision matters.","Avoid ""submerged"" in casual conversation among friends unless you are certain the listener will understand; it can sound pretentious. Also avoid when a simpler synonym suffices.",Academic: A key consideration in modern discourse is how the submerged principle shapes contemporary policy decisions.,Conversational: I've noticed the submerged trend in our office culture and it's starting to concern me.,"GRE: Despite the ___ nature of the evidence, the researchers remained ___ about their conclusions. (fill in: submerged)"
2252,two-channel,adjective,designating sound transmission from two sources through two channels,stereophonic; stereo,,"Use ""two-channel"" (adjective) when you want to convey designating sound transmission from two sources through two channels. Appropriate in formal writing, GRE sentence-equivalence, and academic contexts where precision matters.","Avoid ""two-channel"" in casual conversation among friends unless you are certain the listener will understand; it can sound pretentious. Also avoid when a simpler synonym suffices.",Academic: The study concluded that the two-channel factor played a decisive role in the experimental outcome.,Conversational: I told him the two-channel approach just wouldn't work here — we need to rethink this.,GRE: The author's ___ tone contrasted sharply with the ___ underlying message of the passage. (fill in: two-channel)
2253,spiteful,adjective,showing malicious ill will and a desire to hurt; motivated by spite,despiteful; vindictive,,"Use ""spiteful"" (adjective) when you want to convey showing malicious ill will and a desire to hurt; motivated by spite. Appropriate in formal writing, GRE sentence-equivalence, and academic contexts where precision matters.","Avoid ""spiteful"" in casual conversation among friends unless you are certain the listener will understand; it can sound pretentious. Also avoid when a simpler synonym suffices.",Academic: The researcher's findings revealed that the spiteful effect was statistically significant across all samples.,Conversational: I've noticed the spiteful trend in our office culture and it's starting to concern me.,GRE: The professor described the ___ as a ___ that ___ the entire field of study. (fill in: spiteful)
2254,disparaging,adjective,expressive of low opinion,derogatory; disparage; derogative; pick at; belittle,flatter,"Use ""disparaging"" (adjective) when you want to convey expressive of low opinion. Appropriate in formal writing, GRE sentence-equivalence, and academic contexts where precision matters.","Avoid ""disparaging"" in casual conversation among friends unless you are certain the listener will understand; it can sound pretentious. Also avoid when a simpler synonym suffices.",Academic: The researcher's findings revealed that the disparaging effect was statistically significant across all samples.,"Conversational: Honestly, the disparaging behavior of the team has been a major source of tension lately.",GRE: The author's ___ tone contrasted sharply with the ___ underlying message of the passage. (fill in: disparaging)
2255,adaptive,adjective,having a capacity for adaptation,adaptative,maladaptive,"Use ""adaptive"" (adjective) when you want to convey having a capacity for adaptation. Appropriate in formal writing, GRE sentence-equivalence, and academic contexts where precision matters.","Avoid ""adaptive"" in casual conversation among friends unless you are certain the listener will understand; it can sound pretentious. Also avoid when a simpler synonym suffices.","Academic: In the scholarly article, the author argued that the adaptive phenomenon could not be overlooked.","Conversational: You know, it's pretty clear that the adaptive situation needs our immediate attention.",GRE: The committee's decision to ___ was met with both praise and criticism from stakeholders. (fill in: adaptive)
2256,checkered,adjective,marked by changeable fortune,checker; chequered; checked; chequer; check,,"Use ""checkered"" (adjective) when you want to convey marked by changeable fortune. Appropriate in formal writing, GRE sentence-equivalence, and academic contexts where precision matters.","Avoid ""checkered"" in casual conversation among friends unless you are certain the listener will understand; it can sound pretentious. Also avoid when a simpler synonym suffices.","Academic: In the scholarly article, the author argued that the checkered phenomenon could not be overlooked.","Conversational: Look, the checkered results speak for themselves — we can't ignore them any longer.",GRE: The committee's decision to ___ was met with both praise and criticism from stakeholders. (fill in: checkered)
2257,lovely,adjective,appealing to the emotions as well as the eye,cover girl; adorable; endearing; pin-up,,"Use ""lovely"" (adjective) when you want to convey appealing to the emotions as well as the eye. Appropriate in formal writing, GRE sentence-equivalence, and academic contexts where precision matters.","Avoid ""lovely"" in casual conversation among friends unless you are certain the listener will understand; it can sound pretentious. Also avoid when a simpler synonym suffices.",Academic: Contemporary scholars debate whether the lovely hypothesis adequately explains the observed data.,"Conversational: You know, it's pretty clear that the lovely situation needs our immediate attention.","GRE: Despite the ___ nature of the evidence, the researchers remained ___ about their conclusions. (fill in: lovely)"
2258,euphoriant,adjective,tending to produce euphoria,,,"Use ""euphoriant"" (adjective) when you want to convey tending to produce euphoria. Appropriate in formal writing, GRE sentence-equivalence, and academic contexts where precision matters.","Avoid ""euphoriant"" in casual conversation among friends unless you are certain the listener will understand; it can sound pretentious. Also avoid when a simpler synonym suffices.",Academic: A key consideration in modern discourse is how the euphoriant principle shapes contemporary policy decisions.,Conversational: I told him the euphoriant approach just wouldn't work here — we need to rethink this.,GRE: The professor described the ___ as a ___ that ___ the entire field of study. (fill in: euphoriant)
2259,appropriable,adjective,that can be appropriated,,,"Use ""appropriable"" (adjective) when you want to convey that can be appropriated. Appropriate in formal writing, GRE sentence-equivalence, and academic contexts where precision matters.","Avoid ""appropriable"" in casual conversation among friends unless you are certain the listener will understand; it can sound pretentious. Also avoid when a simpler synonym suffices.",Academic: A key consideration in modern discourse is how the appropriable principle shapes contemporary policy decisions.,Conversational: I told him the appropriable approach just wouldn't work here — we need to rethink this.,GRE: The committee's decision to ___ was met with both praise and criticism from stakeholders. (fill in: appropriable)
2260,boss-eyed,adjective,(British informal) cross-eyed,,,"Use ""boss-eyed"" (adjective) when you want to convey (british informal) cross-eyed. Appropriate in formal writing, GRE sentence-equivalence, and academic contexts where precision matters.","Avoid ""boss-eyed"" in casual conversation among friends unless you are certain the listener will understand; it can sound pretentious. Also avoid when a simpler synonym suffices.","Academic: In the scholarly article, the author argued that the boss-eyed phenomenon could not be overlooked.",Conversational: I've noticed the boss-eyed trend in our office culture and it's starting to concern me.,GRE: The committee's decision to ___ was met with both praise and criticism from stakeholders. (fill in: boss-eyed)
2261,intact,adjective,constituting the undiminished entirety; lacking nothing essential especially not damaged; - Bacon,entire; integral; inviolate,,"Use ""intact"" (adjective) when you want to convey constituting the undiminished entirety; lacking nothing essential especially not damaged; - bacon. Appropriate in formal writing, GRE sentence-equivalence, and academic contexts where precision matters.","Avoid ""intact"" in casual conversation among friends unless you are certain the listener will understand; it can sound pretentious. Also avoid when a simpler synonym suffices.","Academic: In the scholarly article, the author argued that the intact phenomenon could not be overlooked.",Conversational: I've noticed the intact trend in our office culture and it's starting to concern me.,GRE: Analysts noted that the company's ___ strategy had ___ results in the last quarter. (fill in: intact)
2262,elevated,adjective,increased in amount or degree,elevate; promote; elevated railway; el; overhead railway; upgrade,demote; lower,"Use ""elevated"" (adjective) when you want to convey increased in amount or degree. Appropriate in formal writing, GRE sentence-equivalence, and academic contexts where precision matters.","Avoid ""elevated"" in casual conversation among friends unless you are certain the listener will understand; it can sound pretentious. Also avoid when a simpler synonym suffices.",Academic: Contemporary scholars debate whether the elevated hypothesis adequately explains the observed data.,"Conversational: You know, it's pretty clear that the elevated situation needs our immediate attention.",GRE: The committee's decision to ___ was met with both praise and criticism from stakeholders. (fill in: elevated)
2263,hearable,adjective,heard or perceptible by the ear,audible,inaudible,"Use ""hearable"" (adjective) when you want to convey heard or perceptible by the ear. Appropriate in formal writing, GRE sentence-equivalence, and academic contexts where precision matters.","Avoid ""hearable"" in casual conversation among friends unless you are certain the listener will understand; it can sound pretentious. Also avoid when a simpler synonym suffices.","Academic: In the scholarly article, the author argued that the hearable phenomenon could not be overlooked.",Conversational: I've noticed the hearable trend in our office culture and it's starting to concern me.,GRE: Analysts noted that the company's ___ strategy had ___ results in the last quarter. (fill in: hearable)
2264,humdrum,adjective,not challenging; dull and lacking excitement,prosaic; unglamorous; sameness; unglamourous; commonplace; monotony,,"Use ""humdrum"" (adjective) when you want to convey not challenging; dull and lacking excitement. Appropriate in formal writing, GRE sentence-equivalence, and academic contexts where precision matters.","Avoid ""humdrum"" in casual conversation among friends unless you are certain the listener will understand; it can sound pretentious. Also avoid when a simpler synonym suffices.",Academic: The study concluded that the humdrum factor played a decisive role in the experimental outcome.,Conversational: I've noticed the humdrum trend in our office culture and it's starting to concern me.,GRE: Analysts noted that the company's ___ strategy had ___ results in the last quarter. (fill in: humdrum)
2265,unflattering,adjective,showing or representing unfavorably,uncomplimentary,flattering,"Use ""unflattering"" (adjective) when you want to convey showing or representing unfavorably. Appropriate in formal writing, GRE sentence-equivalence, and academic contexts where precision matters.","Avoid ""unflattering"" in casual conversation among friends unless you are certain the listener will understand; it can sound pretentious. Also avoid when a simpler synonym suffices.","Academic: In the scholarly article, the author argued that the unflattering phenomenon could not be overlooked.",Conversational: I told him the unflattering approach just wouldn't work here — we need to rethink this.,GRE: The professor described the ___ as a ___ that ___ the entire field of study. (fill in: unflattering)
2266,unbelieving,adjective,denying or questioning the tenets of especially a religion,sceptical; disbelieving; atheistical; nescient; skeptical; atheistic,,"Use ""unbelieving"" (adjective) when you want to convey denying or questioning the tenets of especially a religion. Appropriate in formal writing, GRE sentence-equivalence, and academic contexts where precision matters.","Avoid ""unbelieving"" in casual conversation among friends unless you are certain the listener will understand; it can sound pretentious. Also avoid when a simpler synonym suffices.",Academic: A key consideration in modern discourse is how the unbelieving principle shapes contemporary policy decisions.,"Conversational: Look, the unbelieving results speak for themselves — we can't ignore them any longer.",GRE: The committee's decision to ___ was met with both praise and criticism from stakeholders. (fill in: unbelieving)
2267,unarmoured,adjective,(used of persons or things military) without protective armor,unarmored,armored,"Use ""unarmoured"" (adjective) when you want to convey (used of persons or things military) without protective armor. Appropriate in formal writing, GRE sentence-equivalence, and academic contexts where precision matters.","Avoid ""unarmoured"" in casual conversation among friends unless you are certain the listener will understand; it can sound pretentious. Also avoid when a simpler synonym suffices.",Academic: The study concluded that the unarmoured factor played a decisive role in the experimental outcome.,"Conversational: Honestly, the unarmoured behavior of the team has been a major source of tension lately.","GRE: Despite the ___ nature of the evidence, the researchers remained ___ about their conclusions. (fill in: unarmoured)"
2268,item-by-item,adjective,separate and distinct from others of the same kind,case-by-case; individual,,"Use ""item-by-item"" (adjective) when you want to convey separate and distinct from others of the same kind. Appropriate in formal writing, GRE sentence-equivalence, and academic contexts where precision matters.","Avoid ""item-by-item"" in casual conversation among friends unless you are certain the listener will understand; it can sound pretentious. Also avoid when a simpler synonym suffices.",Academic: A key consideration in modern discourse is how the item-by-item principle shapes contemporary policy decisions.,"Conversational: Honestly, the item-by-item behavior of the team has been a major source of tension lately.",GRE: Analysts noted that the company's ___ strategy had ___ results in the last quarter. (fill in: item-by-item)
2269,unencumbered,adjective,free of encumbrance,,encumbered,"Use ""unencumbered"" (adjective) when you want to convey free of encumbrance. Appropriate in formal writing, GRE sentence-equivalence, and academic contexts where precision matters.","Avoid ""unencumbered"" in casual conversation among friends unless you are certain the listener will understand; it can sound pretentious. Also avoid when a simpler synonym suffices.","Academic: In the scholarly article, the author argued that the unencumbered phenomenon could not be overlooked.","Conversational: Honestly, the unencumbered behavior of the team has been a major source of tension lately.",GRE: The committee's decision to ___ was met with both praise and criticism from stakeholders. (fill in: unencumbered)
2270,unceremonious,adjective,without due formalities,unceremonial,,"Use ""unceremonious"" (adjective) when you want to convey without due formalities. Appropriate in formal writing, GRE sentence-equivalence, and academic contexts where precision matters.","Avoid ""unceremonious"" in casual conversation among friends unless you are certain the listener will understand; it can sound pretentious. Also avoid when a simpler synonym suffices.",Academic: The study concluded that the unceremonious factor played a decisive role in the experimental outcome.,"Conversational: Look, the unceremonious results speak for themselves — we can't ignore them any longer.",GRE: The professor described the ___ as a ___ that ___ the entire field of study. (fill in: unceremonious)
2271,nonionic,adjective,not converted into ions,nonionised; nonionized; unionised; nonpolar; unionized,ionic; ionized,"Use ""nonionic"" (adjective) when you want to convey not converted into ions. Appropriate in formal writing, GRE sentence-equivalence, and academic contexts where precision matters.","Avoid ""nonionic"" in casual conversation among friends unless you are certain the listener will understand; it can sound pretentious. Also avoid when a simpler synonym suffices.","Academic: In the scholarly article, the author argued that the nonionic phenomenon could not be overlooked.","Conversational: Honestly, the nonionic behavior of the team has been a major source of tension lately.",GRE: The professor described the ___ as a ___ that ___ the entire field of study. (fill in: nonionic)
2272,undereducated,adjective,poorly or insufficiently educated,,,"Use ""undereducated"" (adjective) when you want to convey poorly or insufficiently educated. Appropriate in formal writing, GRE sentence-equivalence, and academic contexts where precision matters.","Avoid ""undereducated"" in casual conversation among friends unless you are certain the listener will understand; it can sound pretentious. Also avoid when a simpler synonym suffices.",Academic: The researcher's findings revealed that the undereducated effect was statistically significant across all samples.,"Conversational: Look, the undereducated results speak for themselves — we can't ignore them any longer.",GRE: The committee's decision to ___ was met with both praise and criticism from stakeholders. (fill in: undereducated)
2273,indecent,adjective,offensive to good taste especially in sexual matters,unseemly; uncomely; indecorous; untoward; unbecoming,decent,"Use ""indecent"" (adjective) when you want to convey offensive to good taste especially in sexual matters. Appropriate in formal writing, GRE sentence-equivalence, and academic contexts where precision matters.","Avoid ""indecent"" in casual conversation among friends unless you are certain the listener will understand; it can sound pretentious. Also avoid when a simpler synonym suffices.",Academic: The study concluded that the indecent factor played a decisive role in the experimental outcome.,Conversational: I told him the indecent approach just wouldn't work here — we need to rethink this.,GRE: The author's ___ tone contrasted sharply with the ___ underlying message of the passage. (fill in: indecent)
2274,guiding,adjective,exerting control or influence,direct; manoeuver; manoeuvre; point; head; steer,,"Use ""guiding"" (adjective) when you want to convey exerting control or influence. Appropriate in formal writing, GRE sentence-equivalence, and academic contexts where precision matters.","Avoid ""guiding"" in casual conversation among friends unless you are certain the listener will understand; it can sound pretentious. Also avoid when a simpler synonym suffices.",Academic: The study concluded that the guiding factor played a decisive role in the experimental outcome.,Conversational: I told him the guiding approach just wouldn't work here — we need to rethink this.,"GRE: Despite the ___ nature of the evidence, the researchers remained ___ about their conclusions. (fill in: guiding)"
2275,blue-black,adjective,of black tinged with blue,bluish black,,"Use ""blue-black"" (adjective) when you want to convey of black tinged with blue. Appropriate in formal writing, GRE sentence-equivalence, and academic contexts where precision matters.","Avoid ""blue-black"" in casual conversation among friends unless you are certain the listener will understand; it can sound pretentious. Also avoid when a simpler synonym suffices.","Academic: In the scholarly article, the author argued that the blue-black phenomenon could not be overlooked.",Conversational: I told him the blue-black approach just wouldn't work here — we need to rethink this.,GRE: The author's ___ tone contrasted sharply with the ___ underlying message of the passage. (fill in: blue-black)
2276,decentralizing,adjective,tending away from a central point,decentralise; deconcentrate; decentralising; decentralize,centralise; concentrate; centralizing; centralize,"Use ""decentralizing"" (adjective) when you want to convey tending away from a central point. Appropriate in formal writing, GRE sentence-equivalence, and academic contexts where precision matters.","Avoid ""decentralizing"" in casual conversation among friends unless you are certain the listener will understand; it can sound pretentious. Also avoid when a simpler synonym suffices.",Academic: The study concluded that the decentralizing factor played a decisive role in the experimental outcome.,Conversational: I told him the decentralizing approach just wouldn't work here — we need to rethink this.,GRE: The author's ___ tone contrasted sharply with the ___ underlying message of the passage. (fill in: decentralizing)
2277,fallen,adjective,having lost your chastity,descend; precipitate; fall; come; go down; come down,ascend; rise; increase,"Use ""fallen"" (adjective) when you want to convey having lost your chastity. Appropriate in formal writing, GRE sentence-equivalence, and academic contexts where precision matters.","Avoid ""fallen"" in casual conversation among friends unless you are certain the listener will understand; it can sound pretentious. Also avoid when a simpler synonym suffices.","Academic: In the scholarly article, the author argued that the fallen phenomenon could not be overlooked.","Conversational: Look, the fallen results speak for themselves — we can't ignore them any longer.",GRE: The professor described the ___ as a ___ that ___ the entire field of study. (fill in: fallen)
2278,devouring,adjective,(often followed by `for') ardently or excessively desirous,guttle; devour; down; consume; pig; go through,,"Use ""devouring"" (adjective) when you want to convey (often followed by `for') ardently or excessively desirous. Appropriate in formal writing, GRE sentence-equivalence, and academic contexts where precision matters.","Avoid ""devouring"" in casual conversation among friends unless you are certain the listener will understand; it can sound pretentious. Also avoid when a simpler synonym suffices.","Academic: In the scholarly article, the author argued that the devouring phenomenon could not be overlooked.","Conversational: You know, it's pretty clear that the devouring situation needs our immediate attention.",GRE: The committee's decision to ___ was met with both praise and criticism from stakeholders. (fill in: devouring)
2279,acroscopic,adjective,facing or on the side toward the apex,,basiscopic,"Use ""acroscopic"" (adjective) when you want to convey facing or on the side toward the apex. Appropriate in formal writing, GRE sentence-equivalence, and academic contexts where precision matters.","Avoid ""acroscopic"" in casual conversation among friends unless you are certain the listener will understand; it can sound pretentious. Also avoid when a simpler synonym suffices.","Academic: In the scholarly article, the author argued that the acroscopic phenomenon could not be overlooked.",Conversational: I've noticed the acroscopic trend in our office culture and it's starting to concern me.,GRE: The professor described the ___ as a ___ that ___ the entire field of study. (fill in: acroscopic)
2280,unsurpassed,adjective,not capable of being improved on,unexceeded; unexcelled,,"Use ""unsurpassed"" (adjective) when you want to convey not capable of being improved on. Appropriate in formal writing, GRE sentence-equivalence, and academic contexts where precision matters.","Avoid ""unsurpassed"" in casual conversation among friends unless you are certain the listener will understand; it can sound pretentious. Also avoid when a simpler synonym suffices.",Academic: The study concluded that the unsurpassed factor played a decisive role in the experimental outcome.,"Conversational: You know, it's pretty clear that the unsurpassed situation needs our immediate attention.","GRE: Despite the ___ nature of the evidence, the researchers remained ___ about their conclusions. (fill in: unsurpassed)"
2281,unappetizing,adjective,"not appetizing in appearance, aroma, or taste",unappetising,appetizing,"Use ""unappetizing"" (adjective) when you want to convey not appetizing in appearance, aroma, or taste. Appropriate in formal writing, GRE sentence-equivalence, and academic contexts where precision matters.","Avoid ""unappetizing"" in casual conversation among friends unless you are certain the listener will understand; it can sound pretentious. Also avoid when a simpler synonym suffices.",Academic: The researcher's findings revealed that the unappetizing effect was statistically significant across all samples.,"Conversational: You know, it's pretty clear that the unappetizing situation needs our immediate attention.",GRE: The committee's decision to ___ was met with both praise and criticism from stakeholders. (fill in: unappetizing)
2282,scared,adjective,made afraid,daunt; frighten off; pall; scare off; scare; frighten,,"Use ""scared"" (adjective) when you want to convey made afraid. Appropriate in formal writing, GRE sentence-equivalence, and academic contexts where precision matters.","Avoid ""scared"" in casual conversation among friends unless you are certain the listener will understand; it can sound pretentious. Also avoid when a simpler synonym suffices.",Academic: The study concluded that the scared factor played a decisive role in the experimental outcome.,"Conversational: Honestly, the scared behavior of the team has been a major source of tension lately.",GRE: Analysts noted that the company's ___ strategy had ___ results in the last quarter. (fill in: scared)
2283,homicidal,adjective,characteristic of or capable of or having a tendency toward killing another human being,murderous,,"Use ""homicidal"" (adjective) when you want to convey characteristic of or capable of or having a tendency toward killing another human being. Appropriate in formal writing, GRE sentence-equivalence, and academic contexts where precision matters.","Avoid ""homicidal"" in casual conversation among friends unless you are certain the listener will understand; it can sound pretentious. Also avoid when a simpler synonym suffices.",Academic: A key consideration in modern discourse is how the homicidal principle shapes contemporary policy decisions.,"Conversational: Look, the homicidal results speak for themselves — we can't ignore them any longer.",GRE: The author's ___ tone contrasted sharply with the ___ underlying message of the passage. (fill in: homicidal)
2284,labor-intensive,adjective,requiring a large expenditure of labor but not much capital,labour-intensive,,"Use ""labor-intensive"" (adjective) when you want to convey requiring a large expenditure of labor but not much capital. Appropriate in formal writing, GRE sentence-equivalence, and academic contexts where precision matters.","Avoid ""labor-intensive"" in casual conversation among friends unless you are certain the listener will understand; it can sound pretentious. Also avoid when a simpler synonym suffices.","Academic: In the scholarly article, the author argued that the labor-intensive phenomenon could not be overlooked.",Conversational: I've noticed the labor-intensive trend in our office culture and it's starting to concern me.,"GRE: Despite the ___ nature of the evidence, the researchers remained ___ about their conclusions. (fill in: labor-intensive)"
2285,biconcave,adjective,concave on both sides,concavo-concave,,"Use ""biconcave"" (adjective) when you want to convey concave on both sides. Appropriate in formal writing, GRE sentence-equivalence, and academic contexts where precision matters.","Avoid ""biconcave"" in casual conversation among friends unless you are certain the listener will understand; it can sound pretentious. Also avoid when a simpler synonym suffices.",Academic: The study concluded that the biconcave factor played a decisive role in the experimental outcome.,"Conversational: Look, the biconcave results speak for themselves — we can't ignore them any longer.","GRE: Despite the ___ nature of the evidence, the researchers remained ___ about their conclusions. (fill in: biconcave)"
2286,ineffective,adjective,not producing an intended effect,ineffectual; unable; inefficient; uneffective,effective,"Use ""ineffective"" (adjective) when you want to convey not producing an intended effect. Appropriate in formal writing, GRE sentence-equivalence, and academic contexts where precision matters.","Avoid ""ineffective"" in casual conversation among friends unless you are certain the listener will understand; it can sound pretentious. Also avoid when a simpler synonym suffices.","Academic: In the scholarly article, the author argued that the ineffective phenomenon could not be overlooked.",Conversational: I've noticed the ineffective trend in our office culture and it's starting to concern me.,GRE: Analysts noted that the company's ___ strategy had ___ results in the last quarter. (fill in: ineffective)
2287,adjuratory,adjective,earnestly or solemnly entreating,,,"Use ""adjuratory"" (adjective) when you want to convey earnestly or solemnly entreating. Appropriate in formal writing, GRE sentence-equivalence, and academic contexts where precision matters.","Avoid ""adjuratory"" in casual conversation among friends unless you are certain the listener will understand; it can sound pretentious. Also avoid when a simpler synonym suffices.","Academic: In the scholarly article, the author argued that the adjuratory phenomenon could not be overlooked.","Conversational: Look, the adjuratory results speak for themselves — we can't ignore them any longer.","GRE: Despite the ___ nature of the evidence, the researchers remained ___ about their conclusions. (fill in: adjuratory)"
2288,soothing,adjective,affording physical relief,console; comfort; assuasive; soothe; solace,irritate,"Use ""soothing"" (adjective) when you want to convey affording physical relief. Appropriate in formal writing, GRE sentence-equivalence, and academic contexts where precision matters.","Avoid ""soothing"" in casual conversation among friends unless you are certain the listener will understand; it can sound pretentious. Also avoid when a simpler synonym suffices.","Academic: In the scholarly article, the author argued that the soothing phenomenon could not be overlooked.",Conversational: I've noticed the soothing trend in our office culture and it's starting to concern me.,GRE: The author's ___ tone contrasted sharply with the ___ underlying message of the passage. (fill in: soothing)
2289,conductive,adjective,having the quality or power of conducting heat or electricity or sound; exhibiting conductivity,,nonconductive,"Use ""conductive"" (adjective) when you want to convey having the quality or power of conducting heat or electricity or sound; exhibiting conductivity. Appropriate in formal writing, GRE sentence-equivalence, and academic contexts where precision matters.","Avoid ""conductive"" in casual conversation among friends unless you are certain the listener will understand; it can sound pretentious. Also avoid when a simpler synonym suffices.",Academic: A key consideration in modern discourse is how the conductive principle shapes contemporary policy decisions.,"Conversational: Honestly, the conductive behavior of the team has been a major source of tension lately.",GRE: The professor described the ___ as a ___ that ___ the entire field of study. (fill in: conductive)
2290,untended,adjective,lacking care and attention,,,"Use ""untended"" (adjective) when you want to convey lacking care and attention. Appropriate in formal writing, GRE sentence-equivalence, and academic contexts where precision matters.","Avoid ""untended"" in casual conversation among friends unless you are certain the listener will understand; it can sound pretentious. Also avoid when a simpler synonym suffices.",Academic: The study concluded that the untended factor played a decisive role in the experimental outcome.,"Conversational: You know, it's pretty clear that the untended situation needs our immediate attention.",GRE: The committee's decision to ___ was met with both praise and criticism from stakeholders. (fill in: untended)
2291,semidetached,adjective,attached on one side only,,,"Use ""semidetached"" (adjective) when you want to convey attached on one side only. Appropriate in formal writing, GRE sentence-equivalence, and academic contexts where precision matters.","Avoid ""semidetached"" in casual conversation among friends unless you are certain the listener will understand; it can sound pretentious. Also avoid when a simpler synonym suffices.",Academic: A key consideration in modern discourse is how the semidetached principle shapes contemporary policy decisions.,Conversational: I've noticed the semidetached trend in our office culture and it's starting to concern me.,GRE: The professor described the ___ as a ___ that ___ the entire field of study. (fill in: semidetached)
2292,hunted,adjective,reflecting the fear or terror of one who is hunted,track down; hunt down; hunt; trace; run; hound,,"Use ""hunted"" (adjective) when you want to convey reflecting the fear or terror of one who is hunted. Appropriate in formal writing, GRE sentence-equivalence, and academic contexts where precision matters.","Avoid ""hunted"" in casual conversation among friends unless you are certain the listener will understand; it can sound pretentious. Also avoid when a simpler synonym suffices.","Academic: In the scholarly article, the author argued that the hunted phenomenon could not be overlooked.","Conversational: Look, the hunted results speak for themselves — we can't ignore them any longer.",GRE: The professor described the ___ as a ___ that ___ the entire field of study. (fill in: hunted)
2293,criminatory,adjective,charging or suggestive of guilt or blame,incriminatory; incriminating; criminative,,"Use ""criminatory"" (adjective) when you want to convey charging or suggestive of guilt or blame. Appropriate in formal writing, GRE sentence-equivalence, and academic contexts where precision matters.","Avoid ""criminatory"" in casual conversation among friends unless you are certain the listener will understand; it can sound pretentious. Also avoid when a simpler synonym suffices.",Academic: The researcher's findings revealed that the criminatory effect was statistically significant across all samples.,Conversational: I told him the criminatory approach just wouldn't work here — we need to rethink this.,GRE: The author's ___ tone contrasted sharply with the ___ underlying message of the passage. (fill in: criminatory)
2294,triangular,adjective,having three sides,trilateral; three-sided,,"Use ""triangular"" (adjective) when you want to convey having three sides. Appropriate in formal writing, GRE sentence-equivalence, and academic contexts where precision matters.","Avoid ""triangular"" in casual conversation among friends unless you are certain the listener will understand; it can sound pretentious. Also avoid when a simpler synonym suffices.","Academic: In the scholarly article, the author argued that the triangular phenomenon could not be overlooked.","Conversational: Look, the triangular results speak for themselves — we can't ignore them any longer.",GRE: Analysts noted that the company's ___ strategy had ___ results in the last quarter. (fill in: triangular)
2295,pedunculate,adjective,having or growing on or from a peduncle or stalk,stalked,sessile,"Use ""pedunculate"" (adjective) when you want to convey having or growing on or from a peduncle or stalk. Appropriate in formal writing, GRE sentence-equivalence, and academic contexts where precision matters.","Avoid ""pedunculate"" in casual conversation among friends unless you are certain the listener will understand; it can sound pretentious. Also avoid when a simpler synonym suffices.",Academic: A key consideration in modern discourse is how the pedunculate principle shapes contemporary policy decisions.,"Conversational: Look, the pedunculate results speak for themselves — we can't ignore them any longer.",GRE: The committee's decision to ___ was met with both praise and criticism from stakeholders. (fill in: pedunculate)
2296,greenish-white,adjective,of white flowers tinged with green,green-white,,"Use ""greenish-white"" (adjective) when you want to convey of white flowers tinged with green. Appropriate in formal writing, GRE sentence-equivalence, and academic contexts where precision matters.","Avoid ""greenish-white"" in casual conversation among friends unless you are certain the listener will understand; it can sound pretentious. Also avoid when a simpler synonym suffices.",Academic: A key consideration in modern discourse is how the greenish-white principle shapes contemporary policy decisions.,"Conversational: Look, the greenish-white results speak for themselves — we can't ignore them any longer.",GRE: The committee's decision to ___ was met with both praise and criticism from stakeholders. (fill in: greenish-white)
2297,congruous,adjective,corresponding in character or kind,congruent,incongruous,"Use ""congruous"" (adjective) when you want to convey corresponding in character or kind. Appropriate in formal writing, GRE sentence-equivalence, and academic contexts where precision matters.","Avoid ""congruous"" in casual conversation among friends unless you are certain the listener will understand; it can sound pretentious. Also avoid when a simpler synonym suffices.",Academic: The study concluded that the congruous factor played a decisive role in the experimental outcome.,Conversational: I told him the congruous approach just wouldn't work here — we need to rethink this.,GRE: Analysts noted that the company's ___ strategy had ___ results in the last quarter. (fill in: congruous)
2298,preliminary,adjective,denoting an action or event preceding or in preparation for something more important; designed to orient or acquaint with a situation before proceeding,prelude; overture; prelim,,"Use ""preliminary"" (adjective) when you want to convey denoting an action or event preceding or in preparation for something more important; designed to orient or acquaint with a situation before proceeding. Appropriate in formal writing, GRE sentence-equivalence, and academic contexts where precision matters.","Avoid ""preliminary"" in casual conversation among friends unless you are certain the listener will understand; it can sound pretentious. Also avoid when a simpler synonym suffices.","Academic: In the scholarly article, the author argued that the preliminary phenomenon could not be overlooked.",Conversational: I told him the preliminary approach just wouldn't work here — we need to rethink this.,GRE: The committee's decision to ___ was met with both praise and criticism from stakeholders. (fill in: preliminary)
2299,cubelike,adjective,shaped like a cube,cube-shaped; cuboid; cuboidal; cubiform; cubical,,"Use ""cubelike"" (adjective) when you want to convey shaped like a cube. Appropriate in formal writing, GRE sentence-equivalence, and academic contexts where precision matters.","Avoid ""cubelike"" in casual conversation among friends unless you are certain the listener will understand; it can sound pretentious. Also avoid when a simpler synonym suffices.",Academic: Contemporary scholars debate whether the cubelike hypothesis adequately explains the observed data.,Conversational: I told him the cubelike approach just wouldn't work here — we need to rethink this.,"GRE: Despite the ___ nature of the evidence, the researchers remained ___ about their conclusions. (fill in: cubelike)"
2300,adorned,adjective,provided with something intended to increase its beauty or distinction,adorn; embellish; beautify; grace; ornament; decorate,unadorned,"Use ""adorned"" (adjective) when you want to convey provided with something intended to increase its beauty or distinction. Appropriate in formal writing, GRE sentence-equivalence, and academic contexts where precision matters.","Avoid ""adorned"" in casual conversation among friends unless you are certain the listener will understand; it can sound pretentious. Also avoid when a simpler synonym suffices.",Academic: The study concluded that the adorned factor played a decisive role in the experimental outcome.,"Conversational: You know, it's pretty clear that the adorned situation needs our immediate attention.",GRE: The author's ___ tone contrasted sharply with the ___ underlying message of the passage. (fill in: adorned)
2301,hypotonic,adjective,(of a solution) having a lower osmotic pressure than a comparison solution,,isotonic; hypertonic,"Use ""hypotonic"" (adjective) when you want to convey (of a solution) having a lower osmotic pressure than a comparison solution. Appropriate in formal writing, GRE sentence-equivalence, and academic contexts where precision matters.","Avoid ""hypotonic"" in casual conversation among friends unless you are certain the listener will understand; it can sound pretentious. Also avoid when a simpler synonym suffices.",Academic: A key consideration in modern discourse is how the hypotonic principle shapes contemporary policy decisions.,"Conversational: Look, the hypotonic results speak for themselves — we can't ignore them any longer.",GRE: The author's ___ tone contrasted sharply with the ___ underlying message of the passage. (fill in: hypotonic)
2302,changeable,adjective,capable of or tending to change in form or quality or nature,shot; changeful; iridescent; unsettled; uncertain; chatoyant,immutable; unchangeable,"Use ""changeable"" (adjective) when you want to convey capable of or tending to change in form or quality or nature. Appropriate in formal writing, GRE sentence-equivalence, and academic contexts where precision matters.","Avoid ""changeable"" in casual conversation among friends unless you are certain the listener will understand; it can sound pretentious. Also avoid when a simpler synonym suffices.",Academic: The study concluded that the changeable factor played a decisive role in the experimental outcome.,"Conversational: You know, it's pretty clear that the changeable situation needs our immediate attention.",GRE: The committee's decision to ___ was met with both praise and criticism from stakeholders. (fill in: changeable)
2303,noncollapsable,adjective,not capable of collapsing,noncollapsible,collapsible,"Use ""noncollapsable"" (adjective) when you want to convey not capable of collapsing. Appropriate in formal writing, GRE sentence-equivalence, and academic contexts where precision matters.","Avoid ""noncollapsable"" in casual conversation among friends unless you are certain the listener will understand; it can sound pretentious. Also avoid when a simpler synonym suffices.",Academic: A key consideration in modern discourse is how the noncollapsable principle shapes contemporary policy decisions.,"Conversational: You know, it's pretty clear that the noncollapsable situation needs our immediate attention.",GRE: The professor described the ___ as a ___ that ___ the entire field of study. (fill in: noncollapsable)
2304,blow-by-blow,adjective,providing great detail,,,"Use ""blow-by-blow"" (adjective) when you want to convey providing great detail. Appropriate in formal writing, GRE sentence-equivalence, and academic contexts where precision matters.","Avoid ""blow-by-blow"" in casual conversation among friends unless you are certain the listener will understand; it can sound pretentious. Also avoid when a simpler synonym suffices.","Academic: In the scholarly article, the author argued that the blow-by-blow phenomenon could not be overlooked.","Conversational: Look, the blow-by-blow results speak for themselves — we can't ignore them any longer.",GRE: The committee's decision to ___ was met with both praise and criticism from stakeholders. (fill in: blow-by-blow)
2305,pilous,adjective,covered with hairs especially fine soft ones,pilose; pilary,,"Use ""pilous"" (adjective) when you want to convey covered with hairs especially fine soft ones. Appropriate in formal writing, GRE sentence-equivalence, and academic contexts where precision matters.","Avoid ""pilous"" in casual conversation among friends unless you are certain the listener will understand; it can sound pretentious. Also avoid when a simpler synonym suffices.",Academic: The researcher's findings revealed that the pilous effect was statistically significant across all samples.,Conversational: I've noticed the pilous trend in our office culture and it's starting to concern me.,"GRE: Despite the ___ nature of the evidence, the researchers remained ___ about their conclusions. (fill in: pilous)"
2306,nonmechanical,adjective,(of a person) lacking mechanical skills,unmechanical,mechanical,"Use ""nonmechanical"" (adjective) when you want to convey (of a person) lacking mechanical skills. Appropriate in formal writing, GRE sentence-equivalence, and academic contexts where precision matters.","Avoid ""nonmechanical"" in casual conversation among friends unless you are certain the listener will understand; it can sound pretentious. Also avoid when a simpler synonym suffices.",Academic: Contemporary scholars debate whether the nonmechanical hypothesis adequately explains the observed data.,Conversational: I told him the nonmechanical approach just wouldn't work here — we need to rethink this.,GRE: The author's ___ tone contrasted sharply with the ___ underlying message of the passage. (fill in: nonmechanical)
2307,unswept,adjective,not having been swept,,swept,"Use ""unswept"" (adjective) when you want to convey not having been swept. Appropriate in formal writing, GRE sentence-equivalence, and academic contexts where precision matters.","Avoid ""unswept"" in casual conversation among friends unless you are certain the listener will understand; it can sound pretentious. Also avoid when a simpler synonym suffices.",Academic: The researcher's findings revealed that the unswept effect was statistically significant across all samples.,"Conversational: You know, it's pretty clear that the unswept situation needs our immediate attention.",GRE: The committee's decision to ___ was met with both praise and criticism from stakeholders. (fill in: unswept)
2308,grating,adjective,unpleasantly harsh or grating in sound,grate; diffraction grating; rankle; eat into; fret; grind,,"Use ""grating"" (adjective) when you want to convey unpleasantly harsh or grating in sound. Appropriate in formal writing, GRE sentence-equivalence, and academic contexts where precision matters.","Avoid ""grating"" in casual conversation among friends unless you are certain the listener will understand; it can sound pretentious. Also avoid when a simpler synonym suffices.",Academic: The researcher's findings revealed that the grating effect was statistically significant across all samples.,"Conversational: Look, the grating results speak for themselves — we can't ignore them any longer.",GRE: The committee's decision to ___ was met with both praise and criticism from stakeholders. (fill in: grating)
2309,plentiful,adjective,affording an abundant supply,plenteous; ample; copious; rich; bountiful,,"Use ""plentiful"" (adjective) when you want to convey affording an abundant supply. Appropriate in formal writing, GRE sentence-equivalence, and academic contexts where precision matters.","Avoid ""plentiful"" in casual conversation among friends unless you are certain the listener will understand; it can sound pretentious. Also avoid when a simpler synonym suffices.",Academic: The study concluded that the plentiful factor played a decisive role in the experimental outcome.,Conversational: I've noticed the plentiful trend in our office culture and it's starting to concern me.,GRE: The committee's decision to ___ was met with both praise and criticism from stakeholders. (fill in: plentiful)
2310,housebound,adjective,confined usually by illness,shut-in; homebound,,"Use ""housebound"" (adjective) when you want to convey confined usually by illness. Appropriate in formal writing, GRE sentence-equivalence, and academic contexts where precision matters.","Avoid ""housebound"" in casual conversation among friends unless you are certain the listener will understand; it can sound pretentious. Also avoid when a simpler synonym suffices.",Academic: The researcher's findings revealed that the housebound effect was statistically significant across all samples.,Conversational: I told him the housebound approach just wouldn't work here — we need to rethink this.,GRE: The committee's decision to ___ was met with both praise and criticism from stakeholders. (fill in: housebound)
2311,iridescent,adjective,having a play of lustrous rainbow colors,opaline; pearlescent; shot; opalescent; nacreous; changeable,,"Use ""iridescent"" (adjective) when you want to convey having a play of lustrous rainbow colors. Appropriate in formal writing, GRE sentence-equivalence, and academic contexts where precision matters.","Avoid ""iridescent"" in casual conversation among friends unless you are certain the listener will understand; it can sound pretentious. Also avoid when a simpler synonym suffices.",Academic: The researcher's findings revealed that the iridescent effect was statistically significant across all samples.,"Conversational: You know, it's pretty clear that the iridescent situation needs our immediate attention.",GRE: The professor described the ___ as a ___ that ___ the entire field of study. (fill in: iridescent)
2312,brainish,adjective,characterized by undue haste and lack of thought or deliberation; ; ; ; ; (`brainish' is archaic),hotheaded; tearaway; impulsive; impetuous; madcap,,"Use ""brainish"" (adjective) when you want to convey characterized by undue haste and lack of thought or deliberation; ; ; ; ; (`brainish' is archaic). Appropriate in formal writing, GRE sentence-equivalence, and academic contexts where precision matters.","Avoid ""brainish"" in casual conversation among friends unless you are certain the listener will understand; it can sound pretentious. Also avoid when a simpler synonym suffices.","Academic: In the scholarly article, the author argued that the brainish phenomenon could not be overlooked.","Conversational: Look, the brainish results speak for themselves — we can't ignore them any longer.",GRE: The author's ___ tone contrasted sharply with the ___ underlying message of the passage. (fill in: brainish)
2313,rearmost,adjective,located farthest to the rear,hindermost; backmost; hindmost,,"Use ""rearmost"" (adjective) when you want to convey located farthest to the rear. Appropriate in formal writing, GRE sentence-equivalence, and academic contexts where precision matters.","Avoid ""rearmost"" in casual conversation among friends unless you are certain the listener will understand; it can sound pretentious. Also avoid when a simpler synonym suffices.",Academic: The researcher's findings revealed that the rearmost effect was statistically significant across all samples.,Conversational: I've noticed the rearmost trend in our office culture and it's starting to concern me.,GRE: The committee's decision to ___ was met with both praise and criticism from stakeholders. (fill in: rearmost)
2314,socialized,adjective,under group or government control,socialize; socialise; socialised,,"Use ""socialized"" (adjective) when you want to convey under group or government control. Appropriate in formal writing, GRE sentence-equivalence, and academic contexts where precision matters.","Avoid ""socialized"" in casual conversation among friends unless you are certain the listener will understand; it can sound pretentious. Also avoid when a simpler synonym suffices.","Academic: In the scholarly article, the author argued that the socialized phenomenon could not be overlooked.","Conversational: You know, it's pretty clear that the socialized situation needs our immediate attention.","GRE: Despite the ___ nature of the evidence, the researchers remained ___ about their conclusions. (fill in: socialized)"
2315,assuring,adjective,giving confidence,ensure; guarantee; secure; insure; assure; tell,worry,"Use ""assuring"" (adjective) when you want to convey giving confidence. Appropriate in formal writing, GRE sentence-equivalence, and academic contexts where precision matters.","Avoid ""assuring"" in casual conversation among friends unless you are certain the listener will understand; it can sound pretentious. Also avoid when a simpler synonym suffices.",Academic: Contemporary scholars debate whether the assuring hypothesis adequately explains the observed data.,Conversational: I've noticed the assuring trend in our office culture and it's starting to concern me.,GRE: Analysts noted that the company's ___ strategy had ___ results in the last quarter. (fill in: assuring)
2316,quelled,adjective,subdued or overcome,quench; quenched; squelched; stay; appease; quell,,"Use ""quelled"" (adjective) when you want to convey subdued or overcome. Appropriate in formal writing, GRE sentence-equivalence, and academic contexts where precision matters.","Avoid ""quelled"" in casual conversation among friends unless you are certain the listener will understand; it can sound pretentious. Also avoid when a simpler synonym suffices.","Academic: In the scholarly article, the author argued that the quelled phenomenon could not be overlooked.",Conversational: I told him the quelled approach just wouldn't work here — we need to rethink this.,"GRE: Despite the ___ nature of the evidence, the researchers remained ___ about their conclusions. (fill in: quelled)"
2317,communicatory,adjective,able or tending to communicate; - W.M.Thackeray,communicative,uncommunicative,"Use ""communicatory"" (adjective) when you want to convey able or tending to communicate; - w.m.thackeray. Appropriate in formal writing, GRE sentence-equivalence, and academic contexts where precision matters.","Avoid ""communicatory"" in casual conversation among friends unless you are certain the listener will understand; it can sound pretentious. Also avoid when a simpler synonym suffices.",Academic: A key consideration in modern discourse is how the communicatory principle shapes contemporary policy decisions.,"Conversational: Look, the communicatory results speak for themselves — we can't ignore them any longer.",GRE: The professor described the ___ as a ___ that ___ the entire field of study. (fill in: communicatory)
2318,budding,adjective,beginning to develop,bud,,"Use ""budding"" (adjective) when you want to convey beginning to develop. Appropriate in formal writing, GRE sentence-equivalence, and academic contexts where precision matters.","Avoid ""budding"" in casual conversation among friends unless you are certain the listener will understand; it can sound pretentious. Also avoid when a simpler synonym suffices.","Academic: In the scholarly article, the author argued that the budding phenomenon could not be overlooked.",Conversational: I've noticed the budding trend in our office culture and it's starting to concern me.,GRE: The author's ___ tone contrasted sharply with the ___ underlying message of the passage. (fill in: budding)
2319,slumbrous,adjective,inclined to or marked by drowsiness,somnolent; slumberous; slumbery,,"Use ""slumbrous"" (adjective) when you want to convey inclined to or marked by drowsiness. Appropriate in formal writing, GRE sentence-equivalence, and academic contexts where precision matters.","Avoid ""slumbrous"" in casual conversation among friends unless you are certain the listener will understand; it can sound pretentious. Also avoid when a simpler synonym suffices.",Academic: The researcher's findings revealed that the slumbrous effect was statistically significant across all samples.,"Conversational: Honestly, the slumbrous behavior of the team has been a major source of tension lately.",GRE: Analysts noted that the company's ___ strategy had ___ results in the last quarter. (fill in: slumbrous)
2320,cotyloidal,adjective,of the cup-shaped socket that receives the head of the thigh bone,cotyloid; acetabular,,"Use ""cotyloidal"" (adjective) when you want to convey of the cup-shaped socket that receives the head of the thigh bone. Appropriate in formal writing, GRE sentence-equivalence, and academic contexts where precision matters.","Avoid ""cotyloidal"" in casual conversation among friends unless you are certain the listener will understand; it can sound pretentious. Also avoid when a simpler synonym suffices.","Academic: In the scholarly article, the author argued that the cotyloidal phenomenon could not be overlooked.",Conversational: I've noticed the cotyloidal trend in our office culture and it's starting to concern me.,GRE: Analysts noted that the company's ___ strategy had ___ results in the last quarter. (fill in: cotyloidal)
2321,incorrupt,adjective,free of corruption or immorality,,corrupt,"Use ""incorrupt"" (adjective) when you want to convey free of corruption or immorality. Appropriate in formal writing, GRE sentence-equivalence, and academic contexts where precision matters.","Avoid ""incorrupt"" in casual conversation among friends unless you are certain the listener will understand; it can sound pretentious. Also avoid when a simpler synonym suffices.",Academic: A key consideration in modern discourse is how the incorrupt principle shapes contemporary policy decisions.,"Conversational: You know, it's pretty clear that the incorrupt situation needs our immediate attention.",GRE: The committee's decision to ___ was met with both praise and criticism from stakeholders. (fill in: incorrupt)
2322,weighted,adjective,adjusted to reflect value or proportion,angle; slant; burden; weight; burthen; weight down,unburden,"Use ""weighted"" (adjective) when you want to convey adjusted to reflect value or proportion. Appropriate in formal writing, GRE sentence-equivalence, and academic contexts where precision matters.","Avoid ""weighted"" in casual conversation among friends unless you are certain the listener will understand; it can sound pretentious. Also avoid when a simpler synonym suffices.",Academic: A key consideration in modern discourse is how the weighted principle shapes contemporary policy decisions.,Conversational: I told him the weighted approach just wouldn't work here — we need to rethink this.,"GRE: Despite the ___ nature of the evidence, the researchers remained ___ about their conclusions. (fill in: weighted)"
2323,prefaded,adjective,(of fabric or clothing) having been given a faded (weathered) appearance by artificial means,,,"Use ""prefaded"" (adjective) when you want to convey (of fabric or clothing) having been given a faded (weathered) appearance by artificial means. Appropriate in formal writing, GRE sentence-equivalence, and academic contexts where precision matters.","Avoid ""prefaded"" in casual conversation among friends unless you are certain the listener will understand; it can sound pretentious. Also avoid when a simpler synonym suffices.",Academic: The researcher's findings revealed that the prefaded effect was statistically significant across all samples.,"Conversational: Honestly, the prefaded behavior of the team has been a major source of tension lately.",GRE: The author's ___ tone contrasted sharply with the ___ underlying message of the passage. (fill in: prefaded)
2324,uncrystallized,adjective,not finally or definitely formed,amorphous; uncrystallised,crystallized,"Use ""uncrystallized"" (adjective) when you want to convey not finally or definitely formed. Appropriate in formal writing, GRE sentence-equivalence, and academic contexts where precision matters.","Avoid ""uncrystallized"" in casual conversation among friends unless you are certain the listener will understand; it can sound pretentious. Also avoid when a simpler synonym suffices.",Academic: The researcher's findings revealed that the uncrystallized effect was statistically significant across all samples.,"Conversational: Look, the uncrystallized results speak for themselves — we can't ignore them any longer.",GRE: Analysts noted that the company's ___ strategy had ___ results in the last quarter. (fill in: uncrystallized)
2325,unequal,adjective,lacking the requisite qualities or resources to meet a task,inadequate,equal; adequate,"Use ""unequal"" (adjective) when you want to convey lacking the requisite qualities or resources to meet a task. Appropriate in formal writing, GRE sentence-equivalence, and academic contexts where precision matters.","Avoid ""unequal"" in casual conversation among friends unless you are certain the listener will understand; it can sound pretentious. Also avoid when a simpler synonym suffices.",Academic: Contemporary scholars debate whether the unequal hypothesis adequately explains the observed data.,"Conversational: You know, it's pretty clear that the unequal situation needs our immediate attention.",GRE: Analysts noted that the company's ___ strategy had ___ results in the last quarter. (fill in: unequal)
2326,candent,adjective,emitting light as a result of being heated,incandescent,,"Use ""candent"" (adjective) when you want to convey emitting light as a result of being heated. Appropriate in formal writing, GRE sentence-equivalence, and academic contexts where precision matters.","Avoid ""candent"" in casual conversation among friends unless you are certain the listener will understand; it can sound pretentious. Also avoid when a simpler synonym suffices.","Academic: In the scholarly article, the author argued that the candent phenomenon could not be overlooked.",Conversational: I've noticed the candent trend in our office culture and it's starting to concern me.,"GRE: Despite the ___ nature of the evidence, the researchers remained ___ about their conclusions. (fill in: candent)"
2327,ridiculous,adjective,inspiring scornful pity; - Dashiell Hammett,laughable; ludicrous; pathetic; nonsensical; idiotic; absurd,,"Use ""ridiculous"" (adjective) when you want to convey inspiring scornful pity; - dashiell hammett. Appropriate in formal writing, GRE sentence-equivalence, and academic contexts where precision matters.","Avoid ""ridiculous"" in casual conversation among friends unless you are certain the listener will understand; it can sound pretentious. Also avoid when a simpler synonym suffices.",Academic: The researcher's findings revealed that the ridiculous effect was statistically significant across all samples.,"Conversational: You know, it's pretty clear that the ridiculous situation needs our immediate attention.","GRE: Despite the ___ nature of the evidence, the researchers remained ___ about their conclusions. (fill in: ridiculous)"
2328,fluorescent,adjective,emitting light during exposure to radiation from an external source,fluorescent fixture,,"Use ""fluorescent"" (adjective) when you want to convey emitting light during exposure to radiation from an external source. Appropriate in formal writing, GRE sentence-equivalence, and academic contexts where precision matters.","Avoid ""fluorescent"" in casual conversation among friends unless you are certain the listener will understand; it can sound pretentious. Also avoid when a simpler synonym suffices.","Academic: In the scholarly article, the author argued that the fluorescent phenomenon could not be overlooked.","Conversational: You know, it's pretty clear that the fluorescent situation needs our immediate attention.",GRE: The committee's decision to ___ was met with both praise and criticism from stakeholders. (fill in: fluorescent)
2329,antiphlogistic,adjective,counteracting inflammation,,,"Use ""antiphlogistic"" (adjective) when you want to convey counteracting inflammation. Appropriate in formal writing, GRE sentence-equivalence, and academic contexts where precision matters.","Avoid ""antiphlogistic"" in casual conversation among friends unless you are certain the listener will understand; it can sound pretentious. Also avoid when a simpler synonym suffices.",Academic: The researcher's findings revealed that the antiphlogistic effect was statistically significant across all samples.,"Conversational: You know, it's pretty clear that the antiphlogistic situation needs our immediate attention.",GRE: The author's ___ tone contrasted sharply with the ___ underlying message of the passage. (fill in: antiphlogistic)
2330,unembellished,adjective,lacking embellishment or ornamentation,spare; unornamented; bare; plain,,"Use ""unembellished"" (adjective) when you want to convey lacking embellishment or ornamentation. Appropriate in formal writing, GRE sentence-equivalence, and academic contexts where precision matters.","Avoid ""unembellished"" in casual conversation among friends unless you are certain the listener will understand; it can sound pretentious. Also avoid when a simpler synonym suffices.",Academic: A key consideration in modern discourse is how the unembellished principle shapes contemporary policy decisions.,"Conversational: Look, the unembellished results speak for themselves — we can't ignore them any longer.","GRE: Despite the ___ nature of the evidence, the researchers remained ___ about their conclusions. (fill in: unembellished)"
2331,reported,adjective,made known or told about; especially presented in a formal account,cover; account; report; describe,unreported,"Use ""reported"" (adjective) when you want to convey made known or told about; especially presented in a formal account. Appropriate in formal writing, GRE sentence-equivalence, and academic contexts where precision matters.","Avoid ""reported"" in casual conversation among friends unless you are certain the listener will understand; it can sound pretentious. Also avoid when a simpler synonym suffices.",Academic: The researcher's findings revealed that the reported effect was statistically significant across all samples.,Conversational: I told him the reported approach just wouldn't work here — we need to rethink this.,GRE: Analysts noted that the company's ___ strategy had ___ results in the last quarter. (fill in: reported)
2332,well-branched,adjective,having good branches,,,"Use ""well-branched"" (adjective) when you want to convey having good branches. Appropriate in formal writing, GRE sentence-equivalence, and academic contexts where precision matters.","Avoid ""well-branched"" in casual conversation among friends unless you are certain the listener will understand; it can sound pretentious. Also avoid when a simpler synonym suffices.",Academic: A key consideration in modern discourse is how the well-branched principle shapes contemporary policy decisions.,Conversational: I've noticed the well-branched trend in our office culture and it's starting to concern me.,"GRE: Despite the ___ nature of the evidence, the researchers remained ___ about their conclusions. (fill in: well-branched)"
2333,nonresinous,adjective,not having resin,non-resiny; non-resinous; nonresiny,,"Use ""nonresinous"" (adjective) when you want to convey not having resin. Appropriate in formal writing, GRE sentence-equivalence, and academic contexts where precision matters.","Avoid ""nonresinous"" in casual conversation among friends unless you are certain the listener will understand; it can sound pretentious. Also avoid when a simpler synonym suffices.",Academic: The study concluded that the nonresinous factor played a decisive role in the experimental outcome.,Conversational: I told him the nonresinous approach just wouldn't work here — we need to rethink this.,GRE: Analysts noted that the company's ___ strategy had ___ results in the last quarter. (fill in: nonresinous)
2334,sceptered,adjective,invested with legal power or official authority especially as symbolized by having a scepter,sceptred; empowered,,"Use ""sceptered"" (adjective) when you want to convey invested with legal power or official authority especially as symbolized by having a scepter. Appropriate in formal writing, GRE sentence-equivalence, and academic contexts where precision matters.","Avoid ""sceptered"" in casual conversation among friends unless you are certain the listener will understand; it can sound pretentious. Also avoid when a simpler synonym suffices.",Academic: Contemporary scholars debate whether the sceptered hypothesis adequately explains the observed data.,"Conversational: You know, it's pretty clear that the sceptered situation needs our immediate attention.",GRE: The author's ___ tone contrasted sharply with the ___ underlying message of the passage. (fill in: sceptered)
2335,avaricious,adjective,immoderately desirous of acquiring e.g. wealth,greedy; grabby; prehensile; covetous; grasping,,"Use ""avaricious"" (adjective) when you want to convey immoderately desirous of acquiring e.g. wealth. Appropriate in formal writing, GRE sentence-equivalence, and academic contexts where precision matters.","Avoid ""avaricious"" in casual conversation among friends unless you are certain the listener will understand; it can sound pretentious. Also avoid when a simpler synonym suffices.",Academic: The researcher's findings revealed that the avaricious effect was statistically significant across all samples.,"Conversational: Look, the avaricious results speak for themselves — we can't ignore them any longer.",GRE: The author's ___ tone contrasted sharply with the ___ underlying message of the passage. (fill in: avaricious)
2336,storm-beaten,adjective,damaged by storm,,,"Use ""storm-beaten"" (adjective) when you want to convey damaged by storm. Appropriate in formal writing, GRE sentence-equivalence, and academic contexts where precision matters.","Avoid ""storm-beaten"" in casual conversation among friends unless you are certain the listener will understand; it can sound pretentious. Also avoid when a simpler synonym suffices.","Academic: In the scholarly article, the author argued that the storm-beaten phenomenon could not be overlooked.","Conversational: Honestly, the storm-beaten behavior of the team has been a major source of tension lately.",GRE: The professor described the ___ as a ___ that ___ the entire field of study. (fill in: storm-beaten)
2337,carnassial,adjective,(of a tooth) adapted for shearing flesh,,,"Use ""carnassial"" (adjective) when you want to convey (of a tooth) adapted for shearing flesh. Appropriate in formal writing, GRE sentence-equivalence, and academic contexts where precision matters.","Avoid ""carnassial"" in casual conversation among friends unless you are certain the listener will understand; it can sound pretentious. Also avoid when a simpler synonym suffices.",Academic: The study concluded that the carnassial factor played a decisive role in the experimental outcome.,"Conversational: You know, it's pretty clear that the carnassial situation needs our immediate attention.",GRE: The author's ___ tone contrasted sharply with the ___ underlying message of the passage. (fill in: carnassial)
2338,leafy-stemmed,adjective,having a leafy stem,,,"Use ""leafy-stemmed"" (adjective) when you want to convey having a leafy stem. Appropriate in formal writing, GRE sentence-equivalence, and academic contexts where precision matters.","Avoid ""leafy-stemmed"" in casual conversation among friends unless you are certain the listener will understand; it can sound pretentious. Also avoid when a simpler synonym suffices.",Academic: The researcher's findings revealed that the leafy-stemmed effect was statistically significant across all samples.,Conversational: I told him the leafy-stemmed approach just wouldn't work here — we need to rethink this.,GRE: The committee's decision to ___ was met with both praise and criticism from stakeholders. (fill in: leafy-stemmed)
2339,anorectic,adjective,causing loss of appetite,anorexigenic; anorexic,,"Use ""anorectic"" (adjective) when you want to convey causing loss of appetite. Appropriate in formal writing, GRE sentence-equivalence, and academic contexts where precision matters.","Avoid ""anorectic"" in casual conversation among friends unless you are certain the listener will understand; it can sound pretentious. Also avoid when a simpler synonym suffices.",Academic: Contemporary scholars debate whether the anorectic hypothesis adequately explains the observed data.,"Conversational: You know, it's pretty clear that the anorectic situation needs our immediate attention.",GRE: The author's ___ tone contrasted sharply with the ___ underlying message of the passage. (fill in: anorectic)
2340,spirited,adjective,made lively or spirited,bouncy; zippy; peppy; bouncing; spirit up; inspirit,spiritless,"Use ""spirited"" (adjective) when you want to convey made lively or spirited. Appropriate in formal writing, GRE sentence-equivalence, and academic contexts where precision matters.","Avoid ""spirited"" in casual conversation among friends unless you are certain the listener will understand; it can sound pretentious. Also avoid when a simpler synonym suffices.",Academic: A key consideration in modern discourse is how the spirited principle shapes contemporary policy decisions.,Conversational: I've noticed the spirited trend in our office culture and it's starting to concern me.,GRE: The author's ___ tone contrasted sharply with the ___ underlying message of the passage. (fill in: spirited)
2341,feculent,adjective,foul with waste matter,,,"Use ""feculent"" (adjective) when you want to convey foul with waste matter. Appropriate in formal writing, GRE sentence-equivalence, and academic contexts where precision matters.","Avoid ""feculent"" in casual conversation among friends unless you are certain the listener will understand; it can sound pretentious. Also avoid when a simpler synonym suffices.",Academic: The researcher's findings revealed that the feculent effect was statistically significant across all samples.,"Conversational: Look, the feculent results speak for themselves — we can't ignore them any longer.",GRE: Analysts noted that the company's ___ strategy had ___ results in the last quarter. (fill in: feculent)
2342,nonequivalent,adjective,"not equal or interchangeable in value, quantity, or significance",,,"Use ""nonequivalent"" (adjective) when you want to convey not equal or interchangeable in value, quantity, or significance. Appropriate in formal writing, GRE sentence-equivalence, and academic contexts where precision matters.","Avoid ""nonequivalent"" in casual conversation among friends unless you are certain the listener will understand; it can sound pretentious. Also avoid when a simpler synonym suffices.",Academic: A key consideration in modern discourse is how the nonequivalent principle shapes contemporary policy decisions.,"Conversational: You know, it's pretty clear that the nonequivalent situation needs our immediate attention.",GRE: Analysts noted that the company's ___ strategy had ___ results in the last quarter. (fill in: nonequivalent)
2343,appalling,adjective,causing consternation,scandalize; appal; offend; scandalise; appall; shock,,"Use ""appalling"" (adjective) when you want to convey causing consternation. Appropriate in formal writing, GRE sentence-equivalence, and academic contexts where precision matters.","Avoid ""appalling"" in casual conversation among friends unless you are certain the listener will understand; it can sound pretentious. Also avoid when a simpler synonym suffices.","Academic: In the scholarly article, the author argued that the appalling phenomenon could not be overlooked.",Conversational: I told him the appalling approach just wouldn't work here — we need to rethink this.,"GRE: Despite the ___ nature of the evidence, the researchers remained ___ about their conclusions. (fill in: appalling)"
2344,noncausal,adjective,not causative,noncausative,causative,"Use ""noncausal"" (adjective) when you want to convey not causative. Appropriate in formal writing, GRE sentence-equivalence, and academic contexts where precision matters.","Avoid ""noncausal"" in casual conversation among friends unless you are certain the listener will understand; it can sound pretentious. Also avoid when a simpler synonym suffices.",Academic: The study concluded that the noncausal factor played a decisive role in the experimental outcome.,Conversational: I told him the noncausal approach just wouldn't work here — we need to rethink this.,GRE: Analysts noted that the company's ___ strategy had ___ results in the last quarter. (fill in: noncausal)
2345,unbelievable,adjective,beyond belief or understanding,unconvincing; incredible; improbable; unlikely,credible,"Use ""unbelievable"" (adjective) when you want to convey beyond belief or understanding. Appropriate in formal writing, GRE sentence-equivalence, and academic contexts where precision matters.","Avoid ""unbelievable"" in casual conversation among friends unless you are certain the listener will understand; it can sound pretentious. Also avoid when a simpler synonym suffices.","Academic: In the scholarly article, the author argued that the unbelievable phenomenon could not be overlooked.","Conversational: You know, it's pretty clear that the unbelievable situation needs our immediate attention.",GRE: The professor described the ___ as a ___ that ___ the entire field of study. (fill in: unbelievable)
2346,brotherly,adjective,like or characteristic of or befitting a brother,fraternal; brotherlike,sisterly,"Use ""brotherly"" (adjective) when you want to convey like or characteristic of or befitting a brother. Appropriate in formal writing, GRE sentence-equivalence, and academic contexts where precision matters.","Avoid ""brotherly"" in casual conversation among friends unless you are certain the listener will understand; it can sound pretentious. Also avoid when a simpler synonym suffices.",Academic: A key consideration in modern discourse is how the brotherly principle shapes contemporary policy decisions.,Conversational: I told him the brotherly approach just wouldn't work here — we need to rethink this.,"GRE: Despite the ___ nature of the evidence, the researchers remained ___ about their conclusions. (fill in: brotherly)"
2347,tree-living,adjective,inhabiting or frequenting trees,arboreous; arboreal,nonarboreal,"Use ""tree-living"" (adjective) when you want to convey inhabiting or frequenting trees. Appropriate in formal writing, GRE sentence-equivalence, and academic contexts where precision matters.","Avoid ""tree-living"" in casual conversation among friends unless you are certain the listener will understand; it can sound pretentious. Also avoid when a simpler synonym suffices.",Academic: A key consideration in modern discourse is how the tree-living principle shapes contemporary policy decisions.,"Conversational: Honestly, the tree-living behavior of the team has been a major source of tension lately.",GRE: The author's ___ tone contrasted sharply with the ___ underlying message of the passage. (fill in: tree-living)
2348,red-orange,adjective,of orange tinged with red,reddish-orange; flame-orange,,"Use ""red-orange"" (adjective) when you want to convey of orange tinged with red. Appropriate in formal writing, GRE sentence-equivalence, and academic contexts where precision matters.","Avoid ""red-orange"" in casual conversation among friends unless you are certain the listener will understand; it can sound pretentious. Also avoid when a simpler synonym suffices.",Academic: The study concluded that the red-orange factor played a decisive role in the experimental outcome.,"Conversational: You know, it's pretty clear that the red-orange situation needs our immediate attention.",GRE: The committee's decision to ___ was met with both praise and criticism from stakeholders. (fill in: red-orange)
2349,discriminatory,adjective,being biased or having a belief or attitude formed beforehand,invidious; prejudiced; discriminative; preferential,unprejudiced,"Use ""discriminatory"" (adjective) when you want to convey being biased or having a belief or attitude formed beforehand. Appropriate in formal writing, GRE sentence-equivalence, and academic contexts where precision matters.","Avoid ""discriminatory"" in casual conversation among friends unless you are certain the listener will understand; it can sound pretentious. Also avoid when a simpler synonym suffices.","Academic: In the scholarly article, the author argued that the discriminatory phenomenon could not be overlooked.",Conversational: I've noticed the discriminatory trend in our office culture and it's starting to concern me.,GRE: Analysts noted that the company's ___ strategy had ___ results in the last quarter. (fill in: discriminatory)
2350,scarred,adjective,blemished by injury or rough wear,pock; mark; scar; pit; marred,,"Use ""scarred"" (adjective) when you want to convey blemished by injury or rough wear. Appropriate in formal writing, GRE sentence-equivalence, and academic contexts where precision matters.","Avoid ""scarred"" in casual conversation among friends unless you are certain the listener will understand; it can sound pretentious. Also avoid when a simpler synonym suffices.",Academic: The researcher's findings revealed that the scarred effect was statistically significant across all samples.,"Conversational: You know, it's pretty clear that the scarred situation needs our immediate attention.","GRE: Despite the ___ nature of the evidence, the researchers remained ___ about their conclusions. (fill in: scarred)"
2351,unlighted,adjective,not set afire or burning,lightless; unilluminated; unlit,lighted,"Use ""unlighted"" (adjective) when you want to convey not set afire or burning. Appropriate in formal writing, GRE sentence-equivalence, and academic contexts where precision matters.","Avoid ""unlighted"" in casual conversation among friends unless you are certain the listener will understand; it can sound pretentious. Also avoid when a simpler synonym suffices.",Academic: Contemporary scholars debate whether the unlighted hypothesis adequately explains the observed data.,"Conversational: You know, it's pretty clear that the unlighted situation needs our immediate attention.",GRE: The committee's decision to ___ was met with both praise and criticism from stakeholders. (fill in: unlighted)
2352,appetent,adjective,marked by eager desire,,,"Use ""appetent"" (adjective) when you want to convey marked by eager desire. Appropriate in formal writing, GRE sentence-equivalence, and academic contexts where precision matters.","Avoid ""appetent"" in casual conversation among friends unless you are certain the listener will understand; it can sound pretentious. Also avoid when a simpler synonym suffices.",Academic: The researcher's findings revealed that the appetent effect was statistically significant across all samples.,"Conversational: Look, the appetent results speak for themselves — we can't ignore them any longer.",GRE: The author's ___ tone contrasted sharply with the ___ underlying message of the passage. (fill in: appetent)
2353,inferential,adjective,based on interpretation; not directly expressed,illative,,"Use ""inferential"" (adjective) when you want to convey based on interpretation; not directly expressed. Appropriate in formal writing, GRE sentence-equivalence, and academic contexts where precision matters.","Avoid ""inferential"" in casual conversation among friends unless you are certain the listener will understand; it can sound pretentious. Also avoid when a simpler synonym suffices.",Academic: Contemporary scholars debate whether the inferential hypothesis adequately explains the observed data.,"Conversational: Honestly, the inferential behavior of the team has been a major source of tension lately.","GRE: Despite the ___ nature of the evidence, the researchers remained ___ about their conclusions. (fill in: inferential)"
2354,dandified,adjective,affecting extreme elegance in dress and manner,foppish; dandyish; dandify,,"Use ""dandified"" (adjective) when you want to convey affecting extreme elegance in dress and manner. Appropriate in formal writing, GRE sentence-equivalence, and academic contexts where precision matters.","Avoid ""dandified"" in casual conversation among friends unless you are certain the listener will understand; it can sound pretentious. Also avoid when a simpler synonym suffices.",Academic: The researcher's findings revealed that the dandified effect was statistically significant across all samples.,"Conversational: Honestly, the dandified behavior of the team has been a major source of tension lately.",GRE: Analysts noted that the company's ___ strategy had ___ results in the last quarter. (fill in: dandified)
2355,wonder-struck,adjective,affected by or overcome with wonder,,,"Use ""wonder-struck"" (adjective) when you want to convey affected by or overcome with wonder. Appropriate in formal writing, GRE sentence-equivalence, and academic contexts where precision matters.","Avoid ""wonder-struck"" in casual conversation among friends unless you are certain the listener will understand; it can sound pretentious. Also avoid when a simpler synonym suffices.","Academic: In the scholarly article, the author argued that the wonder-struck phenomenon could not be overlooked.","Conversational: Honestly, the wonder-struck behavior of the team has been a major source of tension lately.",GRE: Analysts noted that the company's ___ strategy had ___ results in the last quarter. (fill in: wonder-struck)
2356,buttoned-down,adjective,unimaginatively conventional; - Newsweek,button-down; conservative,,"Use ""buttoned-down"" (adjective) when you want to convey unimaginatively conventional; - newsweek. Appropriate in formal writing, GRE sentence-equivalence, and academic contexts where precision matters.","Avoid ""buttoned-down"" in casual conversation among friends unless you are certain the listener will understand; it can sound pretentious. Also avoid when a simpler synonym suffices.","Academic: In the scholarly article, the author argued that the buttoned-down phenomenon could not be overlooked.",Conversational: I told him the buttoned-down approach just wouldn't work here — we need to rethink this.,"GRE: Despite the ___ nature of the evidence, the researchers remained ___ about their conclusions. (fill in: buttoned-down)"
2357,athletic,adjective,having a sturdy and well proportioned body,acrobatic; gymnastic,,"Use ""athletic"" (adjective) when you want to convey having a sturdy and well proportioned body. Appropriate in formal writing, GRE sentence-equivalence, and academic contexts where precision matters.","Avoid ""athletic"" in casual conversation among friends unless you are certain the listener will understand; it can sound pretentious. Also avoid when a simpler synonym suffices.",Academic: The researcher's findings revealed that the athletic effect was statistically significant across all samples.,"Conversational: Look, the athletic results speak for themselves — we can't ignore them any longer.",GRE: Analysts noted that the company's ___ strategy had ___ results in the last quarter. (fill in: athletic)
2358,ineradicable,adjective,not able to be destroyed or rooted out,,eradicable,"Use ""ineradicable"" (adjective) when you want to convey not able to be destroyed or rooted out. Appropriate in formal writing, GRE sentence-equivalence, and academic contexts where precision matters.","Avoid ""ineradicable"" in casual conversation among friends unless you are certain the listener will understand; it can sound pretentious. Also avoid when a simpler synonym suffices.","Academic: In the scholarly article, the author argued that the ineradicable phenomenon could not be overlooked.","Conversational: Look, the ineradicable results speak for themselves — we can't ignore them any longer.",GRE: The author's ___ tone contrasted sharply with the ___ underlying message of the passage. (fill in: ineradicable)
2359,soot-black,adjective,of the black color of soot,sooty-black,,"Use ""soot-black"" (adjective) when you want to convey of the black color of soot. Appropriate in formal writing, GRE sentence-equivalence, and academic contexts where precision matters.","Avoid ""soot-black"" in casual conversation among friends unless you are certain the listener will understand; it can sound pretentious. Also avoid when a simpler synonym suffices.",Academic: The study concluded that the soot-black factor played a decisive role in the experimental outcome.,"Conversational: You know, it's pretty clear that the soot-black situation needs our immediate attention.","GRE: Despite the ___ nature of the evidence, the researchers remained ___ about their conclusions. (fill in: soot-black)"
2360,bodiless,adjective,having no trunk or main part,unembodied; bodyless; unbodied; disembodied; discorporate,,"Use ""bodiless"" (adjective) when you want to convey having no trunk or main part. Appropriate in formal writing, GRE sentence-equivalence, and academic contexts where precision matters.","Avoid ""bodiless"" in casual conversation among friends unless you are certain the listener will understand; it can sound pretentious. Also avoid when a simpler synonym suffices.",Academic: The researcher's findings revealed that the bodiless effect was statistically significant across all samples.,Conversational: I told him the bodiless approach just wouldn't work here — we need to rethink this.,GRE: The author's ___ tone contrasted sharply with the ___ underlying message of the passage. (fill in: bodiless)
2361,pappose,adjective,(of plants such as dandelions and thistles) having pappi or tufts of featherlike hairs or delicate bristles,,,"Use ""pappose"" (adjective) when you want to convey (of plants such as dandelions and thistles) having pappi or tufts of featherlike hairs or delicate bristles. Appropriate in formal writing, GRE sentence-equivalence, and academic contexts where precision matters.","Avoid ""pappose"" in casual conversation among friends unless you are certain the listener will understand; it can sound pretentious. Also avoid when a simpler synonym suffices.",Academic: The study concluded that the pappose factor played a decisive role in the experimental outcome.,Conversational: I told him the pappose approach just wouldn't work here — we need to rethink this.,"GRE: Despite the ___ nature of the evidence, the researchers remained ___ about their conclusions. (fill in: pappose)"
2362,analogue,adjective,of a circuit or device having an output that is proportional to the input,linear; parallel; analog,digital,"Use ""analogue"" (adjective) when you want to convey of a circuit or device having an output that is proportional to the input. Appropriate in formal writing, GRE sentence-equivalence, and academic contexts where precision matters.","Avoid ""analogue"" in casual conversation among friends unless you are certain the listener will understand; it can sound pretentious. Also avoid when a simpler synonym suffices.",Academic: A key consideration in modern discourse is how the analogue principle shapes contemporary policy decisions.,Conversational: I told him the analogue approach just wouldn't work here — we need to rethink this.,"GRE: Despite the ___ nature of the evidence, the researchers remained ___ about their conclusions. (fill in: analogue)"
2363,light-haired,adjective,being or having light colored skin and hair and usually blue or grey eyes,blonde; blond,brunet,"Use ""light-haired"" (adjective) when you want to convey being or having light colored skin and hair and usually blue or grey eyes. Appropriate in formal writing, GRE sentence-equivalence, and academic contexts where precision matters.","Avoid ""light-haired"" in casual conversation among friends unless you are certain the listener will understand; it can sound pretentious. Also avoid when a simpler synonym suffices.",Academic: The researcher's findings revealed that the light-haired effect was statistically significant across all samples.,"Conversational: Honestly, the light-haired behavior of the team has been a major source of tension lately.",GRE: The professor described the ___ as a ___ that ___ the entire field of study. (fill in: light-haired)
2364,bovine,adjective,dull and slow-moving and stolid; like an ox,bovid,,"Use ""bovine"" (adjective) when you want to convey dull and slow-moving and stolid; like an ox. Appropriate in formal writing, GRE sentence-equivalence, and academic contexts where precision matters.","Avoid ""bovine"" in casual conversation among friends unless you are certain the listener will understand; it can sound pretentious. Also avoid when a simpler synonym suffices.",Academic: The researcher's findings revealed that the bovine effect was statistically significant across all samples.,"Conversational: Honestly, the bovine behavior of the team has been a major source of tension lately.",GRE: Analysts noted that the company's ___ strategy had ___ results in the last quarter. (fill in: bovine)
2365,bichrome,adjective,having two colors,bicolour; bicolored; dichromatic; bicoloured; bicolor,,"Use ""bichrome"" (adjective) when you want to convey having two colors. Appropriate in formal writing, GRE sentence-equivalence, and academic contexts where precision matters.","Avoid ""bichrome"" in casual conversation among friends unless you are certain the listener will understand; it can sound pretentious. Also avoid when a simpler synonym suffices.","Academic: In the scholarly article, the author argued that the bichrome phenomenon could not be overlooked.",Conversational: I've noticed the bichrome trend in our office culture and it's starting to concern me.,GRE: The committee's decision to ___ was met with both praise and criticism from stakeholders. (fill in: bichrome)
2366,appraising,adjective,exercising or involving careful evaluations,assess; evaluate; measure; appraise; valuate; value,,"Use ""appraising"" (adjective) when you want to convey exercising or involving careful evaluations. Appropriate in formal writing, GRE sentence-equivalence, and academic contexts where precision matters.","Avoid ""appraising"" in casual conversation among friends unless you are certain the listener will understand; it can sound pretentious. Also avoid when a simpler synonym suffices.",Academic: A key consideration in modern discourse is how the appraising principle shapes contemporary policy decisions.,Conversational: I told him the appraising approach just wouldn't work here — we need to rethink this.,GRE: The committee's decision to ___ was met with both praise and criticism from stakeholders. (fill in: appraising)
2367,outraged,adjective,angered at something unjust or wrong,scandalize; appal; offend; scandalise; appall; shock,,"Use ""outraged"" (adjective) when you want to convey angered at something unjust or wrong. Appropriate in formal writing, GRE sentence-equivalence, and academic contexts where precision matters.","Avoid ""outraged"" in casual conversation among friends unless you are certain the listener will understand; it can sound pretentious. Also avoid when a simpler synonym suffices.",Academic: The study concluded that the outraged factor played a decisive role in the experimental outcome.,"Conversational: Look, the outraged results speak for themselves — we can't ignore them any longer.","GRE: Despite the ___ nature of the evidence, the researchers remained ___ about their conclusions. (fill in: outraged)"
2368,opaque,adjective,not transmitting or reflecting light or radiant energy; impenetrable to sight,unintelligible,clear,"Use ""opaque"" (adjective) when you want to convey not transmitting or reflecting light or radiant energy; impenetrable to sight. Appropriate in formal writing, GRE sentence-equivalence, and academic contexts where precision matters.","Avoid ""opaque"" in casual conversation among friends unless you are certain the listener will understand; it can sound pretentious. Also avoid when a simpler synonym suffices.",Academic: The researcher's findings revealed that the opaque effect was statistically significant across all samples.,"Conversational: Honestly, the opaque behavior of the team has been a major source of tension lately.",GRE: Analysts noted that the company's ___ strategy had ___ results in the last quarter. (fill in: opaque)
2369,disciplined,adjective,obeying the rules,sort out; correct; train; condition; discipline; check,,"Use ""disciplined"" (adjective) when you want to convey obeying the rules. Appropriate in formal writing, GRE sentence-equivalence, and academic contexts where precision matters.","Avoid ""disciplined"" in casual conversation among friends unless you are certain the listener will understand; it can sound pretentious. Also avoid when a simpler synonym suffices.",Academic: A key consideration in modern discourse is how the disciplined principle shapes contemporary policy decisions.,Conversational: I've noticed the disciplined trend in our office culture and it's starting to concern me.,GRE: Analysts noted that the company's ___ strategy had ___ results in the last quarter. (fill in: disciplined)
2370,thick-bodied,adjective,having a thick body,,,"Use ""thick-bodied"" (adjective) when you want to convey having a thick body. Appropriate in formal writing, GRE sentence-equivalence, and academic contexts where precision matters.","Avoid ""thick-bodied"" in casual conversation among friends unless you are certain the listener will understand; it can sound pretentious. Also avoid when a simpler synonym suffices.",Academic: Contemporary scholars debate whether the thick-bodied hypothesis adequately explains the observed data.,Conversational: I told him the thick-bodied approach just wouldn't work here — we need to rethink this.,GRE: The author's ___ tone contrasted sharply with the ___ underlying message of the passage. (fill in: thick-bodied)
2371,neoclassical,adjective,characteristic of a revival of an earlier classical style,neoclassic,,"Use ""neoclassical"" (adjective) when you want to convey characteristic of a revival of an earlier classical style. Appropriate in formal writing, GRE sentence-equivalence, and academic contexts where precision matters.","Avoid ""neoclassical"" in casual conversation among friends unless you are certain the listener will understand; it can sound pretentious. Also avoid when a simpler synonym suffices.",Academic: Contemporary scholars debate whether the neoclassical hypothesis adequately explains the observed data.,Conversational: I told him the neoclassical approach just wouldn't work here — we need to rethink this.,GRE: The committee's decision to ___ was met with both praise and criticism from stakeholders. (fill in: neoclassical)
2372,presidential,adjective,befitting a president,,unpresidential,"Use ""presidential"" (adjective) when you want to convey befitting a president. Appropriate in formal writing, GRE sentence-equivalence, and academic contexts where precision matters.","Avoid ""presidential"" in casual conversation among friends unless you are certain the listener will understand; it can sound pretentious. Also avoid when a simpler synonym suffices.",Academic: The study concluded that the presidential factor played a decisive role in the experimental outcome.,Conversational: I've noticed the presidential trend in our office culture and it's starting to concern me.,"GRE: Despite the ___ nature of the evidence, the researchers remained ___ about their conclusions. (fill in: presidential)"
2373,preexisting,adjective,existing previously or before something,preexistent; pre-existing; preexist; pre-existent,,"Use ""preexisting"" (adjective) when you want to convey existing previously or before something. Appropriate in formal writing, GRE sentence-equivalence, and academic contexts where precision matters.","Avoid ""preexisting"" in casual conversation among friends unless you are certain the listener will understand; it can sound pretentious. Also avoid when a simpler synonym suffices.",Academic: The researcher's findings revealed that the preexisting effect was statistically significant across all samples.,Conversational: I've noticed the preexisting trend in our office culture and it's starting to concern me.,"GRE: Despite the ___ nature of the evidence, the researchers remained ___ about their conclusions. (fill in: preexisting)"
2374,colorful,adjective,having color or a certain color; sometimes used in combination,colourful; coloured; colored,colorless; uncolored; colourless,"Use ""colorful"" (adjective) when you want to convey having color or a certain color; sometimes used in combination. Appropriate in formal writing, GRE sentence-equivalence, and academic contexts where precision matters.","Avoid ""colorful"" in casual conversation among friends unless you are certain the listener will understand; it can sound pretentious. Also avoid when a simpler synonym suffices.",Academic: The study concluded that the colorful factor played a decisive role in the experimental outcome.,"Conversational: Honestly, the colorful behavior of the team has been a major source of tension lately.",GRE: The committee's decision to ___ was met with both praise and criticism from stakeholders. (fill in: colorful)
2375,oracular,adjective,resembling an oracle in obscurity of thought,enigmatic; Delphic,,"Use ""oracular"" (adjective) when you want to convey resembling an oracle in obscurity of thought. Appropriate in formal writing, GRE sentence-equivalence, and academic contexts where precision matters.","Avoid ""oracular"" in casual conversation among friends unless you are certain the listener will understand; it can sound pretentious. Also avoid when a simpler synonym suffices.",Academic: The study concluded that the oracular factor played a decisive role in the experimental outcome.,Conversational: I told him the oracular approach just wouldn't work here — we need to rethink this.,GRE: Analysts noted that the company's ___ strategy had ___ results in the last quarter. (fill in: oracular)
2376,wasted,adjective,(of an organ or body part) diminished in size or strength as a result of disease or injury or lack of use,waste; knock off; blow; liquidate; squander; do in,hypertrophied; conserve,"Use ""wasted"" (adjective) when you want to convey (of an organ or body part) diminished in size or strength as a result of disease or injury or lack of use. Appropriate in formal writing, GRE sentence-equivalence, and academic contexts where precision matters.","Avoid ""wasted"" in casual conversation among friends unless you are certain the listener will understand; it can sound pretentious. Also avoid when a simpler synonym suffices.",Academic: A key consideration in modern discourse is how the wasted principle shapes contemporary policy decisions.,"Conversational: Look, the wasted results speak for themselves — we can't ignore them any longer.",GRE: The author's ___ tone contrasted sharply with the ___ underlying message of the passage. (fill in: wasted)
2377,distributive,adjective,serving to distribute or allot or disperse,,collective,"Use ""distributive"" (adjective) when you want to convey serving to distribute or allot or disperse. Appropriate in formal writing, GRE sentence-equivalence, and academic contexts where precision matters.","Avoid ""distributive"" in casual conversation among friends unless you are certain the listener will understand; it can sound pretentious. Also avoid when a simpler synonym suffices.",Academic: The researcher's findings revealed that the distributive effect was statistically significant across all samples.,Conversational: I've noticed the distributive trend in our office culture and it's starting to concern me.,GRE: Analysts noted that the company's ___ strategy had ___ results in the last quarter. (fill in: distributive)
2378,complaintive,adjective,expressing pain or dissatisfaction of resentment,complaining,uncomplaining,"Use ""complaintive"" (adjective) when you want to convey expressing pain or dissatisfaction of resentment. Appropriate in formal writing, GRE sentence-equivalence, and academic contexts where precision matters.","Avoid ""complaintive"" in casual conversation among friends unless you are certain the listener will understand; it can sound pretentious. Also avoid when a simpler synonym suffices.",Academic: Contemporary scholars debate whether the complaintive hypothesis adequately explains the observed data.,"Conversational: You know, it's pretty clear that the complaintive situation needs our immediate attention.","GRE: Despite the ___ nature of the evidence, the researchers remained ___ about their conclusions. (fill in: complaintive)"
2379,unpublished,adjective,not published,,published,"Use ""unpublished"" (adjective) when you want to convey not published. Appropriate in formal writing, GRE sentence-equivalence, and academic contexts where precision matters.","Avoid ""unpublished"" in casual conversation among friends unless you are certain the listener will understand; it can sound pretentious. Also avoid when a simpler synonym suffices.","Academic: In the scholarly article, the author argued that the unpublished phenomenon could not be overlooked.","Conversational: You know, it's pretty clear that the unpublished situation needs our immediate attention.","GRE: Despite the ___ nature of the evidence, the researchers remained ___ about their conclusions. (fill in: unpublished)"
2380,implicative,adjective,tending to suggest or imply,suggestive,,"Use ""implicative"" (adjective) when you want to convey tending to suggest or imply. Appropriate in formal writing, GRE sentence-equivalence, and academic contexts where precision matters.","Avoid ""implicative"" in casual conversation among friends unless you are certain the listener will understand; it can sound pretentious. Also avoid when a simpler synonym suffices.",Academic: Contemporary scholars debate whether the implicative hypothesis adequately explains the observed data.,"Conversational: You know, it's pretty clear that the implicative situation needs our immediate attention.","GRE: Despite the ___ nature of the evidence, the researchers remained ___ about their conclusions. (fill in: implicative)"
2381,soft-witted,adjective,(of especially persons) lacking sense or understanding or judgment,witless; senseless; nitwitted,,"Use ""soft-witted"" (adjective) when you want to convey (of especially persons) lacking sense or understanding or judgment. Appropriate in formal writing, GRE sentence-equivalence, and academic contexts where precision matters.","Avoid ""soft-witted"" in casual conversation among friends unless you are certain the listener will understand; it can sound pretentious. Also avoid when a simpler synonym suffices.",Academic: Contemporary scholars debate whether the soft-witted hypothesis adequately explains the observed data.,"Conversational: Look, the soft-witted results speak for themselves — we can't ignore them any longer.","GRE: Despite the ___ nature of the evidence, the researchers remained ___ about their conclusions. (fill in: soft-witted)"
2382,uncommitted,adjective,not associated in an exclusive sexual relationship,unattached; available,attached; committed,"Use ""uncommitted"" (adjective) when you want to convey not associated in an exclusive sexual relationship. Appropriate in formal writing, GRE sentence-equivalence, and academic contexts where precision matters.","Avoid ""uncommitted"" in casual conversation among friends unless you are certain the listener will understand; it can sound pretentious. Also avoid when a simpler synonym suffices.","Academic: In the scholarly article, the author argued that the uncommitted phenomenon could not be overlooked.","Conversational: Look, the uncommitted results speak for themselves — we can't ignore them any longer.","GRE: Despite the ___ nature of the evidence, the researchers remained ___ about their conclusions. (fill in: uncommitted)"
2383,unusual,adjective,not usual or common or ordinary,strange,familiar; usual,"Use ""unusual"" (adjective) when you want to convey not usual or common or ordinary. Appropriate in formal writing, GRE sentence-equivalence, and academic contexts where precision matters.","Avoid ""unusual"" in casual conversation among friends unless you are certain the listener will understand; it can sound pretentious. Also avoid when a simpler synonym suffices.",Academic: The researcher's findings revealed that the unusual effect was statistically significant across all samples.,"Conversational: You know, it's pretty clear that the unusual situation needs our immediate attention.",GRE: The author's ___ tone contrasted sharply with the ___ underlying message of the passage. (fill in: unusual)
2384,brownish-yellow,adjective,of a medium to dark brownish yellow color,yellow-brown; amber,,"Use ""brownish-yellow"" (adjective) when you want to convey of a medium to dark brownish yellow color. Appropriate in formal writing, GRE sentence-equivalence, and academic contexts where precision matters.","Avoid ""brownish-yellow"" in casual conversation among friends unless you are certain the listener will understand; it can sound pretentious. Also avoid when a simpler synonym suffices.","Academic: In the scholarly article, the author argued that the brownish-yellow phenomenon could not be overlooked.","Conversational: Look, the brownish-yellow results speak for themselves — we can't ignore them any longer.",GRE: Analysts noted that the company's ___ strategy had ___ results in the last quarter. (fill in: brownish-yellow)
2385,aroused,adjective,(of persons) excessively affected by emotion,evoke; elicit; kindle; provoke; enkindle; fire,fall asleep; cause to sleep; sedate; de-energize; de-energise,"Use ""aroused"" (adjective) when you want to convey (of persons) excessively affected by emotion. Appropriate in formal writing, GRE sentence-equivalence, and academic contexts where precision matters.","Avoid ""aroused"" in casual conversation among friends unless you are certain the listener will understand; it can sound pretentious. Also avoid when a simpler synonym suffices.",Academic: The researcher's findings revealed that the aroused effect was statistically significant across all samples.,"Conversational: Honestly, the aroused behavior of the team has been a major source of tension lately.",GRE: The professor described the ___ as a ___ that ___ the entire field of study. (fill in: aroused)
2386,alkalescent,adjective,tending to become alkaline; slightly alkaline,alcalescent,,"Use ""alkalescent"" (adjective) when you want to convey tending to become alkaline; slightly alkaline. Appropriate in formal writing, GRE sentence-equivalence, and academic contexts where precision matters.","Avoid ""alkalescent"" in casual conversation among friends unless you are certain the listener will understand; it can sound pretentious. Also avoid when a simpler synonym suffices.",Academic: The researcher's findings revealed that the alkalescent effect was statistically significant across all samples.,"Conversational: You know, it's pretty clear that the alkalescent situation needs our immediate attention.",GRE: The committee's decision to ___ was met with both praise and criticism from stakeholders. (fill in: alkalescent)
2387,stereotypic,adjective,lacking spontaneity or originality or individuality,stereotyped; stereotypical; unimaginative,,"Use ""stereotypic"" (adjective) when you want to convey lacking spontaneity or originality or individuality. Appropriate in formal writing, GRE sentence-equivalence, and academic contexts where precision matters.","Avoid ""stereotypic"" in casual conversation among friends unless you are certain the listener will understand; it can sound pretentious. Also avoid when a simpler synonym suffices.",Academic: The study concluded that the stereotypic factor played a decisive role in the experimental outcome.,"Conversational: Honestly, the stereotypic behavior of the team has been a major source of tension lately.",GRE: Analysts noted that the company's ___ strategy had ___ results in the last quarter. (fill in: stereotypic)
2388,ill-treated,adjective,subjected to cruel treatment,ill-treat; mistreat; ill-use; abuse; step; maltreat,unabused,"Use ""ill-treated"" (adjective) when you want to convey subjected to cruel treatment. Appropriate in formal writing, GRE sentence-equivalence, and academic contexts where precision matters.","Avoid ""ill-treated"" in casual conversation among friends unless you are certain the listener will understand; it can sound pretentious. Also avoid when a simpler synonym suffices.",Academic: The study concluded that the ill-treated factor played a decisive role in the experimental outcome.,Conversational: I've noticed the ill-treated trend in our office culture and it's starting to concern me.,GRE: The author's ___ tone contrasted sharply with the ___ underlying message of the passage. (fill in: ill-treated)
2389,confident,adjective,persuaded of; very sure,surefooted; sure-footed; positive; convinced,diffident,"Use ""confident"" (adjective) when you want to convey persuaded of; very sure. Appropriate in formal writing, GRE sentence-equivalence, and academic contexts where precision matters.","Avoid ""confident"" in casual conversation among friends unless you are certain the listener will understand; it can sound pretentious. Also avoid when a simpler synonym suffices.","Academic: In the scholarly article, the author argued that the confident phenomenon could not be overlooked.","Conversational: Look, the confident results speak for themselves — we can't ignore them any longer.","GRE: Despite the ___ nature of the evidence, the researchers remained ___ about their conclusions. (fill in: confident)"
2390,nonionized,adjective,not converted into ions,nonionised; unionised; nonionic; unionized,ionized,"Use ""nonionized"" (adjective) when you want to convey not converted into ions. Appropriate in formal writing, GRE sentence-equivalence, and academic contexts where precision matters.","Avoid ""nonionized"" in casual conversation among friends unless you are certain the listener will understand; it can sound pretentious. Also avoid when a simpler synonym suffices.",Academic: The researcher's findings revealed that the nonionized effect was statistically significant across all samples.,"Conversational: Look, the nonionized results speak for themselves — we can't ignore them any longer.",GRE: Analysts noted that the company's ___ strategy had ___ results in the last quarter. (fill in: nonionized)
2391,sternutative,adjective,causing sneezing,sternutatory,,"Use ""sternutative"" (adjective) when you want to convey causing sneezing. Appropriate in formal writing, GRE sentence-equivalence, and academic contexts where precision matters.","Avoid ""sternutative"" in casual conversation among friends unless you are certain the listener will understand; it can sound pretentious. Also avoid when a simpler synonym suffices.",Academic: A key consideration in modern discourse is how the sternutative principle shapes contemporary policy decisions.,"Conversational: Look, the sternutative results speak for themselves — we can't ignore them any longer.",GRE: The committee's decision to ___ was met with both praise and criticism from stakeholders. (fill in: sternutative)
2392,decurved,adjective,bent down or curved downward,,,"Use ""decurved"" (adjective) when you want to convey bent down or curved downward. Appropriate in formal writing, GRE sentence-equivalence, and academic contexts where precision matters.","Avoid ""decurved"" in casual conversation among friends unless you are certain the listener will understand; it can sound pretentious. Also avoid when a simpler synonym suffices.","Academic: In the scholarly article, the author argued that the decurved phenomenon could not be overlooked.","Conversational: Look, the decurved results speak for themselves — we can't ignore them any longer.",GRE: The professor described the ___ as a ___ that ___ the entire field of study. (fill in: decurved)
2393,slashed,adjective,having long and narrow ornamental cuts showing an underlying fabric,whip; welt; cut down; slash; lather; flog,,"Use ""slashed"" (adjective) when you want to convey having long and narrow ornamental cuts showing an underlying fabric. Appropriate in formal writing, GRE sentence-equivalence, and academic contexts where precision matters.","Avoid ""slashed"" in casual conversation among friends unless you are certain the listener will understand; it can sound pretentious. Also avoid when a simpler synonym suffices.",Academic: Contemporary scholars debate whether the slashed hypothesis adequately explains the observed data.,"Conversational: You know, it's pretty clear that the slashed situation needs our immediate attention.",GRE: The professor described the ___ as a ___ that ___ the entire field of study. (fill in: slashed)
2394,inaccessible,adjective,not capable of being obtained,untouchable; unprocurable; unobtainable; unaccessible,accessible,"Use ""inaccessible"" (adjective) when you want to convey not capable of being obtained. Appropriate in formal writing, GRE sentence-equivalence, and academic contexts where precision matters.","Avoid ""inaccessible"" in casual conversation among friends unless you are certain the listener will understand; it can sound pretentious. Also avoid when a simpler synonym suffices.",Academic: The study concluded that the inaccessible factor played a decisive role in the experimental outcome.,"Conversational: Honestly, the inaccessible behavior of the team has been a major source of tension lately.",GRE: The author's ___ tone contrasted sharply with the ___ underlying message of the passage. (fill in: inaccessible)
2395,convex,adjective,curving or bulging outward,bulging,concave,"Use ""convex"" (adjective) when you want to convey curving or bulging outward. Appropriate in formal writing, GRE sentence-equivalence, and academic contexts where precision matters.","Avoid ""convex"" in casual conversation among friends unless you are certain the listener will understand; it can sound pretentious. Also avoid when a simpler synonym suffices.",Academic: Contemporary scholars debate whether the convex hypothesis adequately explains the observed data.,Conversational: I've noticed the convex trend in our office culture and it's starting to concern me.,GRE: Analysts noted that the company's ___ strategy had ___ results in the last quarter. (fill in: convex)
2396,appalled,adjective,"struck with fear, dread, or consternation",scandalize; appal; offend; scandalise; appall; shock,,"Use ""appalled"" (adjective) when you want to convey struck with fear, dread, or consternation. Appropriate in formal writing, GRE sentence-equivalence, and academic contexts where precision matters.","Avoid ""appalled"" in casual conversation among friends unless you are certain the listener will understand; it can sound pretentious. Also avoid when a simpler synonym suffices.","Academic: In the scholarly article, the author argued that the appalled phenomenon could not be overlooked.",Conversational: I've noticed the appalled trend in our office culture and it's starting to concern me.,GRE: The professor described the ___ as a ___ that ___ the entire field of study. (fill in: appalled)
2397,low-down,adjective,of the most contemptible kind,dope; low; the skinny; poop; scurvy; miserable,,"Use ""low-down"" (adjective) when you want to convey of the most contemptible kind. Appropriate in formal writing, GRE sentence-equivalence, and academic contexts where precision matters.","Avoid ""low-down"" in casual conversation among friends unless you are certain the listener will understand; it can sound pretentious. Also avoid when a simpler synonym suffices.","Academic: In the scholarly article, the author argued that the low-down phenomenon could not be overlooked.",Conversational: I've noticed the low-down trend in our office culture and it's starting to concern me.,GRE: The professor described the ___ as a ___ that ___ the entire field of study. (fill in: low-down)
2398,reddisn-purple,adjective,of purple tinged with red,red-purple,,"Use ""reddisn-purple"" (adjective) when you want to convey of purple tinged with red. Appropriate in formal writing, GRE sentence-equivalence, and academic contexts where precision matters.","Avoid ""reddisn-purple"" in casual conversation among friends unless you are certain the listener will understand; it can sound pretentious. Also avoid when a simpler synonym suffices.","Academic: In the scholarly article, the author argued that the reddisn-purple phenomenon could not be overlooked.","Conversational: You know, it's pretty clear that the reddisn-purple situation needs our immediate attention.","GRE: Despite the ___ nature of the evidence, the researchers remained ___ about their conclusions. (fill in: reddisn-purple)"
2399,resourceful,adjective,having inner resources; adroit or imaginative,,,"Use ""resourceful"" (adjective) when you want to convey having inner resources; adroit or imaginative. Appropriate in formal writing, GRE sentence-equivalence, and academic contexts where precision matters.","Avoid ""resourceful"" in casual conversation among friends unless you are certain the listener will understand; it can sound pretentious. Also avoid when a simpler synonym suffices.",Academic: A key consideration in modern discourse is how the resourceful principle shapes contemporary policy decisions.,"Conversational: Look, the resourceful results speak for themselves — we can't ignore them any longer.",GRE: The author's ___ tone contrasted sharply with the ___ underlying message of the passage. (fill in: resourceful)
2400,meat-eating,adjective,(of animals) carnivorous,flesh-eating; zoophagous,,"Use ""meat-eating"" (adjective) when you want to convey (of animals) carnivorous. Appropriate in formal writing, GRE sentence-equivalence, and academic contexts where precision matters.","Avoid ""meat-eating"" in casual conversation among friends unless you are certain the listener will understand; it can sound pretentious. Also avoid when a simpler synonym suffices.","Academic: In the scholarly article, the author argued that the meat-eating phenomenon could not be overlooked.","Conversational: Honestly, the meat-eating behavior of the team has been a major source of tension lately.",GRE: The professor described the ___ as a ___ that ___ the entire field of study. (fill in: meat-eating)
