rank,word,pos,definition,synonyms,antonyms,usage_where,usage_where_not,example_1,example_2,example_3
601,uncertain,adjective,ambiguous (especially in the negative),unsettled; incertain; unsealed; changeable; unsure,certain; sealed; sure,"Use ""uncertain"" (adjective) when you want to convey ambiguous (especially in the negative). Appropriate in formal writing, GRE sentence-equivalence, and academic contexts where precision matters.","Avoid ""uncertain"" in casual conversation among friends unless you are certain the listener will understand; it can sound pretentious. Also avoid when a simpler synonym suffices.",Academic: The researcher's findings revealed that the uncertain effect was statistically significant across all samples.,"Conversational: You know, it's pretty clear that the uncertain situation needs our immediate attention.",GRE: Analysts noted that the company's ___ strategy had ___ results in the last quarter. (fill in: uncertain)
602,streamlined,adjective,made efficient by stripping off nonessentials,flowing; aerodynamic; sleek; streamline,,"Use ""streamlined"" (adjective) when you want to convey made efficient by stripping off nonessentials. Appropriate in formal writing, GRE sentence-equivalence, and academic contexts where precision matters.","Avoid ""streamlined"" in casual conversation among friends unless you are certain the listener will understand; it can sound pretentious. Also avoid when a simpler synonym suffices.","Academic: In the scholarly article, the author argued that the streamlined phenomenon could not be overlooked.","Conversational: Honestly, the streamlined behavior of the team has been a major source of tension lately.",GRE: The professor described the ___ as a ___ that ___ the entire field of study. (fill in: streamlined)
603,dissociative,adjective,tending to produce dissociation,,,"Use ""dissociative"" (adjective) when you want to convey tending to produce dissociation. Appropriate in formal writing, GRE sentence-equivalence, and academic contexts where precision matters.","Avoid ""dissociative"" in casual conversation among friends unless you are certain the listener will understand; it can sound pretentious. Also avoid when a simpler synonym suffices.",Academic: Contemporary scholars debate whether the dissociative hypothesis adequately explains the observed data.,"Conversational: Look, the dissociative results speak for themselves — we can't ignore them any longer.",GRE: The author's ___ tone contrasted sharply with the ___ underlying message of the passage. (fill in: dissociative)
604,monopteral,adjective,having circular columniation,,,"Use ""monopteral"" (adjective) when you want to convey having circular columniation. Appropriate in formal writing, GRE sentence-equivalence, and academic contexts where precision matters.","Avoid ""monopteral"" in casual conversation among friends unless you are certain the listener will understand; it can sound pretentious. Also avoid when a simpler synonym suffices.",Academic: The study concluded that the monopteral factor played a decisive role in the experimental outcome.,"Conversational: Honestly, the monopteral behavior of the team has been a major source of tension lately.",GRE: The committee's decision to ___ was met with both praise and criticism from stakeholders. (fill in: monopteral)
605,free-lance,adjective,working for yourself,freelancer; self-employed; independent; self-employed person; freelance; free lance,salaried,"Use ""free-lance"" (adjective) when you want to convey working for yourself. Appropriate in formal writing, GRE sentence-equivalence, and academic contexts where precision matters.","Avoid ""free-lance"" in casual conversation among friends unless you are certain the listener will understand; it can sound pretentious. Also avoid when a simpler synonym suffices.",Academic: The researcher's findings revealed that the free-lance effect was statistically significant across all samples.,"Conversational: Honestly, the free-lance behavior of the team has been a major source of tension lately.",GRE: The professor described the ___ as a ___ that ___ the entire field of study. (fill in: free-lance)
606,insuperable,adjective,impossible to surmount,insurmountable; unconquerable,,"Use ""insuperable"" (adjective) when you want to convey impossible to surmount. Appropriate in formal writing, GRE sentence-equivalence, and academic contexts where precision matters.","Avoid ""insuperable"" in casual conversation among friends unless you are certain the listener will understand; it can sound pretentious. Also avoid when a simpler synonym suffices.","Academic: In the scholarly article, the author argued that the insuperable phenomenon could not be overlooked.","Conversational: Honestly, the insuperable behavior of the team has been a major source of tension lately.",GRE: The professor described the ___ as a ___ that ___ the entire field of study. (fill in: insuperable)
607,insinuating,adjective,calculated to please or gain favor,intimate; adumbrate; insinuate; ingratiating; ingratiatory,,"Use ""insinuating"" (adjective) when you want to convey calculated to please or gain favor. Appropriate in formal writing, GRE sentence-equivalence, and academic contexts where precision matters.","Avoid ""insinuating"" in casual conversation among friends unless you are certain the listener will understand; it can sound pretentious. Also avoid when a simpler synonym suffices.","Academic: In the scholarly article, the author argued that the insinuating phenomenon could not be overlooked.","Conversational: Honestly, the insinuating behavior of the team has been a major source of tension lately.","GRE: Despite the ___ nature of the evidence, the researchers remained ___ about their conclusions. (fill in: insinuating)"
608,dorsal,adjective,belonging to or on or near the back or upper surface of an animal or organ or part,abaxial,ventral; adaxial,"Use ""dorsal"" (adjective) when you want to convey belonging to or on or near the back or upper surface of an animal or organ or part. Appropriate in formal writing, GRE sentence-equivalence, and academic contexts where precision matters.","Avoid ""dorsal"" in casual conversation among friends unless you are certain the listener will understand; it can sound pretentious. Also avoid when a simpler synonym suffices.",Academic: The study concluded that the dorsal factor played a decisive role in the experimental outcome.,"Conversational: Look, the dorsal results speak for themselves — we can't ignore them any longer.","GRE: Despite the ___ nature of the evidence, the researchers remained ___ about their conclusions. (fill in: dorsal)"
609,pebble-grained,adjective,(of leather) having a rough surface as the result of being treated with a patterned roller,,,"Use ""pebble-grained"" (adjective) when you want to convey (of leather) having a rough surface as the result of being treated with a patterned roller. Appropriate in formal writing, GRE sentence-equivalence, and academic contexts where precision matters.","Avoid ""pebble-grained"" in casual conversation among friends unless you are certain the listener will understand; it can sound pretentious. Also avoid when a simpler synonym suffices.",Academic: A key consideration in modern discourse is how the pebble-grained principle shapes contemporary policy decisions.,Conversational: I told him the pebble-grained approach just wouldn't work here — we need to rethink this.,"GRE: Despite the ___ nature of the evidence, the researchers remained ___ about their conclusions. (fill in: pebble-grained)"
610,cavalier,adjective,given to haughty disregard of others,Royalist; high-handed; chevalier,,"Use ""cavalier"" (adjective) when you want to convey given to haughty disregard of others. Appropriate in formal writing, GRE sentence-equivalence, and academic contexts where precision matters.","Avoid ""cavalier"" in casual conversation among friends unless you are certain the listener will understand; it can sound pretentious. Also avoid when a simpler synonym suffices.",Academic: The study concluded that the cavalier factor played a decisive role in the experimental outcome.,"Conversational: Honestly, the cavalier behavior of the team has been a major source of tension lately.",GRE: The author's ___ tone contrasted sharply with the ___ underlying message of the passage. (fill in: cavalier)
611,caustic,adjective,"of a substance, especially a strong acid; capable of destroying or eating away by chemical action",blistering; acrid; virulent; sulfurous; sulphurous; acerb,,"Use ""caustic"" (adjective) when you want to convey of a substance, especially a strong acid; capable of destroying or eating away by chemical action. Appropriate in formal writing, GRE sentence-equivalence, and academic contexts where precision matters.","Avoid ""caustic"" in casual conversation among friends unless you are certain the listener will understand; it can sound pretentious. Also avoid when a simpler synonym suffices.",Academic: A key consideration in modern discourse is how the caustic principle shapes contemporary policy decisions.,"Conversational: You know, it's pretty clear that the caustic situation needs our immediate attention.","GRE: Despite the ___ nature of the evidence, the researchers remained ___ about their conclusions. (fill in: caustic)"
612,whorled,adjective,forming one or more whorls (especially a whorl of leaves around a stem),turbinate; voluted; spiral; volute; coiling; helical,,"Use ""whorled"" (adjective) when you want to convey forming one or more whorls (especially a whorl of leaves around a stem). Appropriate in formal writing, GRE sentence-equivalence, and academic contexts where precision matters.","Avoid ""whorled"" in casual conversation among friends unless you are certain the listener will understand; it can sound pretentious. Also avoid when a simpler synonym suffices.","Academic: In the scholarly article, the author argued that the whorled phenomenon could not be overlooked.","Conversational: Look, the whorled results speak for themselves — we can't ignore them any longer.",GRE: The author's ___ tone contrasted sharply with the ___ underlying message of the passage. (fill in: whorled)
613,swashbuckling,adjective,flamboyantly adventurous,swaggering,,"Use ""swashbuckling"" (adjective) when you want to convey flamboyantly adventurous. Appropriate in formal writing, GRE sentence-equivalence, and academic contexts where precision matters.","Avoid ""swashbuckling"" in casual conversation among friends unless you are certain the listener will understand; it can sound pretentious. Also avoid when a simpler synonym suffices.",Academic: The researcher's findings revealed that the swashbuckling effect was statistically significant across all samples.,Conversational: I've noticed the swashbuckling trend in our office culture and it's starting to concern me.,GRE: The professor described the ___ as a ___ that ___ the entire field of study. (fill in: swashbuckling)
614,unshrinking,adjective,not shrinking from danger,unblinking; unflinching; unintimidated,,"Use ""unshrinking"" (adjective) when you want to convey not shrinking from danger. Appropriate in formal writing, GRE sentence-equivalence, and academic contexts where precision matters.","Avoid ""unshrinking"" in casual conversation among friends unless you are certain the listener will understand; it can sound pretentious. Also avoid when a simpler synonym suffices.",Academic: A key consideration in modern discourse is how the unshrinking principle shapes contemporary policy decisions.,"Conversational: You know, it's pretty clear that the unshrinking situation needs our immediate attention.",GRE: The committee's decision to ___ was met with both praise and criticism from stakeholders. (fill in: unshrinking)
615,burned-out,adjective,destroyed or badly damaged by fire,burned-over; burnt-out; burned; burnt,,"Use ""burned-out"" (adjective) when you want to convey destroyed or badly damaged by fire. Appropriate in formal writing, GRE sentence-equivalence, and academic contexts where precision matters.","Avoid ""burned-out"" in casual conversation among friends unless you are certain the listener will understand; it can sound pretentious. Also avoid when a simpler synonym suffices.",Academic: A key consideration in modern discourse is how the burned-out principle shapes contemporary policy decisions.,"Conversational: Honestly, the burned-out behavior of the team has been a major source of tension lately.",GRE: The professor described the ___ as a ___ that ___ the entire field of study. (fill in: burned-out)
616,laborious,adjective,characterized by effort to the point of exhaustion; especially physical effort,heavy; hard; punishing; toilsome; backbreaking; operose,,"Use ""laborious"" (adjective) when you want to convey characterized by effort to the point of exhaustion; especially physical effort. Appropriate in formal writing, GRE sentence-equivalence, and academic contexts where precision matters.","Avoid ""laborious"" in casual conversation among friends unless you are certain the listener will understand; it can sound pretentious. Also avoid when a simpler synonym suffices.",Academic: The study concluded that the laborious factor played a decisive role in the experimental outcome.,Conversational: I've noticed the laborious trend in our office culture and it's starting to concern me.,"GRE: Despite the ___ nature of the evidence, the researchers remained ___ about their conclusions. (fill in: laborious)"
617,on-going,adjective,currently happening,ongoing,,"Use ""on-going"" (adjective) when you want to convey currently happening. Appropriate in formal writing, GRE sentence-equivalence, and academic contexts where precision matters.","Avoid ""on-going"" in casual conversation among friends unless you are certain the listener will understand; it can sound pretentious. Also avoid when a simpler synonym suffices.",Academic: The researcher's findings revealed that the on-going effect was statistically significant across all samples.,"Conversational: Look, the on-going results speak for themselves — we can't ignore them any longer.",GRE: The professor described the ___ as a ___ that ___ the entire field of study. (fill in: on-going)
618,contributive,adjective,tending to bring about; being partly responsible for,conducive; tributary; contributory; contributing,,"Use ""contributive"" (adjective) when you want to convey tending to bring about; being partly responsible for. Appropriate in formal writing, GRE sentence-equivalence, and academic contexts where precision matters.","Avoid ""contributive"" in casual conversation among friends unless you are certain the listener will understand; it can sound pretentious. Also avoid when a simpler synonym suffices.",Academic: The study concluded that the contributive factor played a decisive role in the experimental outcome.,"Conversational: You know, it's pretty clear that the contributive situation needs our immediate attention.",GRE: The professor described the ___ as a ___ that ___ the entire field of study. (fill in: contributive)
619,convexo-convex,adjective,convex on both sides; shaped like a lentil,lenticular; lentiform; biconvex,,"Use ""convexo-convex"" (adjective) when you want to convey convex on both sides; shaped like a lentil. Appropriate in formal writing, GRE sentence-equivalence, and academic contexts where precision matters.","Avoid ""convexo-convex"" in casual conversation among friends unless you are certain the listener will understand; it can sound pretentious. Also avoid when a simpler synonym suffices.",Academic: Contemporary scholars debate whether the convexo-convex hypothesis adequately explains the observed data.,"Conversational: Look, the convexo-convex results speak for themselves — we can't ignore them any longer.",GRE: The professor described the ___ as a ___ that ___ the entire field of study. (fill in: convexo-convex)
620,cloggy,adjective,(used of soil) compact and fine-grained,clayey; heavy,,"Use ""cloggy"" (adjective) when you want to convey (used of soil) compact and fine-grained. Appropriate in formal writing, GRE sentence-equivalence, and academic contexts where precision matters.","Avoid ""cloggy"" in casual conversation among friends unless you are certain the listener will understand; it can sound pretentious. Also avoid when a simpler synonym suffices.","Academic: In the scholarly article, the author argued that the cloggy phenomenon could not be overlooked.","Conversational: You know, it's pretty clear that the cloggy situation needs our immediate attention.","GRE: Despite the ___ nature of the evidence, the researchers remained ___ about their conclusions. (fill in: cloggy)"
621,elliptic,adjective,characterized by extreme economy of expression or omission of superfluous elements; ; - H.O.Taylor,oviform; ovoid; ovate; oval-shaped; elliptical; prolate,,"Use ""elliptic"" (adjective) when you want to convey characterized by extreme economy of expression or omission of superfluous elements; ; - h.o.taylor. Appropriate in formal writing, GRE sentence-equivalence, and academic contexts where precision matters.","Avoid ""elliptic"" in casual conversation among friends unless you are certain the listener will understand; it can sound pretentious. Also avoid when a simpler synonym suffices.",Academic: A key consideration in modern discourse is how the elliptic principle shapes contemporary policy decisions.,Conversational: I've noticed the elliptic trend in our office culture and it's starting to concern me.,GRE: Analysts noted that the company's ___ strategy had ___ results in the last quarter. (fill in: elliptic)
622,occupied,adjective,having ones attention or mind or energy engaged,concern; busy; reside; lodge in; occupy; interest,unoccupied,"Use ""occupied"" (adjective) when you want to convey having ones attention or mind or energy engaged. Appropriate in formal writing, GRE sentence-equivalence, and academic contexts where precision matters.","Avoid ""occupied"" in casual conversation among friends unless you are certain the listener will understand; it can sound pretentious. Also avoid when a simpler synonym suffices.","Academic: In the scholarly article, the author argued that the occupied phenomenon could not be overlooked.",Conversational: I told him the occupied approach just wouldn't work here — we need to rethink this.,GRE: The author's ___ tone contrasted sharply with the ___ underlying message of the passage. (fill in: occupied)
623,malapropos,adjective,of an inappropriate or incorrectly applied nature,inopportunely,apropos; opportunely,"Use ""malapropos"" (adjective) when you want to convey of an inappropriate or incorrectly applied nature. Appropriate in formal writing, GRE sentence-equivalence, and academic contexts where precision matters.","Avoid ""malapropos"" in casual conversation among friends unless you are certain the listener will understand; it can sound pretentious. Also avoid when a simpler synonym suffices.",Academic: The study concluded that the malapropos factor played a decisive role in the experimental outcome.,"Conversational: You know, it's pretty clear that the malapropos situation needs our immediate attention.",GRE: Analysts noted that the company's ___ strategy had ___ results in the last quarter. (fill in: malapropos)
624,prefrontal,adjective,anterior to a frontal structure,,,"Use ""prefrontal"" (adjective) when you want to convey anterior to a frontal structure. Appropriate in formal writing, GRE sentence-equivalence, and academic contexts where precision matters.","Avoid ""prefrontal"" in casual conversation among friends unless you are certain the listener will understand; it can sound pretentious. Also avoid when a simpler synonym suffices.","Academic: In the scholarly article, the author argued that the prefrontal phenomenon could not be overlooked.",Conversational: I told him the prefrontal approach just wouldn't work here — we need to rethink this.,GRE: The professor described the ___ as a ___ that ___ the entire field of study. (fill in: prefrontal)
625,multilateral,adjective,having many parts or sides,many-sided,unilateral,"Use ""multilateral"" (adjective) when you want to convey having many parts or sides. Appropriate in formal writing, GRE sentence-equivalence, and academic contexts where precision matters.","Avoid ""multilateral"" in casual conversation among friends unless you are certain the listener will understand; it can sound pretentious. Also avoid when a simpler synonym suffices.",Academic: A key consideration in modern discourse is how the multilateral principle shapes contemporary policy decisions.,"Conversational: Look, the multilateral results speak for themselves — we can't ignore them any longer.",GRE: The author's ___ tone contrasted sharply with the ___ underlying message of the passage. (fill in: multilateral)
626,yellowish-beige,adjective,of beige tinged with yellow,yellow-beige,,"Use ""yellowish-beige"" (adjective) when you want to convey of beige tinged with yellow. Appropriate in formal writing, GRE sentence-equivalence, and academic contexts where precision matters.","Avoid ""yellowish-beige"" in casual conversation among friends unless you are certain the listener will understand; it can sound pretentious. Also avoid when a simpler synonym suffices.","Academic: In the scholarly article, the author argued that the yellowish-beige phenomenon could not be overlooked.",Conversational: I've noticed the yellowish-beige trend in our office culture and it's starting to concern me.,GRE: Analysts noted that the company's ___ strategy had ___ results in the last quarter. (fill in: yellowish-beige)
627,diffuse,adjective,spread out; not concentrated in one place,spread out; riddle; imbue; permeate; spread; interpenetrate,hard,"Use ""diffuse"" (adjective) when you want to convey spread out; not concentrated in one place. Appropriate in formal writing, GRE sentence-equivalence, and academic contexts where precision matters.","Avoid ""diffuse"" in casual conversation among friends unless you are certain the listener will understand; it can sound pretentious. Also avoid when a simpler synonym suffices.",Academic: The study concluded that the diffuse factor played a decisive role in the experimental outcome.,"Conversational: Honestly, the diffuse behavior of the team has been a major source of tension lately.",GRE: The professor described the ___ as a ___ that ___ the entire field of study. (fill in: diffuse)
628,differentiated,adjective,made different (especially in the course of development) or shown to be different,separate; distinguish; severalize; severalise; tell apart; secern,undifferentiated; integrate; dedifferentiate,"Use ""differentiated"" (adjective) when you want to convey made different (especially in the course of development) or shown to be different. Appropriate in formal writing, GRE sentence-equivalence, and academic contexts where precision matters.","Avoid ""differentiated"" in casual conversation among friends unless you are certain the listener will understand; it can sound pretentious. Also avoid when a simpler synonym suffices.",Academic: The study concluded that the differentiated factor played a decisive role in the experimental outcome.,"Conversational: You know, it's pretty clear that the differentiated situation needs our immediate attention.",GRE: The author's ___ tone contrasted sharply with the ___ underlying message of the passage. (fill in: differentiated)
629,incompatible,adjective,used especially of solids or solutions; incapable of blending into a stable homogeneous mixture,antagonistic; contrastive; uncongenial; mismated; ill-sorted; unsuited,synergistic; compatible; congenial,"Use ""incompatible"" (adjective) when you want to convey used especially of solids or solutions; incapable of blending into a stable homogeneous mixture. Appropriate in formal writing, GRE sentence-equivalence, and academic contexts where precision matters.","Avoid ""incompatible"" in casual conversation among friends unless you are certain the listener will understand; it can sound pretentious. Also avoid when a simpler synonym suffices.",Academic: The researcher's findings revealed that the incompatible effect was statistically significant across all samples.,Conversational: I've noticed the incompatible trend in our office culture and it's starting to concern me.,GRE: The professor described the ___ as a ___ that ___ the entire field of study. (fill in: incompatible)
630,plaguey,adjective,causing irritation or annoyance,nettlesome; annoying; pestering; plaguy; teasing; bothersome,,"Use ""plaguey"" (adjective) when you want to convey causing irritation or annoyance. Appropriate in formal writing, GRE sentence-equivalence, and academic contexts where precision matters.","Avoid ""plaguey"" in casual conversation among friends unless you are certain the listener will understand; it can sound pretentious. Also avoid when a simpler synonym suffices.",Academic: The study concluded that the plaguey factor played a decisive role in the experimental outcome.,"Conversational: Honestly, the plaguey behavior of the team has been a major source of tension lately.",GRE: The professor described the ___ as a ___ that ___ the entire field of study. (fill in: plaguey)
631,problematic,adjective,making great mental demands; hard to comprehend or solve or believe,debatable; problematical; elusive; tough; baffling; knotty,,"Use ""problematic"" (adjective) when you want to convey making great mental demands; hard to comprehend or solve or believe. Appropriate in formal writing, GRE sentence-equivalence, and academic contexts where precision matters.","Avoid ""problematic"" in casual conversation among friends unless you are certain the listener will understand; it can sound pretentious. Also avoid when a simpler synonym suffices.",Academic: The researcher's findings revealed that the problematic effect was statistically significant across all samples.,"Conversational: You know, it's pretty clear that the problematic situation needs our immediate attention.",GRE: The committee's decision to ___ was met with both praise and criticism from stakeholders. (fill in: problematic)
632,tearaway,adjective,characterized by undue haste and lack of thought or deliberation; ; ; ; ; (`brainish' is archaic),hotheaded; brainish; impulsive; impetuous; madcap,,"Use ""tearaway"" (adjective) when you want to convey characterized by undue haste and lack of thought or deliberation; ; ; ; ; (`brainish' is archaic). Appropriate in formal writing, GRE sentence-equivalence, and academic contexts where precision matters.","Avoid ""tearaway"" in casual conversation among friends unless you are certain the listener will understand; it can sound pretentious. Also avoid when a simpler synonym suffices.",Academic: The researcher's findings revealed that the tearaway effect was statistically significant across all samples.,"Conversational: Look, the tearaway results speak for themselves — we can't ignore them any longer.",GRE: The author's ___ tone contrasted sharply with the ___ underlying message of the passage. (fill in: tearaway)
633,inappropriate,adjective,not in keeping with what is correct or proper,out or keeping; incompatible; unfitting,appropriate,"Use ""inappropriate"" (adjective) when you want to convey not in keeping with what is correct or proper. Appropriate in formal writing, GRE sentence-equivalence, and academic contexts where precision matters.","Avoid ""inappropriate"" in casual conversation among friends unless you are certain the listener will understand; it can sound pretentious. Also avoid when a simpler synonym suffices.",Academic: The study concluded that the inappropriate factor played a decisive role in the experimental outcome.,Conversational: I've noticed the inappropriate trend in our office culture and it's starting to concern me.,GRE: The committee's decision to ___ was met with both praise and criticism from stakeholders. (fill in: inappropriate)
634,synergetic,adjective,"working together; used especially of groups, as subsidiaries of a corporation, cooperating for an enhanced effect",synergistic,,"Use ""synergetic"" (adjective) when you want to convey working together; used especially of groups, as subsidiaries of a corporation, cooperating for an enhanced effect. Appropriate in formal writing, GRE sentence-equivalence, and academic contexts where precision matters.","Avoid ""synergetic"" in casual conversation among friends unless you are certain the listener will understand; it can sound pretentious. Also avoid when a simpler synonym suffices.",Academic: A key consideration in modern discourse is how the synergetic principle shapes contemporary policy decisions.,"Conversational: Honestly, the synergetic behavior of the team has been a major source of tension lately.","GRE: Despite the ___ nature of the evidence, the researchers remained ___ about their conclusions. (fill in: synergetic)"
635,consecutive,adjective,one after the other,sequential; serial; straight; sequent; successive; back-to-back,,"Use ""consecutive"" (adjective) when you want to convey one after the other. Appropriate in formal writing, GRE sentence-equivalence, and academic contexts where precision matters.","Avoid ""consecutive"" in casual conversation among friends unless you are certain the listener will understand; it can sound pretentious. Also avoid when a simpler synonym suffices.",Academic: The researcher's findings revealed that the consecutive effect was statistically significant across all samples.,Conversational: I've noticed the consecutive trend in our office culture and it's starting to concern me.,GRE: The professor described the ___ as a ___ that ___ the entire field of study. (fill in: consecutive)
636,ungusseted,adjective,not having gussets,,gusseted,"Use ""ungusseted"" (adjective) when you want to convey not having gussets. Appropriate in formal writing, GRE sentence-equivalence, and academic contexts where precision matters.","Avoid ""ungusseted"" in casual conversation among friends unless you are certain the listener will understand; it can sound pretentious. Also avoid when a simpler synonym suffices.",Academic: The study concluded that the ungusseted factor played a decisive role in the experimental outcome.,Conversational: I told him the ungusseted approach just wouldn't work here — we need to rethink this.,GRE: The committee's decision to ___ was met with both praise and criticism from stakeholders. (fill in: ungusseted)
637,collective,adjective,set up on the principle of collectivism or ownership and production by the workers involved usually under the supervision of a government,corporate,distributive,"Use ""collective"" (adjective) when you want to convey set up on the principle of collectivism or ownership and production by the workers involved usually under the supervision of a government. Appropriate in formal writing, GRE sentence-equivalence, and academic contexts where precision matters.","Avoid ""collective"" in casual conversation among friends unless you are certain the listener will understand; it can sound pretentious. Also avoid when a simpler synonym suffices.",Academic: The researcher's findings revealed that the collective effect was statistically significant across all samples.,"Conversational: You know, it's pretty clear that the collective situation needs our immediate attention.","GRE: Despite the ___ nature of the evidence, the researchers remained ___ about their conclusions. (fill in: collective)"
638,prosperous,adjective,presaging or likely to bring good luck,well-to-do; well-off; well-situated; well-heeled; comfortable; well-fixed,,"Use ""prosperous"" (adjective) when you want to convey presaging or likely to bring good luck. Appropriate in formal writing, GRE sentence-equivalence, and academic contexts where precision matters.","Avoid ""prosperous"" in casual conversation among friends unless you are certain the listener will understand; it can sound pretentious. Also avoid when a simpler synonym suffices.",Academic: The researcher's findings revealed that the prosperous effect was statistically significant across all samples.,"Conversational: Look, the prosperous results speak for themselves — we can't ignore them any longer.",GRE: The committee's decision to ___ was met with both praise and criticism from stakeholders. (fill in: prosperous)
639,work-shy,adjective,disinclined to work or exertion,otiose; indolent; faineant; slothful; lazy,,"Use ""work-shy"" (adjective) when you want to convey disinclined to work or exertion. Appropriate in formal writing, GRE sentence-equivalence, and academic contexts where precision matters.","Avoid ""work-shy"" in casual conversation among friends unless you are certain the listener will understand; it can sound pretentious. Also avoid when a simpler synonym suffices.",Academic: A key consideration in modern discourse is how the work-shy principle shapes contemporary policy decisions.,"Conversational: Honestly, the work-shy behavior of the team has been a major source of tension lately.",GRE: The committee's decision to ___ was met with both praise and criticism from stakeholders. (fill in: work-shy)
640,sign-language,adjective,used of the language of the deaf,sign; signed; gestural,,"Use ""sign-language"" (adjective) when you want to convey used of the language of the deaf. Appropriate in formal writing, GRE sentence-equivalence, and academic contexts where precision matters.","Avoid ""sign-language"" in casual conversation among friends unless you are certain the listener will understand; it can sound pretentious. Also avoid when a simpler synonym suffices.",Academic: Contemporary scholars debate whether the sign-language hypothesis adequately explains the observed data.,Conversational: I've noticed the sign-language trend in our office culture and it's starting to concern me.,GRE: The professor described the ___ as a ___ that ___ the entire field of study. (fill in: sign-language)
641,twilit,adjective,lighted by or as if by twilight; -Henry Fielding,dusky; twilight,,"Use ""twilit"" (adjective) when you want to convey lighted by or as if by twilight; -henry fielding. Appropriate in formal writing, GRE sentence-equivalence, and academic contexts where precision matters.","Avoid ""twilit"" in casual conversation among friends unless you are certain the listener will understand; it can sound pretentious. Also avoid when a simpler synonym suffices.",Academic: A key consideration in modern discourse is how the twilit principle shapes contemporary policy decisions.,Conversational: I told him the twilit approach just wouldn't work here — we need to rethink this.,GRE: Analysts noted that the company's ___ strategy had ___ results in the last quarter. (fill in: twilit)
642,worsening,adjective,changing for the worse,declension; exacerbate; exasperate; aggravate; deterioration; decline in quality,bettering; better,"Use ""worsening"" (adjective) when you want to convey changing for the worse. Appropriate in formal writing, GRE sentence-equivalence, and academic contexts where precision matters.","Avoid ""worsening"" in casual conversation among friends unless you are certain the listener will understand; it can sound pretentious. Also avoid when a simpler synonym suffices.",Academic: A key consideration in modern discourse is how the worsening principle shapes contemporary policy decisions.,Conversational: I've noticed the worsening trend in our office culture and it's starting to concern me.,GRE: Analysts noted that the company's ___ strategy had ___ results in the last quarter. (fill in: worsening)
643,artesian,adjective,(of water) rising to the surface under internal hydrostatic pressure,,subartesian,"Use ""artesian"" (adjective) when you want to convey (of water) rising to the surface under internal hydrostatic pressure. Appropriate in formal writing, GRE sentence-equivalence, and academic contexts where precision matters.","Avoid ""artesian"" in casual conversation among friends unless you are certain the listener will understand; it can sound pretentious. Also avoid when a simpler synonym suffices.","Academic: In the scholarly article, the author argued that the artesian phenomenon could not be overlooked.",Conversational: I told him the artesian approach just wouldn't work here — we need to rethink this.,GRE: Analysts noted that the company's ___ strategy had ___ results in the last quarter. (fill in: artesian)
644,beltless,adjective,lacking a belt,unbelted,belted,"Use ""beltless"" (adjective) when you want to convey lacking a belt. Appropriate in formal writing, GRE sentence-equivalence, and academic contexts where precision matters.","Avoid ""beltless"" in casual conversation among friends unless you are certain the listener will understand; it can sound pretentious. Also avoid when a simpler synonym suffices.",Academic: The researcher's findings revealed that the beltless effect was statistically significant across all samples.,"Conversational: Look, the beltless results speak for themselves — we can't ignore them any longer.",GRE: The committee's decision to ___ was met with both praise and criticism from stakeholders. (fill in: beltless)
645,antiblack,adjective,discriminatory especially on the basis of race or religion,racist; anti-Semite,,"Use ""antiblack"" (adjective) when you want to convey discriminatory especially on the basis of race or religion. Appropriate in formal writing, GRE sentence-equivalence, and academic contexts where precision matters.","Avoid ""antiblack"" in casual conversation among friends unless you are certain the listener will understand; it can sound pretentious. Also avoid when a simpler synonym suffices.",Academic: A key consideration in modern discourse is how the antiblack principle shapes contemporary policy decisions.,Conversational: I've noticed the antiblack trend in our office culture and it's starting to concern me.,GRE: The author's ___ tone contrasted sharply with the ___ underlying message of the passage. (fill in: antiblack)
646,subduable,adjective,susceptible to being subjugated,subjugable,,"Use ""subduable"" (adjective) when you want to convey susceptible to being subjugated. Appropriate in formal writing, GRE sentence-equivalence, and academic contexts where precision matters.","Avoid ""subduable"" in casual conversation among friends unless you are certain the listener will understand; it can sound pretentious. Also avoid when a simpler synonym suffices.",Academic: A key consideration in modern discourse is how the subduable principle shapes contemporary policy decisions.,"Conversational: Look, the subduable results speak for themselves — we can't ignore them any longer.",GRE: The author's ___ tone contrasted sharply with the ___ underlying message of the passage. (fill in: subduable)
647,nine-sided,adjective,having nine sides,,,"Use ""nine-sided"" (adjective) when you want to convey having nine sides. Appropriate in formal writing, GRE sentence-equivalence, and academic contexts where precision matters.","Avoid ""nine-sided"" in casual conversation among friends unless you are certain the listener will understand; it can sound pretentious. Also avoid when a simpler synonym suffices.",Academic: The researcher's findings revealed that the nine-sided effect was statistically significant across all samples.,Conversational: I've noticed the nine-sided trend in our office culture and it's starting to concern me.,GRE: The committee's decision to ___ was met with both praise and criticism from stakeholders. (fill in: nine-sided)
648,prizewinning,adjective,holding first place in a contest,champion,,"Use ""prizewinning"" (adjective) when you want to convey holding first place in a contest. Appropriate in formal writing, GRE sentence-equivalence, and academic contexts where precision matters.","Avoid ""prizewinning"" in casual conversation among friends unless you are certain the listener will understand; it can sound pretentious. Also avoid when a simpler synonym suffices.","Academic: In the scholarly article, the author argued that the prizewinning phenomenon could not be overlooked.","Conversational: Honestly, the prizewinning behavior of the team has been a major source of tension lately.","GRE: Despite the ___ nature of the evidence, the researchers remained ___ about their conclusions. (fill in: prizewinning)"
649,latish,adjective,somewhat late,,,"Use ""latish"" (adjective) when you want to convey somewhat late. Appropriate in formal writing, GRE sentence-equivalence, and academic contexts where precision matters.","Avoid ""latish"" in casual conversation among friends unless you are certain the listener will understand; it can sound pretentious. Also avoid when a simpler synonym suffices.",Academic: The study concluded that the latish factor played a decisive role in the experimental outcome.,Conversational: I've noticed the latish trend in our office culture and it's starting to concern me.,"GRE: Despite the ___ nature of the evidence, the researchers remained ___ about their conclusions. (fill in: latish)"
650,undiscerning,adjective,lacking discernment,,discerning,"Use ""undiscerning"" (adjective) when you want to convey lacking discernment. Appropriate in formal writing, GRE sentence-equivalence, and academic contexts where precision matters.","Avoid ""undiscerning"" in casual conversation among friends unless you are certain the listener will understand; it can sound pretentious. Also avoid when a simpler synonym suffices.",Academic: The study concluded that the undiscerning factor played a decisive role in the experimental outcome.,Conversational: I've noticed the undiscerning trend in our office culture and it's starting to concern me.,GRE: The committee's decision to ___ was met with both praise and criticism from stakeholders. (fill in: undiscerning)
651,autarkical,adjective,of countries; not relying on imports,autarchic; autarkic; autarchical,,"Use ""autarkical"" (adjective) when you want to convey of countries; not relying on imports. Appropriate in formal writing, GRE sentence-equivalence, and academic contexts where precision matters.","Avoid ""autarkical"" in casual conversation among friends unless you are certain the listener will understand; it can sound pretentious. Also avoid when a simpler synonym suffices.",Academic: The researcher's findings revealed that the autarkical effect was statistically significant across all samples.,"Conversational: Honestly, the autarkical behavior of the team has been a major source of tension lately.",GRE: The committee's decision to ___ was met with both praise and criticism from stakeholders. (fill in: autarkical)
652,primaeval,adjective,having existed from the beginning; in an earliest or original stage or state,primeval; primordial; aboriginal; primal,,"Use ""primaeval"" (adjective) when you want to convey having existed from the beginning; in an earliest or original stage or state. Appropriate in formal writing, GRE sentence-equivalence, and academic contexts where precision matters.","Avoid ""primaeval"" in casual conversation among friends unless you are certain the listener will understand; it can sound pretentious. Also avoid when a simpler synonym suffices.",Academic: The study concluded that the primaeval factor played a decisive role in the experimental outcome.,"Conversational: Look, the primaeval results speak for themselves — we can't ignore them any longer.",GRE: The author's ___ tone contrasted sharply with the ___ underlying message of the passage. (fill in: primaeval)
653,definite,adjective,precise; explicit and clearly defined,,indefinite,"Use ""definite"" (adjective) when you want to convey precise; explicit and clearly defined. Appropriate in formal writing, GRE sentence-equivalence, and academic contexts where precision matters.","Avoid ""definite"" in casual conversation among friends unless you are certain the listener will understand; it can sound pretentious. Also avoid when a simpler synonym suffices.",Academic: A key consideration in modern discourse is how the definite principle shapes contemporary policy decisions.,Conversational: I told him the definite approach just wouldn't work here — we need to rethink this.,GRE: The author's ___ tone contrasted sharply with the ___ underlying message of the passage. (fill in: definite)
654,unacknowledged,adjective,not recognized or admitted,,acknowledged,"Use ""unacknowledged"" (adjective) when you want to convey not recognized or admitted. Appropriate in formal writing, GRE sentence-equivalence, and academic contexts where precision matters.","Avoid ""unacknowledged"" in casual conversation among friends unless you are certain the listener will understand; it can sound pretentious. Also avoid when a simpler synonym suffices.",Academic: Contemporary scholars debate whether the unacknowledged hypothesis adequately explains the observed data.,Conversational: I told him the unacknowledged approach just wouldn't work here — we need to rethink this.,GRE: Analysts noted that the company's ___ strategy had ___ results in the last quarter. (fill in: unacknowledged)
655,disenfranchised,adjective,deprived of the rights of citizenship especially the right to vote,disfranchised; voiceless; disenfranchise; disfranchise; voteless,enfranchise; enfranchised,"Use ""disenfranchised"" (adjective) when you want to convey deprived of the rights of citizenship especially the right to vote. Appropriate in formal writing, GRE sentence-equivalence, and academic contexts where precision matters.","Avoid ""disenfranchised"" in casual conversation among friends unless you are certain the listener will understand; it can sound pretentious. Also avoid when a simpler synonym suffices.",Academic: The study concluded that the disenfranchised factor played a decisive role in the experimental outcome.,Conversational: I've noticed the disenfranchised trend in our office culture and it's starting to concern me.,GRE: The committee's decision to ___ was met with both praise and criticism from stakeholders. (fill in: disenfranchised)
656,flameproof,adjective,resistant to catching fire,flame-retardant,,"Use ""flameproof"" (adjective) when you want to convey resistant to catching fire. Appropriate in formal writing, GRE sentence-equivalence, and academic contexts where precision matters.","Avoid ""flameproof"" in casual conversation among friends unless you are certain the listener will understand; it can sound pretentious. Also avoid when a simpler synonym suffices.","Academic: In the scholarly article, the author argued that the flameproof phenomenon could not be overlooked.",Conversational: I've noticed the flameproof trend in our office culture and it's starting to concern me.,GRE: Analysts noted that the company's ___ strategy had ___ results in the last quarter. (fill in: flameproof)
657,unchanged,adjective,not made or become different,unaltered,changed; altered,"Use ""unchanged"" (adjective) when you want to convey not made or become different. Appropriate in formal writing, GRE sentence-equivalence, and academic contexts where precision matters.","Avoid ""unchanged"" in casual conversation among friends unless you are certain the listener will understand; it can sound pretentious. Also avoid when a simpler synonym suffices.",Academic: A key consideration in modern discourse is how the unchanged principle shapes contemporary policy decisions.,Conversational: I told him the unchanged approach just wouldn't work here — we need to rethink this.,GRE: Analysts noted that the company's ___ strategy had ___ results in the last quarter. (fill in: unchanged)
658,uncategorized,adjective,not categorized or sorted,unsorted; uncategorised,,"Use ""uncategorized"" (adjective) when you want to convey not categorized or sorted. Appropriate in formal writing, GRE sentence-equivalence, and academic contexts where precision matters.","Avoid ""uncategorized"" in casual conversation among friends unless you are certain the listener will understand; it can sound pretentious. Also avoid when a simpler synonym suffices.",Academic: A key consideration in modern discourse is how the uncategorized principle shapes contemporary policy decisions.,Conversational: I told him the uncategorized approach just wouldn't work here — we need to rethink this.,GRE: The professor described the ___ as a ___ that ___ the entire field of study. (fill in: uncategorized)
659,macabre,adjective,shockingly repellent; inspiring horror,grim; ghastly; grisly; sick; gruesome,,"Use ""macabre"" (adjective) when you want to convey shockingly repellent; inspiring horror. Appropriate in formal writing, GRE sentence-equivalence, and academic contexts where precision matters.","Avoid ""macabre"" in casual conversation among friends unless you are certain the listener will understand; it can sound pretentious. Also avoid when a simpler synonym suffices.",Academic: Contemporary scholars debate whether the macabre hypothesis adequately explains the observed data.,"Conversational: Honestly, the macabre behavior of the team has been a major source of tension lately.",GRE: The committee's decision to ___ was met with both praise and criticism from stakeholders. (fill in: macabre)
660,painted,adjective,having sections or patches colored differently and usually brightly,motley; multicolour; particolored; multi-colored; multi-coloured; pied,unpainted,"Use ""painted"" (adjective) when you want to convey having sections or patches colored differently and usually brightly. Appropriate in formal writing, GRE sentence-equivalence, and academic contexts where precision matters.","Avoid ""painted"" in casual conversation among friends unless you are certain the listener will understand; it can sound pretentious. Also avoid when a simpler synonym suffices.",Academic: A key consideration in modern discourse is how the painted principle shapes contemporary policy decisions.,Conversational: I told him the painted approach just wouldn't work here — we need to rethink this.,GRE: The author's ___ tone contrasted sharply with the ___ underlying message of the passage. (fill in: painted)
661,levorotary,adjective,rotating to the left,levorotatory; left-handed,,"Use ""levorotary"" (adjective) when you want to convey rotating to the left. Appropriate in formal writing, GRE sentence-equivalence, and academic contexts where precision matters.","Avoid ""levorotary"" in casual conversation among friends unless you are certain the listener will understand; it can sound pretentious. Also avoid when a simpler synonym suffices.",Academic: A key consideration in modern discourse is how the levorotary principle shapes contemporary policy decisions.,Conversational: I told him the levorotary approach just wouldn't work here — we need to rethink this.,GRE: The professor described the ___ as a ___ that ___ the entire field of study. (fill in: levorotary)
662,unmoved,adjective,being in the original position; not having been moved,in-situ; unaffected; untouched,moved,"Use ""unmoved"" (adjective) when you want to convey being in the original position; not having been moved. Appropriate in formal writing, GRE sentence-equivalence, and academic contexts where precision matters.","Avoid ""unmoved"" in casual conversation among friends unless you are certain the listener will understand; it can sound pretentious. Also avoid when a simpler synonym suffices.",Academic: Contemporary scholars debate whether the unmoved hypothesis adequately explains the observed data.,Conversational: I've noticed the unmoved trend in our office culture and it's starting to concern me.,GRE: The committee's decision to ___ was met with both praise and criticism from stakeholders. (fill in: unmoved)
663,maddened,adjective,marked by extreme anger,angered; madden; craze; furious; infuriated; enraged,,"Use ""maddened"" (adjective) when you want to convey marked by extreme anger. Appropriate in formal writing, GRE sentence-equivalence, and academic contexts where precision matters.","Avoid ""maddened"" in casual conversation among friends unless you are certain the listener will understand; it can sound pretentious. Also avoid when a simpler synonym suffices.",Academic: Contemporary scholars debate whether the maddened hypothesis adequately explains the observed data.,Conversational: I told him the maddened approach just wouldn't work here — we need to rethink this.,GRE: The author's ___ tone contrasted sharply with the ___ underlying message of the passage. (fill in: maddened)
664,afeard,adjective,a pronunciation of afraid,afeared,,"Use ""afeard"" (adjective) when you want to convey a pronunciation of afraid. Appropriate in formal writing, GRE sentence-equivalence, and academic contexts where precision matters.","Avoid ""afeard"" in casual conversation among friends unless you are certain the listener will understand; it can sound pretentious. Also avoid when a simpler synonym suffices.",Academic: Contemporary scholars debate whether the afeard hypothesis adequately explains the observed data.,Conversational: I told him the afeard approach just wouldn't work here — we need to rethink this.,GRE: Analysts noted that the company's ___ strategy had ___ results in the last quarter. (fill in: afeard)
665,one-sided,adjective,involving only one part or side,biased; colored; nonreversible; unilateral; slanted; coloured,reversible; multilateral,"Use ""one-sided"" (adjective) when you want to convey involving only one part or side. Appropriate in formal writing, GRE sentence-equivalence, and academic contexts where precision matters.","Avoid ""one-sided"" in casual conversation among friends unless you are certain the listener will understand; it can sound pretentious. Also avoid when a simpler synonym suffices.",Academic: Contemporary scholars debate whether the one-sided hypothesis adequately explains the observed data.,Conversational: I've noticed the one-sided trend in our office culture and it's starting to concern me.,GRE: The professor described the ___ as a ___ that ___ the entire field of study. (fill in: one-sided)
666,developed,adjective,being changed over time so as to be e.g. stronger or more complete or more useful,grow; acquire; develop; germinate; evolve; produce,undeveloped,"Use ""developed"" (adjective) when you want to convey being changed over time so as to be e.g. stronger or more complete or more useful. Appropriate in formal writing, GRE sentence-equivalence, and academic contexts where precision matters.","Avoid ""developed"" in casual conversation among friends unless you are certain the listener will understand; it can sound pretentious. Also avoid when a simpler synonym suffices.",Academic: Contemporary scholars debate whether the developed hypothesis adequately explains the observed data.,"Conversational: You know, it's pretty clear that the developed situation needs our immediate attention.",GRE: The committee's decision to ___ was met with both praise and criticism from stakeholders. (fill in: developed)
667,debatable,adjective,open to argument or debate,disputable; problematical; problematic; moot; arguable,,"Use ""debatable"" (adjective) when you want to convey open to argument or debate. Appropriate in formal writing, GRE sentence-equivalence, and academic contexts where precision matters.","Avoid ""debatable"" in casual conversation among friends unless you are certain the listener will understand; it can sound pretentious. Also avoid when a simpler synonym suffices.","Academic: In the scholarly article, the author argued that the debatable phenomenon could not be overlooked.","Conversational: You know, it's pretty clear that the debatable situation needs our immediate attention.",GRE: The author's ___ tone contrasted sharply with the ___ underlying message of the passage. (fill in: debatable)
668,pallid,adjective,lacking in vitality or interest or effectiveness,pale; sick; wan,,"Use ""pallid"" (adjective) when you want to convey lacking in vitality or interest or effectiveness. Appropriate in formal writing, GRE sentence-equivalence, and academic contexts where precision matters.","Avoid ""pallid"" in casual conversation among friends unless you are certain the listener will understand; it can sound pretentious. Also avoid when a simpler synonym suffices.",Academic: A key consideration in modern discourse is how the pallid principle shapes contemporary policy decisions.,Conversational: I told him the pallid approach just wouldn't work here — we need to rethink this.,GRE: The author's ___ tone contrasted sharply with the ___ underlying message of the passage. (fill in: pallid)
669,bizarre,adjective,conspicuously or grossly unconventional or unusual,off-the-wall; flaky; outlandish; eccentric; freaky; outre,,"Use ""bizarre"" (adjective) when you want to convey conspicuously or grossly unconventional or unusual. Appropriate in formal writing, GRE sentence-equivalence, and academic contexts where precision matters.","Avoid ""bizarre"" in casual conversation among friends unless you are certain the listener will understand; it can sound pretentious. Also avoid when a simpler synonym suffices.",Academic: The study concluded that the bizarre factor played a decisive role in the experimental outcome.,Conversational: I've noticed the bizarre trend in our office culture and it's starting to concern me.,GRE: The committee's decision to ___ was met with both praise and criticism from stakeholders. (fill in: bizarre)
670,untangled,adjective,not tangled,unravel; extricate; unscramble; disentangle; untangle; unknot,ravel; tangled; knot,"Use ""untangled"" (adjective) when you want to convey not tangled. Appropriate in formal writing, GRE sentence-equivalence, and academic contexts where precision matters.","Avoid ""untangled"" in casual conversation among friends unless you are certain the listener will understand; it can sound pretentious. Also avoid when a simpler synonym suffices.",Academic: The study concluded that the untangled factor played a decisive role in the experimental outcome.,Conversational: I've noticed the untangled trend in our office culture and it's starting to concern me.,GRE: The professor described the ___ as a ___ that ___ the entire field of study. (fill in: untangled)
671,direct,adjective,lacking compromising or mitigating elements; exact,aim; point; take; lead; guide; place,retrograde; alternating; indirect; collateral; inverse,"Use ""direct"" (adjective) when you want to convey lacking compromising or mitigating elements; exact. Appropriate in formal writing, GRE sentence-equivalence, and academic contexts where precision matters.","Avoid ""direct"" in casual conversation among friends unless you are certain the listener will understand; it can sound pretentious. Also avoid when a simpler synonym suffices.",Academic: A key consideration in modern discourse is how the direct principle shapes contemporary policy decisions.,"Conversational: Look, the direct results speak for themselves — we can't ignore them any longer.",GRE: Analysts noted that the company's ___ strategy had ___ results in the last quarter. (fill in: direct)
672,somnolent,adjective,inclined to or marked by drowsiness,slumbrous; slumberous; slumbery,,"Use ""somnolent"" (adjective) when you want to convey inclined to or marked by drowsiness. Appropriate in formal writing, GRE sentence-equivalence, and academic contexts where precision matters.","Avoid ""somnolent"" in casual conversation among friends unless you are certain the listener will understand; it can sound pretentious. Also avoid when a simpler synonym suffices.",Academic: The study concluded that the somnolent factor played a decisive role in the experimental outcome.,"Conversational: Honestly, the somnolent behavior of the team has been a major source of tension lately.","GRE: Despite the ___ nature of the evidence, the researchers remained ___ about their conclusions. (fill in: somnolent)"
673,outward-moving,adjective,"moving or directed away from center, especially when spinning or traveling in a curve",,,"Use ""outward-moving"" (adjective) when you want to convey moving or directed away from center, especially when spinning or traveling in a curve. Appropriate in formal writing, GRE sentence-equivalence, and academic contexts where precision matters.","Avoid ""outward-moving"" in casual conversation among friends unless you are certain the listener will understand; it can sound pretentious. Also avoid when a simpler synonym suffices.","Academic: In the scholarly article, the author argued that the outward-moving phenomenon could not be overlooked.","Conversational: You know, it's pretty clear that the outward-moving situation needs our immediate attention.",GRE: Analysts noted that the company's ___ strategy had ___ results in the last quarter. (fill in: outward-moving)
674,inchoate,adjective,only partly in existence; imperfectly formed,incipient,,"Use ""inchoate"" (adjective) when you want to convey only partly in existence; imperfectly formed. Appropriate in formal writing, GRE sentence-equivalence, and academic contexts where precision matters.","Avoid ""inchoate"" in casual conversation among friends unless you are certain the listener will understand; it can sound pretentious. Also avoid when a simpler synonym suffices.",Academic: The study concluded that the inchoate factor played a decisive role in the experimental outcome.,"Conversational: Look, the inchoate results speak for themselves — we can't ignore them any longer.","GRE: Despite the ___ nature of the evidence, the researchers remained ___ about their conclusions. (fill in: inchoate)"
675,last-place,adjective,lowest in rank or importance,last; lowest,,"Use ""last-place"" (adjective) when you want to convey lowest in rank or importance. Appropriate in formal writing, GRE sentence-equivalence, and academic contexts where precision matters.","Avoid ""last-place"" in casual conversation among friends unless you are certain the listener will understand; it can sound pretentious. Also avoid when a simpler synonym suffices.",Academic: The study concluded that the last-place factor played a decisive role in the experimental outcome.,Conversational: I told him the last-place approach just wouldn't work here — we need to rethink this.,GRE: The professor described the ___ as a ___ that ___ the entire field of study. (fill in: last-place)
676,gooselike,adjective,having or revealing stupidity,goosy; dopey; goosey; dopy; anserine; foolish,,"Use ""gooselike"" (adjective) when you want to convey having or revealing stupidity. Appropriate in formal writing, GRE sentence-equivalence, and academic contexts where precision matters.","Avoid ""gooselike"" in casual conversation among friends unless you are certain the listener will understand; it can sound pretentious. Also avoid when a simpler synonym suffices.",Academic: Contemporary scholars debate whether the gooselike hypothesis adequately explains the observed data.,Conversational: I told him the gooselike approach just wouldn't work here — we need to rethink this.,GRE: The professor described the ___ as a ___ that ___ the entire field of study. (fill in: gooselike)
677,oval-bodied,adjective,having an oval body,,,"Use ""oval-bodied"" (adjective) when you want to convey having an oval body. Appropriate in formal writing, GRE sentence-equivalence, and academic contexts where precision matters.","Avoid ""oval-bodied"" in casual conversation among friends unless you are certain the listener will understand; it can sound pretentious. Also avoid when a simpler synonym suffices.",Academic: A key consideration in modern discourse is how the oval-bodied principle shapes contemporary policy decisions.,"Conversational: Honestly, the oval-bodied behavior of the team has been a major source of tension lately.","GRE: Despite the ___ nature of the evidence, the researchers remained ___ about their conclusions. (fill in: oval-bodied)"
678,spaced-out,adjective,confused or disoriented as if intoxicated through taking a drug,spacey; spacy,,"Use ""spaced-out"" (adjective) when you want to convey confused or disoriented as if intoxicated through taking a drug. Appropriate in formal writing, GRE sentence-equivalence, and academic contexts where precision matters.","Avoid ""spaced-out"" in casual conversation among friends unless you are certain the listener will understand; it can sound pretentious. Also avoid when a simpler synonym suffices.",Academic: The researcher's findings revealed that the spaced-out effect was statistically significant across all samples.,"Conversational: Honestly, the spaced-out behavior of the team has been a major source of tension lately.",GRE: The author's ___ tone contrasted sharply with the ___ underlying message of the passage. (fill in: spaced-out)
679,astigmatic,adjective,of or relating to a defect in the eye or in a lens caused by a deviation from spherical curvature which prevents light rays from meeting at a common focus and so results in distorted images,,anastigmatic,"Use ""astigmatic"" (adjective) when you want to convey of or relating to a defect in the eye or in a lens caused by a deviation from spherical curvature which prevents light rays from meeting at a common focus and so results in distorted images. Appropriate in formal writing, GRE sentence-equivalence, and academic contexts where precision matters.","Avoid ""astigmatic"" in casual conversation among friends unless you are certain the listener will understand; it can sound pretentious. Also avoid when a simpler synonym suffices.",Academic: Contemporary scholars debate whether the astigmatic hypothesis adequately explains the observed data.,"Conversational: You know, it's pretty clear that the astigmatic situation needs our immediate attention.",GRE: The professor described the ___ as a ___ that ___ the entire field of study. (fill in: astigmatic)
680,forward,adjective,used of temperament or behavior; lacking restraint or modesty,forrard; frontwards; frontward; forrad; forwards; send on,back; aft; backward; reverse,"Use ""forward"" (adjective) when you want to convey used of temperament or behavior; lacking restraint or modesty. Appropriate in formal writing, GRE sentence-equivalence, and academic contexts where precision matters.","Avoid ""forward"" in casual conversation among friends unless you are certain the listener will understand; it can sound pretentious. Also avoid when a simpler synonym suffices.",Academic: The researcher's findings revealed that the forward effect was statistically significant across all samples.,"Conversational: Look, the forward results speak for themselves — we can't ignore them any longer.",GRE: The committee's decision to ___ was met with both praise and criticism from stakeholders. (fill in: forward)
681,dumbfounding,adjective,bewildering or striking dumb with wonder,perplex; stick; mystify; flummox; vex; nonplus,,"Use ""dumbfounding"" (adjective) when you want to convey bewildering or striking dumb with wonder. Appropriate in formal writing, GRE sentence-equivalence, and academic contexts where precision matters.","Avoid ""dumbfounding"" in casual conversation among friends unless you are certain the listener will understand; it can sound pretentious. Also avoid when a simpler synonym suffices.",Academic: A key consideration in modern discourse is how the dumbfounding principle shapes contemporary policy decisions.,"Conversational: Look, the dumbfounding results speak for themselves — we can't ignore them any longer.",GRE: Analysts noted that the company's ___ strategy had ___ results in the last quarter. (fill in: dumbfounding)
682,lead-colored,adjective,having the color of lead,lead-coloured,,"Use ""lead-colored"" (adjective) when you want to convey having the color of lead. Appropriate in formal writing, GRE sentence-equivalence, and academic contexts where precision matters.","Avoid ""lead-colored"" in casual conversation among friends unless you are certain the listener will understand; it can sound pretentious. Also avoid when a simpler synonym suffices.",Academic: The researcher's findings revealed that the lead-colored effect was statistically significant across all samples.,"Conversational: You know, it's pretty clear that the lead-colored situation needs our immediate attention.",GRE: The committee's decision to ___ was met with both praise and criticism from stakeholders. (fill in: lead-colored)
683,uncongenial,adjective,not suitable to your tastes or needs,hostile; incompatible; unfriendly,congenial,"Use ""uncongenial"" (adjective) when you want to convey not suitable to your tastes or needs. Appropriate in formal writing, GRE sentence-equivalence, and academic contexts where precision matters.","Avoid ""uncongenial"" in casual conversation among friends unless you are certain the listener will understand; it can sound pretentious. Also avoid when a simpler synonym suffices.",Academic: A key consideration in modern discourse is how the uncongenial principle shapes contemporary policy decisions.,"Conversational: Look, the uncongenial results speak for themselves — we can't ignore them any longer.",GRE: The author's ___ tone contrasted sharply with the ___ underlying message of the passage. (fill in: uncongenial)
684,blocky,adjective,resembling a block in shape,blockish,,"Use ""blocky"" (adjective) when you want to convey resembling a block in shape. Appropriate in formal writing, GRE sentence-equivalence, and academic contexts where precision matters.","Avoid ""blocky"" in casual conversation among friends unless you are certain the listener will understand; it can sound pretentious. Also avoid when a simpler synonym suffices.",Academic: The study concluded that the blocky factor played a decisive role in the experimental outcome.,Conversational: I told him the blocky approach just wouldn't work here — we need to rethink this.,GRE: Analysts noted that the company's ___ strategy had ___ results in the last quarter. (fill in: blocky)
685,deaf-mute,adjective,lacking the sense of hearing and the ability to speak,deaf-and-dumb person; deaf-and-dumb; mute,,"Use ""deaf-mute"" (adjective) when you want to convey lacking the sense of hearing and the ability to speak. Appropriate in formal writing, GRE sentence-equivalence, and academic contexts where precision matters.","Avoid ""deaf-mute"" in casual conversation among friends unless you are certain the listener will understand; it can sound pretentious. Also avoid when a simpler synonym suffices.",Academic: A key consideration in modern discourse is how the deaf-mute principle shapes contemporary policy decisions.,Conversational: I've noticed the deaf-mute trend in our office culture and it's starting to concern me.,GRE: The professor described the ___ as a ___ that ___ the entire field of study. (fill in: deaf-mute)
686,neuromotor,adjective,relating to a nerve fiber or impulse passing toward motor effectors,,,"Use ""neuromotor"" (adjective) when you want to convey relating to a nerve fiber or impulse passing toward motor effectors. Appropriate in formal writing, GRE sentence-equivalence, and academic contexts where precision matters.","Avoid ""neuromotor"" in casual conversation among friends unless you are certain the listener will understand; it can sound pretentious. Also avoid when a simpler synonym suffices.",Academic: The researcher's findings revealed that the neuromotor effect was statistically significant across all samples.,Conversational: I told him the neuromotor approach just wouldn't work here — we need to rethink this.,"GRE: Despite the ___ nature of the evidence, the researchers remained ___ about their conclusions. (fill in: neuromotor)"
687,churning,adjective,moving with or producing or produced by vigorous agitation,roiling; churn; roily; boil; churned-up; roiled,,"Use ""churning"" (adjective) when you want to convey moving with or producing or produced by vigorous agitation. Appropriate in formal writing, GRE sentence-equivalence, and academic contexts where precision matters.","Avoid ""churning"" in casual conversation among friends unless you are certain the listener will understand; it can sound pretentious. Also avoid when a simpler synonym suffices.",Academic: Contemporary scholars debate whether the churning hypothesis adequately explains the observed data.,"Conversational: Look, the churning results speak for themselves — we can't ignore them any longer.","GRE: Despite the ___ nature of the evidence, the researchers remained ___ about their conclusions. (fill in: churning)"
688,petticoated,adjective,wearing or furnished with a petticoat,,,"Use ""petticoated"" (adjective) when you want to convey wearing or furnished with a petticoat. Appropriate in formal writing, GRE sentence-equivalence, and academic contexts where precision matters.","Avoid ""petticoated"" in casual conversation among friends unless you are certain the listener will understand; it can sound pretentious. Also avoid when a simpler synonym suffices.",Academic: A key consideration in modern discourse is how the petticoated principle shapes contemporary policy decisions.,"Conversational: Look, the petticoated results speak for themselves — we can't ignore them any longer.",GRE: The committee's decision to ___ was met with both praise and criticism from stakeholders. (fill in: petticoated)
689,vagile,adjective,having freedom to move about,,sessile,"Use ""vagile"" (adjective) when you want to convey having freedom to move about. Appropriate in formal writing, GRE sentence-equivalence, and academic contexts where precision matters.","Avoid ""vagile"" in casual conversation among friends unless you are certain the listener will understand; it can sound pretentious. Also avoid when a simpler synonym suffices.","Academic: In the scholarly article, the author argued that the vagile phenomenon could not be overlooked.","Conversational: Look, the vagile results speak for themselves — we can't ignore them any longer.",GRE: The author's ___ tone contrasted sharply with the ___ underlying message of the passage. (fill in: vagile)
690,outspoken,adjective,characterized by directness in manner or speech; without subtlety or evasion,forthright; frank; candid; vocal; plainspoken; blunt,,"Use ""outspoken"" (adjective) when you want to convey characterized by directness in manner or speech; without subtlety or evasion. Appropriate in formal writing, GRE sentence-equivalence, and academic contexts where precision matters.","Avoid ""outspoken"" in casual conversation among friends unless you are certain the listener will understand; it can sound pretentious. Also avoid when a simpler synonym suffices.",Academic: The study concluded that the outspoken factor played a decisive role in the experimental outcome.,Conversational: I told him the outspoken approach just wouldn't work here — we need to rethink this.,GRE: Analysts noted that the company's ___ strategy had ___ results in the last quarter. (fill in: outspoken)
691,steamed,adjective,cooked in steam,annoyed; irritated; nettled; peeved; steamer; pissed off,,"Use ""steamed"" (adjective) when you want to convey cooked in steam. Appropriate in formal writing, GRE sentence-equivalence, and academic contexts where precision matters.","Avoid ""steamed"" in casual conversation among friends unless you are certain the listener will understand; it can sound pretentious. Also avoid when a simpler synonym suffices.",Academic: Contemporary scholars debate whether the steamed hypothesis adequately explains the observed data.,"Conversational: Honestly, the steamed behavior of the team has been a major source of tension lately.",GRE: The committee's decision to ___ was met with both praise and criticism from stakeholders. (fill in: steamed)
692,disputatious,adjective,"inclined or showing an inclination to dispute or disagree, even to engage in law suits",litigious; contentious; disputative; combative,,"Use ""disputatious"" (adjective) when you want to convey inclined or showing an inclination to dispute or disagree, even to engage in law suits. Appropriate in formal writing, GRE sentence-equivalence, and academic contexts where precision matters.","Avoid ""disputatious"" in casual conversation among friends unless you are certain the listener will understand; it can sound pretentious. Also avoid when a simpler synonym suffices.","Academic: In the scholarly article, the author argued that the disputatious phenomenon could not be overlooked.","Conversational: Honestly, the disputatious behavior of the team has been a major source of tension lately.","GRE: Despite the ___ nature of the evidence, the researchers remained ___ about their conclusions. (fill in: disputatious)"
693,rusty-red,adjective,of a red color tinged with rust,rust-red,,"Use ""rusty-red"" (adjective) when you want to convey of a red color tinged with rust. Appropriate in formal writing, GRE sentence-equivalence, and academic contexts where precision matters.","Avoid ""rusty-red"" in casual conversation among friends unless you are certain the listener will understand; it can sound pretentious. Also avoid when a simpler synonym suffices.",Academic: Contemporary scholars debate whether the rusty-red hypothesis adequately explains the observed data.,"Conversational: Look, the rusty-red results speak for themselves — we can't ignore them any longer.",GRE: The professor described the ___ as a ___ that ___ the entire field of study. (fill in: rusty-red)
694,orangish,adjective,of the color between red and yellow; similar to the color of a ripe orange,orange,,"Use ""orangish"" (adjective) when you want to convey of the color between red and yellow; similar to the color of a ripe orange. Appropriate in formal writing, GRE sentence-equivalence, and academic contexts where precision matters.","Avoid ""orangish"" in casual conversation among friends unless you are certain the listener will understand; it can sound pretentious. Also avoid when a simpler synonym suffices.",Academic: Contemporary scholars debate whether the orangish hypothesis adequately explains the observed data.,"Conversational: You know, it's pretty clear that the orangish situation needs our immediate attention.",GRE: The committee's decision to ___ was met with both praise and criticism from stakeholders. (fill in: orangish)
695,streetwise,adjective,having the shrewd resourcefulness needed to survive in an urban environment,street smart; with-it,,"Use ""streetwise"" (adjective) when you want to convey having the shrewd resourcefulness needed to survive in an urban environment. Appropriate in formal writing, GRE sentence-equivalence, and academic contexts where precision matters.","Avoid ""streetwise"" in casual conversation among friends unless you are certain the listener will understand; it can sound pretentious. Also avoid when a simpler synonym suffices.",Academic: The study concluded that the streetwise factor played a decisive role in the experimental outcome.,Conversational: I told him the streetwise approach just wouldn't work here — we need to rethink this.,GRE: The professor described the ___ as a ___ that ___ the entire field of study. (fill in: streetwise)
696,unregenerate,adjective,unrepentant and incapable of being reformed,unreformable; stubborn; unregenerated; obstinate,docile; regenerate,"Use ""unregenerate"" (adjective) when you want to convey unrepentant and incapable of being reformed. Appropriate in formal writing, GRE sentence-equivalence, and academic contexts where precision matters.","Avoid ""unregenerate"" in casual conversation among friends unless you are certain the listener will understand; it can sound pretentious. Also avoid when a simpler synonym suffices.",Academic: A key consideration in modern discourse is how the unregenerate principle shapes contemporary policy decisions.,"Conversational: Look, the unregenerate results speak for themselves — we can't ignore them any longer.",GRE: The professor described the ___ as a ___ that ___ the entire field of study. (fill in: unregenerate)
697,armoured,adjective,protected by armor (used of persons or things military),armour; armor; armored,unarmored,"Use ""armoured"" (adjective) when you want to convey protected by armor (used of persons or things military). Appropriate in formal writing, GRE sentence-equivalence, and academic contexts where precision matters.","Avoid ""armoured"" in casual conversation among friends unless you are certain the listener will understand; it can sound pretentious. Also avoid when a simpler synonym suffices.","Academic: In the scholarly article, the author argued that the armoured phenomenon could not be overlooked.","Conversational: Look, the armoured results speak for themselves — we can't ignore them any longer.",GRE: The committee's decision to ___ was met with both praise and criticism from stakeholders. (fill in: armoured)
698,glorious,adjective,having great beauty and splendor,magnificent; splendid; splendiferous; brilliant; resplendent,inglorious,"Use ""glorious"" (adjective) when you want to convey having great beauty and splendor. Appropriate in formal writing, GRE sentence-equivalence, and academic contexts where precision matters.","Avoid ""glorious"" in casual conversation among friends unless you are certain the listener will understand; it can sound pretentious. Also avoid when a simpler synonym suffices.",Academic: Contemporary scholars debate whether the glorious hypothesis adequately explains the observed data.,Conversational: I've noticed the glorious trend in our office culture and it's starting to concern me.,GRE: Analysts noted that the company's ___ strategy had ___ results in the last quarter. (fill in: glorious)
699,acyclic,adjective,not cyclic; especially having parts arranged in spirals rather than whorls,open-chain,cyclic,"Use ""acyclic"" (adjective) when you want to convey not cyclic; especially having parts arranged in spirals rather than whorls. Appropriate in formal writing, GRE sentence-equivalence, and academic contexts where precision matters.","Avoid ""acyclic"" in casual conversation among friends unless you are certain the listener will understand; it can sound pretentious. Also avoid when a simpler synonym suffices.",Academic: A key consideration in modern discourse is how the acyclic principle shapes contemporary policy decisions.,Conversational: I've noticed the acyclic trend in our office culture and it's starting to concern me.,GRE: The professor described the ___ as a ___ that ___ the entire field of study. (fill in: acyclic)
700,pustulate,adjective,(of complexion) blemished by imperfections of the skin,pimply; pimpled; acned,,"Use ""pustulate"" (adjective) when you want to convey (of complexion) blemished by imperfections of the skin. Appropriate in formal writing, GRE sentence-equivalence, and academic contexts where precision matters.","Avoid ""pustulate"" in casual conversation among friends unless you are certain the listener will understand; it can sound pretentious. Also avoid when a simpler synonym suffices.","Academic: In the scholarly article, the author argued that the pustulate phenomenon could not be overlooked.","Conversational: Look, the pustulate results speak for themselves — we can't ignore them any longer.",GRE: The author's ___ tone contrasted sharply with the ___ underlying message of the passage. (fill in: pustulate)
701,existing,adjective,having existence or being or actuality,subsist; be; existent; exist; survive; live,nonexistent,"Use ""existing"" (adjective) when you want to convey having existence or being or actuality. Appropriate in formal writing, GRE sentence-equivalence, and academic contexts where precision matters.","Avoid ""existing"" in casual conversation among friends unless you are certain the listener will understand; it can sound pretentious. Also avoid when a simpler synonym suffices.",Academic: The study concluded that the existing factor played a decisive role in the experimental outcome.,Conversational: I've noticed the existing trend in our office culture and it's starting to concern me.,GRE: The professor described the ___ as a ___ that ___ the entire field of study. (fill in: existing)
702,unassignable,adjective,incapable of being transferred,nontransferable; untransferable,,"Use ""unassignable"" (adjective) when you want to convey incapable of being transferred. Appropriate in formal writing, GRE sentence-equivalence, and academic contexts where precision matters.","Avoid ""unassignable"" in casual conversation among friends unless you are certain the listener will understand; it can sound pretentious. Also avoid when a simpler synonym suffices.",Academic: Contemporary scholars debate whether the unassignable hypothesis adequately explains the observed data.,Conversational: I've noticed the unassignable trend in our office culture and it's starting to concern me.,GRE: The committee's decision to ___ was met with both praise and criticism from stakeholders. (fill in: unassignable)
703,high-handed,adjective,given to haughty disregard of others,cavalier,,"Use ""high-handed"" (adjective) when you want to convey given to haughty disregard of others. Appropriate in formal writing, GRE sentence-equivalence, and academic contexts where precision matters.","Avoid ""high-handed"" in casual conversation among friends unless you are certain the listener will understand; it can sound pretentious. Also avoid when a simpler synonym suffices.",Academic: The researcher's findings revealed that the high-handed effect was statistically significant across all samples.,"Conversational: You know, it's pretty clear that the high-handed situation needs our immediate attention.","GRE: Despite the ___ nature of the evidence, the researchers remained ___ about their conclusions. (fill in: high-handed)"
704,collectivized,adjective,subscribing to the socialistic doctrine of ownership by the people collectively,collectivise; state-controlled; collectivize; collectivistic; collectivised; collectivist,,"Use ""collectivized"" (adjective) when you want to convey subscribing to the socialistic doctrine of ownership by the people collectively. Appropriate in formal writing, GRE sentence-equivalence, and academic contexts where precision matters.","Avoid ""collectivized"" in casual conversation among friends unless you are certain the listener will understand; it can sound pretentious. Also avoid when a simpler synonym suffices.",Academic: A key consideration in modern discourse is how the collectivized principle shapes contemporary policy decisions.,"Conversational: Honestly, the collectivized behavior of the team has been a major source of tension lately.",GRE: The author's ___ tone contrasted sharply with the ___ underlying message of the passage. (fill in: collectivized)
705,meandering,adjective,of a path e.g.,weave; wander; rambling; wandering; wind; meander,,"Use ""meandering"" (adjective) when you want to convey of a path e.g.. Appropriate in formal writing, GRE sentence-equivalence, and academic contexts where precision matters.","Avoid ""meandering"" in casual conversation among friends unless you are certain the listener will understand; it can sound pretentious. Also avoid when a simpler synonym suffices.",Academic: A key consideration in modern discourse is how the meandering principle shapes contemporary policy decisions.,Conversational: I told him the meandering approach just wouldn't work here — we need to rethink this.,GRE: Analysts noted that the company's ___ strategy had ___ results in the last quarter. (fill in: meandering)
706,veiled,adjective,muted or unclear,obscure; obliterate; blot out; hide; veil,unveil; unveiled,"Use ""veiled"" (adjective) when you want to convey muted or unclear. Appropriate in formal writing, GRE sentence-equivalence, and academic contexts where precision matters.","Avoid ""veiled"" in casual conversation among friends unless you are certain the listener will understand; it can sound pretentious. Also avoid when a simpler synonym suffices.",Academic: Contemporary scholars debate whether the veiled hypothesis adequately explains the observed data.,Conversational: I've noticed the veiled trend in our office culture and it's starting to concern me.,"GRE: Despite the ___ nature of the evidence, the researchers remained ___ about their conclusions. (fill in: veiled)"
707,mailed,adjective,wearing protective mail,post; get off; mail-clad; send; mail,,"Use ""mailed"" (adjective) when you want to convey wearing protective mail. Appropriate in formal writing, GRE sentence-equivalence, and academic contexts where precision matters.","Avoid ""mailed"" in casual conversation among friends unless you are certain the listener will understand; it can sound pretentious. Also avoid when a simpler synonym suffices.",Academic: Contemporary scholars debate whether the mailed hypothesis adequately explains the observed data.,"Conversational: You know, it's pretty clear that the mailed situation needs our immediate attention.",GRE: The committee's decision to ___ was met with both praise and criticism from stakeholders. (fill in: mailed)
708,unhappy,adjective,generalized feeling of distress,infelicitous; dysphoric; distressed,euphoric; happy,"Use ""unhappy"" (adjective) when you want to convey generalized feeling of distress. Appropriate in formal writing, GRE sentence-equivalence, and academic contexts where precision matters.","Avoid ""unhappy"" in casual conversation among friends unless you are certain the listener will understand; it can sound pretentious. Also avoid when a simpler synonym suffices.","Academic: In the scholarly article, the author argued that the unhappy phenomenon could not be overlooked.",Conversational: I told him the unhappy approach just wouldn't work here — we need to rethink this.,GRE: The professor described the ___ as a ___ that ___ the entire field of study. (fill in: unhappy)
709,skirting,adjective,being all around the edges; enclosing,evade; duck; sidestep; circumvent; parry; hedge,,"Use ""skirting"" (adjective) when you want to convey being all around the edges; enclosing. Appropriate in formal writing, GRE sentence-equivalence, and academic contexts where precision matters.","Avoid ""skirting"" in casual conversation among friends unless you are certain the listener will understand; it can sound pretentious. Also avoid when a simpler synonym suffices.",Academic: The study concluded that the skirting factor played a decisive role in the experimental outcome.,Conversational: I've noticed the skirting trend in our office culture and it's starting to concern me.,"GRE: Despite the ___ nature of the evidence, the researchers remained ___ about their conclusions. (fill in: skirting)"
710,crapulous,adjective,given to gross intemperance in eating or drinking,crapulent,,"Use ""crapulous"" (adjective) when you want to convey given to gross intemperance in eating or drinking. Appropriate in formal writing, GRE sentence-equivalence, and academic contexts where precision matters.","Avoid ""crapulous"" in casual conversation among friends unless you are certain the listener will understand; it can sound pretentious. Also avoid when a simpler synonym suffices.",Academic: The researcher's findings revealed that the crapulous effect was statistically significant across all samples.,Conversational: I've noticed the crapulous trend in our office culture and it's starting to concern me.,GRE: The author's ___ tone contrasted sharply with the ___ underlying message of the passage. (fill in: crapulous)
711,tone-deaf,adjective,unable to appreciate music,,,"Use ""tone-deaf"" (adjective) when you want to convey unable to appreciate music. Appropriate in formal writing, GRE sentence-equivalence, and academic contexts where precision matters.","Avoid ""tone-deaf"" in casual conversation among friends unless you are certain the listener will understand; it can sound pretentious. Also avoid when a simpler synonym suffices.",Academic: The researcher's findings revealed that the tone-deaf effect was statistically significant across all samples.,"Conversational: Honestly, the tone-deaf behavior of the team has been a major source of tension lately.",GRE: The author's ___ tone contrasted sharply with the ___ underlying message of the passage. (fill in: tone-deaf)
712,vapourous,adjective,filled with vapor,see-through; sheer; gauze-like; cobwebby; gossamer; filmy,,"Use ""vapourous"" (adjective) when you want to convey filled with vapor. Appropriate in formal writing, GRE sentence-equivalence, and academic contexts where precision matters.","Avoid ""vapourous"" in casual conversation among friends unless you are certain the listener will understand; it can sound pretentious. Also avoid when a simpler synonym suffices.",Academic: A key consideration in modern discourse is how the vapourous principle shapes contemporary policy decisions.,Conversational: I told him the vapourous approach just wouldn't work here — we need to rethink this.,"GRE: Despite the ___ nature of the evidence, the researchers remained ___ about their conclusions. (fill in: vapourous)"
713,dichromatic,adjective,having two colors,bicolour; bichrome; bicolored; bicoloured; bicolor,,"Use ""dichromatic"" (adjective) when you want to convey having two colors. Appropriate in formal writing, GRE sentence-equivalence, and academic contexts where precision matters.","Avoid ""dichromatic"" in casual conversation among friends unless you are certain the listener will understand; it can sound pretentious. Also avoid when a simpler synonym suffices.",Academic: Contemporary scholars debate whether the dichromatic hypothesis adequately explains the observed data.,"Conversational: Honestly, the dichromatic behavior of the team has been a major source of tension lately.",GRE: The author's ___ tone contrasted sharply with the ___ underlying message of the passage. (fill in: dichromatic)
714,separate,adjective,have the connection undone; having become separate,disunite; offprint; distinguish; part; reprint; severalize,unite; joint,"Use ""separate"" (adjective) when you want to convey have the connection undone; having become separate. Appropriate in formal writing, GRE sentence-equivalence, and academic contexts where precision matters.","Avoid ""separate"" in casual conversation among friends unless you are certain the listener will understand; it can sound pretentious. Also avoid when a simpler synonym suffices.",Academic: A key consideration in modern discourse is how the separate principle shapes contemporary policy decisions.,Conversational: I've noticed the separate trend in our office culture and it's starting to concern me.,GRE: The author's ___ tone contrasted sharply with the ___ underlying message of the passage. (fill in: separate)
715,justified,adjective,having words so spaced that lines have straight even margins,rationalise; vindicate; warrant; rationalize; excuse; apologise,blame,"Use ""justified"" (adjective) when you want to convey having words so spaced that lines have straight even margins. Appropriate in formal writing, GRE sentence-equivalence, and academic contexts where precision matters.","Avoid ""justified"" in casual conversation among friends unless you are certain the listener will understand; it can sound pretentious. Also avoid when a simpler synonym suffices.",Academic: Contemporary scholars debate whether the justified hypothesis adequately explains the observed data.,"Conversational: Look, the justified results speak for themselves — we can't ignore them any longer.",GRE: The author's ___ tone contrasted sharply with the ___ underlying message of the passage. (fill in: justified)
716,unselective,adjective,not selective or discriminating,,,"Use ""unselective"" (adjective) when you want to convey not selective or discriminating. Appropriate in formal writing, GRE sentence-equivalence, and academic contexts where precision matters.","Avoid ""unselective"" in casual conversation among friends unless you are certain the listener will understand; it can sound pretentious. Also avoid when a simpler synonym suffices.",Academic: A key consideration in modern discourse is how the unselective principle shapes contemporary policy decisions.,"Conversational: Look, the unselective results speak for themselves — we can't ignore them any longer.",GRE: The committee's decision to ___ was met with both praise and criticism from stakeholders. (fill in: unselective)
717,intervening,adjective,occurring or falling between events or points in time,interfere; step in; interpose; intervene,,"Use ""intervening"" (adjective) when you want to convey occurring or falling between events or points in time. Appropriate in formal writing, GRE sentence-equivalence, and academic contexts where precision matters.","Avoid ""intervening"" in casual conversation among friends unless you are certain the listener will understand; it can sound pretentious. Also avoid when a simpler synonym suffices.",Academic: A key consideration in modern discourse is how the intervening principle shapes contemporary policy decisions.,"Conversational: Honestly, the intervening behavior of the team has been a major source of tension lately.",GRE: The committee's decision to ___ was met with both praise and criticism from stakeholders. (fill in: intervening)
718,suitable,adjective,worthy of being chosen especially as a spouse,suited; desirable; worthy,,"Use ""suitable"" (adjective) when you want to convey worthy of being chosen especially as a spouse. Appropriate in formal writing, GRE sentence-equivalence, and academic contexts where precision matters.","Avoid ""suitable"" in casual conversation among friends unless you are certain the listener will understand; it can sound pretentious. Also avoid when a simpler synonym suffices.",Academic: The study concluded that the suitable factor played a decisive role in the experimental outcome.,Conversational: I've noticed the suitable trend in our office culture and it's starting to concern me.,GRE: The professor described the ___ as a ___ that ___ the entire field of study. (fill in: suitable)
719,digital,adjective,of a circuit or device that represents magnitudes in digits,,analogue,"Use ""digital"" (adjective) when you want to convey of a circuit or device that represents magnitudes in digits. Appropriate in formal writing, GRE sentence-equivalence, and academic contexts where precision matters.","Avoid ""digital"" in casual conversation among friends unless you are certain the listener will understand; it can sound pretentious. Also avoid when a simpler synonym suffices.","Academic: In the scholarly article, the author argued that the digital phenomenon could not be overlooked.",Conversational: I've noticed the digital trend in our office culture and it's starting to concern me.,"GRE: Despite the ___ nature of the evidence, the researchers remained ___ about their conclusions. (fill in: digital)"
720,dish-shaped,adjective,shaped like a dish or pan,dished; patelliform,,"Use ""dish-shaped"" (adjective) when you want to convey shaped like a dish or pan. Appropriate in formal writing, GRE sentence-equivalence, and academic contexts where precision matters.","Avoid ""dish-shaped"" in casual conversation among friends unless you are certain the listener will understand; it can sound pretentious. Also avoid when a simpler synonym suffices.",Academic: A key consideration in modern discourse is how the dish-shaped principle shapes contemporary policy decisions.,Conversational: I've noticed the dish-shaped trend in our office culture and it's starting to concern me.,GRE: The author's ___ tone contrasted sharply with the ___ underlying message of the passage. (fill in: dish-shaped)
721,continuous,adjective,of a function or curve; extending without break or irregularity,uninterrupted,discontinuous,"Use ""continuous"" (adjective) when you want to convey of a function or curve; extending without break or irregularity. Appropriate in formal writing, GRE sentence-equivalence, and academic contexts where precision matters.","Avoid ""continuous"" in casual conversation among friends unless you are certain the listener will understand; it can sound pretentious. Also avoid when a simpler synonym suffices.",Academic: The researcher's findings revealed that the continuous effect was statistically significant across all samples.,"Conversational: You know, it's pretty clear that the continuous situation needs our immediate attention.",GRE: The author's ___ tone contrasted sharply with the ___ underlying message of the passage. (fill in: continuous)
722,reanimated,adjective,given fresh life or vigor or spirit,renovate; revive; quicken; recreate; repair; animate,,"Use ""reanimated"" (adjective) when you want to convey given fresh life or vigor or spirit. Appropriate in formal writing, GRE sentence-equivalence, and academic contexts where precision matters.","Avoid ""reanimated"" in casual conversation among friends unless you are certain the listener will understand; it can sound pretentious. Also avoid when a simpler synonym suffices.",Academic: The study concluded that the reanimated factor played a decisive role in the experimental outcome.,Conversational: I told him the reanimated approach just wouldn't work here — we need to rethink this.,GRE: The author's ___ tone contrasted sharply with the ___ underlying message of the passage. (fill in: reanimated)
723,cyprian,adjective,resembling the ancient orgiastic worship of Aphrodite on Cyprus,woman of the street; cocotte; whore; working girl; bawd; prostitute,,"Use ""cyprian"" (adjective) when you want to convey resembling the ancient orgiastic worship of aphrodite on cyprus. Appropriate in formal writing, GRE sentence-equivalence, and academic contexts where precision matters.","Avoid ""cyprian"" in casual conversation among friends unless you are certain the listener will understand; it can sound pretentious. Also avoid when a simpler synonym suffices.",Academic: Contemporary scholars debate whether the cyprian hypothesis adequately explains the observed data.,"Conversational: Look, the cyprian results speak for themselves — we can't ignore them any longer.",GRE: Analysts noted that the company's ___ strategy had ___ results in the last quarter. (fill in: cyprian)
724,exhausting,adjective,producing exhaustion,eat up; run through; deplete; exhaust; consume; tucker out,,"Use ""exhausting"" (adjective) when you want to convey producing exhaustion. Appropriate in formal writing, GRE sentence-equivalence, and academic contexts where precision matters.","Avoid ""exhausting"" in casual conversation among friends unless you are certain the listener will understand; it can sound pretentious. Also avoid when a simpler synonym suffices.",Academic: The researcher's findings revealed that the exhausting effect was statistically significant across all samples.,"Conversational: You know, it's pretty clear that the exhausting situation needs our immediate attention.",GRE: The author's ___ tone contrasted sharply with the ___ underlying message of the passage. (fill in: exhausting)
725,incompetent,adjective,not meeting requirements,clumsy; unqualified; fumbling; incompetent person; unskilled; bungling,competent,"Use ""incompetent"" (adjective) when you want to convey not meeting requirements. Appropriate in formal writing, GRE sentence-equivalence, and academic contexts where precision matters.","Avoid ""incompetent"" in casual conversation among friends unless you are certain the listener will understand; it can sound pretentious. Also avoid when a simpler synonym suffices.","Academic: In the scholarly article, the author argued that the incompetent phenomenon could not be overlooked.",Conversational: I told him the incompetent approach just wouldn't work here — we need to rethink this.,GRE: The committee's decision to ___ was met with both praise and criticism from stakeholders. (fill in: incompetent)
726,discriminative,adjective,capable of making fine distinctions,discriminatory; judicial,,"Use ""discriminative"" (adjective) when you want to convey capable of making fine distinctions. Appropriate in formal writing, GRE sentence-equivalence, and academic contexts where precision matters.","Avoid ""discriminative"" in casual conversation among friends unless you are certain the listener will understand; it can sound pretentious. Also avoid when a simpler synonym suffices.",Academic: The study concluded that the discriminative factor played a decisive role in the experimental outcome.,"Conversational: Honestly, the discriminative behavior of the team has been a major source of tension lately.","GRE: Despite the ___ nature of the evidence, the researchers remained ___ about their conclusions. (fill in: discriminative)"
727,myriad,adjective,too numerous to be counted,numberless; countless; ten thousand; unnumberable; uncounted; multitudinous,,"Use ""myriad"" (adjective) when you want to convey too numerous to be counted. Appropriate in formal writing, GRE sentence-equivalence, and academic contexts where precision matters.","Avoid ""myriad"" in casual conversation among friends unless you are certain the listener will understand; it can sound pretentious. Also avoid when a simpler synonym suffices.",Academic: The researcher's findings revealed that the myriad effect was statistically significant across all samples.,"Conversational: Look, the myriad results speak for themselves — we can't ignore them any longer.",GRE: Analysts noted that the company's ___ strategy had ___ results in the last quarter. (fill in: myriad)
728,abducting,adjective,especially of muscles; drawing away from the midline of the body or from an adjacent part,nobble; snatch; kidnap; abduct; abducent,adduct; adducent,"Use ""abducting"" (adjective) when you want to convey especially of muscles; drawing away from the midline of the body or from an adjacent part. Appropriate in formal writing, GRE sentence-equivalence, and academic contexts where precision matters.","Avoid ""abducting"" in casual conversation among friends unless you are certain the listener will understand; it can sound pretentious. Also avoid when a simpler synonym suffices.",Academic: The study concluded that the abducting factor played a decisive role in the experimental outcome.,Conversational: I've noticed the abducting trend in our office culture and it's starting to concern me.,GRE: The author's ___ tone contrasted sharply with the ___ underlying message of the passage. (fill in: abducting)
729,diminished,adjective,(of musical intervals) reduction by a semitone of any perfect or minor musical interval,decrease; fall; diminish; lessen; lessened; weakened,increase; hypertrophied,"Use ""diminished"" (adjective) when you want to convey (of musical intervals) reduction by a semitone of any perfect or minor musical interval. Appropriate in formal writing, GRE sentence-equivalence, and academic contexts where precision matters.","Avoid ""diminished"" in casual conversation among friends unless you are certain the listener will understand; it can sound pretentious. Also avoid when a simpler synonym suffices.",Academic: The study concluded that the diminished factor played a decisive role in the experimental outcome.,"Conversational: You know, it's pretty clear that the diminished situation needs our immediate attention.",GRE: Analysts noted that the company's ___ strategy had ___ results in the last quarter. (fill in: diminished)
730,kaleidoscopic,adjective,continually shifting or rapidly changing,kaleidoscopical,,"Use ""kaleidoscopic"" (adjective) when you want to convey continually shifting or rapidly changing. Appropriate in formal writing, GRE sentence-equivalence, and academic contexts where precision matters.","Avoid ""kaleidoscopic"" in casual conversation among friends unless you are certain the listener will understand; it can sound pretentious. Also avoid when a simpler synonym suffices.",Academic: Contemporary scholars debate whether the kaleidoscopic hypothesis adequately explains the observed data.,Conversational: I told him the kaleidoscopic approach just wouldn't work here — we need to rethink this.,GRE: The author's ___ tone contrasted sharply with the ___ underlying message of the passage. (fill in: kaleidoscopic)
731,blabbermouthed,adjective,unwisely talking too much,leaky; tattling; talebearing; blabby; bigmouthed; talkative,,"Use ""blabbermouthed"" (adjective) when you want to convey unwisely talking too much. Appropriate in formal writing, GRE sentence-equivalence, and academic contexts where precision matters.","Avoid ""blabbermouthed"" in casual conversation among friends unless you are certain the listener will understand; it can sound pretentious. Also avoid when a simpler synonym suffices.",Academic: A key consideration in modern discourse is how the blabbermouthed principle shapes contemporary policy decisions.,"Conversational: Look, the blabbermouthed results speak for themselves — we can't ignore them any longer.",GRE: The author's ___ tone contrasted sharply with the ___ underlying message of the passage. (fill in: blabbermouthed)
732,synclinal,adjective,sloping downward toward each other to create a trough,,anticlinal,"Use ""synclinal"" (adjective) when you want to convey sloping downward toward each other to create a trough. Appropriate in formal writing, GRE sentence-equivalence, and academic contexts where precision matters.","Avoid ""synclinal"" in casual conversation among friends unless you are certain the listener will understand; it can sound pretentious. Also avoid when a simpler synonym suffices.",Academic: The study concluded that the synclinal factor played a decisive role in the experimental outcome.,"Conversational: Honestly, the synclinal behavior of the team has been a major source of tension lately.",GRE: Analysts noted that the company's ___ strategy had ___ results in the last quarter. (fill in: synclinal)
733,flatbottom,adjective,having a flat bottom,flatbottomed,,"Use ""flatbottom"" (adjective) when you want to convey having a flat bottom. Appropriate in formal writing, GRE sentence-equivalence, and academic contexts where precision matters.","Avoid ""flatbottom"" in casual conversation among friends unless you are certain the listener will understand; it can sound pretentious. Also avoid when a simpler synonym suffices.",Academic: The study concluded that the flatbottom factor played a decisive role in the experimental outcome.,Conversational: I've noticed the flatbottom trend in our office culture and it's starting to concern me.,GRE: The professor described the ___ as a ___ that ___ the entire field of study. (fill in: flatbottom)
734,ineffectual,adjective,not producing an intended effect,uneffective; unable; ineffective; otiose; futile; unavailing,effective,"Use ""ineffectual"" (adjective) when you want to convey not producing an intended effect. Appropriate in formal writing, GRE sentence-equivalence, and academic contexts where precision matters.","Avoid ""ineffectual"" in casual conversation among friends unless you are certain the listener will understand; it can sound pretentious. Also avoid when a simpler synonym suffices.",Academic: Contemporary scholars debate whether the ineffectual hypothesis adequately explains the observed data.,"Conversational: Honestly, the ineffectual behavior of the team has been a major source of tension lately.",GRE: The professor described the ___ as a ___ that ___ the entire field of study. (fill in: ineffectual)
735,respectable,adjective,large in amount or extent or degree,hefty; sizeable; sizable; good; goodly; healthy,unrespectable,"Use ""respectable"" (adjective) when you want to convey large in amount or extent or degree. Appropriate in formal writing, GRE sentence-equivalence, and academic contexts where precision matters.","Avoid ""respectable"" in casual conversation among friends unless you are certain the listener will understand; it can sound pretentious. Also avoid when a simpler synonym suffices.",Academic: Contemporary scholars debate whether the respectable hypothesis adequately explains the observed data.,"Conversational: Look, the respectable results speak for themselves — we can't ignore them any longer.",GRE: Analysts noted that the company's ___ strategy had ___ results in the last quarter. (fill in: respectable)
736,narrow-bodied,adjective,having a relatively narrow body,,,"Use ""narrow-bodied"" (adjective) when you want to convey having a relatively narrow body. Appropriate in formal writing, GRE sentence-equivalence, and academic contexts where precision matters.","Avoid ""narrow-bodied"" in casual conversation among friends unless you are certain the listener will understand; it can sound pretentious. Also avoid when a simpler synonym suffices.",Academic: The researcher's findings revealed that the narrow-bodied effect was statistically significant across all samples.,"Conversational: Honestly, the narrow-bodied behavior of the team has been a major source of tension lately.",GRE: The author's ___ tone contrasted sharply with the ___ underlying message of the passage. (fill in: narrow-bodied)
737,driving,adjective,acting with vigor,drive; push back; ram; force back; force; beat back,attract,"Use ""driving"" (adjective) when you want to convey acting with vigor. Appropriate in formal writing, GRE sentence-equivalence, and academic contexts where precision matters.","Avoid ""driving"" in casual conversation among friends unless you are certain the listener will understand; it can sound pretentious. Also avoid when a simpler synonym suffices.",Academic: A key consideration in modern discourse is how the driving principle shapes contemporary policy decisions.,Conversational: I told him the driving approach just wouldn't work here — we need to rethink this.,GRE: The professor described the ___ as a ___ that ___ the entire field of study. (fill in: driving)
738,charmed,adjective,filled with wonder and delight,captivate; bewitch; trance; becharm; charm; catch,,"Use ""charmed"" (adjective) when you want to convey filled with wonder and delight. Appropriate in formal writing, GRE sentence-equivalence, and academic contexts where precision matters.","Avoid ""charmed"" in casual conversation among friends unless you are certain the listener will understand; it can sound pretentious. Also avoid when a simpler synonym suffices.",Academic: A key consideration in modern discourse is how the charmed principle shapes contemporary policy decisions.,Conversational: I told him the charmed approach just wouldn't work here — we need to rethink this.,"GRE: Despite the ___ nature of the evidence, the researchers remained ___ about their conclusions. (fill in: charmed)"
739,entomophilous,adjective,of flowering plants (especially orchids etc) that are pollinated by insects,,anemophilous,"Use ""entomophilous"" (adjective) when you want to convey of flowering plants (especially orchids etc) that are pollinated by insects. Appropriate in formal writing, GRE sentence-equivalence, and academic contexts where precision matters.","Avoid ""entomophilous"" in casual conversation among friends unless you are certain the listener will understand; it can sound pretentious. Also avoid when a simpler synonym suffices.",Academic: A key consideration in modern discourse is how the entomophilous principle shapes contemporary policy decisions.,"Conversational: Look, the entomophilous results speak for themselves — we can't ignore them any longer.",GRE: The professor described the ___ as a ___ that ___ the entire field of study. (fill in: entomophilous)
740,pathetic,adjective,inspiring scornful pity; - Dashiell Hammett,poor; misfortunate; wretched; pitiable; hapless; piteous,,"Use ""pathetic"" (adjective) when you want to convey inspiring scornful pity; - dashiell hammett. Appropriate in formal writing, GRE sentence-equivalence, and academic contexts where precision matters.","Avoid ""pathetic"" in casual conversation among friends unless you are certain the listener will understand; it can sound pretentious. Also avoid when a simpler synonym suffices.",Academic: Contemporary scholars debate whether the pathetic hypothesis adequately explains the observed data.,"Conversational: Honestly, the pathetic behavior of the team has been a major source of tension lately.",GRE: The professor described the ___ as a ___ that ___ the entire field of study. (fill in: pathetic)
741,sanguinary,adjective,marked by eagerness to resort to violence and bloodshed; ; ; -G.W.Johnson,bloody-minded; sanguineous; slaughterous; butcherly; gory; bloodthirsty,,"Use ""sanguinary"" (adjective) when you want to convey marked by eagerness to resort to violence and bloodshed; ; ; -g.w.johnson. Appropriate in formal writing, GRE sentence-equivalence, and academic contexts where precision matters.","Avoid ""sanguinary"" in casual conversation among friends unless you are certain the listener will understand; it can sound pretentious. Also avoid when a simpler synonym suffices.","Academic: In the scholarly article, the author argued that the sanguinary phenomenon could not be overlooked.",Conversational: I've noticed the sanguinary trend in our office culture and it's starting to concern me.,GRE: The author's ___ tone contrasted sharply with the ___ underlying message of the passage. (fill in: sanguinary)
742,comprehensible,adjective,capable of being comprehended or understood,comprehendible,incomprehensible,"Use ""comprehensible"" (adjective) when you want to convey capable of being comprehended or understood. Appropriate in formal writing, GRE sentence-equivalence, and academic contexts where precision matters.","Avoid ""comprehensible"" in casual conversation among friends unless you are certain the listener will understand; it can sound pretentious. Also avoid when a simpler synonym suffices.",Academic: The study concluded that the comprehensible factor played a decisive role in the experimental outcome.,"Conversational: Look, the comprehensible results speak for themselves — we can't ignore them any longer.",GRE: The professor described the ___ as a ___ that ___ the entire field of study. (fill in: comprehensible)
743,tannish,adjective,of a color resembling tan,,,"Use ""tannish"" (adjective) when you want to convey of a color resembling tan. Appropriate in formal writing, GRE sentence-equivalence, and academic contexts where precision matters.","Avoid ""tannish"" in casual conversation among friends unless you are certain the listener will understand; it can sound pretentious. Also avoid when a simpler synonym suffices.",Academic: The researcher's findings revealed that the tannish effect was statistically significant across all samples.,"Conversational: Honestly, the tannish behavior of the team has been a major source of tension lately.",GRE: The committee's decision to ___ was met with both praise and criticism from stakeholders. (fill in: tannish)
744,yarn-spinning,adjective,inclined to tell long and involved stories (often of incredible happenings),,,"Use ""yarn-spinning"" (adjective) when you want to convey inclined to tell long and involved stories (often of incredible happenings). Appropriate in formal writing, GRE sentence-equivalence, and academic contexts where precision matters.","Avoid ""yarn-spinning"" in casual conversation among friends unless you are certain the listener will understand; it can sound pretentious. Also avoid when a simpler synonym suffices.",Academic: A key consideration in modern discourse is how the yarn-spinning principle shapes contemporary policy decisions.,"Conversational: You know, it's pretty clear that the yarn-spinning situation needs our immediate attention.",GRE: The professor described the ___ as a ___ that ___ the entire field of study. (fill in: yarn-spinning)
745,bursiform,adjective,shaped like a pouch,saclike; pouchlike; pouch-shaped,,"Use ""bursiform"" (adjective) when you want to convey shaped like a pouch. Appropriate in formal writing, GRE sentence-equivalence, and academic contexts where precision matters.","Avoid ""bursiform"" in casual conversation among friends unless you are certain the listener will understand; it can sound pretentious. Also avoid when a simpler synonym suffices.",Academic: The study concluded that the bursiform factor played a decisive role in the experimental outcome.,"Conversational: Honestly, the bursiform behavior of the team has been a major source of tension lately.","GRE: Despite the ___ nature of the evidence, the researchers remained ___ about their conclusions. (fill in: bursiform)"
746,high-energy,adjective,vigorously energetic or forceful,high-power; high-powered; high-voltage; high-octane,,"Use ""high-energy"" (adjective) when you want to convey vigorously energetic or forceful. Appropriate in formal writing, GRE sentence-equivalence, and academic contexts where precision matters.","Avoid ""high-energy"" in casual conversation among friends unless you are certain the listener will understand; it can sound pretentious. Also avoid when a simpler synonym suffices.",Academic: The researcher's findings revealed that the high-energy effect was statistically significant across all samples.,Conversational: I told him the high-energy approach just wouldn't work here — we need to rethink this.,GRE: The author's ___ tone contrasted sharply with the ___ underlying message of the passage. (fill in: high-energy)
747,distinct,adjective,easy to perceive; especially clearly outlined,distinguishable; decided; discrete; trenchant; clear-cut,indistinct,"Use ""distinct"" (adjective) when you want to convey easy to perceive; especially clearly outlined. Appropriate in formal writing, GRE sentence-equivalence, and academic contexts where precision matters.","Avoid ""distinct"" in casual conversation among friends unless you are certain the listener will understand; it can sound pretentious. Also avoid when a simpler synonym suffices.",Academic: A key consideration in modern discourse is how the distinct principle shapes contemporary policy decisions.,Conversational: I've noticed the distinct trend in our office culture and it's starting to concern me.,GRE: The professor described the ___ as a ___ that ___ the entire field of study. (fill in: distinct)
748,discriminate,adjective,marked by the ability to see or make fine distinctions,know apart; separate; single out,indiscriminate,"Use ""discriminate"" (adjective) when you want to convey marked by the ability to see or make fine distinctions. Appropriate in formal writing, GRE sentence-equivalence, and academic contexts where precision matters.","Avoid ""discriminate"" in casual conversation among friends unless you are certain the listener will understand; it can sound pretentious. Also avoid when a simpler synonym suffices.",Academic: The researcher's findings revealed that the discriminate effect was statistically significant across all samples.,"Conversational: You know, it's pretty clear that the discriminate situation needs our immediate attention.",GRE: The author's ___ tone contrasted sharply with the ___ underlying message of the passage. (fill in: discriminate)
749,rigorous,adjective,rigidly accurate; allowing no deviation from a standard,strict; stringent; tight,,"Use ""rigorous"" (adjective) when you want to convey rigidly accurate; allowing no deviation from a standard. Appropriate in formal writing, GRE sentence-equivalence, and academic contexts where precision matters.","Avoid ""rigorous"" in casual conversation among friends unless you are certain the listener will understand; it can sound pretentious. Also avoid when a simpler synonym suffices.",Academic: Contemporary scholars debate whether the rigorous hypothesis adequately explains the observed data.,Conversational: I told him the rigorous approach just wouldn't work here — we need to rethink this.,GRE: Analysts noted that the company's ___ strategy had ___ results in the last quarter. (fill in: rigorous)
750,unreformable,adjective,unrepentant and incapable of being reformed,irreclaimable; unregenerate; unredeemable; irredeemable,,"Use ""unreformable"" (adjective) when you want to convey unrepentant and incapable of being reformed. Appropriate in formal writing, GRE sentence-equivalence, and academic contexts where precision matters.","Avoid ""unreformable"" in casual conversation among friends unless you are certain the listener will understand; it can sound pretentious. Also avoid when a simpler synonym suffices.","Academic: In the scholarly article, the author argued that the unreformable phenomenon could not be overlooked.",Conversational: I've noticed the unreformable trend in our office culture and it's starting to concern me.,GRE: Analysts noted that the company's ___ strategy had ___ results in the last quarter. (fill in: unreformable)
751,bottom,adjective,the lowest rank,keister; behind; fanny; can; tail end; tush,side; top,"Use ""bottom"" (adjective) when you want to convey the lowest rank. Appropriate in formal writing, GRE sentence-equivalence, and academic contexts where precision matters.","Avoid ""bottom"" in casual conversation among friends unless you are certain the listener will understand; it can sound pretentious. Also avoid when a simpler synonym suffices.",Academic: The researcher's findings revealed that the bottom effect was statistically significant across all samples.,"Conversational: You know, it's pretty clear that the bottom situation needs our immediate attention.",GRE: The committee's decision to ___ was met with both praise and criticism from stakeholders. (fill in: bottom)
752,compartmentalised,adjective,divided up into compartments or categories,compartmentalise; cut up; compartmentalize; compartmentalized; compartmental,,"Use ""compartmentalised"" (adjective) when you want to convey divided up into compartments or categories. Appropriate in formal writing, GRE sentence-equivalence, and academic contexts where precision matters.","Avoid ""compartmentalised"" in casual conversation among friends unless you are certain the listener will understand; it can sound pretentious. Also avoid when a simpler synonym suffices.",Academic: The study concluded that the compartmentalised factor played a decisive role in the experimental outcome.,"Conversational: Honestly, the compartmentalised behavior of the team has been a major source of tension lately.","GRE: Despite the ___ nature of the evidence, the researchers remained ___ about their conclusions. (fill in: compartmentalised)"
753,carven,adjective,made for or formed by carving (`carven' is archaic or literary),carved,uncarved,"Use ""carven"" (adjective) when you want to convey made for or formed by carving (`carven' is archaic or literary). Appropriate in formal writing, GRE sentence-equivalence, and academic contexts where precision matters.","Avoid ""carven"" in casual conversation among friends unless you are certain the listener will understand; it can sound pretentious. Also avoid when a simpler synonym suffices.","Academic: In the scholarly article, the author argued that the carven phenomenon could not be overlooked.",Conversational: I told him the carven approach just wouldn't work here — we need to rethink this.,GRE: The committee's decision to ___ was met with both praise and criticism from stakeholders. (fill in: carven)
754,baleful,adjective,deadly or sinister,sinister; forbidding; threatening; ominous; menacing; baneful,,"Use ""baleful"" (adjective) when you want to convey deadly or sinister. Appropriate in formal writing, GRE sentence-equivalence, and academic contexts where precision matters.","Avoid ""baleful"" in casual conversation among friends unless you are certain the listener will understand; it can sound pretentious. Also avoid when a simpler synonym suffices.",Academic: Contemporary scholars debate whether the baleful hypothesis adequately explains the observed data.,Conversational: I told him the baleful approach just wouldn't work here — we need to rethink this.,"GRE: Despite the ___ nature of the evidence, the researchers remained ___ about their conclusions. (fill in: baleful)"
755,unmediated,adjective,"having no intervening persons, agents, conditions",direct,,"Use ""unmediated"" (adjective) when you want to convey having no intervening persons, agents, conditions. Appropriate in formal writing, GRE sentence-equivalence, and academic contexts where precision matters.","Avoid ""unmediated"" in casual conversation among friends unless you are certain the listener will understand; it can sound pretentious. Also avoid when a simpler synonym suffices.",Academic: The study concluded that the unmediated factor played a decisive role in the experimental outcome.,"Conversational: Look, the unmediated results speak for themselves — we can't ignore them any longer.",GRE: Analysts noted that the company's ___ strategy had ___ results in the last quarter. (fill in: unmediated)
756,enterprising,adjective,"marked by imagination, initiative, and readiness to undertake new projects",,unenterprising,"Use ""enterprising"" (adjective) when you want to convey marked by imagination, initiative, and readiness to undertake new projects. Appropriate in formal writing, GRE sentence-equivalence, and academic contexts where precision matters.","Avoid ""enterprising"" in casual conversation among friends unless you are certain the listener will understand; it can sound pretentious. Also avoid when a simpler synonym suffices.",Academic: A key consideration in modern discourse is how the enterprising principle shapes contemporary policy decisions.,"Conversational: Honestly, the enterprising behavior of the team has been a major source of tension lately.",GRE: The professor described the ___ as a ___ that ___ the entire field of study. (fill in: enterprising)
757,lighted,adjective,set afire or burning,light; illuminate; fire up; light up; illumine; illume,unlighted; extinguish,"Use ""lighted"" (adjective) when you want to convey set afire or burning. Appropriate in formal writing, GRE sentence-equivalence, and academic contexts where precision matters.","Avoid ""lighted"" in casual conversation among friends unless you are certain the listener will understand; it can sound pretentious. Also avoid when a simpler synonym suffices.","Academic: In the scholarly article, the author argued that the lighted phenomenon could not be overlooked.","Conversational: You know, it's pretty clear that the lighted situation needs our immediate attention.",GRE: The author's ___ tone contrasted sharply with the ___ underlying message of the passage. (fill in: lighted)
758,unvarnished,adjective,free from any effort to soften to disguise,unstained; plain,,"Use ""unvarnished"" (adjective) when you want to convey free from any effort to soften to disguise. Appropriate in formal writing, GRE sentence-equivalence, and academic contexts where precision matters.","Avoid ""unvarnished"" in casual conversation among friends unless you are certain the listener will understand; it can sound pretentious. Also avoid when a simpler synonym suffices.",Academic: The researcher's findings revealed that the unvarnished effect was statistically significant across all samples.,Conversational: I've noticed the unvarnished trend in our office culture and it's starting to concern me.,GRE: The committee's decision to ___ was met with both praise and criticism from stakeholders. (fill in: unvarnished)
759,tingling,adjective,exciting by touching lightly so as to cause laughter or twitching movements,prickling; tickling; prickle; titillating; tingle,,"Use ""tingling"" (adjective) when you want to convey exciting by touching lightly so as to cause laughter or twitching movements. Appropriate in formal writing, GRE sentence-equivalence, and academic contexts where precision matters.","Avoid ""tingling"" in casual conversation among friends unless you are certain the listener will understand; it can sound pretentious. Also avoid when a simpler synonym suffices.",Academic: The researcher's findings revealed that the tingling effect was statistically significant across all samples.,"Conversational: Look, the tingling results speak for themselves — we can't ignore them any longer.",GRE: Analysts noted that the company's ___ strategy had ___ results in the last quarter. (fill in: tingling)
760,sisterlike,adjective,like or characteristic of or befitting a sister,sisterly; sororal,brotherly,"Use ""sisterlike"" (adjective) when you want to convey like or characteristic of or befitting a sister. Appropriate in formal writing, GRE sentence-equivalence, and academic contexts where precision matters.","Avoid ""sisterlike"" in casual conversation among friends unless you are certain the listener will understand; it can sound pretentious. Also avoid when a simpler synonym suffices.","Academic: In the scholarly article, the author argued that the sisterlike phenomenon could not be overlooked.","Conversational: Look, the sisterlike results speak for themselves — we can't ignore them any longer.","GRE: Despite the ___ nature of the evidence, the researchers remained ___ about their conclusions. (fill in: sisterlike)"
761,possible,adjective,existing in possibility,potential,actual; impossible,"Use ""possible"" (adjective) when you want to convey existing in possibility. Appropriate in formal writing, GRE sentence-equivalence, and academic contexts where precision matters.","Avoid ""possible"" in casual conversation among friends unless you are certain the listener will understand; it can sound pretentious. Also avoid when a simpler synonym suffices.",Academic: The researcher's findings revealed that the possible effect was statistically significant across all samples.,"Conversational: Honestly, the possible behavior of the team has been a major source of tension lately.",GRE: The committee's decision to ___ was met with both praise and criticism from stakeholders. (fill in: possible)
762,turbulent,adjective,(of a liquid) agitated vigorously; in a state of turbulence,riotous; disruptive; roiling; roily; roiled; churning,,"Use ""turbulent"" (adjective) when you want to convey (of a liquid) agitated vigorously; in a state of turbulence. Appropriate in formal writing, GRE sentence-equivalence, and academic contexts where precision matters.","Avoid ""turbulent"" in casual conversation among friends unless you are certain the listener will understand; it can sound pretentious. Also avoid when a simpler synonym suffices.","Academic: In the scholarly article, the author argued that the turbulent phenomenon could not be overlooked.","Conversational: Honestly, the turbulent behavior of the team has been a major source of tension lately.",GRE: The author's ___ tone contrasted sharply with the ___ underlying message of the passage. (fill in: turbulent)
763,chocolate-colored,adjective,having the color of dark chocolate,chocolate-coloured,,"Use ""chocolate-colored"" (adjective) when you want to convey having the color of dark chocolate. Appropriate in formal writing, GRE sentence-equivalence, and academic contexts where precision matters.","Avoid ""chocolate-colored"" in casual conversation among friends unless you are certain the listener will understand; it can sound pretentious. Also avoid when a simpler synonym suffices.",Academic: Contemporary scholars debate whether the chocolate-colored hypothesis adequately explains the observed data.,"Conversational: You know, it's pretty clear that the chocolate-colored situation needs our immediate attention.",GRE: The professor described the ___ as a ___ that ___ the entire field of study. (fill in: chocolate-colored)
764,enwrapped,adjective,giving or marked by complete attention to; ; ; - Walter de la Mare,absorbed; enwrap; engrossed; intent; enfold; wrapped,,"Use ""enwrapped"" (adjective) when you want to convey giving or marked by complete attention to; ; ; - walter de la mare. Appropriate in formal writing, GRE sentence-equivalence, and academic contexts where precision matters.","Avoid ""enwrapped"" in casual conversation among friends unless you are certain the listener will understand; it can sound pretentious. Also avoid when a simpler synonym suffices.",Academic: A key consideration in modern discourse is how the enwrapped principle shapes contemporary policy decisions.,"Conversational: Look, the enwrapped results speak for themselves — we can't ignore them any longer.",GRE: The author's ___ tone contrasted sharply with the ___ underlying message of the passage. (fill in: enwrapped)
765,resultant,adjective,following or accompanying as a consequence,outcome; final result; vector sum; result; termination; end point,,"Use ""resultant"" (adjective) when you want to convey following or accompanying as a consequence. Appropriate in formal writing, GRE sentence-equivalence, and academic contexts where precision matters.","Avoid ""resultant"" in casual conversation among friends unless you are certain the listener will understand; it can sound pretentious. Also avoid when a simpler synonym suffices.",Academic: Contemporary scholars debate whether the resultant hypothesis adequately explains the observed data.,"Conversational: Look, the resultant results speak for themselves — we can't ignore them any longer.",GRE: Analysts noted that the company's ___ strategy had ___ results in the last quarter. (fill in: resultant)
766,tonsured,adjective,having a bald spot either shaved or natural,tonsure,,"Use ""tonsured"" (adjective) when you want to convey having a bald spot either shaved or natural. Appropriate in formal writing, GRE sentence-equivalence, and academic contexts where precision matters.","Avoid ""tonsured"" in casual conversation among friends unless you are certain the listener will understand; it can sound pretentious. Also avoid when a simpler synonym suffices.",Academic: Contemporary scholars debate whether the tonsured hypothesis adequately explains the observed data.,"Conversational: Look, the tonsured results speak for themselves — we can't ignore them any longer.",GRE: The professor described the ___ as a ___ that ___ the entire field of study. (fill in: tonsured)
767,destructive,adjective,causing destruction or much damage,,constructive,"Use ""destructive"" (adjective) when you want to convey causing destruction or much damage. Appropriate in formal writing, GRE sentence-equivalence, and academic contexts where precision matters.","Avoid ""destructive"" in casual conversation among friends unless you are certain the listener will understand; it can sound pretentious. Also avoid when a simpler synonym suffices.",Academic: The researcher's findings revealed that the destructive effect was statistically significant across all samples.,"Conversational: You know, it's pretty clear that the destructive situation needs our immediate attention.",GRE: The professor described the ___ as a ___ that ___ the entire field of study. (fill in: destructive)
768,laudatory,adjective,full of or giving praise,praiseful; praising,,"Use ""laudatory"" (adjective) when you want to convey full of or giving praise. Appropriate in formal writing, GRE sentence-equivalence, and academic contexts where precision matters.","Avoid ""laudatory"" in casual conversation among friends unless you are certain the listener will understand; it can sound pretentious. Also avoid when a simpler synonym suffices.",Academic: The researcher's findings revealed that the laudatory effect was statistically significant across all samples.,"Conversational: Look, the laudatory results speak for themselves — we can't ignore them any longer.",GRE: The professor described the ___ as a ___ that ___ the entire field of study. (fill in: laudatory)
769,quadripartite,adjective,involving four parties,four-party,,"Use ""quadripartite"" (adjective) when you want to convey involving four parties. Appropriate in formal writing, GRE sentence-equivalence, and academic contexts where precision matters.","Avoid ""quadripartite"" in casual conversation among friends unless you are certain the listener will understand; it can sound pretentious. Also avoid when a simpler synonym suffices.",Academic: The researcher's findings revealed that the quadripartite effect was statistically significant across all samples.,"Conversational: You know, it's pretty clear that the quadripartite situation needs our immediate attention.",GRE: The professor described the ___ as a ___ that ___ the entire field of study. (fill in: quadripartite)
770,laminal,adjective,arranged in or consisting of laminae,laminar,,"Use ""laminal"" (adjective) when you want to convey arranged in or consisting of laminae. Appropriate in formal writing, GRE sentence-equivalence, and academic contexts where precision matters.","Avoid ""laminal"" in casual conversation among friends unless you are certain the listener will understand; it can sound pretentious. Also avoid when a simpler synonym suffices.",Academic: A key consideration in modern discourse is how the laminal principle shapes contemporary policy decisions.,Conversational: I've noticed the laminal trend in our office culture and it's starting to concern me.,GRE: Analysts noted that the company's ___ strategy had ___ results in the last quarter. (fill in: laminal)
771,blood-filled,adjective,containing blood,,,"Use ""blood-filled"" (adjective) when you want to convey containing blood. Appropriate in formal writing, GRE sentence-equivalence, and academic contexts where precision matters.","Avoid ""blood-filled"" in casual conversation among friends unless you are certain the listener will understand; it can sound pretentious. Also avoid when a simpler synonym suffices.",Academic: The researcher's findings revealed that the blood-filled effect was statistically significant across all samples.,Conversational: I've noticed the blood-filled trend in our office culture and it's starting to concern me.,"GRE: Despite the ___ nature of the evidence, the researchers remained ___ about their conclusions. (fill in: blood-filled)"
772,inconspicuous,adjective,not prominent or readily noticeable,invisible,conspicuous,"Use ""inconspicuous"" (adjective) when you want to convey not prominent or readily noticeable. Appropriate in formal writing, GRE sentence-equivalence, and academic contexts where precision matters.","Avoid ""inconspicuous"" in casual conversation among friends unless you are certain the listener will understand; it can sound pretentious. Also avoid when a simpler synonym suffices.",Academic: The study concluded that the inconspicuous factor played a decisive role in the experimental outcome.,Conversational: I've noticed the inconspicuous trend in our office culture and it's starting to concern me.,GRE: The professor described the ___ as a ___ that ___ the entire field of study. (fill in: inconspicuous)
773,lacklustre,adjective,lacking luster or shine,lusterless; lackluster; lustreless,,"Use ""lacklustre"" (adjective) when you want to convey lacking luster or shine. Appropriate in formal writing, GRE sentence-equivalence, and academic contexts where precision matters.","Avoid ""lacklustre"" in casual conversation among friends unless you are certain the listener will understand; it can sound pretentious. Also avoid when a simpler synonym suffices.","Academic: In the scholarly article, the author argued that the lacklustre phenomenon could not be overlooked.","Conversational: Look, the lacklustre results speak for themselves — we can't ignore them any longer.",GRE: The committee's decision to ___ was met with both praise and criticism from stakeholders. (fill in: lacklustre)
774,afraid,adjective,filled with regret or concern; used often to soften an unpleasant statement,,unafraid,"Use ""afraid"" (adjective) when you want to convey filled with regret or concern; used often to soften an unpleasant statement. Appropriate in formal writing, GRE sentence-equivalence, and academic contexts where precision matters.","Avoid ""afraid"" in casual conversation among friends unless you are certain the listener will understand; it can sound pretentious. Also avoid when a simpler synonym suffices.",Academic: The researcher's findings revealed that the afraid effect was statistically significant across all samples.,Conversational: I told him the afraid approach just wouldn't work here — we need to rethink this.,"GRE: Despite the ___ nature of the evidence, the researchers remained ___ about their conclusions. (fill in: afraid)"
775,frenetic,adjective,excessively agitated; distraught with fear or other violent emotion,frenzied; phrenetic; frantic,,"Use ""frenetic"" (adjective) when you want to convey excessively agitated; distraught with fear or other violent emotion. Appropriate in formal writing, GRE sentence-equivalence, and academic contexts where precision matters.","Avoid ""frenetic"" in casual conversation among friends unless you are certain the listener will understand; it can sound pretentious. Also avoid when a simpler synonym suffices.",Academic: A key consideration in modern discourse is how the frenetic principle shapes contemporary policy decisions.,Conversational: I told him the frenetic approach just wouldn't work here — we need to rethink this.,GRE: The committee's decision to ___ was met with both praise and criticism from stakeholders. (fill in: frenetic)
776,peremptory,adjective,offensively self-assured or given to exercising usually unwarranted power,bossy; magisterial; dominating; high-and-mighty; autocratic,,"Use ""peremptory"" (adjective) when you want to convey offensively self-assured or given to exercising usually unwarranted power. Appropriate in formal writing, GRE sentence-equivalence, and academic contexts where precision matters.","Avoid ""peremptory"" in casual conversation among friends unless you are certain the listener will understand; it can sound pretentious. Also avoid when a simpler synonym suffices.",Academic: A key consideration in modern discourse is how the peremptory principle shapes contemporary policy decisions.,"Conversational: Look, the peremptory results speak for themselves — we can't ignore them any longer.",GRE: Analysts noted that the company's ___ strategy had ___ results in the last quarter. (fill in: peremptory)
777,intersecting,adjective,crossed or intersected in the form of an X,intersectant; decussate; intersect; cross,,"Use ""intersecting"" (adjective) when you want to convey crossed or intersected in the form of an x. Appropriate in formal writing, GRE sentence-equivalence, and academic contexts where precision matters.","Avoid ""intersecting"" in casual conversation among friends unless you are certain the listener will understand; it can sound pretentious. Also avoid when a simpler synonym suffices.",Academic: The study concluded that the intersecting factor played a decisive role in the experimental outcome.,"Conversational: Honestly, the intersecting behavior of the team has been a major source of tension lately.",GRE: The professor described the ___ as a ___ that ___ the entire field of study. (fill in: intersecting)
778,stand-alone,adjective,capable of operating independently,,,"Use ""stand-alone"" (adjective) when you want to convey capable of operating independently. Appropriate in formal writing, GRE sentence-equivalence, and academic contexts where precision matters.","Avoid ""stand-alone"" in casual conversation among friends unless you are certain the listener will understand; it can sound pretentious. Also avoid when a simpler synonym suffices.",Academic: A key consideration in modern discourse is how the stand-alone principle shapes contemporary policy decisions.,Conversational: I've noticed the stand-alone trend in our office culture and it's starting to concern me.,GRE: The author's ___ tone contrasted sharply with the ___ underlying message of the passage. (fill in: stand-alone)
779,positive,adjective,marked by excessive confidence,confirming; convinced; positive degree; plus; prescribed; confident,negative; neutral,"Use ""positive"" (adjective) when you want to convey marked by excessive confidence. Appropriate in formal writing, GRE sentence-equivalence, and academic contexts where precision matters.","Avoid ""positive"" in casual conversation among friends unless you are certain the listener will understand; it can sound pretentious. Also avoid when a simpler synonym suffices.","Academic: In the scholarly article, the author argued that the positive phenomenon could not be overlooked.","Conversational: Honestly, the positive behavior of the team has been a major source of tension lately.",GRE: The professor described the ___ as a ___ that ___ the entire field of study. (fill in: positive)
780,transparent,adjective,transmitting light; able to be seen through with clarity,see-through; sheer; gauze-like; vapourous; cobwebby; gossamer,,"Use ""transparent"" (adjective) when you want to convey transmitting light; able to be seen through with clarity. Appropriate in formal writing, GRE sentence-equivalence, and academic contexts where precision matters.","Avoid ""transparent"" in casual conversation among friends unless you are certain the listener will understand; it can sound pretentious. Also avoid when a simpler synonym suffices.",Academic: The researcher's findings revealed that the transparent effect was statistically significant across all samples.,"Conversational: You know, it's pretty clear that the transparent situation needs our immediate attention.",GRE: The committee's decision to ___ was met with both praise and criticism from stakeholders. (fill in: transparent)
781,unsuitable,adjective,not worthy of being chosen (especially as a spouse),undesirable; inapplicable,,"Use ""unsuitable"" (adjective) when you want to convey not worthy of being chosen (especially as a spouse). Appropriate in formal writing, GRE sentence-equivalence, and academic contexts where precision matters.","Avoid ""unsuitable"" in casual conversation among friends unless you are certain the listener will understand; it can sound pretentious. Also avoid when a simpler synonym suffices.",Academic: The study concluded that the unsuitable factor played a decisive role in the experimental outcome.,"Conversational: Honestly, the unsuitable behavior of the team has been a major source of tension lately.",GRE: Analysts noted that the company's ___ strategy had ___ results in the last quarter. (fill in: unsuitable)
782,antecedent,adjective,preceding in time or order,forerunner; ascendant; ascendent; root; ancestor,descendant; subsequent,"Use ""antecedent"" (adjective) when you want to convey preceding in time or order. Appropriate in formal writing, GRE sentence-equivalence, and academic contexts where precision matters.","Avoid ""antecedent"" in casual conversation among friends unless you are certain the listener will understand; it can sound pretentious. Also avoid when a simpler synonym suffices.",Academic: The study concluded that the antecedent factor played a decisive role in the experimental outcome.,Conversational: I've noticed the antecedent trend in our office culture and it's starting to concern me.,GRE: The professor described the ___ as a ___ that ___ the entire field of study. (fill in: antecedent)
783,data-based,adjective,relying on observation or experiment,observational; experimental,,"Use ""data-based"" (adjective) when you want to convey relying on observation or experiment. Appropriate in formal writing, GRE sentence-equivalence, and academic contexts where precision matters.","Avoid ""data-based"" in casual conversation among friends unless you are certain the listener will understand; it can sound pretentious. Also avoid when a simpler synonym suffices.","Academic: In the scholarly article, the author argued that the data-based phenomenon could not be overlooked.","Conversational: Honestly, the data-based behavior of the team has been a major source of tension lately.",GRE: The professor described the ___ as a ___ that ___ the entire field of study. (fill in: data-based)
784,destructible,adjective,easily destroyed,,indestructible,"Use ""destructible"" (adjective) when you want to convey easily destroyed. Appropriate in formal writing, GRE sentence-equivalence, and academic contexts where precision matters.","Avoid ""destructible"" in casual conversation among friends unless you are certain the listener will understand; it can sound pretentious. Also avoid when a simpler synonym suffices.",Academic: Contemporary scholars debate whether the destructible hypothesis adequately explains the observed data.,Conversational: I told him the destructible approach just wouldn't work here — we need to rethink this.,GRE: Analysts noted that the company's ___ strategy had ___ results in the last quarter. (fill in: destructible)
785,champleve,adjective,(for metals) having areas separated by metal and filled with colored enamel and fired,cloisonne,,"Use ""champleve"" (adjective) when you want to convey (for metals) having areas separated by metal and filled with colored enamel and fired. Appropriate in formal writing, GRE sentence-equivalence, and academic contexts where precision matters.","Avoid ""champleve"" in casual conversation among friends unless you are certain the listener will understand; it can sound pretentious. Also avoid when a simpler synonym suffices.",Academic: The researcher's findings revealed that the champleve effect was statistically significant across all samples.,"Conversational: Look, the champleve results speak for themselves — we can't ignore them any longer.",GRE: Analysts noted that the company's ___ strategy had ___ results in the last quarter. (fill in: champleve)
786,seething,adjective,in constant agitation; ; ; - Shakespeare,seethe; buzz; boil; roll; hum,,"Use ""seething"" (adjective) when you want to convey in constant agitation; ; ; - shakespeare. Appropriate in formal writing, GRE sentence-equivalence, and academic contexts where precision matters.","Avoid ""seething"" in casual conversation among friends unless you are certain the listener will understand; it can sound pretentious. Also avoid when a simpler synonym suffices.",Academic: The study concluded that the seething factor played a decisive role in the experimental outcome.,Conversational: I've noticed the seething trend in our office culture and it's starting to concern me.,GRE: The professor described the ___ as a ___ that ___ the entire field of study. (fill in: seething)
787,dextrous,adjective,skillful in physical movements; especially of the hands,deft; dexterous,,"Use ""dextrous"" (adjective) when you want to convey skillful in physical movements; especially of the hands. Appropriate in formal writing, GRE sentence-equivalence, and academic contexts where precision matters.","Avoid ""dextrous"" in casual conversation among friends unless you are certain the listener will understand; it can sound pretentious. Also avoid when a simpler synonym suffices.",Academic: The study concluded that the dextrous factor played a decisive role in the experimental outcome.,Conversational: I've noticed the dextrous trend in our office culture and it's starting to concern me.,"GRE: Despite the ___ nature of the evidence, the researchers remained ___ about their conclusions. (fill in: dextrous)"
788,improbable,adjective,too improbable to admit of belief,tall; marvellous; unbelievable; marvelous; unconvincing; unlikely,probable,"Use ""improbable"" (adjective) when you want to convey too improbable to admit of belief. Appropriate in formal writing, GRE sentence-equivalence, and academic contexts where precision matters.","Avoid ""improbable"" in casual conversation among friends unless you are certain the listener will understand; it can sound pretentious. Also avoid when a simpler synonym suffices.",Academic: Contemporary scholars debate whether the improbable hypothesis adequately explains the observed data.,Conversational: I told him the improbable approach just wouldn't work here — we need to rethink this.,GRE: Analysts noted that the company's ___ strategy had ___ results in the last quarter. (fill in: improbable)
789,imperturbable,adjective,not easily perturbed or excited or upset; marked by extreme calm and composure,unflappable,,"Use ""imperturbable"" (adjective) when you want to convey not easily perturbed or excited or upset; marked by extreme calm and composure. Appropriate in formal writing, GRE sentence-equivalence, and academic contexts where precision matters.","Avoid ""imperturbable"" in casual conversation among friends unless you are certain the listener will understand; it can sound pretentious. Also avoid when a simpler synonym suffices.",Academic: Contemporary scholars debate whether the imperturbable hypothesis adequately explains the observed data.,"Conversational: You know, it's pretty clear that the imperturbable situation needs our immediate attention.",GRE: The author's ___ tone contrasted sharply with the ___ underlying message of the passage. (fill in: imperturbable)
790,schmalzy,adjective,effusively or insincerely emotional,maudlin; schmaltzy; drippy; soupy; slushy; mushy,,"Use ""schmalzy"" (adjective) when you want to convey effusively or insincerely emotional. Appropriate in formal writing, GRE sentence-equivalence, and academic contexts where precision matters.","Avoid ""schmalzy"" in casual conversation among friends unless you are certain the listener will understand; it can sound pretentious. Also avoid when a simpler synonym suffices.",Academic: The study concluded that the schmalzy factor played a decisive role in the experimental outcome.,Conversational: I've noticed the schmalzy trend in our office culture and it's starting to concern me.,GRE: The professor described the ___ as a ___ that ___ the entire field of study. (fill in: schmalzy)
791,unwatchful,adjective,not alert to what is potentially dangerous,unvigilant; unalert,alert,"Use ""unwatchful"" (adjective) when you want to convey not alert to what is potentially dangerous. Appropriate in formal writing, GRE sentence-equivalence, and academic contexts where precision matters.","Avoid ""unwatchful"" in casual conversation among friends unless you are certain the listener will understand; it can sound pretentious. Also avoid when a simpler synonym suffices.","Academic: In the scholarly article, the author argued that the unwatchful phenomenon could not be overlooked.",Conversational: I've noticed the unwatchful trend in our office culture and it's starting to concern me.,GRE: The committee's decision to ___ was met with both praise and criticism from stakeholders. (fill in: unwatchful)
792,lithe-bodied,adjective,having a lithe body,,,"Use ""lithe-bodied"" (adjective) when you want to convey having a lithe body. Appropriate in formal writing, GRE sentence-equivalence, and academic contexts where precision matters.","Avoid ""lithe-bodied"" in casual conversation among friends unless you are certain the listener will understand; it can sound pretentious. Also avoid when a simpler synonym suffices.","Academic: In the scholarly article, the author argued that the lithe-bodied phenomenon could not be overlooked.",Conversational: I've noticed the lithe-bodied trend in our office culture and it's starting to concern me.,GRE: The author's ___ tone contrasted sharply with the ___ underlying message of the passage. (fill in: lithe-bodied)
793,admirable,adjective,deserving of the highest esteem or admiration,,,"Use ""admirable"" (adjective) when you want to convey deserving of the highest esteem or admiration. Appropriate in formal writing, GRE sentence-equivalence, and academic contexts where precision matters.","Avoid ""admirable"" in casual conversation among friends unless you are certain the listener will understand; it can sound pretentious. Also avoid when a simpler synonym suffices.",Academic: The researcher's findings revealed that the admirable effect was statistically significant across all samples.,Conversational: I've noticed the admirable trend in our office culture and it's starting to concern me.,GRE: The author's ___ tone contrasted sharply with the ___ underlying message of the passage. (fill in: admirable)
794,effortless,adjective,not showing effort or strain,casual,effortful,"Use ""effortless"" (adjective) when you want to convey not showing effort or strain. Appropriate in formal writing, GRE sentence-equivalence, and academic contexts where precision matters.","Avoid ""effortless"" in casual conversation among friends unless you are certain the listener will understand; it can sound pretentious. Also avoid when a simpler synonym suffices.",Academic: The researcher's findings revealed that the effortless effect was statistically significant across all samples.,Conversational: I told him the effortless approach just wouldn't work here — we need to rethink this.,GRE: The professor described the ___ as a ___ that ___ the entire field of study. (fill in: effortless)
795,unexchangeable,adjective,not suitable to be exchanged,unconvertible; inconvertible,exchangeable; convertible,"Use ""unexchangeable"" (adjective) when you want to convey not suitable to be exchanged. Appropriate in formal writing, GRE sentence-equivalence, and academic contexts where precision matters.","Avoid ""unexchangeable"" in casual conversation among friends unless you are certain the listener will understand; it can sound pretentious. Also avoid when a simpler synonym suffices.",Academic: Contemporary scholars debate whether the unexchangeable hypothesis adequately explains the observed data.,"Conversational: Look, the unexchangeable results speak for themselves — we can't ignore them any longer.",GRE: The committee's decision to ___ was met with both praise and criticism from stakeholders. (fill in: unexchangeable)
796,inspiriting,adjective,cheerfully encouraging,inspirit; spirit; spirit up; heartening,,"Use ""inspiriting"" (adjective) when you want to convey cheerfully encouraging. Appropriate in formal writing, GRE sentence-equivalence, and academic contexts where precision matters.","Avoid ""inspiriting"" in casual conversation among friends unless you are certain the listener will understand; it can sound pretentious. Also avoid when a simpler synonym suffices.",Academic: The researcher's findings revealed that the inspiriting effect was statistically significant across all samples.,Conversational: I've noticed the inspiriting trend in our office culture and it's starting to concern me.,"GRE: Despite the ___ nature of the evidence, the researchers remained ___ about their conclusions. (fill in: inspiriting)"
797,literal,adjective,without interpretation or embellishment,real; misprint; literal error; typo; actual; typographical error,figurative,"Use ""literal"" (adjective) when you want to convey without interpretation or embellishment. Appropriate in formal writing, GRE sentence-equivalence, and academic contexts where precision matters.","Avoid ""literal"" in casual conversation among friends unless you are certain the listener will understand; it can sound pretentious. Also avoid when a simpler synonym suffices.","Academic: In the scholarly article, the author argued that the literal phenomenon could not be overlooked.",Conversational: I've noticed the literal trend in our office culture and it's starting to concern me.,"GRE: Despite the ___ nature of the evidence, the researchers remained ___ about their conclusions. (fill in: literal)"
798,crossed,adjective,placed crosswise,cross; get over; cover; get across; cut through; pass over,uncross; uncrossed,"Use ""crossed"" (adjective) when you want to convey placed crosswise. Appropriate in formal writing, GRE sentence-equivalence, and academic contexts where precision matters.","Avoid ""crossed"" in casual conversation among friends unless you are certain the listener will understand; it can sound pretentious. Also avoid when a simpler synonym suffices.","Academic: In the scholarly article, the author argued that the crossed phenomenon could not be overlooked.","Conversational: Look, the crossed results speak for themselves — we can't ignore them any longer.",GRE: Analysts noted that the company's ___ strategy had ___ results in the last quarter. (fill in: crossed)
799,trinucleated,adjective,having three nuclei,trinuclear; trinucleate,binucleate; mononuclear,"Use ""trinucleated"" (adjective) when you want to convey having three nuclei. Appropriate in formal writing, GRE sentence-equivalence, and academic contexts where precision matters.","Avoid ""trinucleated"" in casual conversation among friends unless you are certain the listener will understand; it can sound pretentious. Also avoid when a simpler synonym suffices.",Academic: Contemporary scholars debate whether the trinucleated hypothesis adequately explains the observed data.,"Conversational: Look, the trinucleated results speak for themselves — we can't ignore them any longer.","GRE: Despite the ___ nature of the evidence, the researchers remained ___ about their conclusions. (fill in: trinucleated)"
800,mystical,adjective,having an import not apparent to the senses nor obvious to the intelligence; beyond ordinary understanding,occult; secret; mystic; orphic; mysterious,,"Use ""mystical"" (adjective) when you want to convey having an import not apparent to the senses nor obvious to the intelligence; beyond ordinary understanding. Appropriate in formal writing, GRE sentence-equivalence, and academic contexts where precision matters.","Avoid ""mystical"" in casual conversation among friends unless you are certain the listener will understand; it can sound pretentious. Also avoid when a simpler synonym suffices.",Academic: Contemporary scholars debate whether the mystical hypothesis adequately explains the observed data.,"Conversational: You know, it's pretty clear that the mystical situation needs our immediate attention.",GRE: The author's ___ tone contrasted sharply with the ___ underlying message of the passage. (fill in: mystical)
801,indelible,adjective,cannot be removed or erased,unerasable,,"Use ""indelible"" (adjective) when you want to convey cannot be removed or erased. Appropriate in formal writing, GRE sentence-equivalence, and academic contexts where precision matters.","Avoid ""indelible"" in casual conversation among friends unless you are certain the listener will understand; it can sound pretentious. Also avoid when a simpler synonym suffices.",Academic: The study concluded that the indelible factor played a decisive role in the experimental outcome.,"Conversational: Honestly, the indelible behavior of the team has been a major source of tension lately.",GRE: The committee's decision to ___ was met with both praise and criticism from stakeholders. (fill in: indelible)
802,appetising,adjective,appealing to or stimulating the appetite especially in appearance or aroma,appetizing,unappetizing,"Use ""appetising"" (adjective) when you want to convey appealing to or stimulating the appetite especially in appearance or aroma. Appropriate in formal writing, GRE sentence-equivalence, and academic contexts where precision matters.","Avoid ""appetising"" in casual conversation among friends unless you are certain the listener will understand; it can sound pretentious. Also avoid when a simpler synonym suffices.",Academic: The study concluded that the appetising factor played a decisive role in the experimental outcome.,"Conversational: Honestly, the appetising behavior of the team has been a major source of tension lately.",GRE: The committee's decision to ___ was met with both praise and criticism from stakeholders. (fill in: appetising)
803,nonhairy,adjective,without hair,,,"Use ""nonhairy"" (adjective) when you want to convey without hair. Appropriate in formal writing, GRE sentence-equivalence, and academic contexts where precision matters.","Avoid ""nonhairy"" in casual conversation among friends unless you are certain the listener will understand; it can sound pretentious. Also avoid when a simpler synonym suffices.",Academic: The researcher's findings revealed that the nonhairy effect was statistically significant across all samples.,Conversational: I've noticed the nonhairy trend in our office culture and it's starting to concern me.,GRE: The committee's decision to ___ was met with both praise and criticism from stakeholders. (fill in: nonhairy)
804,off-the-peg,adjective,(especially of clothing) made in standard sizes and available from merchandise in stock,off-the-shelf; off-the-rack; ready-to-wear,,"Use ""off-the-peg"" (adjective) when you want to convey (especially of clothing) made in standard sizes and available from merchandise in stock. Appropriate in formal writing, GRE sentence-equivalence, and academic contexts where precision matters.","Avoid ""off-the-peg"" in casual conversation among friends unless you are certain the listener will understand; it can sound pretentious. Also avoid when a simpler synonym suffices.","Academic: In the scholarly article, the author argued that the off-the-peg phenomenon could not be overlooked.","Conversational: Look, the off-the-peg results speak for themselves — we can't ignore them any longer.",GRE: The professor described the ___ as a ___ that ___ the entire field of study. (fill in: off-the-peg)
805,out-of-town,adjective,happening in or being of another town or city,,,"Use ""out-of-town"" (adjective) when you want to convey happening in or being of another town or city. Appropriate in formal writing, GRE sentence-equivalence, and academic contexts where precision matters.","Avoid ""out-of-town"" in casual conversation among friends unless you are certain the listener will understand; it can sound pretentious. Also avoid when a simpler synonym suffices.","Academic: In the scholarly article, the author argued that the out-of-town phenomenon could not be overlooked.",Conversational: I've noticed the out-of-town trend in our office culture and it's starting to concern me.,GRE: The committee's decision to ___ was met with both praise and criticism from stakeholders. (fill in: out-of-town)
806,fringy,adjective,at or constituting a border or edge,marginal,,"Use ""fringy"" (adjective) when you want to convey at or constituting a border or edge. Appropriate in formal writing, GRE sentence-equivalence, and academic contexts where precision matters.","Avoid ""fringy"" in casual conversation among friends unless you are certain the listener will understand; it can sound pretentious. Also avoid when a simpler synonym suffices.","Academic: In the scholarly article, the author argued that the fringy phenomenon could not be overlooked.","Conversational: Look, the fringy results speak for themselves — we can't ignore them any longer.",GRE: The committee's decision to ___ was met with both praise and criticism from stakeholders. (fill in: fringy)
807,unartistic,adjective,lacking aesthetic sensibility,inartistic,,"Use ""unartistic"" (adjective) when you want to convey lacking aesthetic sensibility. Appropriate in formal writing, GRE sentence-equivalence, and academic contexts where precision matters.","Avoid ""unartistic"" in casual conversation among friends unless you are certain the listener will understand; it can sound pretentious. Also avoid when a simpler synonym suffices.",Academic: A key consideration in modern discourse is how the unartistic principle shapes contemporary policy decisions.,"Conversational: Look, the unartistic results speak for themselves — we can't ignore them any longer.",GRE: Analysts noted that the company's ___ strategy had ___ results in the last quarter. (fill in: unartistic)
808,defiant,adjective,boldly resisting authority or an opposing force,noncompliant,compliant,"Use ""defiant"" (adjective) when you want to convey boldly resisting authority or an opposing force. Appropriate in formal writing, GRE sentence-equivalence, and academic contexts where precision matters.","Avoid ""defiant"" in casual conversation among friends unless you are certain the listener will understand; it can sound pretentious. Also avoid when a simpler synonym suffices.",Academic: The researcher's findings revealed that the defiant effect was statistically significant across all samples.,"Conversational: Look, the defiant results speak for themselves — we can't ignore them any longer.",GRE: The professor described the ___ as a ___ that ___ the entire field of study. (fill in: defiant)
809,conditional,adjective,imposing or depending on or containing a condition,,unconditional,"Use ""conditional"" (adjective) when you want to convey imposing or depending on or containing a condition. Appropriate in formal writing, GRE sentence-equivalence, and academic contexts where precision matters.","Avoid ""conditional"" in casual conversation among friends unless you are certain the listener will understand; it can sound pretentious. Also avoid when a simpler synonym suffices.",Academic: The study concluded that the conditional factor played a decisive role in the experimental outcome.,"Conversational: Look, the conditional results speak for themselves — we can't ignore them any longer.","GRE: Despite the ___ nature of the evidence, the researchers remained ___ about their conclusions. (fill in: conditional)"
810,serried,adjective,(especially of rows as of troops or mountains) pressed together,,,"Use ""serried"" (adjective) when you want to convey (especially of rows as of troops or mountains) pressed together. Appropriate in formal writing, GRE sentence-equivalence, and academic contexts where precision matters.","Avoid ""serried"" in casual conversation among friends unless you are certain the listener will understand; it can sound pretentious. Also avoid when a simpler synonym suffices.",Academic: The study concluded that the serried factor played a decisive role in the experimental outcome.,"Conversational: You know, it's pretty clear that the serried situation needs our immediate attention.",GRE: The author's ___ tone contrasted sharply with the ___ underlying message of the passage. (fill in: serried)
811,ash-grey,adjective,of a light grey,ash-gray; ashy,,"Use ""ash-grey"" (adjective) when you want to convey of a light grey. Appropriate in formal writing, GRE sentence-equivalence, and academic contexts where precision matters.","Avoid ""ash-grey"" in casual conversation among friends unless you are certain the listener will understand; it can sound pretentious. Also avoid when a simpler synonym suffices.",Academic: The researcher's findings revealed that the ash-grey effect was statistically significant across all samples.,"Conversational: Honestly, the ash-grey behavior of the team has been a major source of tension lately.",GRE: The committee's decision to ___ was met with both praise and criticism from stakeholders. (fill in: ash-grey)
812,unexciting,adjective,not exciting,unstimulating,stimulating; exciting,"Use ""unexciting"" (adjective) when you want to convey not exciting. Appropriate in formal writing, GRE sentence-equivalence, and academic contexts where precision matters.","Avoid ""unexciting"" in casual conversation among friends unless you are certain the listener will understand; it can sound pretentious. Also avoid when a simpler synonym suffices.",Academic: The researcher's findings revealed that the unexciting effect was statistically significant across all samples.,Conversational: I've noticed the unexciting trend in our office culture and it's starting to concern me.,"GRE: Despite the ___ nature of the evidence, the researchers remained ___ about their conclusions. (fill in: unexciting)"
813,farther,adjective,more distant in especially degree,further; far,,"Use ""farther"" (adjective) when you want to convey more distant in especially degree. Appropriate in formal writing, GRE sentence-equivalence, and academic contexts where precision matters.","Avoid ""farther"" in casual conversation among friends unless you are certain the listener will understand; it can sound pretentious. Also avoid when a simpler synonym suffices.",Academic: Contemporary scholars debate whether the farther hypothesis adequately explains the observed data.,Conversational: I told him the farther approach just wouldn't work here — we need to rethink this.,GRE: Analysts noted that the company's ___ strategy had ___ results in the last quarter. (fill in: farther)
814,subconscious,adjective,just below the level of consciousness,subconscious mind,,"Use ""subconscious"" (adjective) when you want to convey just below the level of consciousness. Appropriate in formal writing, GRE sentence-equivalence, and academic contexts where precision matters.","Avoid ""subconscious"" in casual conversation among friends unless you are certain the listener will understand; it can sound pretentious. Also avoid when a simpler synonym suffices.","Academic: In the scholarly article, the author argued that the subconscious phenomenon could not be overlooked.","Conversational: You know, it's pretty clear that the subconscious situation needs our immediate attention.",GRE: The professor described the ___ as a ___ that ___ the entire field of study. (fill in: subconscious)
815,supersonic,adjective,having frequencies above those of audible sound,ultrasonic,sonic; subsonic,"Use ""supersonic"" (adjective) when you want to convey having frequencies above those of audible sound. Appropriate in formal writing, GRE sentence-equivalence, and academic contexts where precision matters.","Avoid ""supersonic"" in casual conversation among friends unless you are certain the listener will understand; it can sound pretentious. Also avoid when a simpler synonym suffices.",Academic: The study concluded that the supersonic factor played a decisive role in the experimental outcome.,Conversational: I've noticed the supersonic trend in our office culture and it's starting to concern me.,"GRE: Despite the ___ nature of the evidence, the researchers remained ___ about their conclusions. (fill in: supersonic)"
816,uncomparable,adjective,such that comparison is impossible; unsuitable for comparison or lacking features that can be compared,incomparable,comparable,"Use ""uncomparable"" (adjective) when you want to convey such that comparison is impossible; unsuitable for comparison or lacking features that can be compared. Appropriate in formal writing, GRE sentence-equivalence, and academic contexts where precision matters.","Avoid ""uncomparable"" in casual conversation among friends unless you are certain the listener will understand; it can sound pretentious. Also avoid when a simpler synonym suffices.",Academic: Contemporary scholars debate whether the uncomparable hypothesis adequately explains the observed data.,"Conversational: Look, the uncomparable results speak for themselves — we can't ignore them any longer.",GRE: Analysts noted that the company's ___ strategy had ___ results in the last quarter. (fill in: uncomparable)
817,blustery,adjective,noisily domineering; tending to browbeat others,bullying; blustering; blusterous,,"Use ""blustery"" (adjective) when you want to convey noisily domineering; tending to browbeat others. Appropriate in formal writing, GRE sentence-equivalence, and academic contexts where precision matters.","Avoid ""blustery"" in casual conversation among friends unless you are certain the listener will understand; it can sound pretentious. Also avoid when a simpler synonym suffices.",Academic: The researcher's findings revealed that the blustery effect was statistically significant across all samples.,"Conversational: Look, the blustery results speak for themselves — we can't ignore them any longer.",GRE: The professor described the ___ as a ___ that ___ the entire field of study. (fill in: blustery)
818,head-to-head,adjective,inconclusive as to outcome; close or just even in a race or comparison or competition,neck and neck; nip and tuck; tete-a-tete,,"Use ""head-to-head"" (adjective) when you want to convey inconclusive as to outcome; close or just even in a race or comparison or competition. Appropriate in formal writing, GRE sentence-equivalence, and academic contexts where precision matters.","Avoid ""head-to-head"" in casual conversation among friends unless you are certain the listener will understand; it can sound pretentious. Also avoid when a simpler synonym suffices.",Academic: The researcher's findings revealed that the head-to-head effect was statistically significant across all samples.,"Conversational: Honestly, the head-to-head behavior of the team has been a major source of tension lately.",GRE: Analysts noted that the company's ___ strategy had ___ results in the last quarter. (fill in: head-to-head)
819,jolted,adjective,bumped or shaken jerkily,jar; shaken; jolt,,"Use ""jolted"" (adjective) when you want to convey bumped or shaken jerkily. Appropriate in formal writing, GRE sentence-equivalence, and academic contexts where precision matters.","Avoid ""jolted"" in casual conversation among friends unless you are certain the listener will understand; it can sound pretentious. Also avoid when a simpler synonym suffices.","Academic: In the scholarly article, the author argued that the jolted phenomenon could not be overlooked.","Conversational: You know, it's pretty clear that the jolted situation needs our immediate attention.","GRE: Despite the ___ nature of the evidence, the researchers remained ___ about their conclusions. (fill in: jolted)"
820,verdant,adjective,characterized by abundance of verdure,,,"Use ""verdant"" (adjective) when you want to convey characterized by abundance of verdure. Appropriate in formal writing, GRE sentence-equivalence, and academic contexts where precision matters.","Avoid ""verdant"" in casual conversation among friends unless you are certain the listener will understand; it can sound pretentious. Also avoid when a simpler synonym suffices.",Academic: Contemporary scholars debate whether the verdant hypothesis adequately explains the observed data.,"Conversational: You know, it's pretty clear that the verdant situation needs our immediate attention.",GRE: Analysts noted that the company's ___ strategy had ___ results in the last quarter. (fill in: verdant)
821,unpresentable,adjective,creating an unfavorable or neutral first impression,unprepossessing,,"Use ""unpresentable"" (adjective) when you want to convey creating an unfavorable or neutral first impression. Appropriate in formal writing, GRE sentence-equivalence, and academic contexts where precision matters.","Avoid ""unpresentable"" in casual conversation among friends unless you are certain the listener will understand; it can sound pretentious. Also avoid when a simpler synonym suffices.",Academic: The researcher's findings revealed that the unpresentable effect was statistically significant across all samples.,"Conversational: You know, it's pretty clear that the unpresentable situation needs our immediate attention.",GRE: The committee's decision to ___ was met with both praise and criticism from stakeholders. (fill in: unpresentable)
822,forthright,adjective,characterized by directness in manner or speech; without subtlety or evasion,frank; candid; plainspoken; outspoken; blunt; free-spoken,,"Use ""forthright"" (adjective) when you want to convey characterized by directness in manner or speech; without subtlety or evasion. Appropriate in formal writing, GRE sentence-equivalence, and academic contexts where precision matters.","Avoid ""forthright"" in casual conversation among friends unless you are certain the listener will understand; it can sound pretentious. Also avoid when a simpler synonym suffices.",Academic: Contemporary scholars debate whether the forthright hypothesis adequately explains the observed data.,"Conversational: You know, it's pretty clear that the forthright situation needs our immediate attention.","GRE: Despite the ___ nature of the evidence, the researchers remained ___ about their conclusions. (fill in: forthright)"
823,categorized,adjective,arranged into categories,categorise; categorize; categorised,,"Use ""categorized"" (adjective) when you want to convey arranged into categories. Appropriate in formal writing, GRE sentence-equivalence, and academic contexts where precision matters.","Avoid ""categorized"" in casual conversation among friends unless you are certain the listener will understand; it can sound pretentious. Also avoid when a simpler synonym suffices.",Academic: Contemporary scholars debate whether the categorized hypothesis adequately explains the observed data.,"Conversational: You know, it's pretty clear that the categorized situation needs our immediate attention.",GRE: Analysts noted that the company's ___ strategy had ___ results in the last quarter. (fill in: categorized)
824,dispensed,adjective,distributed or weighted out in carefully determined portions,distribute; lot; mete out; parcel out; dole out; deal,,"Use ""dispensed"" (adjective) when you want to convey distributed or weighted out in carefully determined portions. Appropriate in formal writing, GRE sentence-equivalence, and academic contexts where precision matters.","Avoid ""dispensed"" in casual conversation among friends unless you are certain the listener will understand; it can sound pretentious. Also avoid when a simpler synonym suffices.","Academic: In the scholarly article, the author argued that the dispensed phenomenon could not be overlooked.","Conversational: Look, the dispensed results speak for themselves — we can't ignore them any longer.","GRE: Despite the ___ nature of the evidence, the researchers remained ___ about their conclusions. (fill in: dispensed)"
825,brownish-grey,adjective,of grey tinged with brown,brown-gray; brownish-gray; brown-grey,,"Use ""brownish-grey"" (adjective) when you want to convey of grey tinged with brown. Appropriate in formal writing, GRE sentence-equivalence, and academic contexts where precision matters.","Avoid ""brownish-grey"" in casual conversation among friends unless you are certain the listener will understand; it can sound pretentious. Also avoid when a simpler synonym suffices.",Academic: The researcher's findings revealed that the brownish-grey effect was statistically significant across all samples.,Conversational: I've noticed the brownish-grey trend in our office culture and it's starting to concern me.,GRE: Analysts noted that the company's ___ strategy had ___ results in the last quarter. (fill in: brownish-grey)
826,brown-grey,adjective,of grey tinged with brown,brown-gray; brownish-gray; brownish-grey,,"Use ""brown-grey"" (adjective) when you want to convey of grey tinged with brown. Appropriate in formal writing, GRE sentence-equivalence, and academic contexts where precision matters.","Avoid ""brown-grey"" in casual conversation among friends unless you are certain the listener will understand; it can sound pretentious. Also avoid when a simpler synonym suffices.","Academic: In the scholarly article, the author argued that the brown-grey phenomenon could not be overlooked.",Conversational: I told him the brown-grey approach just wouldn't work here — we need to rethink this.,GRE: The author's ___ tone contrasted sharply with the ___ underlying message of the passage. (fill in: brown-grey)
827,raucous,adjective,unpleasantly loud and harsh,strident; rowdy,,"Use ""raucous"" (adjective) when you want to convey unpleasantly loud and harsh. Appropriate in formal writing, GRE sentence-equivalence, and academic contexts where precision matters.","Avoid ""raucous"" in casual conversation among friends unless you are certain the listener will understand; it can sound pretentious. Also avoid when a simpler synonym suffices.",Academic: A key consideration in modern discourse is how the raucous principle shapes contemporary policy decisions.,Conversational: I told him the raucous approach just wouldn't work here — we need to rethink this.,GRE: The author's ___ tone contrasted sharply with the ___ underlying message of the passage. (fill in: raucous)
828,smitten,adjective,(used in combination) affected by something overwhelming,smite; taken with; afflict; struck; soft on; enamored,,"Use ""smitten"" (adjective) when you want to convey (used in combination) affected by something overwhelming. Appropriate in formal writing, GRE sentence-equivalence, and academic contexts where precision matters.","Avoid ""smitten"" in casual conversation among friends unless you are certain the listener will understand; it can sound pretentious. Also avoid when a simpler synonym suffices.",Academic: A key consideration in modern discourse is how the smitten principle shapes contemporary policy decisions.,Conversational: I've noticed the smitten trend in our office culture and it's starting to concern me.,GRE: The author's ___ tone contrasted sharply with the ___ underlying message of the passage. (fill in: smitten)
829,liberal,adjective,not literal,openhanded; progressive; tolerant; freehanded; handsome; bighearted,conservative,"Use ""liberal"" (adjective) when you want to convey not literal. Appropriate in formal writing, GRE sentence-equivalence, and academic contexts where precision matters.","Avoid ""liberal"" in casual conversation among friends unless you are certain the listener will understand; it can sound pretentious. Also avoid when a simpler synonym suffices.",Academic: A key consideration in modern discourse is how the liberal principle shapes contemporary policy decisions.,Conversational: I told him the liberal approach just wouldn't work here — we need to rethink this.,GRE: The professor described the ___ as a ___ that ___ the entire field of study. (fill in: liberal)
830,derived,adjective,formed or developed from something else; not original; - John Dewey,deduce; derive; gain; deduct; infer; educe,underived,"Use ""derived"" (adjective) when you want to convey formed or developed from something else; not original; - john dewey. Appropriate in formal writing, GRE sentence-equivalence, and academic contexts where precision matters.","Avoid ""derived"" in casual conversation among friends unless you are certain the listener will understand; it can sound pretentious. Also avoid when a simpler synonym suffices.",Academic: The researcher's findings revealed that the derived effect was statistically significant across all samples.,Conversational: I've noticed the derived trend in our office culture and it's starting to concern me.,GRE: Analysts noted that the company's ___ strategy had ___ results in the last quarter. (fill in: derived)
831,alternative,adjective,necessitating a choice between mutually exclusive possibilities,option; substitute; alternate; choice,,"Use ""alternative"" (adjective) when you want to convey necessitating a choice between mutually exclusive possibilities. Appropriate in formal writing, GRE sentence-equivalence, and academic contexts where precision matters.","Avoid ""alternative"" in casual conversation among friends unless you are certain the listener will understand; it can sound pretentious. Also avoid when a simpler synonym suffices.",Academic: The study concluded that the alternative factor played a decisive role in the experimental outcome.,"Conversational: Honestly, the alternative behavior of the team has been a major source of tension lately.",GRE: The professor described the ___ as a ___ that ___ the entire field of study. (fill in: alternative)
832,bowl-shaped,adjective,having a concave shape with an open top like a bowl,,,"Use ""bowl-shaped"" (adjective) when you want to convey having a concave shape with an open top like a bowl. Appropriate in formal writing, GRE sentence-equivalence, and academic contexts where precision matters.","Avoid ""bowl-shaped"" in casual conversation among friends unless you are certain the listener will understand; it can sound pretentious. Also avoid when a simpler synonym suffices.","Academic: In the scholarly article, the author argued that the bowl-shaped phenomenon could not be overlooked.",Conversational: I've noticed the bowl-shaped trend in our office culture and it's starting to concern me.,GRE: The author's ___ tone contrasted sharply with the ___ underlying message of the passage. (fill in: bowl-shaped)
833,winding,adjective,of a path e.g.,weave; wander; twist; wind; meander; thread,unwind,"Use ""winding"" (adjective) when you want to convey of a path e.g.. Appropriate in formal writing, GRE sentence-equivalence, and academic contexts where precision matters.","Avoid ""winding"" in casual conversation among friends unless you are certain the listener will understand; it can sound pretentious. Also avoid when a simpler synonym suffices.",Academic: The researcher's findings revealed that the winding effect was statistically significant across all samples.,"Conversational: Look, the winding results speak for themselves — we can't ignore them any longer.",GRE: The author's ___ tone contrasted sharply with the ___ underlying message of the passage. (fill in: winding)
834,contractile,adjective,capable of contracting or being contracted,,,"Use ""contractile"" (adjective) when you want to convey capable of contracting or being contracted. Appropriate in formal writing, GRE sentence-equivalence, and academic contexts where precision matters.","Avoid ""contractile"" in casual conversation among friends unless you are certain the listener will understand; it can sound pretentious. Also avoid when a simpler synonym suffices.",Academic: The study concluded that the contractile factor played a decisive role in the experimental outcome.,"Conversational: You know, it's pretty clear that the contractile situation needs our immediate attention.",GRE: The professor described the ___ as a ___ that ___ the entire field of study. (fill in: contractile)
835,supplementary,adjective,added to complete or make up a deficiency,supplemental; auxiliary; subsidiary,,"Use ""supplementary"" (adjective) when you want to convey added to complete or make up a deficiency. Appropriate in formal writing, GRE sentence-equivalence, and academic contexts where precision matters.","Avoid ""supplementary"" in casual conversation among friends unless you are certain the listener will understand; it can sound pretentious. Also avoid when a simpler synonym suffices.",Academic: The study concluded that the supplementary factor played a decisive role in the experimental outcome.,Conversational: I've noticed the supplementary trend in our office culture and it's starting to concern me.,GRE: The professor described the ___ as a ___ that ___ the entire field of study. (fill in: supplementary)
836,seaward,adjective,directed or situated away from inland regions and toward the sea or coast,inshore; offshore; asea; onshore; seawards; shoreward,inshore; offshore,"Use ""seaward"" (adjective) when you want to convey directed or situated away from inland regions and toward the sea or coast. Appropriate in formal writing, GRE sentence-equivalence, and academic contexts where precision matters.","Avoid ""seaward"" in casual conversation among friends unless you are certain the listener will understand; it can sound pretentious. Also avoid when a simpler synonym suffices.",Academic: The study concluded that the seaward factor played a decisive role in the experimental outcome.,"Conversational: Look, the seaward results speak for themselves — we can't ignore them any longer.",GRE: Analysts noted that the company's ___ strategy had ___ results in the last quarter. (fill in: seaward)
837,confutative,adjective,able to be refuted,questionable; refutable; confutable,,"Use ""confutative"" (adjective) when you want to convey able to be refuted. Appropriate in formal writing, GRE sentence-equivalence, and academic contexts where precision matters.","Avoid ""confutative"" in casual conversation among friends unless you are certain the listener will understand; it can sound pretentious. Also avoid when a simpler synonym suffices.",Academic: A key consideration in modern discourse is how the confutative principle shapes contemporary policy decisions.,"Conversational: Look, the confutative results speak for themselves — we can't ignore them any longer.",GRE: Analysts noted that the company's ___ strategy had ___ results in the last quarter. (fill in: confutative)
838,formidable,adjective,inspiring fear; ; - G.H.Johnston,unnerving; redoubtable,,"Use ""formidable"" (adjective) when you want to convey inspiring fear; ; - g.h.johnston. Appropriate in formal writing, GRE sentence-equivalence, and academic contexts where precision matters.","Avoid ""formidable"" in casual conversation among friends unless you are certain the listener will understand; it can sound pretentious. Also avoid when a simpler synonym suffices.",Academic: Contemporary scholars debate whether the formidable hypothesis adequately explains the observed data.,"Conversational: Look, the formidable results speak for themselves — we can't ignore them any longer.",GRE: Analysts noted that the company's ___ strategy had ___ results in the last quarter. (fill in: formidable)
839,stereo,adjective,designating sound transmission from two sources through two channels,stereo system; stereoscopic picture; stereoscopic photograph; stereophonic; two-channel; stereophonic system,,"Use ""stereo"" (adjective) when you want to convey designating sound transmission from two sources through two channels. Appropriate in formal writing, GRE sentence-equivalence, and academic contexts where precision matters.","Avoid ""stereo"" in casual conversation among friends unless you are certain the listener will understand; it can sound pretentious. Also avoid when a simpler synonym suffices.",Academic: The researcher's findings revealed that the stereo effect was statistically significant across all samples.,"Conversational: Honestly, the stereo behavior of the team has been a major source of tension lately.",GRE: Analysts noted that the company's ___ strategy had ___ results in the last quarter. (fill in: stereo)
840,lordless,adjective,having no lord or master,masterless,,"Use ""lordless"" (adjective) when you want to convey having no lord or master. Appropriate in formal writing, GRE sentence-equivalence, and academic contexts where precision matters.","Avoid ""lordless"" in casual conversation among friends unless you are certain the listener will understand; it can sound pretentious. Also avoid when a simpler synonym suffices.",Academic: The study concluded that the lordless factor played a decisive role in the experimental outcome.,"Conversational: You know, it's pretty clear that the lordless situation needs our immediate attention.",GRE: The author's ___ tone contrasted sharply with the ___ underlying message of the passage. (fill in: lordless)
841,prominent,adjective,having a quality that thrusts itself into attention,striking; large; salient; spectacular; outstanding; big,,"Use ""prominent"" (adjective) when you want to convey having a quality that thrusts itself into attention. Appropriate in formal writing, GRE sentence-equivalence, and academic contexts where precision matters.","Avoid ""prominent"" in casual conversation among friends unless you are certain the listener will understand; it can sound pretentious. Also avoid when a simpler synonym suffices.",Academic: The study concluded that the prominent factor played a decisive role in the experimental outcome.,"Conversational: Look, the prominent results speak for themselves — we can't ignore them any longer.",GRE: The author's ___ tone contrasted sharply with the ___ underlying message of the passage. (fill in: prominent)
842,exsanguine,adjective,destitute of blood or apparently so; - John Dryden,exsanguinous; bloodless,,"Use ""exsanguine"" (adjective) when you want to convey destitute of blood or apparently so; - john dryden. Appropriate in formal writing, GRE sentence-equivalence, and academic contexts where precision matters.","Avoid ""exsanguine"" in casual conversation among friends unless you are certain the listener will understand; it can sound pretentious. Also avoid when a simpler synonym suffices.",Academic: Contemporary scholars debate whether the exsanguine hypothesis adequately explains the observed data.,Conversational: I told him the exsanguine approach just wouldn't work here — we need to rethink this.,"GRE: Despite the ___ nature of the evidence, the researchers remained ___ about their conclusions. (fill in: exsanguine)"
843,dreary,adjective,lacking in liveliness or charm or surprise,grim; sorry; dark; dismal; drear; drab,,"Use ""dreary"" (adjective) when you want to convey lacking in liveliness or charm or surprise. Appropriate in formal writing, GRE sentence-equivalence, and academic contexts where precision matters.","Avoid ""dreary"" in casual conversation among friends unless you are certain the listener will understand; it can sound pretentious. Also avoid when a simpler synonym suffices.",Academic: The researcher's findings revealed that the dreary effect was statistically significant across all samples.,"Conversational: Honestly, the dreary behavior of the team has been a major source of tension lately.",GRE: Analysts noted that the company's ___ strategy had ___ results in the last quarter. (fill in: dreary)
844,noncomprehensive,adjective,not comprehensive,incomprehensive,comprehensive,"Use ""noncomprehensive"" (adjective) when you want to convey not comprehensive. Appropriate in formal writing, GRE sentence-equivalence, and academic contexts where precision matters.","Avoid ""noncomprehensive"" in casual conversation among friends unless you are certain the listener will understand; it can sound pretentious. Also avoid when a simpler synonym suffices.",Academic: A key consideration in modern discourse is how the noncomprehensive principle shapes contemporary policy decisions.,"Conversational: You know, it's pretty clear that the noncomprehensive situation needs our immediate attention.","GRE: Despite the ___ nature of the evidence, the researchers remained ___ about their conclusions. (fill in: noncomprehensive)"
845,moribund,adjective,being on the point of death; breathing your last,stagnant,,"Use ""moribund"" (adjective) when you want to convey being on the point of death; breathing your last. Appropriate in formal writing, GRE sentence-equivalence, and academic contexts where precision matters.","Avoid ""moribund"" in casual conversation among friends unless you are certain the listener will understand; it can sound pretentious. Also avoid when a simpler synonym suffices.",Academic: A key consideration in modern discourse is how the moribund principle shapes contemporary policy decisions.,"Conversational: You know, it's pretty clear that the moribund situation needs our immediate attention.",GRE: The author's ___ tone contrasted sharply with the ___ underlying message of the passage. (fill in: moribund)
846,absentminded,adjective,lost in thought; showing preoccupation,abstracted; scatty; absent,,"Use ""absentminded"" (adjective) when you want to convey lost in thought; showing preoccupation. Appropriate in formal writing, GRE sentence-equivalence, and academic contexts where precision matters.","Avoid ""absentminded"" in casual conversation among friends unless you are certain the listener will understand; it can sound pretentious. Also avoid when a simpler synonym suffices.",Academic: The researcher's findings revealed that the absentminded effect was statistically significant across all samples.,"Conversational: You know, it's pretty clear that the absentminded situation needs our immediate attention.",GRE: The professor described the ___ as a ___ that ___ the entire field of study. (fill in: absentminded)
847,unenthusiastic,adjective,not enthusiastic; lacking excitement or ardor,,enthusiastic,"Use ""unenthusiastic"" (adjective) when you want to convey not enthusiastic; lacking excitement or ardor. Appropriate in formal writing, GRE sentence-equivalence, and academic contexts where precision matters.","Avoid ""unenthusiastic"" in casual conversation among friends unless you are certain the listener will understand; it can sound pretentious. Also avoid when a simpler synonym suffices.",Academic: The study concluded that the unenthusiastic factor played a decisive role in the experimental outcome.,Conversational: I've noticed the unenthusiastic trend in our office culture and it's starting to concern me.,GRE: The author's ___ tone contrasted sharply with the ___ underlying message of the passage. (fill in: unenthusiastic)
848,dateless,adjective,unaffected by time,undated; sempiternal; timeless; endless,,"Use ""dateless"" (adjective) when you want to convey unaffected by time. Appropriate in formal writing, GRE sentence-equivalence, and academic contexts where precision matters.","Avoid ""dateless"" in casual conversation among friends unless you are certain the listener will understand; it can sound pretentious. Also avoid when a simpler synonym suffices.","Academic: In the scholarly article, the author argued that the dateless phenomenon could not be overlooked.","Conversational: You know, it's pretty clear that the dateless situation needs our immediate attention.",GRE: Analysts noted that the company's ___ strategy had ___ results in the last quarter. (fill in: dateless)
849,optional,adjective,possible but not necessary; left to personal choice,,obligatory,"Use ""optional"" (adjective) when you want to convey possible but not necessary; left to personal choice. Appropriate in formal writing, GRE sentence-equivalence, and academic contexts where precision matters.","Avoid ""optional"" in casual conversation among friends unless you are certain the listener will understand; it can sound pretentious. Also avoid when a simpler synonym suffices.",Academic: Contemporary scholars debate whether the optional hypothesis adequately explains the observed data.,Conversational: I've noticed the optional trend in our office culture and it's starting to concern me.,GRE: Analysts noted that the company's ___ strategy had ___ results in the last quarter. (fill in: optional)
850,semiconscious,adjective,partially conscious; not completely aware of sensations,,,"Use ""semiconscious"" (adjective) when you want to convey partially conscious; not completely aware of sensations. Appropriate in formal writing, GRE sentence-equivalence, and academic contexts where precision matters.","Avoid ""semiconscious"" in casual conversation among friends unless you are certain the listener will understand; it can sound pretentious. Also avoid when a simpler synonym suffices.",Academic: The study concluded that the semiconscious factor played a decisive role in the experimental outcome.,Conversational: I told him the semiconscious approach just wouldn't work here — we need to rethink this.,GRE: The professor described the ___ as a ___ that ___ the entire field of study. (fill in: semiconscious)
851,armor-clad,adjective,covered with heavy steel,steel-plated; armour-clad; armor-plated; armour-plated,,"Use ""armor-clad"" (adjective) when you want to convey covered with heavy steel. Appropriate in formal writing, GRE sentence-equivalence, and academic contexts where precision matters.","Avoid ""armor-clad"" in casual conversation among friends unless you are certain the listener will understand; it can sound pretentious. Also avoid when a simpler synonym suffices.",Academic: A key consideration in modern discourse is how the armor-clad principle shapes contemporary policy decisions.,"Conversational: You know, it's pretty clear that the armor-clad situation needs our immediate attention.",GRE: Analysts noted that the company's ___ strategy had ___ results in the last quarter. (fill in: armor-clad)
852,perennial,adjective,recurring again and again,repeated; recurrent,annual; biennial,"Use ""perennial"" (adjective) when you want to convey recurring again and again. Appropriate in formal writing, GRE sentence-equivalence, and academic contexts where precision matters.","Avoid ""perennial"" in casual conversation among friends unless you are certain the listener will understand; it can sound pretentious. Also avoid when a simpler synonym suffices.",Academic: The researcher's findings revealed that the perennial effect was statistically significant across all samples.,"Conversational: You know, it's pretty clear that the perennial situation needs our immediate attention.","GRE: Despite the ___ nature of the evidence, the researchers remained ___ about their conclusions. (fill in: perennial)"
853,unsubmissive,adjective,not servile or submissive,unservile,servile,"Use ""unsubmissive"" (adjective) when you want to convey not servile or submissive. Appropriate in formal writing, GRE sentence-equivalence, and academic contexts where precision matters.","Avoid ""unsubmissive"" in casual conversation among friends unless you are certain the listener will understand; it can sound pretentious. Also avoid when a simpler synonym suffices.",Academic: The researcher's findings revealed that the unsubmissive effect was statistically significant across all samples.,Conversational: I've noticed the unsubmissive trend in our office culture and it's starting to concern me.,GRE: Analysts noted that the company's ___ strategy had ___ results in the last quarter. (fill in: unsubmissive)
854,nonreturnable,adjective,that may not be returned,,returnable,"Use ""nonreturnable"" (adjective) when you want to convey that may not be returned. Appropriate in formal writing, GRE sentence-equivalence, and academic contexts where precision matters.","Avoid ""nonreturnable"" in casual conversation among friends unless you are certain the listener will understand; it can sound pretentious. Also avoid when a simpler synonym suffices.",Academic: The study concluded that the nonreturnable factor played a decisive role in the experimental outcome.,Conversational: I told him the nonreturnable approach just wouldn't work here — we need to rethink this.,GRE: The author's ___ tone contrasted sharply with the ___ underlying message of the passage. (fill in: nonreturnable)
855,substantial,adjective,having substance or capable of being treated as fact; not imaginary; ; ; - Shakespeare,real; satisfying; square; significant; substantive; solid,insubstantial,"Use ""substantial"" (adjective) when you want to convey having substance or capable of being treated as fact; not imaginary; ; ; - shakespeare. Appropriate in formal writing, GRE sentence-equivalence, and academic contexts where precision matters.","Avoid ""substantial"" in casual conversation among friends unless you are certain the listener will understand; it can sound pretentious. Also avoid when a simpler synonym suffices.",Academic: A key consideration in modern discourse is how the substantial principle shapes contemporary policy decisions.,"Conversational: Honestly, the substantial behavior of the team has been a major source of tension lately.","GRE: Despite the ___ nature of the evidence, the researchers remained ___ about their conclusions. (fill in: substantial)"
856,sessile,adjective,permanently attached to a substrate; not free to move about,stalkless,vagile; pedunculate,"Use ""sessile"" (adjective) when you want to convey permanently attached to a substrate; not free to move about. Appropriate in formal writing, GRE sentence-equivalence, and academic contexts where precision matters.","Avoid ""sessile"" in casual conversation among friends unless you are certain the listener will understand; it can sound pretentious. Also avoid when a simpler synonym suffices.",Academic: The study concluded that the sessile factor played a decisive role in the experimental outcome.,Conversational: I've noticed the sessile trend in our office culture and it's starting to concern me.,GRE: The professor described the ___ as a ___ that ___ the entire field of study. (fill in: sessile)
857,ribald,adjective,humorously vulgar,off-color; bawdy,,"Use ""ribald"" (adjective) when you want to convey humorously vulgar. Appropriate in formal writing, GRE sentence-equivalence, and academic contexts where precision matters.","Avoid ""ribald"" in casual conversation among friends unless you are certain the listener will understand; it can sound pretentious. Also avoid when a simpler synonym suffices.",Academic: A key consideration in modern discourse is how the ribald principle shapes contemporary policy decisions.,"Conversational: Honestly, the ribald behavior of the team has been a major source of tension lately.",GRE: The professor described the ___ as a ___ that ___ the entire field of study. (fill in: ribald)
858,aphoristic,adjective,terse and witty and like a maxim,epigrammatic; axiomatic; apothegmatic,,"Use ""aphoristic"" (adjective) when you want to convey terse and witty and like a maxim. Appropriate in formal writing, GRE sentence-equivalence, and academic contexts where precision matters.","Avoid ""aphoristic"" in casual conversation among friends unless you are certain the listener will understand; it can sound pretentious. Also avoid when a simpler synonym suffices.",Academic: Contemporary scholars debate whether the aphoristic hypothesis adequately explains the observed data.,"Conversational: Look, the aphoristic results speak for themselves — we can't ignore them any longer.","GRE: Despite the ___ nature of the evidence, the researchers remained ___ about their conclusions. (fill in: aphoristic)"
859,meagerly,adjective,deficient in amount or quality or extent,sparingly; slenderly; scrimpy; meagre; meager; stingy,ample; amply,"Use ""meagerly"" (adjective) when you want to convey deficient in amount or quality or extent. Appropriate in formal writing, GRE sentence-equivalence, and academic contexts where precision matters.","Avoid ""meagerly"" in casual conversation among friends unless you are certain the listener will understand; it can sound pretentious. Also avoid when a simpler synonym suffices.","Academic: In the scholarly article, the author argued that the meagerly phenomenon could not be overlooked.","Conversational: Look, the meagerly results speak for themselves — we can't ignore them any longer.",GRE: The professor described the ___ as a ___ that ___ the entire field of study. (fill in: meagerly)
860,gumptious,adjective,working hard to promote an enterprise,energetic; industrious; up-and-coming,,"Use ""gumptious"" (adjective) when you want to convey working hard to promote an enterprise. Appropriate in formal writing, GRE sentence-equivalence, and academic contexts where precision matters.","Avoid ""gumptious"" in casual conversation among friends unless you are certain the listener will understand; it can sound pretentious. Also avoid when a simpler synonym suffices.",Academic: The researcher's findings revealed that the gumptious effect was statistically significant across all samples.,"Conversational: Honestly, the gumptious behavior of the team has been a major source of tension lately.",GRE: The professor described the ___ as a ___ that ___ the entire field of study. (fill in: gumptious)
861,bicoloured,adjective,having two colors,bicolour; bichrome; bicolored; dichromatic; bicolor,,"Use ""bicoloured"" (adjective) when you want to convey having two colors. Appropriate in formal writing, GRE sentence-equivalence, and academic contexts where precision matters.","Avoid ""bicoloured"" in casual conversation among friends unless you are certain the listener will understand; it can sound pretentious. Also avoid when a simpler synonym suffices.",Academic: The study concluded that the bicoloured factor played a decisive role in the experimental outcome.,"Conversational: You know, it's pretty clear that the bicoloured situation needs our immediate attention.",GRE: The author's ___ tone contrasted sharply with the ___ underlying message of the passage. (fill in: bicoloured)
862,valiant,adjective,having or showing valor,valorous,,"Use ""valiant"" (adjective) when you want to convey having or showing valor. Appropriate in formal writing, GRE sentence-equivalence, and academic contexts where precision matters.","Avoid ""valiant"" in casual conversation among friends unless you are certain the listener will understand; it can sound pretentious. Also avoid when a simpler synonym suffices.",Academic: The researcher's findings revealed that the valiant effect was statistically significant across all samples.,Conversational: I told him the valiant approach just wouldn't work here — we need to rethink this.,GRE: The committee's decision to ___ was met with both praise and criticism from stakeholders. (fill in: valiant)
863,marginal,adjective,at or constituting a border or edge,borderline; fringy; bare,,"Use ""marginal"" (adjective) when you want to convey at or constituting a border or edge. Appropriate in formal writing, GRE sentence-equivalence, and academic contexts where precision matters.","Avoid ""marginal"" in casual conversation among friends unless you are certain the listener will understand; it can sound pretentious. Also avoid when a simpler synonym suffices.",Academic: A key consideration in modern discourse is how the marginal principle shapes contemporary policy decisions.,Conversational: I've noticed the marginal trend in our office culture and it's starting to concern me.,GRE: The author's ___ tone contrasted sharply with the ___ underlying message of the passage. (fill in: marginal)
864,curtained,adjective,furnished or concealed with curtains or draperies,curtain,curtainless,"Use ""curtained"" (adjective) when you want to convey furnished or concealed with curtains or draperies. Appropriate in formal writing, GRE sentence-equivalence, and academic contexts where precision matters.","Avoid ""curtained"" in casual conversation among friends unless you are certain the listener will understand; it can sound pretentious. Also avoid when a simpler synonym suffices.",Academic: Contemporary scholars debate whether the curtained hypothesis adequately explains the observed data.,"Conversational: Look, the curtained results speak for themselves — we can't ignore them any longer.",GRE: The professor described the ___ as a ___ that ___ the entire field of study. (fill in: curtained)
865,graceless,adjective,lacking social polish,ungraceful; unpolished; gauche; unpleasing,,"Use ""graceless"" (adjective) when you want to convey lacking social polish. Appropriate in formal writing, GRE sentence-equivalence, and academic contexts where precision matters.","Avoid ""graceless"" in casual conversation among friends unless you are certain the listener will understand; it can sound pretentious. Also avoid when a simpler synonym suffices.",Academic: The researcher's findings revealed that the graceless effect was statistically significant across all samples.,Conversational: I told him the graceless approach just wouldn't work here — we need to rethink this.,GRE: The professor described the ___ as a ___ that ___ the entire field of study. (fill in: graceless)
866,alphabetized,adjective,having been put in alphabetical order,alphabetize; alphabetise; alphabetised,,"Use ""alphabetized"" (adjective) when you want to convey having been put in alphabetical order. Appropriate in formal writing, GRE sentence-equivalence, and academic contexts where precision matters.","Avoid ""alphabetized"" in casual conversation among friends unless you are certain the listener will understand; it can sound pretentious. Also avoid when a simpler synonym suffices.",Academic: The researcher's findings revealed that the alphabetized effect was statistically significant across all samples.,"Conversational: Look, the alphabetized results speak for themselves — we can't ignore them any longer.",GRE: The author's ___ tone contrasted sharply with the ___ underlying message of the passage. (fill in: alphabetized)
867,becoming,adjective,displaying or setting off to best advantage,turn; decent; comme il faut; go; become; comely,,"Use ""becoming"" (adjective) when you want to convey displaying or setting off to best advantage. Appropriate in formal writing, GRE sentence-equivalence, and academic contexts where precision matters.","Avoid ""becoming"" in casual conversation among friends unless you are certain the listener will understand; it can sound pretentious. Also avoid when a simpler synonym suffices.",Academic: The researcher's findings revealed that the becoming effect was statistically significant across all samples.,"Conversational: Look, the becoming results speak for themselves — we can't ignore them any longer.",GRE: The author's ___ tone contrasted sharply with the ___ underlying message of the passage. (fill in: becoming)
868,propellant,adjective,tending to or capable of propelling,propulsive; propellent; propelling,,"Use ""propellant"" (adjective) when you want to convey tending to or capable of propelling. Appropriate in formal writing, GRE sentence-equivalence, and academic contexts where precision matters.","Avoid ""propellant"" in casual conversation among friends unless you are certain the listener will understand; it can sound pretentious. Also avoid when a simpler synonym suffices.",Academic: A key consideration in modern discourse is how the propellant principle shapes contemporary policy decisions.,"Conversational: Honestly, the propellant behavior of the team has been a major source of tension lately.","GRE: Despite the ___ nature of the evidence, the researchers remained ___ about their conclusions. (fill in: propellant)"
869,aciduric,adjective,especially of some bacteria; growing well in an acid medium,acidophilous; acidophilic,,"Use ""aciduric"" (adjective) when you want to convey especially of some bacteria; growing well in an acid medium. Appropriate in formal writing, GRE sentence-equivalence, and academic contexts where precision matters.","Avoid ""aciduric"" in casual conversation among friends unless you are certain the listener will understand; it can sound pretentious. Also avoid when a simpler synonym suffices.",Academic: The study concluded that the aciduric factor played a decisive role in the experimental outcome.,"Conversational: Look, the aciduric results speak for themselves — we can't ignore them any longer.",GRE: Analysts noted that the company's ___ strategy had ___ results in the last quarter. (fill in: aciduric)
870,high-crowned,adjective,(of a hat) having a high crown,,,"Use ""high-crowned"" (adjective) when you want to convey (of a hat) having a high crown. Appropriate in formal writing, GRE sentence-equivalence, and academic contexts where precision matters.","Avoid ""high-crowned"" in casual conversation among friends unless you are certain the listener will understand; it can sound pretentious. Also avoid when a simpler synonym suffices.",Academic: A key consideration in modern discourse is how the high-crowned principle shapes contemporary policy decisions.,Conversational: I told him the high-crowned approach just wouldn't work here — we need to rethink this.,GRE: Analysts noted that the company's ___ strategy had ___ results in the last quarter. (fill in: high-crowned)
871,unafraid,adjective,oblivious of dangers or perils or calmly resolute in facing them,fearless; untroubled; secure,insecure; afraid,"Use ""unafraid"" (adjective) when you want to convey oblivious of dangers or perils or calmly resolute in facing them. Appropriate in formal writing, GRE sentence-equivalence, and academic contexts where precision matters.","Avoid ""unafraid"" in casual conversation among friends unless you are certain the listener will understand; it can sound pretentious. Also avoid when a simpler synonym suffices.",Academic: Contemporary scholars debate whether the unafraid hypothesis adequately explains the observed data.,"Conversational: Look, the unafraid results speak for themselves — we can't ignore them any longer.",GRE: Analysts noted that the company's ___ strategy had ___ results in the last quarter. (fill in: unafraid)
872,chancy,adjective,subject to accident or chance or change,chanceful; iffy; fluky; dicey; flukey; dodgy,,"Use ""chancy"" (adjective) when you want to convey subject to accident or chance or change. Appropriate in formal writing, GRE sentence-equivalence, and academic contexts where precision matters.","Avoid ""chancy"" in casual conversation among friends unless you are certain the listener will understand; it can sound pretentious. Also avoid when a simpler synonym suffices.",Academic: Contemporary scholars debate whether the chancy hypothesis adequately explains the observed data.,"Conversational: You know, it's pretty clear that the chancy situation needs our immediate attention.",GRE: The author's ___ tone contrasted sharply with the ___ underlying message of the passage. (fill in: chancy)
873,gray-white,adjective,of white tinged with grey,grayish-white; greyish-white; grey-white,,"Use ""gray-white"" (adjective) when you want to convey of white tinged with grey. Appropriate in formal writing, GRE sentence-equivalence, and academic contexts where precision matters.","Avoid ""gray-white"" in casual conversation among friends unless you are certain the listener will understand; it can sound pretentious. Also avoid when a simpler synonym suffices.","Academic: In the scholarly article, the author argued that the gray-white phenomenon could not be overlooked.","Conversational: You know, it's pretty clear that the gray-white situation needs our immediate attention.",GRE: The committee's decision to ___ was met with both praise and criticism from stakeholders. (fill in: gray-white)
874,changing,adjective,marked by continuous change or effective action,shift; change; switch; vary; alter; modify,stay,"Use ""changing"" (adjective) when you want to convey marked by continuous change or effective action. Appropriate in formal writing, GRE sentence-equivalence, and academic contexts where precision matters.","Avoid ""changing"" in casual conversation among friends unless you are certain the listener will understand; it can sound pretentious. Also avoid when a simpler synonym suffices.","Academic: In the scholarly article, the author argued that the changing phenomenon could not be overlooked.","Conversational: Look, the changing results speak for themselves — we can't ignore them any longer.",GRE: Analysts noted that the company's ___ strategy had ___ results in the last quarter. (fill in: changing)
875,alcoholic,adjective,addicted to alcohol; - Carl Van Doren,dipsomaniac; alky; lush; souse; boozer; soaker,nonalcoholic,"Use ""alcoholic"" (adjective) when you want to convey addicted to alcohol; - carl van doren. Appropriate in formal writing, GRE sentence-equivalence, and academic contexts where precision matters.","Avoid ""alcoholic"" in casual conversation among friends unless you are certain the listener will understand; it can sound pretentious. Also avoid when a simpler synonym suffices.",Academic: The researcher's findings revealed that the alcoholic effect was statistically significant across all samples.,"Conversational: You know, it's pretty clear that the alcoholic situation needs our immediate attention.",GRE: Analysts noted that the company's ___ strategy had ___ results in the last quarter. (fill in: alcoholic)
876,spectacular,adjective,characteristic of spectacles or drama,striking; salient; outstanding; prominent; dramatic,,"Use ""spectacular"" (adjective) when you want to convey characteristic of spectacles or drama. Appropriate in formal writing, GRE sentence-equivalence, and academic contexts where precision matters.","Avoid ""spectacular"" in casual conversation among friends unless you are certain the listener will understand; it can sound pretentious. Also avoid when a simpler synonym suffices.","Academic: In the scholarly article, the author argued that the spectacular phenomenon could not be overlooked.",Conversational: I told him the spectacular approach just wouldn't work here — we need to rethink this.,GRE: The author's ___ tone contrasted sharply with the ___ underlying message of the passage. (fill in: spectacular)
877,setose,adjective,having or covered with protective barbs or quills or spines or thorns or setae etc.,setaceous; burred; bristly; burry; barbellate; spiny,,"Use ""setose"" (adjective) when you want to convey having or covered with protective barbs or quills or spines or thorns or setae etc.. Appropriate in formal writing, GRE sentence-equivalence, and academic contexts where precision matters.","Avoid ""setose"" in casual conversation among friends unless you are certain the listener will understand; it can sound pretentious. Also avoid when a simpler synonym suffices.",Academic: The study concluded that the setose factor played a decisive role in the experimental outcome.,"Conversational: Honestly, the setose behavior of the team has been a major source of tension lately.",GRE: The committee's decision to ___ was met with both praise and criticism from stakeholders. (fill in: setose)
878,finished,adjective,brought to ruin,land up; finish; fetch up; end up; finish up; wind up,begin; unfinished,"Use ""finished"" (adjective) when you want to convey brought to ruin. Appropriate in formal writing, GRE sentence-equivalence, and academic contexts where precision matters.","Avoid ""finished"" in casual conversation among friends unless you are certain the listener will understand; it can sound pretentious. Also avoid when a simpler synonym suffices.",Academic: Contemporary scholars debate whether the finished hypothesis adequately explains the observed data.,Conversational: I've noticed the finished trend in our office culture and it's starting to concern me.,"GRE: Despite the ___ nature of the evidence, the researchers remained ___ about their conclusions. (fill in: finished)"
879,incommunicative,adjective,not inclined to talk or give information or express opinions,uncommunicative,communicative,"Use ""incommunicative"" (adjective) when you want to convey not inclined to talk or give information or express opinions. Appropriate in formal writing, GRE sentence-equivalence, and academic contexts where precision matters.","Avoid ""incommunicative"" in casual conversation among friends unless you are certain the listener will understand; it can sound pretentious. Also avoid when a simpler synonym suffices.",Academic: The study concluded that the incommunicative factor played a decisive role in the experimental outcome.,"Conversational: You know, it's pretty clear that the incommunicative situation needs our immediate attention.",GRE: The committee's decision to ___ was met with both praise and criticism from stakeholders. (fill in: incommunicative)
880,triumphant,adjective,experiencing triumph,jubilant; prideful; exultant; triumphal; exulting; rejoicing,,"Use ""triumphant"" (adjective) when you want to convey experiencing triumph. Appropriate in formal writing, GRE sentence-equivalence, and academic contexts where precision matters.","Avoid ""triumphant"" in casual conversation among friends unless you are certain the listener will understand; it can sound pretentious. Also avoid when a simpler synonym suffices.",Academic: Contemporary scholars debate whether the triumphant hypothesis adequately explains the observed data.,Conversational: I've noticed the triumphant trend in our office culture and it's starting to concern me.,"GRE: Despite the ___ nature of the evidence, the researchers remained ___ about their conclusions. (fill in: triumphant)"
881,planate,adjective,having been flattened,flattened,,"Use ""planate"" (adjective) when you want to convey having been flattened. Appropriate in formal writing, GRE sentence-equivalence, and academic contexts where precision matters.","Avoid ""planate"" in casual conversation among friends unless you are certain the listener will understand; it can sound pretentious. Also avoid when a simpler synonym suffices.","Academic: In the scholarly article, the author argued that the planate phenomenon could not be overlooked.","Conversational: You know, it's pretty clear that the planate situation needs our immediate attention.",GRE: The author's ___ tone contrasted sharply with the ___ underlying message of the passage. (fill in: planate)
882,affectional,adjective,characterized by emotion,affective; emotive,,"Use ""affectional"" (adjective) when you want to convey characterized by emotion. Appropriate in formal writing, GRE sentence-equivalence, and academic contexts where precision matters.","Avoid ""affectional"" in casual conversation among friends unless you are certain the listener will understand; it can sound pretentious. Also avoid when a simpler synonym suffices.",Academic: A key consideration in modern discourse is how the affectional principle shapes contemporary policy decisions.,Conversational: I've noticed the affectional trend in our office culture and it's starting to concern me.,GRE: The professor described the ___ as a ___ that ___ the entire field of study. (fill in: affectional)
883,indelicate,adjective,verging on the indecent,off-color; off-colour; indecorous,decorous,"Use ""indelicate"" (adjective) when you want to convey verging on the indecent. Appropriate in formal writing, GRE sentence-equivalence, and academic contexts where precision matters.","Avoid ""indelicate"" in casual conversation among friends unless you are certain the listener will understand; it can sound pretentious. Also avoid when a simpler synonym suffices.","Academic: In the scholarly article, the author argued that the indelicate phenomenon could not be overlooked.",Conversational: I've noticed the indelicate trend in our office culture and it's starting to concern me.,"GRE: Despite the ___ nature of the evidence, the researchers remained ___ about their conclusions. (fill in: indelicate)"
884,lenient,adjective,characterized by tolerance and mercy,indulgent; soft,,"Use ""lenient"" (adjective) when you want to convey characterized by tolerance and mercy. Appropriate in formal writing, GRE sentence-equivalence, and academic contexts where precision matters.","Avoid ""lenient"" in casual conversation among friends unless you are certain the listener will understand; it can sound pretentious. Also avoid when a simpler synonym suffices.",Academic: The researcher's findings revealed that the lenient effect was statistically significant across all samples.,"Conversational: You know, it's pretty clear that the lenient situation needs our immediate attention.",GRE: The committee's decision to ___ was met with both praise and criticism from stakeholders. (fill in: lenient)
885,freestanding,adjective,standing apart; not attached to or supported by anything,separate,,"Use ""freestanding"" (adjective) when you want to convey standing apart; not attached to or supported by anything. Appropriate in formal writing, GRE sentence-equivalence, and academic contexts where precision matters.","Avoid ""freestanding"" in casual conversation among friends unless you are certain the listener will understand; it can sound pretentious. Also avoid when a simpler synonym suffices.",Academic: Contemporary scholars debate whether the freestanding hypothesis adequately explains the observed data.,Conversational: I told him the freestanding approach just wouldn't work here — we need to rethink this.,GRE: Analysts noted that the company's ___ strategy had ___ results in the last quarter. (fill in: freestanding)
886,wide-awake,adjective,fully alert and watchful,unsleeping; heads-up,,"Use ""wide-awake"" (adjective) when you want to convey fully alert and watchful. Appropriate in formal writing, GRE sentence-equivalence, and academic contexts where precision matters.","Avoid ""wide-awake"" in casual conversation among friends unless you are certain the listener will understand; it can sound pretentious. Also avoid when a simpler synonym suffices.",Academic: The researcher's findings revealed that the wide-awake effect was statistically significant across all samples.,Conversational: I've noticed the wide-awake trend in our office culture and it's starting to concern me.,GRE: The author's ___ tone contrasted sharply with the ___ underlying message of the passage. (fill in: wide-awake)
887,self-opinionated,adjective,obstinate in your opinions,opinionated; opinionative,,"Use ""self-opinionated"" (adjective) when you want to convey obstinate in your opinions. Appropriate in formal writing, GRE sentence-equivalence, and academic contexts where precision matters.","Avoid ""self-opinionated"" in casual conversation among friends unless you are certain the listener will understand; it can sound pretentious. Also avoid when a simpler synonym suffices.",Academic: A key consideration in modern discourse is how the self-opinionated principle shapes contemporary policy decisions.,"Conversational: Honestly, the self-opinionated behavior of the team has been a major source of tension lately.",GRE: The professor described the ___ as a ___ that ___ the entire field of study. (fill in: self-opinionated)
888,altricial,adjective,(of hatchlings) naked and blind and dependent on parents for food,,precocial,"Use ""altricial"" (adjective) when you want to convey (of hatchlings) naked and blind and dependent on parents for food. Appropriate in formal writing, GRE sentence-equivalence, and academic contexts where precision matters.","Avoid ""altricial"" in casual conversation among friends unless you are certain the listener will understand; it can sound pretentious. Also avoid when a simpler synonym suffices.",Academic: The study concluded that the altricial factor played a decisive role in the experimental outcome.,"Conversational: You know, it's pretty clear that the altricial situation needs our immediate attention.",GRE: The professor described the ___ as a ___ that ___ the entire field of study. (fill in: altricial)
889,sweptback,adjective,used of hair,backswept,,"Use ""sweptback"" (adjective) when you want to convey used of hair. Appropriate in formal writing, GRE sentence-equivalence, and academic contexts where precision matters.","Avoid ""sweptback"" in casual conversation among friends unless you are certain the listener will understand; it can sound pretentious. Also avoid when a simpler synonym suffices.",Academic: The study concluded that the sweptback factor played a decisive role in the experimental outcome.,"Conversational: Look, the sweptback results speak for themselves — we can't ignore them any longer.",GRE: The author's ___ tone contrasted sharply with the ___ underlying message of the passage. (fill in: sweptback)
890,registered,adjective,(of a boat or vessel) furnished with necessary official documents specifying ownership etc,file; cross-file; record; show; register; read,unregistered,"Use ""registered"" (adjective) when you want to convey (of a boat or vessel) furnished with necessary official documents specifying ownership etc. Appropriate in formal writing, GRE sentence-equivalence, and academic contexts where precision matters.","Avoid ""registered"" in casual conversation among friends unless you are certain the listener will understand; it can sound pretentious. Also avoid when a simpler synonym suffices.",Academic: The researcher's findings revealed that the registered effect was statistically significant across all samples.,Conversational: I told him the registered approach just wouldn't work here — we need to rethink this.,GRE: The professor described the ___ as a ___ that ___ the entire field of study. (fill in: registered)
891,scaly-tailed,adjective,having a scaly tail,,,"Use ""scaly-tailed"" (adjective) when you want to convey having a scaly tail. Appropriate in formal writing, GRE sentence-equivalence, and academic contexts where precision matters.","Avoid ""scaly-tailed"" in casual conversation among friends unless you are certain the listener will understand; it can sound pretentious. Also avoid when a simpler synonym suffices.","Academic: In the scholarly article, the author argued that the scaly-tailed phenomenon could not be overlooked.","Conversational: You know, it's pretty clear that the scaly-tailed situation needs our immediate attention.",GRE: The committee's decision to ___ was met with both praise and criticism from stakeholders. (fill in: scaly-tailed)
892,combustible,adjective,capable of igniting and burning,combustible material,noncombustible,"Use ""combustible"" (adjective) when you want to convey capable of igniting and burning. Appropriate in formal writing, GRE sentence-equivalence, and academic contexts where precision matters.","Avoid ""combustible"" in casual conversation among friends unless you are certain the listener will understand; it can sound pretentious. Also avoid when a simpler synonym suffices.",Academic: The study concluded that the combustible factor played a decisive role in the experimental outcome.,"Conversational: Look, the combustible results speak for themselves — we can't ignore them any longer.","GRE: Despite the ___ nature of the evidence, the researchers remained ___ about their conclusions. (fill in: combustible)"
893,two-sided,adjective,having two sides or parts,reversible; bilateral,nonreversible,"Use ""two-sided"" (adjective) when you want to convey having two sides or parts. Appropriate in formal writing, GRE sentence-equivalence, and academic contexts where precision matters.","Avoid ""two-sided"" in casual conversation among friends unless you are certain the listener will understand; it can sound pretentious. Also avoid when a simpler synonym suffices.",Academic: Contemporary scholars debate whether the two-sided hypothesis adequately explains the observed data.,"Conversational: Look, the two-sided results speak for themselves — we can't ignore them any longer.",GRE: The committee's decision to ___ was met with both praise and criticism from stakeholders. (fill in: two-sided)
894,thistlelike,adjective,resembling a thistle,,,"Use ""thistlelike"" (adjective) when you want to convey resembling a thistle. Appropriate in formal writing, GRE sentence-equivalence, and academic contexts where precision matters.","Avoid ""thistlelike"" in casual conversation among friends unless you are certain the listener will understand; it can sound pretentious. Also avoid when a simpler synonym suffices.","Academic: In the scholarly article, the author argued that the thistlelike phenomenon could not be overlooked.",Conversational: I told him the thistlelike approach just wouldn't work here — we need to rethink this.,GRE: The committee's decision to ___ was met with both praise and criticism from stakeholders. (fill in: thistlelike)
895,recriminatory,adjective,countering one charge with another,recriminative,,"Use ""recriminatory"" (adjective) when you want to convey countering one charge with another. Appropriate in formal writing, GRE sentence-equivalence, and academic contexts where precision matters.","Avoid ""recriminatory"" in casual conversation among friends unless you are certain the listener will understand; it can sound pretentious. Also avoid when a simpler synonym suffices.",Academic: The study concluded that the recriminatory factor played a decisive role in the experimental outcome.,"Conversational: Look, the recriminatory results speak for themselves — we can't ignore them any longer.",GRE: The professor described the ___ as a ___ that ___ the entire field of study. (fill in: recriminatory)
896,encyclopedic,adjective,broad in scope or content,encyclopaedic,,"Use ""encyclopedic"" (adjective) when you want to convey broad in scope or content. Appropriate in formal writing, GRE sentence-equivalence, and academic contexts where precision matters.","Avoid ""encyclopedic"" in casual conversation among friends unless you are certain the listener will understand; it can sound pretentious. Also avoid when a simpler synonym suffices.",Academic: Contemporary scholars debate whether the encyclopedic hypothesis adequately explains the observed data.,"Conversational: You know, it's pretty clear that the encyclopedic situation needs our immediate attention.",GRE: The author's ___ tone contrasted sharply with the ___ underlying message of the passage. (fill in: encyclopedic)
897,nonphysical,adjective,lacking substance or reality; incapable of being touched or seen,intangible,,"Use ""nonphysical"" (adjective) when you want to convey lacking substance or reality; incapable of being touched or seen. Appropriate in formal writing, GRE sentence-equivalence, and academic contexts where precision matters.","Avoid ""nonphysical"" in casual conversation among friends unless you are certain the listener will understand; it can sound pretentious. Also avoid when a simpler synonym suffices.","Academic: In the scholarly article, the author argued that the nonphysical phenomenon could not be overlooked.",Conversational: I told him the nonphysical approach just wouldn't work here — we need to rethink this.,GRE: Analysts noted that the company's ___ strategy had ___ results in the last quarter. (fill in: nonphysical)
898,broad-headed,adjective,having a brachycephalic head,short-headed; roundheaded,,"Use ""broad-headed"" (adjective) when you want to convey having a brachycephalic head. Appropriate in formal writing, GRE sentence-equivalence, and academic contexts where precision matters.","Avoid ""broad-headed"" in casual conversation among friends unless you are certain the listener will understand; it can sound pretentious. Also avoid when a simpler synonym suffices.",Academic: Contemporary scholars debate whether the broad-headed hypothesis adequately explains the observed data.,"Conversational: Look, the broad-headed results speak for themselves — we can't ignore them any longer.",GRE: The professor described the ___ as a ___ that ___ the entire field of study. (fill in: broad-headed)
899,unreal,adjective,lacking material form or substance; unreal,unsubstantial; artificial; insubstantial,real; substantial; natural,"Use ""unreal"" (adjective) when you want to convey lacking material form or substance; unreal. Appropriate in formal writing, GRE sentence-equivalence, and academic contexts where precision matters.","Avoid ""unreal"" in casual conversation among friends unless you are certain the listener will understand; it can sound pretentious. Also avoid when a simpler synonym suffices.","Academic: In the scholarly article, the author argued that the unreal phenomenon could not be overlooked.","Conversational: You know, it's pretty clear that the unreal situation needs our immediate attention.",GRE: The professor described the ___ as a ___ that ___ the entire field of study. (fill in: unreal)
900,beguiled,adjective,filled with wonder and delight,captivate; bewitch; trance; becharm; charm; enamour,,"Use ""beguiled"" (adjective) when you want to convey filled with wonder and delight. Appropriate in formal writing, GRE sentence-equivalence, and academic contexts where precision matters.","Avoid ""beguiled"" in casual conversation among friends unless you are certain the listener will understand; it can sound pretentious. Also avoid when a simpler synonym suffices.",Academic: Contemporary scholars debate whether the beguiled hypothesis adequately explains the observed data.,Conversational: I've noticed the beguiled trend in our office culture and it's starting to concern me.,GRE: The committee's decision to ___ was met with both praise and criticism from stakeholders. (fill in: beguiled)
