rank,word,pos,definition,synonyms,antonyms,usage_where,usage_where_not,example_1,example_2,example_3
2401,subfusc,adjective,devoid of brightness or appeal,,,"Use ""subfusc"" (adjective) when you want to convey devoid of brightness or appeal. Appropriate in formal writing, GRE sentence-equivalence, and academic contexts where precision matters.","Avoid ""subfusc"" in casual conversation among friends unless you are certain the listener will understand; it can sound pretentious. Also avoid when a simpler synonym suffices.",Academic: The researcher's findings revealed that the subfusc effect was statistically significant across all samples.,Conversational: I've noticed the subfusc trend in our office culture and it's starting to concern me.,GRE: The committee's decision to ___ was met with both praise and criticism from stakeholders. (fill in: subfusc)
2402,summational,adjective,of or relating to a summation or produced by summation,summative,,"Use ""summational"" (adjective) when you want to convey of or relating to a summation or produced by summation. Appropriate in formal writing, GRE sentence-equivalence, and academic contexts where precision matters.","Avoid ""summational"" in casual conversation among friends unless you are certain the listener will understand; it can sound pretentious. Also avoid when a simpler synonym suffices.",Academic: Contemporary scholars debate whether the summational hypothesis adequately explains the observed data.,Conversational: I told him the summational approach just wouldn't work here — we need to rethink this.,GRE: Analysts noted that the company's ___ strategy had ___ results in the last quarter. (fill in: summational)
2403,insensate,adjective,devoid of feeling and consciousness and animation,cold; inhuman; insentient; cold-blooded,sentient,"Use ""insensate"" (adjective) when you want to convey devoid of feeling and consciousness and animation. Appropriate in formal writing, GRE sentence-equivalence, and academic contexts where precision matters.","Avoid ""insensate"" in casual conversation among friends unless you are certain the listener will understand; it can sound pretentious. Also avoid when a simpler synonym suffices.",Academic: A key consideration in modern discourse is how the insensate principle shapes contemporary policy decisions.,Conversational: I told him the insensate approach just wouldn't work here — we need to rethink this.,GRE: The author's ___ tone contrasted sharply with the ___ underlying message of the passage. (fill in: insensate)
2404,pouch-shaped,adjective,shaped like a pouch,bursiform; saclike; pouchlike,,"Use ""pouch-shaped"" (adjective) when you want to convey shaped like a pouch. Appropriate in formal writing, GRE sentence-equivalence, and academic contexts where precision matters.","Avoid ""pouch-shaped"" in casual conversation among friends unless you are certain the listener will understand; it can sound pretentious. Also avoid when a simpler synonym suffices.","Academic: In the scholarly article, the author argued that the pouch-shaped phenomenon could not be overlooked.","Conversational: Look, the pouch-shaped results speak for themselves — we can't ignore them any longer.",GRE: The author's ___ tone contrasted sharply with the ___ underlying message of the passage. (fill in: pouch-shaped)
2405,counterclockwise,adjective,in the direction opposite to the rotation of the hands of a clock,contraclockwise; anticlockwise,clockwise,"Use ""counterclockwise"" (adjective) when you want to convey in the direction opposite to the rotation of the hands of a clock. Appropriate in formal writing, GRE sentence-equivalence, and academic contexts where precision matters.","Avoid ""counterclockwise"" in casual conversation among friends unless you are certain the listener will understand; it can sound pretentious. Also avoid when a simpler synonym suffices.",Academic: The researcher's findings revealed that the counterclockwise effect was statistically significant across all samples.,Conversational: I told him the counterclockwise approach just wouldn't work here — we need to rethink this.,GRE: The professor described the ___ as a ___ that ___ the entire field of study. (fill in: counterclockwise)
2406,diarrheic,adjective,of or relating to diarrhea,diarrhoeal; diarrhoeic; diarrheal; diarrhoetic; diarrhetic,,"Use ""diarrheic"" (adjective) when you want to convey of or relating to diarrhea. Appropriate in formal writing, GRE sentence-equivalence, and academic contexts where precision matters.","Avoid ""diarrheic"" in casual conversation among friends unless you are certain the listener will understand; it can sound pretentious. Also avoid when a simpler synonym suffices.",Academic: A key consideration in modern discourse is how the diarrheic principle shapes contemporary policy decisions.,"Conversational: Honestly, the diarrheic behavior of the team has been a major source of tension lately.",GRE: The author's ___ tone contrasted sharply with the ___ underlying message of the passage. (fill in: diarrheic)
2407,soiled,adjective,soiled or likely to soil with dirt or grime,grime; soil; colly; begrime; dirty; bemire,clean,"Use ""soiled"" (adjective) when you want to convey soiled or likely to soil with dirt or grime. Appropriate in formal writing, GRE sentence-equivalence, and academic contexts where precision matters.","Avoid ""soiled"" in casual conversation among friends unless you are certain the listener will understand; it can sound pretentious. Also avoid when a simpler synonym suffices.",Academic: The study concluded that the soiled factor played a decisive role in the experimental outcome.,"Conversational: Honestly, the soiled behavior of the team has been a major source of tension lately.",GRE: The committee's decision to ___ was met with both praise and criticism from stakeholders. (fill in: soiled)
2408,bobtail,adjective,having a short or shortened tail,bobtailed; Old English sheepdog; dock; bob,,"Use ""bobtail"" (adjective) when you want to convey having a short or shortened tail. Appropriate in formal writing, GRE sentence-equivalence, and academic contexts where precision matters.","Avoid ""bobtail"" in casual conversation among friends unless you are certain the listener will understand; it can sound pretentious. Also avoid when a simpler synonym suffices.","Academic: In the scholarly article, the author argued that the bobtail phenomenon could not be overlooked.","Conversational: Honestly, the bobtail behavior of the team has been a major source of tension lately.",GRE: The professor described the ___ as a ___ that ___ the entire field of study. (fill in: bobtail)
2409,penetrating,adjective,tending to penetrate; having the power of entering or piercing,fall into place; click; get across; sink in; dawn; bottom,,"Use ""penetrating"" (adjective) when you want to convey tending to penetrate; having the power of entering or piercing. Appropriate in formal writing, GRE sentence-equivalence, and academic contexts where precision matters.","Avoid ""penetrating"" in casual conversation among friends unless you are certain the listener will understand; it can sound pretentious. Also avoid when a simpler synonym suffices.",Academic: The study concluded that the penetrating factor played a decisive role in the experimental outcome.,"Conversational: Look, the penetrating results speak for themselves — we can't ignore them any longer.",GRE: The author's ___ tone contrasted sharply with the ___ underlying message of the passage. (fill in: penetrating)
2410,tufted,adjective,having or adorned with tufts,caespitose; cespitose; topknotted; crested,,"Use ""tufted"" (adjective) when you want to convey having or adorned with tufts. Appropriate in formal writing, GRE sentence-equivalence, and academic contexts where precision matters.","Avoid ""tufted"" in casual conversation among friends unless you are certain the listener will understand; it can sound pretentious. Also avoid when a simpler synonym suffices.",Academic: Contemporary scholars debate whether the tufted hypothesis adequately explains the observed data.,"Conversational: You know, it's pretty clear that the tufted situation needs our immediate attention.","GRE: Despite the ___ nature of the evidence, the researchers remained ___ about their conclusions. (fill in: tufted)"
2411,allocable,adjective,capable of being distributed,allocatable; apportionable,,"Use ""allocable"" (adjective) when you want to convey capable of being distributed. Appropriate in formal writing, GRE sentence-equivalence, and academic contexts where precision matters.","Avoid ""allocable"" in casual conversation among friends unless you are certain the listener will understand; it can sound pretentious. Also avoid when a simpler synonym suffices.",Academic: Contemporary scholars debate whether the allocable hypothesis adequately explains the observed data.,Conversational: I've noticed the allocable trend in our office culture and it's starting to concern me.,GRE: The professor described the ___ as a ___ that ___ the entire field of study. (fill in: allocable)
2412,hueless,adjective,of something totally lacking in saturation and therefore having no hue,,,"Use ""hueless"" (adjective) when you want to convey of something totally lacking in saturation and therefore having no hue. Appropriate in formal writing, GRE sentence-equivalence, and academic contexts where precision matters.","Avoid ""hueless"" in casual conversation among friends unless you are certain the listener will understand; it can sound pretentious. Also avoid when a simpler synonym suffices.",Academic: The study concluded that the hueless factor played a decisive role in the experimental outcome.,Conversational: I've noticed the hueless trend in our office culture and it's starting to concern me.,GRE: The professor described the ___ as a ___ that ___ the entire field of study. (fill in: hueless)
2413,eristic,adjective,given to disputation for its own sake and often employing specious arguments,eristical; controversialist; disputant,,"Use ""eristic"" (adjective) when you want to convey given to disputation for its own sake and often employing specious arguments. Appropriate in formal writing, GRE sentence-equivalence, and academic contexts where precision matters.","Avoid ""eristic"" in casual conversation among friends unless you are certain the listener will understand; it can sound pretentious. Also avoid when a simpler synonym suffices.","Academic: In the scholarly article, the author argued that the eristic phenomenon could not be overlooked.",Conversational: I told him the eristic approach just wouldn't work here — we need to rethink this.,"GRE: Despite the ___ nature of the evidence, the researchers remained ___ about their conclusions. (fill in: eristic)"
2414,bustling,adjective,full of energetic and noisy activity,bustle; hustle; bustle about,,"Use ""bustling"" (adjective) when you want to convey full of energetic and noisy activity. Appropriate in formal writing, GRE sentence-equivalence, and academic contexts where precision matters.","Avoid ""bustling"" in casual conversation among friends unless you are certain the listener will understand; it can sound pretentious. Also avoid when a simpler synonym suffices.","Academic: In the scholarly article, the author argued that the bustling phenomenon could not be overlooked.","Conversational: You know, it's pretty clear that the bustling situation needs our immediate attention.","GRE: Despite the ___ nature of the evidence, the researchers remained ___ about their conclusions. (fill in: bustling)"
2415,grubby,adjective,thickly covered with ingrained dirt or soot,grungy; grimy; dingy; raunchy; Myxocephalus aenaeus; begrimed,,"Use ""grubby"" (adjective) when you want to convey thickly covered with ingrained dirt or soot. Appropriate in formal writing, GRE sentence-equivalence, and academic contexts where precision matters.","Avoid ""grubby"" in casual conversation among friends unless you are certain the listener will understand; it can sound pretentious. Also avoid when a simpler synonym suffices.",Academic: The researcher's findings revealed that the grubby effect was statistically significant across all samples.,"Conversational: Honestly, the grubby behavior of the team has been a major source of tension lately.",GRE: The committee's decision to ___ was met with both praise and criticism from stakeholders. (fill in: grubby)
2416,colorless,adjective,lacking in variety and interest,colourless,colourful; colorful,"Use ""colorless"" (adjective) when you want to convey lacking in variety and interest. Appropriate in formal writing, GRE sentence-equivalence, and academic contexts where precision matters.","Avoid ""colorless"" in casual conversation among friends unless you are certain the listener will understand; it can sound pretentious. Also avoid when a simpler synonym suffices.","Academic: In the scholarly article, the author argued that the colorless phenomenon could not be overlooked.",Conversational: I told him the colorless approach just wouldn't work here — we need to rethink this.,GRE: The professor described the ___ as a ___ that ___ the entire field of study. (fill in: colorless)
2417,nervous,adjective,unpredictably excitable (especially of horses),anxious; unquiet; neural; queasy; uneasy; aflutter,,"Use ""nervous"" (adjective) when you want to convey unpredictably excitable (especially of horses). Appropriate in formal writing, GRE sentence-equivalence, and academic contexts where precision matters.","Avoid ""nervous"" in casual conversation among friends unless you are certain the listener will understand; it can sound pretentious. Also avoid when a simpler synonym suffices.","Academic: In the scholarly article, the author argued that the nervous phenomenon could not be overlooked.",Conversational: I told him the nervous approach just wouldn't work here — we need to rethink this.,"GRE: Despite the ___ nature of the evidence, the researchers remained ___ about their conclusions. (fill in: nervous)"
2418,uncritical,adjective,marked by disregard for critical standards or procedures,noncritical,critical,"Use ""uncritical"" (adjective) when you want to convey marked by disregard for critical standards or procedures. Appropriate in formal writing, GRE sentence-equivalence, and academic contexts where precision matters.","Avoid ""uncritical"" in casual conversation among friends unless you are certain the listener will understand; it can sound pretentious. Also avoid when a simpler synonym suffices.",Academic: The researcher's findings revealed that the uncritical effect was statistically significant across all samples.,Conversational: I told him the uncritical approach just wouldn't work here — we need to rethink this.,GRE: The author's ___ tone contrasted sharply with the ___ underlying message of the passage. (fill in: uncritical)
2419,glossy-coated,adjective,having glossy hair,glossy-furred; glossy-haired,,"Use ""glossy-coated"" (adjective) when you want to convey having glossy hair. Appropriate in formal writing, GRE sentence-equivalence, and academic contexts where precision matters.","Avoid ""glossy-coated"" in casual conversation among friends unless you are certain the listener will understand; it can sound pretentious. Also avoid when a simpler synonym suffices.","Academic: In the scholarly article, the author argued that the glossy-coated phenomenon could not be overlooked.","Conversational: Honestly, the glossy-coated behavior of the team has been a major source of tension lately.","GRE: Despite the ___ nature of the evidence, the researchers remained ___ about their conclusions. (fill in: glossy-coated)"
2420,suppositional,adjective,based primarily on surmise rather than adequate evidence,supposed; conjectural; divinatory; suppositious; hypothetic; supposititious,,"Use ""suppositional"" (adjective) when you want to convey based primarily on surmise rather than adequate evidence. Appropriate in formal writing, GRE sentence-equivalence, and academic contexts where precision matters.","Avoid ""suppositional"" in casual conversation among friends unless you are certain the listener will understand; it can sound pretentious. Also avoid when a simpler synonym suffices.",Academic: Contemporary scholars debate whether the suppositional hypothesis adequately explains the observed data.,Conversational: I told him the suppositional approach just wouldn't work here — we need to rethink this.,"GRE: Despite the ___ nature of the evidence, the researchers remained ___ about their conclusions. (fill in: suppositional)"
2421,objective,adjective,belonging to immediate experience of actual things or events,object lens; aim; object; objective lens; object glass; target,subjective,"Use ""objective"" (adjective) when you want to convey belonging to immediate experience of actual things or events. Appropriate in formal writing, GRE sentence-equivalence, and academic contexts where precision matters.","Avoid ""objective"" in casual conversation among friends unless you are certain the listener will understand; it can sound pretentious. Also avoid when a simpler synonym suffices.",Academic: A key consideration in modern discourse is how the objective principle shapes contemporary policy decisions.,"Conversational: Look, the objective results speak for themselves — we can't ignore them any longer.","GRE: Despite the ___ nature of the evidence, the researchers remained ___ about their conclusions. (fill in: objective)"
2422,electrifying,adjective,causing a surge of emotion or excitement,wire; electrify; thrilling,,"Use ""electrifying"" (adjective) when you want to convey causing a surge of emotion or excitement. Appropriate in formal writing, GRE sentence-equivalence, and academic contexts where precision matters.","Avoid ""electrifying"" in casual conversation among friends unless you are certain the listener will understand; it can sound pretentious. Also avoid when a simpler synonym suffices.","Academic: In the scholarly article, the author argued that the electrifying phenomenon could not be overlooked.","Conversational: Honestly, the electrifying behavior of the team has been a major source of tension lately.",GRE: Analysts noted that the company's ___ strategy had ___ results in the last quarter. (fill in: electrifying)
2423,received,adjective,widely accepted as true or worthy; ; - Economist,incur; receive; find; have; obtain; get,say farewell; nonstandard,"Use ""received"" (adjective) when you want to convey widely accepted as true or worthy; ; - economist. Appropriate in formal writing, GRE sentence-equivalence, and academic contexts where precision matters.","Avoid ""received"" in casual conversation among friends unless you are certain the listener will understand; it can sound pretentious. Also avoid when a simpler synonym suffices.","Academic: In the scholarly article, the author argued that the received phenomenon could not be overlooked.","Conversational: You know, it's pretty clear that the received situation needs our immediate attention.",GRE: Analysts noted that the company's ___ strategy had ___ results in the last quarter. (fill in: received)
2424,winsome,adjective,charming in a childlike or naive way,,,"Use ""winsome"" (adjective) when you want to convey charming in a childlike or naive way. Appropriate in formal writing, GRE sentence-equivalence, and academic contexts where precision matters.","Avoid ""winsome"" in casual conversation among friends unless you are certain the listener will understand; it can sound pretentious. Also avoid when a simpler synonym suffices.",Academic: Contemporary scholars debate whether the winsome hypothesis adequately explains the observed data.,"Conversational: Honestly, the winsome behavior of the team has been a major source of tension lately.","GRE: Despite the ___ nature of the evidence, the researchers remained ___ about their conclusions. (fill in: winsome)"
2425,uncontrollable,adjective,incapable of being controlled or managed,unmanageable; unruly; irrepressible; indocile; ungovernable; uncorrectable,,"Use ""uncontrollable"" (adjective) when you want to convey incapable of being controlled or managed. Appropriate in formal writing, GRE sentence-equivalence, and academic contexts where precision matters.","Avoid ""uncontrollable"" in casual conversation among friends unless you are certain the listener will understand; it can sound pretentious. Also avoid when a simpler synonym suffices.",Academic: Contemporary scholars debate whether the uncontrollable hypothesis adequately explains the observed data.,"Conversational: Honestly, the uncontrollable behavior of the team has been a major source of tension lately.",GRE: The professor described the ___ as a ___ that ___ the entire field of study. (fill in: uncontrollable)
2426,encumbered,adjective,loaded to excess or impeded by a heavy load; - A.J.Liebling,constrain; encumber; cumber; restrain,unencumbered,"Use ""encumbered"" (adjective) when you want to convey loaded to excess or impeded by a heavy load; - a.j.liebling. Appropriate in formal writing, GRE sentence-equivalence, and academic contexts where precision matters.","Avoid ""encumbered"" in casual conversation among friends unless you are certain the listener will understand; it can sound pretentious. Also avoid when a simpler synonym suffices.",Academic: The study concluded that the encumbered factor played a decisive role in the experimental outcome.,Conversational: I've noticed the encumbered trend in our office culture and it's starting to concern me.,GRE: The author's ___ tone contrasted sharply with the ___ underlying message of the passage. (fill in: encumbered)
2427,mesmeric,adjective,attracting and holding interest as if by a spell,hypnotic; mesmerizing; spellbinding,,"Use ""mesmeric"" (adjective) when you want to convey attracting and holding interest as if by a spell. Appropriate in formal writing, GRE sentence-equivalence, and academic contexts where precision matters.","Avoid ""mesmeric"" in casual conversation among friends unless you are certain the listener will understand; it can sound pretentious. Also avoid when a simpler synonym suffices.",Academic: Contemporary scholars debate whether the mesmeric hypothesis adequately explains the observed data.,"Conversational: Look, the mesmeric results speak for themselves — we can't ignore them any longer.","GRE: Despite the ___ nature of the evidence, the researchers remained ___ about their conclusions. (fill in: mesmeric)"
2428,verbal,adjective,communicated in the form of words,,numerical,"Use ""verbal"" (adjective) when you want to convey communicated in the form of words. Appropriate in formal writing, GRE sentence-equivalence, and academic contexts where precision matters.","Avoid ""verbal"" in casual conversation among friends unless you are certain the listener will understand; it can sound pretentious. Also avoid when a simpler synonym suffices.",Academic: A key consideration in modern discourse is how the verbal principle shapes contemporary policy decisions.,Conversational: I've noticed the verbal trend in our office culture and it's starting to concern me.,GRE: Analysts noted that the company's ___ strategy had ___ results in the last quarter. (fill in: verbal)
2429,blockish,adjective,resembling a block in shape,blocky,,"Use ""blockish"" (adjective) when you want to convey resembling a block in shape. Appropriate in formal writing, GRE sentence-equivalence, and academic contexts where precision matters.","Avoid ""blockish"" in casual conversation among friends unless you are certain the listener will understand; it can sound pretentious. Also avoid when a simpler synonym suffices.",Academic: A key consideration in modern discourse is how the blockish principle shapes contemporary policy decisions.,Conversational: I told him the blockish approach just wouldn't work here — we need to rethink this.,GRE: The professor described the ___ as a ___ that ___ the entire field of study. (fill in: blockish)
2430,entranced,adjective,filled with wonder and delight,captivate; bewitch; trance; becharm; charm; catch,,"Use ""entranced"" (adjective) when you want to convey filled with wonder and delight. Appropriate in formal writing, GRE sentence-equivalence, and academic contexts where precision matters.","Avoid ""entranced"" in casual conversation among friends unless you are certain the listener will understand; it can sound pretentious. Also avoid when a simpler synonym suffices.",Academic: The researcher's findings revealed that the entranced effect was statistically significant across all samples.,"Conversational: Look, the entranced results speak for themselves — we can't ignore them any longer.",GRE: The professor described the ___ as a ___ that ___ the entire field of study. (fill in: entranced)
2431,adrift,adjective,afloat on the surface of a body of water,afloat; directionless; rudderless; planless; undirected; aimless,,"Use ""adrift"" (adjective) when you want to convey afloat on the surface of a body of water. Appropriate in formal writing, GRE sentence-equivalence, and academic contexts where precision matters.","Avoid ""adrift"" in casual conversation among friends unless you are certain the listener will understand; it can sound pretentious. Also avoid when a simpler synonym suffices.",Academic: A key consideration in modern discourse is how the adrift principle shapes contemporary policy decisions.,"Conversational: You know, it's pretty clear that the adrift situation needs our immediate attention.",GRE: Analysts noted that the company's ___ strategy had ___ results in the last quarter. (fill in: adrift)
2432,contracted,adjective,reduced in size or pulled together,sign on; sign; compress; undertake; constrict; contract,expand; widen; expanded; stretch,"Use ""contracted"" (adjective) when you want to convey reduced in size or pulled together. Appropriate in formal writing, GRE sentence-equivalence, and academic contexts where precision matters.","Avoid ""contracted"" in casual conversation among friends unless you are certain the listener will understand; it can sound pretentious. Also avoid when a simpler synonym suffices.",Academic: A key consideration in modern discourse is how the contracted principle shapes contemporary policy decisions.,"Conversational: Honestly, the contracted behavior of the team has been a major source of tension lately.","GRE: Despite the ___ nature of the evidence, the researchers remained ___ about their conclusions. (fill in: contracted)"
2433,subartesian,adjective,(of water) rising naturally in a well to a height appreciably above that of the surrounding water table but not flowing out of the well,,artesian,"Use ""subartesian"" (adjective) when you want to convey (of water) rising naturally in a well to a height appreciably above that of the surrounding water table but not flowing out of the well. Appropriate in formal writing, GRE sentence-equivalence, and academic contexts where precision matters.","Avoid ""subartesian"" in casual conversation among friends unless you are certain the listener will understand; it can sound pretentious. Also avoid when a simpler synonym suffices.",Academic: The researcher's findings revealed that the subartesian effect was statistically significant across all samples.,Conversational: I've noticed the subartesian trend in our office culture and it's starting to concern me.,GRE: Analysts noted that the company's ___ strategy had ___ results in the last quarter. (fill in: subartesian)
2434,unconcerned,adjective,lacking in interest or care or feeling,,concerned,"Use ""unconcerned"" (adjective) when you want to convey lacking in interest or care or feeling. Appropriate in formal writing, GRE sentence-equivalence, and academic contexts where precision matters.","Avoid ""unconcerned"" in casual conversation among friends unless you are certain the listener will understand; it can sound pretentious. Also avoid when a simpler synonym suffices.",Academic: Contemporary scholars debate whether the unconcerned hypothesis adequately explains the observed data.,"Conversational: Honestly, the unconcerned behavior of the team has been a major source of tension lately.",GRE: Analysts noted that the company's ___ strategy had ___ results in the last quarter. (fill in: unconcerned)
2435,creamy-colored,adjective,having the color of fresh cream,cream-colored; creamy-white,,"Use ""creamy-colored"" (adjective) when you want to convey having the color of fresh cream. Appropriate in formal writing, GRE sentence-equivalence, and academic contexts where precision matters.","Avoid ""creamy-colored"" in casual conversation among friends unless you are certain the listener will understand; it can sound pretentious. Also avoid when a simpler synonym suffices.",Academic: The researcher's findings revealed that the creamy-colored effect was statistically significant across all samples.,Conversational: I told him the creamy-colored approach just wouldn't work here — we need to rethink this.,GRE: Analysts noted that the company's ___ strategy had ___ results in the last quarter. (fill in: creamy-colored)
2436,riddled,adjective,(often followed by `with') damaged throughout by numerous perforations or holes,imbue; permeate; screen; diffuse; interpenetrate; pervade,,"Use ""riddled"" (adjective) when you want to convey (often followed by `with') damaged throughout by numerous perforations or holes. Appropriate in formal writing, GRE sentence-equivalence, and academic contexts where precision matters.","Avoid ""riddled"" in casual conversation among friends unless you are certain the listener will understand; it can sound pretentious. Also avoid when a simpler synonym suffices.",Academic: The researcher's findings revealed that the riddled effect was statistically significant across all samples.,"Conversational: You know, it's pretty clear that the riddled situation needs our immediate attention.",GRE: The committee's decision to ___ was met with both praise and criticism from stakeholders. (fill in: riddled)
2437,coated,adjective,having or dressed in a coat,surface; coat; cake,uncoated,"Use ""coated"" (adjective) when you want to convey having or dressed in a coat. Appropriate in formal writing, GRE sentence-equivalence, and academic contexts where precision matters.","Avoid ""coated"" in casual conversation among friends unless you are certain the listener will understand; it can sound pretentious. Also avoid when a simpler synonym suffices.",Academic: A key consideration in modern discourse is how the coated principle shapes contemporary policy decisions.,Conversational: I've noticed the coated trend in our office culture and it's starting to concern me.,GRE: Analysts noted that the company's ___ strategy had ___ results in the last quarter. (fill in: coated)
2438,thick-billed,adjective,having a thick beak,,,"Use ""thick-billed"" (adjective) when you want to convey having a thick beak. Appropriate in formal writing, GRE sentence-equivalence, and academic contexts where precision matters.","Avoid ""thick-billed"" in casual conversation among friends unless you are certain the listener will understand; it can sound pretentious. Also avoid when a simpler synonym suffices.",Academic: The study concluded that the thick-billed factor played a decisive role in the experimental outcome.,"Conversational: Honestly, the thick-billed behavior of the team has been a major source of tension lately.",GRE: The professor described the ___ as a ___ that ___ the entire field of study. (fill in: thick-billed)
2439,inconclusive,adjective,not conclusive; not putting an end to doubt or question,,conclusive,"Use ""inconclusive"" (adjective) when you want to convey not conclusive; not putting an end to doubt or question. Appropriate in formal writing, GRE sentence-equivalence, and academic contexts where precision matters.","Avoid ""inconclusive"" in casual conversation among friends unless you are certain the listener will understand; it can sound pretentious. Also avoid when a simpler synonym suffices.",Academic: The researcher's findings revealed that the inconclusive effect was statistically significant across all samples.,Conversational: I told him the inconclusive approach just wouldn't work here — we need to rethink this.,GRE: The author's ___ tone contrasted sharply with the ___ underlying message of the passage. (fill in: inconclusive)
2440,thundery,adjective,accompanied with thunder,thunderous; earsplitting; deafening,,"Use ""thundery"" (adjective) when you want to convey accompanied with thunder. Appropriate in formal writing, GRE sentence-equivalence, and academic contexts where precision matters.","Avoid ""thundery"" in casual conversation among friends unless you are certain the listener will understand; it can sound pretentious. Also avoid when a simpler synonym suffices.","Academic: In the scholarly article, the author argued that the thundery phenomenon could not be overlooked.","Conversational: Honestly, the thundery behavior of the team has been a major source of tension lately.",GRE: The professor described the ___ as a ___ that ___ the entire field of study. (fill in: thundery)
2441,levorotatory,adjective,rotating to the left,left-handed; levorotary,,"Use ""levorotatory"" (adjective) when you want to convey rotating to the left. Appropriate in formal writing, GRE sentence-equivalence, and academic contexts where precision matters.","Avoid ""levorotatory"" in casual conversation among friends unless you are certain the listener will understand; it can sound pretentious. Also avoid when a simpler synonym suffices.",Academic: The researcher's findings revealed that the levorotatory effect was statistically significant across all samples.,"Conversational: Honestly, the levorotatory behavior of the team has been a major source of tension lately.","GRE: Despite the ___ nature of the evidence, the researchers remained ___ about their conclusions. (fill in: levorotatory)"
2442,mandatory,adjective,required by rule,compulsory; required; mandatary; mandate,,"Use ""mandatory"" (adjective) when you want to convey required by rule. Appropriate in formal writing, GRE sentence-equivalence, and academic contexts where precision matters.","Avoid ""mandatory"" in casual conversation among friends unless you are certain the listener will understand; it can sound pretentious. Also avoid when a simpler synonym suffices.",Academic: Contemporary scholars debate whether the mandatory hypothesis adequately explains the observed data.,Conversational: I told him the mandatory approach just wouldn't work here — we need to rethink this.,GRE: The author's ___ tone contrasted sharply with the ___ underlying message of the passage. (fill in: mandatory)
2443,nonbearing,adjective,(of a structural member) supporting no vertical weight other than its own,,bearing,"Use ""nonbearing"" (adjective) when you want to convey (of a structural member) supporting no vertical weight other than its own. Appropriate in formal writing, GRE sentence-equivalence, and academic contexts where precision matters.","Avoid ""nonbearing"" in casual conversation among friends unless you are certain the listener will understand; it can sound pretentious. Also avoid when a simpler synonym suffices.",Academic: A key consideration in modern discourse is how the nonbearing principle shapes contemporary policy decisions.,"Conversational: You know, it's pretty clear that the nonbearing situation needs our immediate attention.",GRE: The committee's decision to ___ was met with both praise and criticism from stakeholders. (fill in: nonbearing)
2444,withering,adjective,wreaking or capable of wreaking complete destruction,shrivel; shrink; shrivel up; atrophy; wither; fade,,"Use ""withering"" (adjective) when you want to convey wreaking or capable of wreaking complete destruction. Appropriate in formal writing, GRE sentence-equivalence, and academic contexts where precision matters.","Avoid ""withering"" in casual conversation among friends unless you are certain the listener will understand; it can sound pretentious. Also avoid when a simpler synonym suffices.",Academic: The study concluded that the withering factor played a decisive role in the experimental outcome.,"Conversational: Look, the withering results speak for themselves — we can't ignore them any longer.",GRE: Analysts noted that the company's ___ strategy had ___ results in the last quarter. (fill in: withering)
2445,ambitionless,adjective,having little desire for success or achievement,unambitious,ambitious,"Use ""ambitionless"" (adjective) when you want to convey having little desire for success or achievement. Appropriate in formal writing, GRE sentence-equivalence, and academic contexts where precision matters.","Avoid ""ambitionless"" in casual conversation among friends unless you are certain the listener will understand; it can sound pretentious. Also avoid when a simpler synonym suffices.",Academic: The study concluded that the ambitionless factor played a decisive role in the experimental outcome.,"Conversational: Honestly, the ambitionless behavior of the team has been a major source of tension lately.",GRE: Analysts noted that the company's ___ strategy had ___ results in the last quarter. (fill in: ambitionless)
2446,qualified,adjective,contingent on something else,measure up; qualify; stipulate; dispose; condition; specify,unqualified; disqualify,"Use ""qualified"" (adjective) when you want to convey contingent on something else. Appropriate in formal writing, GRE sentence-equivalence, and academic contexts where precision matters.","Avoid ""qualified"" in casual conversation among friends unless you are certain the listener will understand; it can sound pretentious. Also avoid when a simpler synonym suffices.","Academic: In the scholarly article, the author argued that the qualified phenomenon could not be overlooked.",Conversational: I've noticed the qualified trend in our office culture and it's starting to concern me.,GRE: The author's ___ tone contrasted sharply with the ___ underlying message of the passage. (fill in: qualified)
2447,off-the-rack,adjective,(especially of clothing) made in standard sizes and available from merchandise in stock,off-the-peg; off-the-shelf; ready-to-wear,,"Use ""off-the-rack"" (adjective) when you want to convey (especially of clothing) made in standard sizes and available from merchandise in stock. Appropriate in formal writing, GRE sentence-equivalence, and academic contexts where precision matters.","Avoid ""off-the-rack"" in casual conversation among friends unless you are certain the listener will understand; it can sound pretentious. Also avoid when a simpler synonym suffices.",Academic: A key consideration in modern discourse is how the off-the-rack principle shapes contemporary policy decisions.,"Conversational: Honestly, the off-the-rack behavior of the team has been a major source of tension lately.","GRE: Despite the ___ nature of the evidence, the researchers remained ___ about their conclusions. (fill in: off-the-rack)"
2448,chipper,adjective,"having a cheerful, lively, and self-confident air; - Frances G. Patton; - H.M.Reynolds",jaunty; debonair; debonaire,,"Use ""chipper"" (adjective) when you want to convey having a cheerful, lively, and self-confident air; - frances g. patton; - h.m.reynolds. Appropriate in formal writing, GRE sentence-equivalence, and academic contexts where precision matters.","Avoid ""chipper"" in casual conversation among friends unless you are certain the listener will understand; it can sound pretentious. Also avoid when a simpler synonym suffices.",Academic: A key consideration in modern discourse is how the chipper principle shapes contemporary policy decisions.,Conversational: I've noticed the chipper trend in our office culture and it's starting to concern me.,GRE: Analysts noted that the company's ___ strategy had ___ results in the last quarter. (fill in: chipper)
2449,emulous,adjective,eager to surpass others,rivalrous,,"Use ""emulous"" (adjective) when you want to convey eager to surpass others. Appropriate in formal writing, GRE sentence-equivalence, and academic contexts where precision matters.","Avoid ""emulous"" in casual conversation among friends unless you are certain the listener will understand; it can sound pretentious. Also avoid when a simpler synonym suffices.",Academic: Contemporary scholars debate whether the emulous hypothesis adequately explains the observed data.,"Conversational: Look, the emulous results speak for themselves — we can't ignore them any longer.",GRE: The professor described the ___ as a ___ that ___ the entire field of study. (fill in: emulous)
2450,neglectful,adjective,failing in what duty requires,derelict; delinquent; inattentive; remiss,,"Use ""neglectful"" (adjective) when you want to convey failing in what duty requires. Appropriate in formal writing, GRE sentence-equivalence, and academic contexts where precision matters.","Avoid ""neglectful"" in casual conversation among friends unless you are certain the listener will understand; it can sound pretentious. Also avoid when a simpler synonym suffices.","Academic: In the scholarly article, the author argued that the neglectful phenomenon could not be overlooked.","Conversational: Look, the neglectful results speak for themselves — we can't ignore them any longer.",GRE: The committee's decision to ___ was met with both praise and criticism from stakeholders. (fill in: neglectful)
2451,unplumbed,adjective,situated at or extending to great depth; too deep to have been sounded or plumbed; ; -Thomas Gray,unsounded; unfathomed; profound,,"Use ""unplumbed"" (adjective) when you want to convey situated at or extending to great depth; too deep to have been sounded or plumbed; ; -thomas gray. Appropriate in formal writing, GRE sentence-equivalence, and academic contexts where precision matters.","Avoid ""unplumbed"" in casual conversation among friends unless you are certain the listener will understand; it can sound pretentious. Also avoid when a simpler synonym suffices.",Academic: The researcher's findings revealed that the unplumbed effect was statistically significant across all samples.,Conversational: I've noticed the unplumbed trend in our office culture and it's starting to concern me.,GRE: The committee's decision to ___ was met with both praise and criticism from stakeholders. (fill in: unplumbed)
2452,adaxial,adjective,nearest to or facing toward the axis of an organ or organism,ventral,abaxial,"Use ""adaxial"" (adjective) when you want to convey nearest to or facing toward the axis of an organ or organism. Appropriate in formal writing, GRE sentence-equivalence, and academic contexts where precision matters.","Avoid ""adaxial"" in casual conversation among friends unless you are certain the listener will understand; it can sound pretentious. Also avoid when a simpler synonym suffices.",Academic: A key consideration in modern discourse is how the adaxial principle shapes contemporary policy decisions.,"Conversational: You know, it's pretty clear that the adaxial situation needs our immediate attention.","GRE: Despite the ___ nature of the evidence, the researchers remained ___ about their conclusions. (fill in: adaxial)"
2453,splintery,adjective,subject to breaking into sharp slender pieces,slivery,,"Use ""splintery"" (adjective) when you want to convey subject to breaking into sharp slender pieces. Appropriate in formal writing, GRE sentence-equivalence, and academic contexts where precision matters.","Avoid ""splintery"" in casual conversation among friends unless you are certain the listener will understand; it can sound pretentious. Also avoid when a simpler synonym suffices.",Academic: Contemporary scholars debate whether the splintery hypothesis adequately explains the observed data.,Conversational: I told him the splintery approach just wouldn't work here — we need to rethink this.,"GRE: Despite the ___ nature of the evidence, the researchers remained ___ about their conclusions. (fill in: splintery)"
2454,bumptious,adjective,offensively self-assertive,self-assertive,,"Use ""bumptious"" (adjective) when you want to convey offensively self-assertive. Appropriate in formal writing, GRE sentence-equivalence, and academic contexts where precision matters.","Avoid ""bumptious"" in casual conversation among friends unless you are certain the listener will understand; it can sound pretentious. Also avoid when a simpler synonym suffices.",Academic: A key consideration in modern discourse is how the bumptious principle shapes contemporary policy decisions.,"Conversational: You know, it's pretty clear that the bumptious situation needs our immediate attention.",GRE: The professor described the ___ as a ___ that ___ the entire field of study. (fill in: bumptious)
2455,inescapable,adjective,impossible to avoid or evade:,unavoidable; ineluctable,,"Use ""inescapable"" (adjective) when you want to convey impossible to avoid or evade:. Appropriate in formal writing, GRE sentence-equivalence, and academic contexts where precision matters.","Avoid ""inescapable"" in casual conversation among friends unless you are certain the listener will understand; it can sound pretentious. Also avoid when a simpler synonym suffices.","Academic: In the scholarly article, the author argued that the inescapable phenomenon could not be overlooked.",Conversational: I've noticed the inescapable trend in our office culture and it's starting to concern me.,GRE: Analysts noted that the company's ___ strategy had ___ results in the last quarter. (fill in: inescapable)
2456,relative,adjective,properly related in size or degree or other measurable characteristics; usually followed by `to',congenator; proportional; congener; relation; comparative; congeneric,absolute,"Use ""relative"" (adjective) when you want to convey properly related in size or degree or other measurable characteristics; usually followed by `to'. Appropriate in formal writing, GRE sentence-equivalence, and academic contexts where precision matters.","Avoid ""relative"" in casual conversation among friends unless you are certain the listener will understand; it can sound pretentious. Also avoid when a simpler synonym suffices.",Academic: Contemporary scholars debate whether the relative hypothesis adequately explains the observed data.,Conversational: I've noticed the relative trend in our office culture and it's starting to concern me.,GRE: Analysts noted that the company's ___ strategy had ___ results in the last quarter. (fill in: relative)
2457,perforated,adjective,having a hole cut through,punch; perforate; penetrate; pierced; punctured,,"Use ""perforated"" (adjective) when you want to convey having a hole cut through. Appropriate in formal writing, GRE sentence-equivalence, and academic contexts where precision matters.","Avoid ""perforated"" in casual conversation among friends unless you are certain the listener will understand; it can sound pretentious. Also avoid when a simpler synonym suffices.",Academic: A key consideration in modern discourse is how the perforated principle shapes contemporary policy decisions.,Conversational: I told him the perforated approach just wouldn't work here — we need to rethink this.,GRE: The committee's decision to ___ was met with both praise and criticism from stakeholders. (fill in: perforated)
2458,steady,adjective,not easily excited or upset,becalm; sweetheart; stabilise; stabilize; calm; sweetie,unsteady; unsteadily,"Use ""steady"" (adjective) when you want to convey not easily excited or upset. Appropriate in formal writing, GRE sentence-equivalence, and academic contexts where precision matters.","Avoid ""steady"" in casual conversation among friends unless you are certain the listener will understand; it can sound pretentious. Also avoid when a simpler synonym suffices.","Academic: In the scholarly article, the author argued that the steady phenomenon could not be overlooked.",Conversational: I've noticed the steady trend in our office culture and it's starting to concern me.,"GRE: Despite the ___ nature of the evidence, the researchers remained ___ about their conclusions. (fill in: steady)"
2459,querulous,adjective,habitually complaining,fretful; whiney; whiny,,"Use ""querulous"" (adjective) when you want to convey habitually complaining. Appropriate in formal writing, GRE sentence-equivalence, and academic contexts where precision matters.","Avoid ""querulous"" in casual conversation among friends unless you are certain the listener will understand; it can sound pretentious. Also avoid when a simpler synonym suffices.","Academic: In the scholarly article, the author argued that the querulous phenomenon could not be overlooked.",Conversational: I've noticed the querulous trend in our office culture and it's starting to concern me.,"GRE: Despite the ___ nature of the evidence, the researchers remained ___ about their conclusions. (fill in: querulous)"
2460,crested,adjective,bearing an heraldic device,crest; plumed; cap; topknotted; tufted,,"Use ""crested"" (adjective) when you want to convey bearing an heraldic device. Appropriate in formal writing, GRE sentence-equivalence, and academic contexts where precision matters.","Avoid ""crested"" in casual conversation among friends unless you are certain the listener will understand; it can sound pretentious. Also avoid when a simpler synonym suffices.",Academic: The researcher's findings revealed that the crested effect was statistically significant across all samples.,"Conversational: Look, the crested results speak for themselves — we can't ignore them any longer.",GRE: The professor described the ___ as a ___ that ___ the entire field of study. (fill in: crested)
2461,widespread,adjective,distributed over a considerable extent,far-flung,,"Use ""widespread"" (adjective) when you want to convey distributed over a considerable extent. Appropriate in formal writing, GRE sentence-equivalence, and academic contexts where precision matters.","Avoid ""widespread"" in casual conversation among friends unless you are certain the listener will understand; it can sound pretentious. Also avoid when a simpler synonym suffices.",Academic: Contemporary scholars debate whether the widespread hypothesis adequately explains the observed data.,Conversational: I've noticed the widespread trend in our office culture and it's starting to concern me.,GRE: The author's ___ tone contrasted sharply with the ___ underlying message of the passage. (fill in: widespread)
2462,impellent,adjective,forcing forward or onward; impelling,,,"Use ""impellent"" (adjective) when you want to convey forcing forward or onward; impelling. Appropriate in formal writing, GRE sentence-equivalence, and academic contexts where precision matters.","Avoid ""impellent"" in casual conversation among friends unless you are certain the listener will understand; it can sound pretentious. Also avoid when a simpler synonym suffices.","Academic: In the scholarly article, the author argued that the impellent phenomenon could not be overlooked.","Conversational: Honestly, the impellent behavior of the team has been a major source of tension lately.","GRE: Despite the ___ nature of the evidence, the researchers remained ___ about their conclusions. (fill in: impellent)"
2463,nonconductive,adjective,not able to conduct heat or electricity or sound,nonconducting; non-conducting,conductive,"Use ""nonconductive"" (adjective) when you want to convey not able to conduct heat or electricity or sound. Appropriate in formal writing, GRE sentence-equivalence, and academic contexts where precision matters.","Avoid ""nonconductive"" in casual conversation among friends unless you are certain the listener will understand; it can sound pretentious. Also avoid when a simpler synonym suffices.",Academic: The researcher's findings revealed that the nonconductive effect was statistically significant across all samples.,"Conversational: Look, the nonconductive results speak for themselves — we can't ignore them any longer.",GRE: The professor described the ___ as a ___ that ___ the entire field of study. (fill in: nonconductive)
2464,ametropic,adjective,of or relating to an abnormal condition of the eye in which visual images are not in focus on the retina,,emmetropic,"Use ""ametropic"" (adjective) when you want to convey of or relating to an abnormal condition of the eye in which visual images are not in focus on the retina. Appropriate in formal writing, GRE sentence-equivalence, and academic contexts where precision matters.","Avoid ""ametropic"" in casual conversation among friends unless you are certain the listener will understand; it can sound pretentious. Also avoid when a simpler synonym suffices.",Academic: The study concluded that the ametropic factor played a decisive role in the experimental outcome.,"Conversational: Honestly, the ametropic behavior of the team has been a major source of tension lately.",GRE: The committee's decision to ___ was met with both praise and criticism from stakeholders. (fill in: ametropic)
2465,unruffled,adjective,free from emotional agitation or nervous tension; ; - Anthony Trollope,tranquil; still; quiet; unflurried; smooth; unperturbed,,"Use ""unruffled"" (adjective) when you want to convey free from emotional agitation or nervous tension; ; - anthony trollope. Appropriate in formal writing, GRE sentence-equivalence, and academic contexts where precision matters.","Avoid ""unruffled"" in casual conversation among friends unless you are certain the listener will understand; it can sound pretentious. Also avoid when a simpler synonym suffices.",Academic: A key consideration in modern discourse is how the unruffled principle shapes contemporary policy decisions.,"Conversational: Honestly, the unruffled behavior of the team has been a major source of tension lately.",GRE: The professor described the ___ as a ___ that ___ the entire field of study. (fill in: unruffled)
2466,starkers,adjective,(British informal) stark naked,,,"Use ""starkers"" (adjective) when you want to convey (british informal) stark naked. Appropriate in formal writing, GRE sentence-equivalence, and academic contexts where precision matters.","Avoid ""starkers"" in casual conversation among friends unless you are certain the listener will understand; it can sound pretentious. Also avoid when a simpler synonym suffices.",Academic: A key consideration in modern discourse is how the starkers principle shapes contemporary policy decisions.,"Conversational: Look, the starkers results speak for themselves — we can't ignore them any longer.",GRE: The author's ___ tone contrasted sharply with the ___ underlying message of the passage. (fill in: starkers)
2467,pale-colored,adjective,having a pale color,pale-hued,,"Use ""pale-colored"" (adjective) when you want to convey having a pale color. Appropriate in formal writing, GRE sentence-equivalence, and academic contexts where precision matters.","Avoid ""pale-colored"" in casual conversation among friends unless you are certain the listener will understand; it can sound pretentious. Also avoid when a simpler synonym suffices.","Academic: In the scholarly article, the author argued that the pale-colored phenomenon could not be overlooked.",Conversational: I told him the pale-colored approach just wouldn't work here — we need to rethink this.,"GRE: Despite the ___ nature of the evidence, the researchers remained ___ about their conclusions. (fill in: pale-colored)"
2468,redoubled,adjective,become much greater in intensity or size or amount,redouble,,"Use ""redoubled"" (adjective) when you want to convey become much greater in intensity or size or amount. Appropriate in formal writing, GRE sentence-equivalence, and academic contexts where precision matters.","Avoid ""redoubled"" in casual conversation among friends unless you are certain the listener will understand; it can sound pretentious. Also avoid when a simpler synonym suffices.",Academic: The study concluded that the redoubled factor played a decisive role in the experimental outcome.,"Conversational: Look, the redoubled results speak for themselves — we can't ignore them any longer.",GRE: The professor described the ___ as a ___ that ___ the entire field of study. (fill in: redoubled)
2469,disputable,adjective,open to argument or debate,debatable; arguable; moot,,"Use ""disputable"" (adjective) when you want to convey open to argument or debate. Appropriate in formal writing, GRE sentence-equivalence, and academic contexts where precision matters.","Avoid ""disputable"" in casual conversation among friends unless you are certain the listener will understand; it can sound pretentious. Also avoid when a simpler synonym suffices.",Academic: The researcher's findings revealed that the disputable effect was statistically significant across all samples.,"Conversational: Look, the disputable results speak for themselves — we can't ignore them any longer.","GRE: Despite the ___ nature of the evidence, the researchers remained ___ about their conclusions. (fill in: disputable)"
2470,drowsing,adjective,half asleep,drowsy; snooze; doze; dozy; drowse,,"Use ""drowsing"" (adjective) when you want to convey half asleep. Appropriate in formal writing, GRE sentence-equivalence, and academic contexts where precision matters.","Avoid ""drowsing"" in casual conversation among friends unless you are certain the listener will understand; it can sound pretentious. Also avoid when a simpler synonym suffices.",Academic: The researcher's findings revealed that the drowsing effect was statistically significant across all samples.,Conversational: I've noticed the drowsing trend in our office culture and it's starting to concern me.,GRE: The author's ___ tone contrasted sharply with the ___ underlying message of the passage. (fill in: drowsing)
2471,sliced,adjective,used of meat; cut into pieces for serving,slice up; shredded; chopped; slit; slice,,"Use ""sliced"" (adjective) when you want to convey used of meat; cut into pieces for serving. Appropriate in formal writing, GRE sentence-equivalence, and academic contexts where precision matters.","Avoid ""sliced"" in casual conversation among friends unless you are certain the listener will understand; it can sound pretentious. Also avoid when a simpler synonym suffices.","Academic: In the scholarly article, the author argued that the sliced phenomenon could not be overlooked.",Conversational: I told him the sliced approach just wouldn't work here — we need to rethink this.,GRE: Analysts noted that the company's ___ strategy had ___ results in the last quarter. (fill in: sliced)
2472,ethereal,adjective,characterized by unusual lightness and delicacy,celestial; supernal; aeriform; aery; aerial; airy,,"Use ""ethereal"" (adjective) when you want to convey characterized by unusual lightness and delicacy. Appropriate in formal writing, GRE sentence-equivalence, and academic contexts where precision matters.","Avoid ""ethereal"" in casual conversation among friends unless you are certain the listener will understand; it can sound pretentious. Also avoid when a simpler synonym suffices.",Academic: A key consideration in modern discourse is how the ethereal principle shapes contemporary policy decisions.,"Conversational: Look, the ethereal results speak for themselves — we can't ignore them any longer.",GRE: The author's ___ tone contrasted sharply with the ___ underlying message of the passage. (fill in: ethereal)
2473,dormant,adjective,inactive but capable of becoming active,abeyant; inactive; sleeping; hibernating; torpid,active,"Use ""dormant"" (adjective) when you want to convey inactive but capable of becoming active. Appropriate in formal writing, GRE sentence-equivalence, and academic contexts where precision matters.","Avoid ""dormant"" in casual conversation among friends unless you are certain the listener will understand; it can sound pretentious. Also avoid when a simpler synonym suffices.",Academic: A key consideration in modern discourse is how the dormant principle shapes contemporary policy decisions.,"Conversational: You know, it's pretty clear that the dormant situation needs our immediate attention.",GRE: The author's ___ tone contrasted sharply with the ___ underlying message of the passage. (fill in: dormant)
2474,greyish-blue,adjective,of blue tinged with grey,gray-blue; grayish-blue; grey-blue,,"Use ""greyish-blue"" (adjective) when you want to convey of blue tinged with grey. Appropriate in formal writing, GRE sentence-equivalence, and academic contexts where precision matters.","Avoid ""greyish-blue"" in casual conversation among friends unless you are certain the listener will understand; it can sound pretentious. Also avoid when a simpler synonym suffices.",Academic: The study concluded that the greyish-blue factor played a decisive role in the experimental outcome.,"Conversational: You know, it's pretty clear that the greyish-blue situation needs our immediate attention.",GRE: The committee's decision to ___ was met with both praise and criticism from stakeholders. (fill in: greyish-blue)
2475,extirpable,adjective,capable of being totally destroyed or wiped out,exterminable,,"Use ""extirpable"" (adjective) when you want to convey capable of being totally destroyed or wiped out. Appropriate in formal writing, GRE sentence-equivalence, and academic contexts where precision matters.","Avoid ""extirpable"" in casual conversation among friends unless you are certain the listener will understand; it can sound pretentious. Also avoid when a simpler synonym suffices.",Academic: The study concluded that the extirpable factor played a decisive role in the experimental outcome.,"Conversational: Honestly, the extirpable behavior of the team has been a major source of tension lately.","GRE: Despite the ___ nature of the evidence, the researchers remained ___ about their conclusions. (fill in: extirpable)"
2476,advertent,adjective,giving attention,heedful,,"Use ""advertent"" (adjective) when you want to convey giving attention. Appropriate in formal writing, GRE sentence-equivalence, and academic contexts where precision matters.","Avoid ""advertent"" in casual conversation among friends unless you are certain the listener will understand; it can sound pretentious. Also avoid when a simpler synonym suffices.",Academic: The researcher's findings revealed that the advertent effect was statistically significant across all samples.,Conversational: I've noticed the advertent trend in our office culture and it's starting to concern me.,"GRE: Despite the ___ nature of the evidence, the researchers remained ___ about their conclusions. (fill in: advertent)"
2477,well-done,adjective,(meat) cooked until there is no pink meat left inside,,,"Use ""well-done"" (adjective) when you want to convey (meat) cooked until there is no pink meat left inside. Appropriate in formal writing, GRE sentence-equivalence, and academic contexts where precision matters.","Avoid ""well-done"" in casual conversation among friends unless you are certain the listener will understand; it can sound pretentious. Also avoid when a simpler synonym suffices.",Academic: Contemporary scholars debate whether the well-done hypothesis adequately explains the observed data.,Conversational: I told him the well-done approach just wouldn't work here — we need to rethink this.,GRE: Analysts noted that the company's ___ strategy had ___ results in the last quarter. (fill in: well-done)
2478,nimble,adjective,moving quickly and lightly,agile; quick; spry,,"Use ""nimble"" (adjective) when you want to convey moving quickly and lightly. Appropriate in formal writing, GRE sentence-equivalence, and academic contexts where precision matters.","Avoid ""nimble"" in casual conversation among friends unless you are certain the listener will understand; it can sound pretentious. Also avoid when a simpler synonym suffices.",Academic: The researcher's findings revealed that the nimble effect was statistically significant across all samples.,"Conversational: Look, the nimble results speak for themselves — we can't ignore them any longer.",GRE: The professor described the ___ as a ___ that ___ the entire field of study. (fill in: nimble)
2479,unresisting,adjective,offering no resistance; ; - Theodore Roosevelt,resistless; supine,,"Use ""unresisting"" (adjective) when you want to convey offering no resistance; ; - theodore roosevelt. Appropriate in formal writing, GRE sentence-equivalence, and academic contexts where precision matters.","Avoid ""unresisting"" in casual conversation among friends unless you are certain the listener will understand; it can sound pretentious. Also avoid when a simpler synonym suffices.",Academic: Contemporary scholars debate whether the unresisting hypothesis adequately explains the observed data.,"Conversational: Look, the unresisting results speak for themselves — we can't ignore them any longer.",GRE: The committee's decision to ___ was met with both praise and criticism from stakeholders. (fill in: unresisting)
2480,nonobligatory,adjective,not required by rule or law,nonmandatory,,"Use ""nonobligatory"" (adjective) when you want to convey not required by rule or law. Appropriate in formal writing, GRE sentence-equivalence, and academic contexts where precision matters.","Avoid ""nonobligatory"" in casual conversation among friends unless you are certain the listener will understand; it can sound pretentious. Also avoid when a simpler synonym suffices.",Academic: A key consideration in modern discourse is how the nonobligatory principle shapes contemporary policy decisions.,Conversational: I've noticed the nonobligatory trend in our office culture and it's starting to concern me.,GRE: The professor described the ___ as a ___ that ___ the entire field of study. (fill in: nonobligatory)
2481,hotheaded,adjective,characterized by undue haste and lack of thought or deliberation; ; ; ; ; (`brainish' is archaic),hot-tempered; tearaway; short-tempered; choleric; quick-tempered; impulsive,,"Use ""hotheaded"" (adjective) when you want to convey characterized by undue haste and lack of thought or deliberation; ; ; ; ; (`brainish' is archaic). Appropriate in formal writing, GRE sentence-equivalence, and academic contexts where precision matters.","Avoid ""hotheaded"" in casual conversation among friends unless you are certain the listener will understand; it can sound pretentious. Also avoid when a simpler synonym suffices.",Academic: The study concluded that the hotheaded factor played a decisive role in the experimental outcome.,Conversational: I've noticed the hotheaded trend in our office culture and it's starting to concern me.,"GRE: Despite the ___ nature of the evidence, the researchers remained ___ about their conclusions. (fill in: hotheaded)"
2482,ameliorative,adjective,tending to ameliorate,meliorative; ameliorating; amelioratory,,"Use ""ameliorative"" (adjective) when you want to convey tending to ameliorate. Appropriate in formal writing, GRE sentence-equivalence, and academic contexts where precision matters.","Avoid ""ameliorative"" in casual conversation among friends unless you are certain the listener will understand; it can sound pretentious. Also avoid when a simpler synonym suffices.",Academic: The researcher's findings revealed that the ameliorative effect was statistically significant across all samples.,"Conversational: You know, it's pretty clear that the ameliorative situation needs our immediate attention.",GRE: The committee's decision to ___ was met with both praise and criticism from stakeholders. (fill in: ameliorative)
2483,unamended,adjective,(of legislation) not amended,,amended,"Use ""unamended"" (adjective) when you want to convey (of legislation) not amended. Appropriate in formal writing, GRE sentence-equivalence, and academic contexts where precision matters.","Avoid ""unamended"" in casual conversation among friends unless you are certain the listener will understand; it can sound pretentious. Also avoid when a simpler synonym suffices.",Academic: The researcher's findings revealed that the unamended effect was statistically significant across all samples.,"Conversational: Honestly, the unamended behavior of the team has been a major source of tension lately.",GRE: The professor described the ___ as a ___ that ___ the entire field of study. (fill in: unamended)
2484,likely,adjective,within the realm of credibility,potential; belike; probably; in all likelihood; probable; in all probability,unlikely; improbable,"Use ""likely"" (adjective) when you want to convey within the realm of credibility. Appropriate in formal writing, GRE sentence-equivalence, and academic contexts where precision matters.","Avoid ""likely"" in casual conversation among friends unless you are certain the listener will understand; it can sound pretentious. Also avoid when a simpler synonym suffices.",Academic: The study concluded that the likely factor played a decisive role in the experimental outcome.,"Conversational: You know, it's pretty clear that the likely situation needs our immediate attention.",GRE: The professor described the ___ as a ___ that ___ the entire field of study. (fill in: likely)
2485,ignitable,adjective,capable of burning,ignitible; burnable,,"Use ""ignitable"" (adjective) when you want to convey capable of burning. Appropriate in formal writing, GRE sentence-equivalence, and academic contexts where precision matters.","Avoid ""ignitable"" in casual conversation among friends unless you are certain the listener will understand; it can sound pretentious. Also avoid when a simpler synonym suffices.",Academic: The study concluded that the ignitable factor played a decisive role in the experimental outcome.,Conversational: I told him the ignitable approach just wouldn't work here — we need to rethink this.,"GRE: Despite the ___ nature of the evidence, the researchers remained ___ about their conclusions. (fill in: ignitable)"
2486,panoplied,adjective,in ceremonial attire and paraphernalia,arrayed; armored,,"Use ""panoplied"" (adjective) when you want to convey in ceremonial attire and paraphernalia. Appropriate in formal writing, GRE sentence-equivalence, and academic contexts where precision matters.","Avoid ""panoplied"" in casual conversation among friends unless you are certain the listener will understand; it can sound pretentious. Also avoid when a simpler synonym suffices.",Academic: The researcher's findings revealed that the panoplied effect was statistically significant across all samples.,"Conversational: You know, it's pretty clear that the panoplied situation needs our immediate attention.",GRE: The committee's decision to ___ was met with both praise and criticism from stakeholders. (fill in: panoplied)
2487,irrepressible,adjective,impossible to repress or control,uncontrollable,,"Use ""irrepressible"" (adjective) when you want to convey impossible to repress or control. Appropriate in formal writing, GRE sentence-equivalence, and academic contexts where precision matters.","Avoid ""irrepressible"" in casual conversation among friends unless you are certain the listener will understand; it can sound pretentious. Also avoid when a simpler synonym suffices.",Academic: A key consideration in modern discourse is how the irrepressible principle shapes contemporary policy decisions.,"Conversational: Look, the irrepressible results speak for themselves — we can't ignore them any longer.",GRE: The committee's decision to ___ was met with both praise and criticism from stakeholders. (fill in: irrepressible)
2488,heavy-handed,adjective,"lacking physical movement skills, especially with the hands; ; ; ; - Mary H. Vorse",bumbling; handless; left-handed; butterfingered; ham-handed; ham-fisted,,"Use ""heavy-handed"" (adjective) when you want to convey lacking physical movement skills, especially with the hands; ; ; ; - mary h. vorse. Appropriate in formal writing, GRE sentence-equivalence, and academic contexts where precision matters.","Avoid ""heavy-handed"" in casual conversation among friends unless you are certain the listener will understand; it can sound pretentious. Also avoid when a simpler synonym suffices.",Academic: Contemporary scholars debate whether the heavy-handed hypothesis adequately explains the observed data.,"Conversational: Honestly, the heavy-handed behavior of the team has been a major source of tension lately.",GRE: The author's ___ tone contrasted sharply with the ___ underlying message of the passage. (fill in: heavy-handed)
2489,nonextant,adjective,no longer in existence; lost or especially having died out leaving no living representatives,extinct,extant,"Use ""nonextant"" (adjective) when you want to convey no longer in existence; lost or especially having died out leaving no living representatives. Appropriate in formal writing, GRE sentence-equivalence, and academic contexts where precision matters.","Avoid ""nonextant"" in casual conversation among friends unless you are certain the listener will understand; it can sound pretentious. Also avoid when a simpler synonym suffices.",Academic: The study concluded that the nonextant factor played a decisive role in the experimental outcome.,Conversational: I've noticed the nonextant trend in our office culture and it's starting to concern me.,"GRE: Despite the ___ nature of the evidence, the researchers remained ___ about their conclusions. (fill in: nonextant)"
2490,unflappable,adjective,not easily perturbed or excited or upset; marked by extreme calm and composure,imperturbable,,"Use ""unflappable"" (adjective) when you want to convey not easily perturbed or excited or upset; marked by extreme calm and composure. Appropriate in formal writing, GRE sentence-equivalence, and academic contexts where precision matters.","Avoid ""unflappable"" in casual conversation among friends unless you are certain the listener will understand; it can sound pretentious. Also avoid when a simpler synonym suffices.",Academic: A key consideration in modern discourse is how the unflappable principle shapes contemporary policy decisions.,"Conversational: Look, the unflappable results speak for themselves — we can't ignore them any longer.",GRE: The committee's decision to ___ was met with both praise and criticism from stakeholders. (fill in: unflappable)
2491,titillating,adjective,pleasantly and superficially exciting,titillate; vellicate; erotic; tickling; tingling; tickle,,"Use ""titillating"" (adjective) when you want to convey pleasantly and superficially exciting. Appropriate in formal writing, GRE sentence-equivalence, and academic contexts where precision matters.","Avoid ""titillating"" in casual conversation among friends unless you are certain the listener will understand; it can sound pretentious. Also avoid when a simpler synonym suffices.",Academic: A key consideration in modern discourse is how the titillating principle shapes contemporary policy decisions.,Conversational: I've noticed the titillating trend in our office culture and it's starting to concern me.,GRE: The author's ___ tone contrasted sharply with the ___ underlying message of the passage. (fill in: titillating)
2492,dendriform,adjective,resembling a tree in form and branching structure,treelike; arboresque; dendroidal; arboreous; dendroid; arboriform,,"Use ""dendriform"" (adjective) when you want to convey resembling a tree in form and branching structure. Appropriate in formal writing, GRE sentence-equivalence, and academic contexts where precision matters.","Avoid ""dendriform"" in casual conversation among friends unless you are certain the listener will understand; it can sound pretentious. Also avoid when a simpler synonym suffices.","Academic: In the scholarly article, the author argued that the dendriform phenomenon could not be overlooked.","Conversational: Honestly, the dendriform behavior of the team has been a major source of tension lately.",GRE: Analysts noted that the company's ___ strategy had ___ results in the last quarter. (fill in: dendriform)
2493,combinable,adjective,able to or tending to combine,combinational; combinatory,,"Use ""combinable"" (adjective) when you want to convey able to or tending to combine. Appropriate in formal writing, GRE sentence-equivalence, and academic contexts where precision matters.","Avoid ""combinable"" in casual conversation among friends unless you are certain the listener will understand; it can sound pretentious. Also avoid when a simpler synonym suffices.",Academic: Contemporary scholars debate whether the combinable hypothesis adequately explains the observed data.,"Conversational: You know, it's pretty clear that the combinable situation needs our immediate attention.",GRE: Analysts noted that the company's ___ strategy had ___ results in the last quarter. (fill in: combinable)
2494,malevolent,adjective,wishing or appearing to wish evil to others; arising from intense ill will or hatred,malign; malefic; evil,,"Use ""malevolent"" (adjective) when you want to convey wishing or appearing to wish evil to others; arising from intense ill will or hatred. Appropriate in formal writing, GRE sentence-equivalence, and academic contexts where precision matters.","Avoid ""malevolent"" in casual conversation among friends unless you are certain the listener will understand; it can sound pretentious. Also avoid when a simpler synonym suffices.",Academic: A key consideration in modern discourse is how the malevolent principle shapes contemporary policy decisions.,"Conversational: Look, the malevolent results speak for themselves — we can't ignore them any longer.",GRE: Analysts noted that the company's ___ strategy had ___ results in the last quarter. (fill in: malevolent)
2495,unclean,adjective,soiled or likely to soil with dirt or grime,impure; dirty; soiled,clean,"Use ""unclean"" (adjective) when you want to convey soiled or likely to soil with dirt or grime. Appropriate in formal writing, GRE sentence-equivalence, and academic contexts where precision matters.","Avoid ""unclean"" in casual conversation among friends unless you are certain the listener will understand; it can sound pretentious. Also avoid when a simpler synonym suffices.",Academic: A key consideration in modern discourse is how the unclean principle shapes contemporary policy decisions.,Conversational: I told him the unclean approach just wouldn't work here — we need to rethink this.,GRE: The committee's decision to ___ was met with both praise and criticism from stakeholders. (fill in: unclean)
2496,hardscrabble,adjective,barely satisfying a lower standard,,,"Use ""hardscrabble"" (adjective) when you want to convey barely satisfying a lower standard. Appropriate in formal writing, GRE sentence-equivalence, and academic contexts where precision matters.","Avoid ""hardscrabble"" in casual conversation among friends unless you are certain the listener will understand; it can sound pretentious. Also avoid when a simpler synonym suffices.",Academic: A key consideration in modern discourse is how the hardscrabble principle shapes contemporary policy decisions.,"Conversational: Honestly, the hardscrabble behavior of the team has been a major source of tension lately.","GRE: Despite the ___ nature of the evidence, the researchers remained ___ about their conclusions. (fill in: hardscrabble)"
2497,purplish-lilac,adjective,of lavender tinged with purple,purple-lilac,,"Use ""purplish-lilac"" (adjective) when you want to convey of lavender tinged with purple. Appropriate in formal writing, GRE sentence-equivalence, and academic contexts where precision matters.","Avoid ""purplish-lilac"" in casual conversation among friends unless you are certain the listener will understand; it can sound pretentious. Also avoid when a simpler synonym suffices.",Academic: A key consideration in modern discourse is how the purplish-lilac principle shapes contemporary policy decisions.,"Conversational: You know, it's pretty clear that the purplish-lilac situation needs our immediate attention.",GRE: The professor described the ___ as a ___ that ___ the entire field of study. (fill in: purplish-lilac)
2498,fouled,adjective,made dirty or foul,congest; clog up; pollute; foul; choke; clog,unclog,"Use ""fouled"" (adjective) when you want to convey made dirty or foul. Appropriate in formal writing, GRE sentence-equivalence, and academic contexts where precision matters.","Avoid ""fouled"" in casual conversation among friends unless you are certain the listener will understand; it can sound pretentious. Also avoid when a simpler synonym suffices.",Academic: A key consideration in modern discourse is how the fouled principle shapes contemporary policy decisions.,Conversational: I've noticed the fouled trend in our office culture and it's starting to concern me.,GRE: The committee's decision to ___ was met with both praise and criticism from stakeholders. (fill in: fouled)
2499,collectable,adjective,subject to or requiring payment especially as specified,payable; collectible,,"Use ""collectable"" (adjective) when you want to convey subject to or requiring payment especially as specified. Appropriate in formal writing, GRE sentence-equivalence, and academic contexts where precision matters.","Avoid ""collectable"" in casual conversation among friends unless you are certain the listener will understand; it can sound pretentious. Also avoid when a simpler synonym suffices.",Academic: Contemporary scholars debate whether the collectable hypothesis adequately explains the observed data.,Conversational: I told him the collectable approach just wouldn't work here — we need to rethink this.,GRE: Analysts noted that the company's ___ strategy had ___ results in the last quarter. (fill in: collectable)
2500,anticlockwise,adjective,in the direction opposite to the rotation of the hands of a clock,contraclockwise; counterclockwise,clockwise,"Use ""anticlockwise"" (adjective) when you want to convey in the direction opposite to the rotation of the hands of a clock. Appropriate in formal writing, GRE sentence-equivalence, and academic contexts where precision matters.","Avoid ""anticlockwise"" in casual conversation among friends unless you are certain the listener will understand; it can sound pretentious. Also avoid when a simpler synonym suffices.","Academic: In the scholarly article, the author argued that the anticlockwise phenomenon could not be overlooked.",Conversational: I've noticed the anticlockwise trend in our office culture and it's starting to concern me.,GRE: Analysts noted that the company's ___ strategy had ___ results in the last quarter. (fill in: anticlockwise)
2501,stone-deaf,adjective,totally deaf; unable to hear anything,deaf as a post; profoundly deaf; unhearing,,"Use ""stone-deaf"" (adjective) when you want to convey totally deaf; unable to hear anything. Appropriate in formal writing, GRE sentence-equivalence, and academic contexts where precision matters.","Avoid ""stone-deaf"" in casual conversation among friends unless you are certain the listener will understand; it can sound pretentious. Also avoid when a simpler synonym suffices.",Academic: Contemporary scholars debate whether the stone-deaf hypothesis adequately explains the observed data.,"Conversational: Honestly, the stone-deaf behavior of the team has been a major source of tension lately.",GRE: The professor described the ___ as a ___ that ___ the entire field of study. (fill in: stone-deaf)
2502,controversial,adjective,marked by or capable of arousing controversy,,uncontroversial,"Use ""controversial"" (adjective) when you want to convey marked by or capable of arousing controversy. Appropriate in formal writing, GRE sentence-equivalence, and academic contexts where precision matters.","Avoid ""controversial"" in casual conversation among friends unless you are certain the listener will understand; it can sound pretentious. Also avoid when a simpler synonym suffices.",Academic: A key consideration in modern discourse is how the controversial principle shapes contemporary policy decisions.,"Conversational: Honestly, the controversial behavior of the team has been a major source of tension lately.",GRE: The professor described the ___ as a ___ that ___ the entire field of study. (fill in: controversial)
2503,endless,adjective,having the ends united so as to form a continuous whole,eternal; dateless; interminable; sempiternal,,"Use ""endless"" (adjective) when you want to convey having the ends united so as to form a continuous whole. Appropriate in formal writing, GRE sentence-equivalence, and academic contexts where precision matters.","Avoid ""endless"" in casual conversation among friends unless you are certain the listener will understand; it can sound pretentious. Also avoid when a simpler synonym suffices.","Academic: In the scholarly article, the author argued that the endless phenomenon could not be overlooked.",Conversational: I've noticed the endless trend in our office culture and it's starting to concern me.,GRE: The author's ___ tone contrasted sharply with the ___ underlying message of the passage. (fill in: endless)
2504,coral-red,adjective,of red tinged with coral,,,"Use ""coral-red"" (adjective) when you want to convey of red tinged with coral. Appropriate in formal writing, GRE sentence-equivalence, and academic contexts where precision matters.","Avoid ""coral-red"" in casual conversation among friends unless you are certain the listener will understand; it can sound pretentious. Also avoid when a simpler synonym suffices.",Academic: A key consideration in modern discourse is how the coral-red principle shapes contemporary policy decisions.,Conversational: I told him the coral-red approach just wouldn't work here — we need to rethink this.,GRE: The committee's decision to ___ was met with both praise and criticism from stakeholders. (fill in: coral-red)
2505,assassinated,adjective,murdered by surprise attack for political reasons,assassinate,,"Use ""assassinated"" (adjective) when you want to convey murdered by surprise attack for political reasons. Appropriate in formal writing, GRE sentence-equivalence, and academic contexts where precision matters.","Avoid ""assassinated"" in casual conversation among friends unless you are certain the listener will understand; it can sound pretentious. Also avoid when a simpler synonym suffices.",Academic: The researcher's findings revealed that the assassinated effect was statistically significant across all samples.,Conversational: I've noticed the assassinated trend in our office culture and it's starting to concern me.,GRE: The professor described the ___ as a ___ that ___ the entire field of study. (fill in: assassinated)
2506,meagre,adjective,deficient in amount or quality or extent,scrimpy; meagerly; meager; stingy,ample,"Use ""meagre"" (adjective) when you want to convey deficient in amount or quality or extent. Appropriate in formal writing, GRE sentence-equivalence, and academic contexts where precision matters.","Avoid ""meagre"" in casual conversation among friends unless you are certain the listener will understand; it can sound pretentious. Also avoid when a simpler synonym suffices.",Academic: A key consideration in modern discourse is how the meagre principle shapes contemporary policy decisions.,"Conversational: Look, the meagre results speak for themselves — we can't ignore them any longer.","GRE: Despite the ___ nature of the evidence, the researchers remained ___ about their conclusions. (fill in: meagre)"
2507,chopped,adjective,prepared by cutting,shredded; hack; chop up; chop; sliced,,"Use ""chopped"" (adjective) when you want to convey prepared by cutting. Appropriate in formal writing, GRE sentence-equivalence, and academic contexts where precision matters.","Avoid ""chopped"" in casual conversation among friends unless you are certain the listener will understand; it can sound pretentious. Also avoid when a simpler synonym suffices.",Academic: A key consideration in modern discourse is how the chopped principle shapes contemporary policy decisions.,Conversational: I told him the chopped approach just wouldn't work here — we need to rethink this.,GRE: The committee's decision to ___ was met with both praise and criticism from stakeholders. (fill in: chopped)
2508,comose,adjective,of certain seeds (such as cotton) having a tuft or tufts of hair,comal; comate,,"Use ""comose"" (adjective) when you want to convey of certain seeds (such as cotton) having a tuft or tufts of hair. Appropriate in formal writing, GRE sentence-equivalence, and academic contexts where precision matters.","Avoid ""comose"" in casual conversation among friends unless you are certain the listener will understand; it can sound pretentious. Also avoid when a simpler synonym suffices.",Academic: The researcher's findings revealed that the comose effect was statistically significant across all samples.,Conversational: I told him the comose approach just wouldn't work here — we need to rethink this.,GRE: The author's ___ tone contrasted sharply with the ___ underlying message of the passage. (fill in: comose)
2509,mesmerised,adjective,having your attention fixated as though by a spell,bewitch; mesmerise; mesmerize; magnetise; spellbind; magnetize,,"Use ""mesmerised"" (adjective) when you want to convey having your attention fixated as though by a spell. Appropriate in formal writing, GRE sentence-equivalence, and academic contexts where precision matters.","Avoid ""mesmerised"" in casual conversation among friends unless you are certain the listener will understand; it can sound pretentious. Also avoid when a simpler synonym suffices.",Academic: The researcher's findings revealed that the mesmerised effect was statistically significant across all samples.,Conversational: I told him the mesmerised approach just wouldn't work here — we need to rethink this.,GRE: The author's ___ tone contrasted sharply with the ___ underlying message of the passage. (fill in: mesmerised)
2510,poached,adjective,cooked in hot water,poach; boiled; stewed,,"Use ""poached"" (adjective) when you want to convey cooked in hot water. Appropriate in formal writing, GRE sentence-equivalence, and academic contexts where precision matters.","Avoid ""poached"" in casual conversation among friends unless you are certain the listener will understand; it can sound pretentious. Also avoid when a simpler synonym suffices.",Academic: Contemporary scholars debate whether the poached hypothesis adequately explains the observed data.,Conversational: I've noticed the poached trend in our office culture and it's starting to concern me.,GRE: The author's ___ tone contrasted sharply with the ___ underlying message of the passage. (fill in: poached)
2511,hearing-impaired,adjective,having a hearing loss,hard-of-hearing,,"Use ""hearing-impaired"" (adjective) when you want to convey having a hearing loss. Appropriate in formal writing, GRE sentence-equivalence, and academic contexts where precision matters.","Avoid ""hearing-impaired"" in casual conversation among friends unless you are certain the listener will understand; it can sound pretentious. Also avoid when a simpler synonym suffices.",Academic: Contemporary scholars debate whether the hearing-impaired hypothesis adequately explains the observed data.,"Conversational: You know, it's pretty clear that the hearing-impaired situation needs our immediate attention.","GRE: Despite the ___ nature of the evidence, the researchers remained ___ about their conclusions. (fill in: hearing-impaired)"
2512,redeemable,adjective,susceptible to improvement or reform,reformable; cashable,,"Use ""redeemable"" (adjective) when you want to convey susceptible to improvement or reform. Appropriate in formal writing, GRE sentence-equivalence, and academic contexts where precision matters.","Avoid ""redeemable"" in casual conversation among friends unless you are certain the listener will understand; it can sound pretentious. Also avoid when a simpler synonym suffices.",Academic: The study concluded that the redeemable factor played a decisive role in the experimental outcome.,"Conversational: You know, it's pretty clear that the redeemable situation needs our immediate attention.",GRE: The committee's decision to ___ was met with both praise and criticism from stakeholders. (fill in: redeemable)
2513,corrupted,adjective,ruined in character or quality,corrupt; pervert; demoralize; debauch; demoralise; profane,,"Use ""corrupted"" (adjective) when you want to convey ruined in character or quality. Appropriate in formal writing, GRE sentence-equivalence, and academic contexts where precision matters.","Avoid ""corrupted"" in casual conversation among friends unless you are certain the listener will understand; it can sound pretentious. Also avoid when a simpler synonym suffices.",Academic: The researcher's findings revealed that the corrupted effect was statistically significant across all samples.,"Conversational: You know, it's pretty clear that the corrupted situation needs our immediate attention.","GRE: Despite the ___ nature of the evidence, the researchers remained ___ about their conclusions. (fill in: corrupted)"
2514,agonistical,adjective,striving to overcome in argument,combative; agonistic,,"Use ""agonistical"" (adjective) when you want to convey striving to overcome in argument. Appropriate in formal writing, GRE sentence-equivalence, and academic contexts where precision matters.","Avoid ""agonistical"" in casual conversation among friends unless you are certain the listener will understand; it can sound pretentious. Also avoid when a simpler synonym suffices.",Academic: A key consideration in modern discourse is how the agonistical principle shapes contemporary policy decisions.,"Conversational: Honestly, the agonistical behavior of the team has been a major source of tension lately.",GRE: The professor described the ___ as a ___ that ___ the entire field of study. (fill in: agonistical)
2515,autogamous,adjective,characterized by or fit for autogamy,autogamic,exogamous; endogamous,"Use ""autogamous"" (adjective) when you want to convey characterized by or fit for autogamy. Appropriate in formal writing, GRE sentence-equivalence, and academic contexts where precision matters.","Avoid ""autogamous"" in casual conversation among friends unless you are certain the listener will understand; it can sound pretentious. Also avoid when a simpler synonym suffices.",Academic: The researcher's findings revealed that the autogamous effect was statistically significant across all samples.,"Conversational: Look, the autogamous results speak for themselves — we can't ignore them any longer.",GRE: The author's ___ tone contrasted sharply with the ___ underlying message of the passage. (fill in: autogamous)
2516,epigrammatic,adjective,terse and witty and like a maxim,aphoristic; apothegmatic,,"Use ""epigrammatic"" (adjective) when you want to convey terse and witty and like a maxim. Appropriate in formal writing, GRE sentence-equivalence, and academic contexts where precision matters.","Avoid ""epigrammatic"" in casual conversation among friends unless you are certain the listener will understand; it can sound pretentious. Also avoid when a simpler synonym suffices.",Academic: Contemporary scholars debate whether the epigrammatic hypothesis adequately explains the observed data.,"Conversational: Honestly, the epigrammatic behavior of the team has been a major source of tension lately.",GRE: Analysts noted that the company's ___ strategy had ___ results in the last quarter. (fill in: epigrammatic)
2517,noncivilized,adjective,not having a high state of culture and social development,noncivilised,civilized,"Use ""noncivilized"" (adjective) when you want to convey not having a high state of culture and social development. Appropriate in formal writing, GRE sentence-equivalence, and academic contexts where precision matters.","Avoid ""noncivilized"" in casual conversation among friends unless you are certain the listener will understand; it can sound pretentious. Also avoid when a simpler synonym suffices.",Academic: A key consideration in modern discourse is how the noncivilized principle shapes contemporary policy decisions.,"Conversational: You know, it's pretty clear that the noncivilized situation needs our immediate attention.",GRE: The committee's decision to ___ was met with both praise and criticism from stakeholders. (fill in: noncivilized)
2518,alkalic,adjective,relating to or containing an alkali; having a pH greater than 7,alkaline,acidic; amphoteric,"Use ""alkalic"" (adjective) when you want to convey relating to or containing an alkali; having a ph greater than 7. Appropriate in formal writing, GRE sentence-equivalence, and academic contexts where precision matters.","Avoid ""alkalic"" in casual conversation among friends unless you are certain the listener will understand; it can sound pretentious. Also avoid when a simpler synonym suffices.",Academic: The researcher's findings revealed that the alkalic effect was statistically significant across all samples.,Conversational: I told him the alkalic approach just wouldn't work here — we need to rethink this.,GRE: Analysts noted that the company's ___ strategy had ___ results in the last quarter. (fill in: alkalic)
2519,bedaubed,adjective,ornamented in a vulgar or showy fashion,bedaub; besmear,,"Use ""bedaubed"" (adjective) when you want to convey ornamented in a vulgar or showy fashion. Appropriate in formal writing, GRE sentence-equivalence, and academic contexts where precision matters.","Avoid ""bedaubed"" in casual conversation among friends unless you are certain the listener will understand; it can sound pretentious. Also avoid when a simpler synonym suffices.",Academic: The researcher's findings revealed that the bedaubed effect was statistically significant across all samples.,"Conversational: Honestly, the bedaubed behavior of the team has been a major source of tension lately.",GRE: Analysts noted that the company's ___ strategy had ___ results in the last quarter. (fill in: bedaubed)
2520,tenebrous,adjective,dark and gloomy,tenebrious; tenebrific,,"Use ""tenebrous"" (adjective) when you want to convey dark and gloomy. Appropriate in formal writing, GRE sentence-equivalence, and academic contexts where precision matters.","Avoid ""tenebrous"" in casual conversation among friends unless you are certain the listener will understand; it can sound pretentious. Also avoid when a simpler synonym suffices.",Academic: The researcher's findings revealed that the tenebrous effect was statistically significant across all samples.,Conversational: I told him the tenebrous approach just wouldn't work here — we need to rethink this.,GRE: The committee's decision to ___ was met with both praise and criticism from stakeholders. (fill in: tenebrous)
2521,self-possessed,adjective,in full control of your faculties,poised; self-collected; equanimous; self-contained; collected,,"Use ""self-possessed"" (adjective) when you want to convey in full control of your faculties. Appropriate in formal writing, GRE sentence-equivalence, and academic contexts where precision matters.","Avoid ""self-possessed"" in casual conversation among friends unless you are certain the listener will understand; it can sound pretentious. Also avoid when a simpler synonym suffices.",Academic: The study concluded that the self-possessed factor played a decisive role in the experimental outcome.,"Conversational: You know, it's pretty clear that the self-possessed situation needs our immediate attention.",GRE: The committee's decision to ___ was met with both praise and criticism from stakeholders. (fill in: self-possessed)
2522,bodyless,adjective,having no trunk or main part,bodiless,,"Use ""bodyless"" (adjective) when you want to convey having no trunk or main part. Appropriate in formal writing, GRE sentence-equivalence, and academic contexts where precision matters.","Avoid ""bodyless"" in casual conversation among friends unless you are certain the listener will understand; it can sound pretentious. Also avoid when a simpler synonym suffices.","Academic: In the scholarly article, the author argued that the bodyless phenomenon could not be overlooked.","Conversational: Look, the bodyless results speak for themselves — we can't ignore them any longer.","GRE: Despite the ___ nature of the evidence, the researchers remained ___ about their conclusions. (fill in: bodyless)"
2523,unresentful,adjective,not resentful,,resentful,"Use ""unresentful"" (adjective) when you want to convey not resentful. Appropriate in formal writing, GRE sentence-equivalence, and academic contexts where precision matters.","Avoid ""unresentful"" in casual conversation among friends unless you are certain the listener will understand; it can sound pretentious. Also avoid when a simpler synonym suffices.","Academic: In the scholarly article, the author argued that the unresentful phenomenon could not be overlooked.",Conversational: I told him the unresentful approach just wouldn't work here — we need to rethink this.,GRE: The committee's decision to ___ was met with both praise and criticism from stakeholders. (fill in: unresentful)
2524,sinistrorsal,adjective,spiraling upward from right to left,sinistrorse,,"Use ""sinistrorsal"" (adjective) when you want to convey spiraling upward from right to left. Appropriate in formal writing, GRE sentence-equivalence, and academic contexts where precision matters.","Avoid ""sinistrorsal"" in casual conversation among friends unless you are certain the listener will understand; it can sound pretentious. Also avoid when a simpler synonym suffices.","Academic: In the scholarly article, the author argued that the sinistrorsal phenomenon could not be overlooked.",Conversational: I've noticed the sinistrorsal trend in our office culture and it's starting to concern me.,GRE: The author's ___ tone contrasted sharply with the ___ underlying message of the passage. (fill in: sinistrorsal)
2525,psychedelic,adjective,having the vivid colors and bizarre patterns associated with psychedelic states,,,"Use ""psychedelic"" (adjective) when you want to convey having the vivid colors and bizarre patterns associated with psychedelic states. Appropriate in formal writing, GRE sentence-equivalence, and academic contexts where precision matters.","Avoid ""psychedelic"" in casual conversation among friends unless you are certain the listener will understand; it can sound pretentious. Also avoid when a simpler synonym suffices.","Academic: In the scholarly article, the author argued that the psychedelic phenomenon could not be overlooked.","Conversational: Look, the psychedelic results speak for themselves — we can't ignore them any longer.",GRE: The committee's decision to ___ was met with both praise and criticism from stakeholders. (fill in: psychedelic)
2526,undermentioned,adjective,about to be mentioned or specified,following,,"Use ""undermentioned"" (adjective) when you want to convey about to be mentioned or specified. Appropriate in formal writing, GRE sentence-equivalence, and academic contexts where precision matters.","Avoid ""undermentioned"" in casual conversation among friends unless you are certain the listener will understand; it can sound pretentious. Also avoid when a simpler synonym suffices.",Academic: A key consideration in modern discourse is how the undermentioned principle shapes contemporary policy decisions.,"Conversational: You know, it's pretty clear that the undermentioned situation needs our immediate attention.",GRE: The committee's decision to ___ was met with both praise and criticism from stakeholders. (fill in: undermentioned)
2527,unrelenting,adjective,never-ceasing,inexorable; grim; stern; unforgiving; relentless; unappeasable,,"Use ""unrelenting"" (adjective) when you want to convey never-ceasing. Appropriate in formal writing, GRE sentence-equivalence, and academic contexts where precision matters.","Avoid ""unrelenting"" in casual conversation among friends unless you are certain the listener will understand; it can sound pretentious. Also avoid when a simpler synonym suffices.",Academic: A key consideration in modern discourse is how the unrelenting principle shapes contemporary policy decisions.,"Conversational: You know, it's pretty clear that the unrelenting situation needs our immediate attention.",GRE: The committee's decision to ___ was met with both praise and criticism from stakeholders. (fill in: unrelenting)
2528,unappendaged,adjective,not having an appendage,,appendaged,"Use ""unappendaged"" (adjective) when you want to convey not having an appendage. Appropriate in formal writing, GRE sentence-equivalence, and academic contexts where precision matters.","Avoid ""unappendaged"" in casual conversation among friends unless you are certain the listener will understand; it can sound pretentious. Also avoid when a simpler synonym suffices.","Academic: In the scholarly article, the author argued that the unappendaged phenomenon could not be overlooked.",Conversational: I've noticed the unappendaged trend in our office culture and it's starting to concern me.,GRE: Analysts noted that the company's ___ strategy had ___ results in the last quarter. (fill in: unappendaged)
2529,whippy,adjective,bending and snapping back readily without breaking,flexible,,"Use ""whippy"" (adjective) when you want to convey bending and snapping back readily without breaking. Appropriate in formal writing, GRE sentence-equivalence, and academic contexts where precision matters.","Avoid ""whippy"" in casual conversation among friends unless you are certain the listener will understand; it can sound pretentious. Also avoid when a simpler synonym suffices.",Academic: Contemporary scholars debate whether the whippy hypothesis adequately explains the observed data.,Conversational: I told him the whippy approach just wouldn't work here — we need to rethink this.,GRE: Analysts noted that the company's ___ strategy had ___ results in the last quarter. (fill in: whippy)
2530,salmon,adjective,of orange tinged with pink,Salmon River; pinkish-orange; pink-orange,,"Use ""salmon"" (adjective) when you want to convey of orange tinged with pink. Appropriate in formal writing, GRE sentence-equivalence, and academic contexts where precision matters.","Avoid ""salmon"" in casual conversation among friends unless you are certain the listener will understand; it can sound pretentious. Also avoid when a simpler synonym suffices.",Academic: A key consideration in modern discourse is how the salmon principle shapes contemporary policy decisions.,"Conversational: You know, it's pretty clear that the salmon situation needs our immediate attention.",GRE: The committee's decision to ___ was met with both praise and criticism from stakeholders. (fill in: salmon)
2531,flattering,adjective,showing or representing to advantage,blandish; flatter,unflattering; disparage,"Use ""flattering"" (adjective) when you want to convey showing or representing to advantage. Appropriate in formal writing, GRE sentence-equivalence, and academic contexts where precision matters.","Avoid ""flattering"" in casual conversation among friends unless you are certain the listener will understand; it can sound pretentious. Also avoid when a simpler synonym suffices.",Academic: The researcher's findings revealed that the flattering effect was statistically significant across all samples.,"Conversational: Honestly, the flattering behavior of the team has been a major source of tension lately.",GRE: The author's ___ tone contrasted sharply with the ___ underlying message of the passage. (fill in: flattering)
2532,neighboring,adjective,having a common boundary or edge; abutting; touching,conterminous; contiguous; adjacent; neighbor; neighbour,,"Use ""neighboring"" (adjective) when you want to convey having a common boundary or edge; abutting; touching. Appropriate in formal writing, GRE sentence-equivalence, and academic contexts where precision matters.","Avoid ""neighboring"" in casual conversation among friends unless you are certain the listener will understand; it can sound pretentious. Also avoid when a simpler synonym suffices.",Academic: A key consideration in modern discourse is how the neighboring principle shapes contemporary policy decisions.,"Conversational: Honestly, the neighboring behavior of the team has been a major source of tension lately.",GRE: Analysts noted that the company's ___ strategy had ___ results in the last quarter. (fill in: neighboring)
2533,blue-grey,adjective,of grey tinged with blue,bluish-grey; bluish-gray; blue-gray,,"Use ""blue-grey"" (adjective) when you want to convey of grey tinged with blue. Appropriate in formal writing, GRE sentence-equivalence, and academic contexts where precision matters.","Avoid ""blue-grey"" in casual conversation among friends unless you are certain the listener will understand; it can sound pretentious. Also avoid when a simpler synonym suffices.",Academic: Contemporary scholars debate whether the blue-grey hypothesis adequately explains the observed data.,Conversational: I've noticed the blue-grey trend in our office culture and it's starting to concern me.,GRE: Analysts noted that the company's ___ strategy had ___ results in the last quarter. (fill in: blue-grey)
2534,stemless,adjective,(of plants) having no apparent stem above ground,acaulescent,stemmed; caulescent,"Use ""stemless"" (adjective) when you want to convey (of plants) having no apparent stem above ground. Appropriate in formal writing, GRE sentence-equivalence, and academic contexts where precision matters.","Avoid ""stemless"" in casual conversation among friends unless you are certain the listener will understand; it can sound pretentious. Also avoid when a simpler synonym suffices.",Academic: Contemporary scholars debate whether the stemless hypothesis adequately explains the observed data.,Conversational: I've noticed the stemless trend in our office culture and it's starting to concern me.,GRE: The committee's decision to ___ was met with both praise and criticism from stakeholders. (fill in: stemless)
2535,beaming,adjective,cheerful and bright,beam; send; broadcast; air; transmit; shine,,"Use ""beaming"" (adjective) when you want to convey cheerful and bright. Appropriate in formal writing, GRE sentence-equivalence, and academic contexts where precision matters.","Avoid ""beaming"" in casual conversation among friends unless you are certain the listener will understand; it can sound pretentious. Also avoid when a simpler synonym suffices.","Academic: In the scholarly article, the author argued that the beaming phenomenon could not be overlooked.",Conversational: I've noticed the beaming trend in our office culture and it's starting to concern me.,GRE: The committee's decision to ___ was met with both praise and criticism from stakeholders. (fill in: beaming)
2536,pastel,adjective,lacking in body or vigor,,,"Use ""pastel"" (adjective) when you want to convey lacking in body or vigor. Appropriate in formal writing, GRE sentence-equivalence, and academic contexts where precision matters.","Avoid ""pastel"" in casual conversation among friends unless you are certain the listener will understand; it can sound pretentious. Also avoid when a simpler synonym suffices.",Academic: Contemporary scholars debate whether the pastel hypothesis adequately explains the observed data.,Conversational: I told him the pastel approach just wouldn't work here — we need to rethink this.,GRE: Analysts noted that the company's ___ strategy had ___ results in the last quarter. (fill in: pastel)
2537,scrubbed,adjective,made clean by scrubbing,scrub up; scour; call off; scratch; scrub; cancel,,"Use ""scrubbed"" (adjective) when you want to convey made clean by scrubbing. Appropriate in formal writing, GRE sentence-equivalence, and academic contexts where precision matters.","Avoid ""scrubbed"" in casual conversation among friends unless you are certain the listener will understand; it can sound pretentious. Also avoid when a simpler synonym suffices.",Academic: A key consideration in modern discourse is how the scrubbed principle shapes contemporary policy decisions.,Conversational: I told him the scrubbed approach just wouldn't work here — we need to rethink this.,GRE: The author's ___ tone contrasted sharply with the ___ underlying message of the passage. (fill in: scrubbed)
2538,unpublishable,adjective,not suitable for publication,,publishable,"Use ""unpublishable"" (adjective) when you want to convey not suitable for publication. Appropriate in formal writing, GRE sentence-equivalence, and academic contexts where precision matters.","Avoid ""unpublishable"" in casual conversation among friends unless you are certain the listener will understand; it can sound pretentious. Also avoid when a simpler synonym suffices.","Academic: In the scholarly article, the author argued that the unpublishable phenomenon could not be overlooked.","Conversational: You know, it's pretty clear that the unpublishable situation needs our immediate attention.",GRE: Analysts noted that the company's ___ strategy had ___ results in the last quarter. (fill in: unpublishable)
2539,antiseptic,adjective,clean and honest,,septic,"Use ""antiseptic"" (adjective) when you want to convey clean and honest. Appropriate in formal writing, GRE sentence-equivalence, and academic contexts where precision matters.","Avoid ""antiseptic"" in casual conversation among friends unless you are certain the listener will understand; it can sound pretentious. Also avoid when a simpler synonym suffices.",Academic: Contemporary scholars debate whether the antiseptic hypothesis adequately explains the observed data.,"Conversational: Look, the antiseptic results speak for themselves — we can't ignore them any longer.",GRE: The professor described the ___ as a ___ that ___ the entire field of study. (fill in: antiseptic)
2540,botonee,adjective,(of a heraldic cross) having a cluster of three buttons or knobs at the end of each arm,botonnee,,"Use ""botonee"" (adjective) when you want to convey (of a heraldic cross) having a cluster of three buttons or knobs at the end of each arm. Appropriate in formal writing, GRE sentence-equivalence, and academic contexts where precision matters.","Avoid ""botonee"" in casual conversation among friends unless you are certain the listener will understand; it can sound pretentious. Also avoid when a simpler synonym suffices.",Academic: Contemporary scholars debate whether the botonee hypothesis adequately explains the observed data.,Conversational: I told him the botonee approach just wouldn't work here — we need to rethink this.,"GRE: Despite the ___ nature of the evidence, the researchers remained ___ about their conclusions. (fill in: botonee)"
2541,crushing,adjective,physically or spiritually devastating; often used in combination,suppression; suppress; quelling; oppress; crush; stifling,,"Use ""crushing"" (adjective) when you want to convey physically or spiritually devastating; often used in combination. Appropriate in formal writing, GRE sentence-equivalence, and academic contexts where precision matters.","Avoid ""crushing"" in casual conversation among friends unless you are certain the listener will understand; it can sound pretentious. Also avoid when a simpler synonym suffices.","Academic: In the scholarly article, the author argued that the crushing phenomenon could not be overlooked.",Conversational: I told him the crushing approach just wouldn't work here — we need to rethink this.,GRE: The professor described the ___ as a ___ that ___ the entire field of study. (fill in: crushing)
2542,inflammable,adjective,easily ignited,flammable,,"Use ""inflammable"" (adjective) when you want to convey easily ignited. Appropriate in formal writing, GRE sentence-equivalence, and academic contexts where precision matters.","Avoid ""inflammable"" in casual conversation among friends unless you are certain the listener will understand; it can sound pretentious. Also avoid when a simpler synonym suffices.",Academic: The study concluded that the inflammable factor played a decisive role in the experimental outcome.,"Conversational: Look, the inflammable results speak for themselves — we can't ignore them any longer.",GRE: Analysts noted that the company's ___ strategy had ___ results in the last quarter. (fill in: inflammable)
2543,monounsaturated,adjective,(of long-chain carbon compounds especially fats) saturated except for one multiple bond,,,"Use ""monounsaturated"" (adjective) when you want to convey (of long-chain carbon compounds especially fats) saturated except for one multiple bond. Appropriate in formal writing, GRE sentence-equivalence, and academic contexts where precision matters.","Avoid ""monounsaturated"" in casual conversation among friends unless you are certain the listener will understand; it can sound pretentious. Also avoid when a simpler synonym suffices.",Academic: Contemporary scholars debate whether the monounsaturated hypothesis adequately explains the observed data.,Conversational: I told him the monounsaturated approach just wouldn't work here — we need to rethink this.,"GRE: Despite the ___ nature of the evidence, the researchers remained ___ about their conclusions. (fill in: monounsaturated)"
2544,destructive-metabolic,adjective,of or relating to catabolism,energy-releasing,,"Use ""destructive-metabolic"" (adjective) when you want to convey of or relating to catabolism. Appropriate in formal writing, GRE sentence-equivalence, and academic contexts where precision matters.","Avoid ""destructive-metabolic"" in casual conversation among friends unless you are certain the listener will understand; it can sound pretentious. Also avoid when a simpler synonym suffices.","Academic: In the scholarly article, the author argued that the destructive-metabolic phenomenon could not be overlooked.","Conversational: Honestly, the destructive-metabolic behavior of the team has been a major source of tension lately.",GRE: The committee's decision to ___ was met with both praise and criticism from stakeholders. (fill in: destructive-metabolic)
2545,detonative,adjective,exploding almost instantaneously,,,"Use ""detonative"" (adjective) when you want to convey exploding almost instantaneously. Appropriate in formal writing, GRE sentence-equivalence, and academic contexts where precision matters.","Avoid ""detonative"" in casual conversation among friends unless you are certain the listener will understand; it can sound pretentious. Also avoid when a simpler synonym suffices.",Academic: The study concluded that the detonative factor played a decisive role in the experimental outcome.,"Conversational: You know, it's pretty clear that the detonative situation needs our immediate attention.",GRE: The author's ___ tone contrasted sharply with the ___ underlying message of the passage. (fill in: detonative)
2546,non-negotiable,adjective,cannot be bought or sold,,,"Use ""non-negotiable"" (adjective) when you want to convey cannot be bought or sold. Appropriate in formal writing, GRE sentence-equivalence, and academic contexts where precision matters.","Avoid ""non-negotiable"" in casual conversation among friends unless you are certain the listener will understand; it can sound pretentious. Also avoid when a simpler synonym suffices.",Academic: The researcher's findings revealed that the non-negotiable effect was statistically significant across all samples.,"Conversational: Look, the non-negotiable results speak for themselves — we can't ignore them any longer.",GRE: The professor described the ___ as a ___ that ___ the entire field of study. (fill in: non-negotiable)
2547,half-clothed,adjective,inadequately clothed,scantily clad; underclothed,,"Use ""half-clothed"" (adjective) when you want to convey inadequately clothed. Appropriate in formal writing, GRE sentence-equivalence, and academic contexts where precision matters.","Avoid ""half-clothed"" in casual conversation among friends unless you are certain the listener will understand; it can sound pretentious. Also avoid when a simpler synonym suffices.",Academic: A key consideration in modern discourse is how the half-clothed principle shapes contemporary policy decisions.,Conversational: I've noticed the half-clothed trend in our office culture and it's starting to concern me.,GRE: The committee's decision to ___ was met with both praise and criticism from stakeholders. (fill in: half-clothed)
2548,centrifugal,adjective,tending to move away from a center,motor,centripetal,"Use ""centrifugal"" (adjective) when you want to convey tending to move away from a center. Appropriate in formal writing, GRE sentence-equivalence, and academic contexts where precision matters.","Avoid ""centrifugal"" in casual conversation among friends unless you are certain the listener will understand; it can sound pretentious. Also avoid when a simpler synonym suffices.","Academic: In the scholarly article, the author argued that the centrifugal phenomenon could not be overlooked.","Conversational: Honestly, the centrifugal behavior of the team has been a major source of tension lately.","GRE: Despite the ___ nature of the evidence, the researchers remained ___ about their conclusions. (fill in: centrifugal)"
2549,businesslike,adjective,exhibiting methodical and systematic characteristics that would be useful in business,earnest,,"Use ""businesslike"" (adjective) when you want to convey exhibiting methodical and systematic characteristics that would be useful in business. Appropriate in formal writing, GRE sentence-equivalence, and academic contexts where precision matters.","Avoid ""businesslike"" in casual conversation among friends unless you are certain the listener will understand; it can sound pretentious. Also avoid when a simpler synonym suffices.","Academic: In the scholarly article, the author argued that the businesslike phenomenon could not be overlooked.","Conversational: Look, the businesslike results speak for themselves — we can't ignore them any longer.",GRE: The professor described the ___ as a ___ that ___ the entire field of study. (fill in: businesslike)
2550,inculpative,adjective,causing blame to be imputed to,inculpatory,exculpatory,"Use ""inculpative"" (adjective) when you want to convey causing blame to be imputed to. Appropriate in formal writing, GRE sentence-equivalence, and academic contexts where precision matters.","Avoid ""inculpative"" in casual conversation among friends unless you are certain the listener will understand; it can sound pretentious. Also avoid when a simpler synonym suffices.",Academic: The study concluded that the inculpative factor played a decisive role in the experimental outcome.,Conversational: I've noticed the inculpative trend in our office culture and it's starting to concern me.,GRE: The professor described the ___ as a ___ that ___ the entire field of study. (fill in: inculpative)
2551,head-on,adjective,meeting front to front,frontal,,"Use ""head-on"" (adjective) when you want to convey meeting front to front. Appropriate in formal writing, GRE sentence-equivalence, and academic contexts where precision matters.","Avoid ""head-on"" in casual conversation among friends unless you are certain the listener will understand; it can sound pretentious. Also avoid when a simpler synonym suffices.",Academic: The study concluded that the head-on factor played a decisive role in the experimental outcome.,Conversational: I told him the head-on approach just wouldn't work here — we need to rethink this.,GRE: The author's ___ tone contrasted sharply with the ___ underlying message of the passage. (fill in: head-on)
2552,unnerved,adjective,deprived of courage and strength,enervate; unsettle; unnerve; faze,,"Use ""unnerved"" (adjective) when you want to convey deprived of courage and strength. Appropriate in formal writing, GRE sentence-equivalence, and academic contexts where precision matters.","Avoid ""unnerved"" in casual conversation among friends unless you are certain the listener will understand; it can sound pretentious. Also avoid when a simpler synonym suffices.",Academic: The study concluded that the unnerved factor played a decisive role in the experimental outcome.,"Conversational: Honestly, the unnerved behavior of the team has been a major source of tension lately.","GRE: Despite the ___ nature of the evidence, the researchers remained ___ about their conclusions. (fill in: unnerved)"
2553,polycrystalline,adjective,composed of aggregates of crystals,,,"Use ""polycrystalline"" (adjective) when you want to convey composed of aggregates of crystals. Appropriate in formal writing, GRE sentence-equivalence, and academic contexts where precision matters.","Avoid ""polycrystalline"" in casual conversation among friends unless you are certain the listener will understand; it can sound pretentious. Also avoid when a simpler synonym suffices.",Academic: The researcher's findings revealed that the polycrystalline effect was statistically significant across all samples.,"Conversational: You know, it's pretty clear that the polycrystalline situation needs our immediate attention.","GRE: Despite the ___ nature of the evidence, the researchers remained ___ about their conclusions. (fill in: polycrystalline)"
2554,respective,adjective,considered individually,several; various,,"Use ""respective"" (adjective) when you want to convey considered individually. Appropriate in formal writing, GRE sentence-equivalence, and academic contexts where precision matters.","Avoid ""respective"" in casual conversation among friends unless you are certain the listener will understand; it can sound pretentious. Also avoid when a simpler synonym suffices.",Academic: A key consideration in modern discourse is how the respective principle shapes contemporary policy decisions.,Conversational: I told him the respective approach just wouldn't work here — we need to rethink this.,GRE: The committee's decision to ___ was met with both praise and criticism from stakeholders. (fill in: respective)
2555,pastelike,adjective,resembling paste in color; pallid,pasty,,"Use ""pastelike"" (adjective) when you want to convey resembling paste in color; pallid. Appropriate in formal writing, GRE sentence-equivalence, and academic contexts where precision matters.","Avoid ""pastelike"" in casual conversation among friends unless you are certain the listener will understand; it can sound pretentious. Also avoid when a simpler synonym suffices.",Academic: The study concluded that the pastelike factor played a decisive role in the experimental outcome.,"Conversational: You know, it's pretty clear that the pastelike situation needs our immediate attention.","GRE: Despite the ___ nature of the evidence, the researchers remained ___ about their conclusions. (fill in: pastelike)"
2556,unmechanical,adjective,(of a person) lacking mechanical skills,nonmechanical,,"Use ""unmechanical"" (adjective) when you want to convey (of a person) lacking mechanical skills. Appropriate in formal writing, GRE sentence-equivalence, and academic contexts where precision matters.","Avoid ""unmechanical"" in casual conversation among friends unless you are certain the listener will understand; it can sound pretentious. Also avoid when a simpler synonym suffices.",Academic: The study concluded that the unmechanical factor played a decisive role in the experimental outcome.,Conversational: I've noticed the unmechanical trend in our office culture and it's starting to concern me.,GRE: The committee's decision to ___ was met with both praise and criticism from stakeholders. (fill in: unmechanical)
2557,porose,adjective,forming a continuous series of pores,,,"Use ""porose"" (adjective) when you want to convey forming a continuous series of pores. Appropriate in formal writing, GRE sentence-equivalence, and academic contexts where precision matters.","Avoid ""porose"" in casual conversation among friends unless you are certain the listener will understand; it can sound pretentious. Also avoid when a simpler synonym suffices.","Academic: In the scholarly article, the author argued that the porose phenomenon could not be overlooked.",Conversational: I told him the porose approach just wouldn't work here — we need to rethink this.,"GRE: Despite the ___ nature of the evidence, the researchers remained ___ about their conclusions. (fill in: porose)"
2558,uncoupled,adjective,having the coupling undone,uncouple; decouple,couple,"Use ""uncoupled"" (adjective) when you want to convey having the coupling undone. Appropriate in formal writing, GRE sentence-equivalence, and academic contexts where precision matters.","Avoid ""uncoupled"" in casual conversation among friends unless you are certain the listener will understand; it can sound pretentious. Also avoid when a simpler synonym suffices.",Academic: The study concluded that the uncoupled factor played a decisive role in the experimental outcome.,Conversational: I've noticed the uncoupled trend in our office culture and it's starting to concern me.,GRE: The committee's decision to ___ was met with both praise and criticism from stakeholders. (fill in: uncoupled)
2559,no-nonsense,adjective,not tolerating irrelevancies,,,"Use ""no-nonsense"" (adjective) when you want to convey not tolerating irrelevancies. Appropriate in formal writing, GRE sentence-equivalence, and academic contexts where precision matters.","Avoid ""no-nonsense"" in casual conversation among friends unless you are certain the listener will understand; it can sound pretentious. Also avoid when a simpler synonym suffices.",Academic: The researcher's findings revealed that the no-nonsense effect was statistically significant across all samples.,"Conversational: You know, it's pretty clear that the no-nonsense situation needs our immediate attention.",GRE: The professor described the ___ as a ___ that ___ the entire field of study. (fill in: no-nonsense)
2560,lightsome,adjective,carefree and happy and lighthearted,light; tripping; light-hearted; lighthearted; blithe; blithesome,,"Use ""lightsome"" (adjective) when you want to convey carefree and happy and lighthearted. Appropriate in formal writing, GRE sentence-equivalence, and academic contexts where precision matters.","Avoid ""lightsome"" in casual conversation among friends unless you are certain the listener will understand; it can sound pretentious. Also avoid when a simpler synonym suffices.",Academic: The researcher's findings revealed that the lightsome effect was statistically significant across all samples.,"Conversational: Honestly, the lightsome behavior of the team has been a major source of tension lately.",GRE: Analysts noted that the company's ___ strategy had ___ results in the last quarter. (fill in: lightsome)
2561,investigatory,adjective,designed to find information or ascertain facts,fact-finding; investigative,,"Use ""investigatory"" (adjective) when you want to convey designed to find information or ascertain facts. Appropriate in formal writing, GRE sentence-equivalence, and academic contexts where precision matters.","Avoid ""investigatory"" in casual conversation among friends unless you are certain the listener will understand; it can sound pretentious. Also avoid when a simpler synonym suffices.",Academic: Contemporary scholars debate whether the investigatory hypothesis adequately explains the observed data.,"Conversational: Look, the investigatory results speak for themselves — we can't ignore them any longer.",GRE: The committee's decision to ___ was met with both praise and criticism from stakeholders. (fill in: investigatory)
2562,unstudied,adjective,lacking knowledge gained by study often in a particular field,uncontrived,studied,"Use ""unstudied"" (adjective) when you want to convey lacking knowledge gained by study often in a particular field. Appropriate in formal writing, GRE sentence-equivalence, and academic contexts where precision matters.","Avoid ""unstudied"" in casual conversation among friends unless you are certain the listener will understand; it can sound pretentious. Also avoid when a simpler synonym suffices.",Academic: The researcher's findings revealed that the unstudied effect was statistically significant across all samples.,"Conversational: Look, the unstudied results speak for themselves — we can't ignore them any longer.","GRE: Despite the ___ nature of the evidence, the researchers remained ___ about their conclusions. (fill in: unstudied)"
2563,infernal,adjective,expletives used informally as intensifiers,fiendish; unholy; satanic; diabolic; demonic; hellish,supernal,"Use ""infernal"" (adjective) when you want to convey expletives used informally as intensifiers. Appropriate in formal writing, GRE sentence-equivalence, and academic contexts where precision matters.","Avoid ""infernal"" in casual conversation among friends unless you are certain the listener will understand; it can sound pretentious. Also avoid when a simpler synonym suffices.",Academic: A key consideration in modern discourse is how the infernal principle shapes contemporary policy decisions.,Conversational: I've noticed the infernal trend in our office culture and it's starting to concern me.,GRE: The author's ___ tone contrasted sharply with the ___ underlying message of the passage. (fill in: infernal)
2564,radiopaque,adjective,not transparent to X-rays or other forms of radiation,radio-opaque,radiolucent,"Use ""radiopaque"" (adjective) when you want to convey not transparent to x-rays or other forms of radiation. Appropriate in formal writing, GRE sentence-equivalence, and academic contexts where precision matters.","Avoid ""radiopaque"" in casual conversation among friends unless you are certain the listener will understand; it can sound pretentious. Also avoid when a simpler synonym suffices.",Academic: A key consideration in modern discourse is how the radiopaque principle shapes contemporary policy decisions.,"Conversational: Look, the radiopaque results speak for themselves — we can't ignore them any longer.",GRE: The professor described the ___ as a ___ that ___ the entire field of study. (fill in: radiopaque)
2565,humiliating,adjective,causing awareness of your shortcomings,chagrin; abase; demeaning; mortifying; humble; mortify,,"Use ""humiliating"" (adjective) when you want to convey causing awareness of your shortcomings. Appropriate in formal writing, GRE sentence-equivalence, and academic contexts where precision matters.","Avoid ""humiliating"" in casual conversation among friends unless you are certain the listener will understand; it can sound pretentious. Also avoid when a simpler synonym suffices.",Academic: The study concluded that the humiliating factor played a decisive role in the experimental outcome.,Conversational: I've noticed the humiliating trend in our office culture and it's starting to concern me.,"GRE: Despite the ___ nature of the evidence, the researchers remained ___ about their conclusions. (fill in: humiliating)"
2566,lighting-up,adjective,turning lights on,,,"Use ""lighting-up"" (adjective) when you want to convey turning lights on. Appropriate in formal writing, GRE sentence-equivalence, and academic contexts where precision matters.","Avoid ""lighting-up"" in casual conversation among friends unless you are certain the listener will understand; it can sound pretentious. Also avoid when a simpler synonym suffices.",Academic: The study concluded that the lighting-up factor played a decisive role in the experimental outcome.,Conversational: I've noticed the lighting-up trend in our office culture and it's starting to concern me.,GRE: The professor described the ___ as a ___ that ___ the entire field of study. (fill in: lighting-up)
2567,pestiferous,adjective,causing irritation or annoyance,corruptive; pestilent; dirty; plaguey; pestilential; perversive,,"Use ""pestiferous"" (adjective) when you want to convey causing irritation or annoyance. Appropriate in formal writing, GRE sentence-equivalence, and academic contexts where precision matters.","Avoid ""pestiferous"" in casual conversation among friends unless you are certain the listener will understand; it can sound pretentious. Also avoid when a simpler synonym suffices.",Academic: The researcher's findings revealed that the pestiferous effect was statistically significant across all samples.,"Conversational: Look, the pestiferous results speak for themselves — we can't ignore them any longer.",GRE: The committee's decision to ___ was met with both praise and criticism from stakeholders. (fill in: pestiferous)
2568,proportional,adjective,having a constant ratio,relative,,"Use ""proportional"" (adjective) when you want to convey having a constant ratio. Appropriate in formal writing, GRE sentence-equivalence, and academic contexts where precision matters.","Avoid ""proportional"" in casual conversation among friends unless you are certain the listener will understand; it can sound pretentious. Also avoid when a simpler synonym suffices.","Academic: In the scholarly article, the author argued that the proportional phenomenon could not be overlooked.","Conversational: Honestly, the proportional behavior of the team has been a major source of tension lately.","GRE: Despite the ___ nature of the evidence, the researchers remained ___ about their conclusions. (fill in: proportional)"
2569,acropetal,adjective,of leaves or flowers; developing or opening in succession from base to apex,,basipetal,"Use ""acropetal"" (adjective) when you want to convey of leaves or flowers; developing or opening in succession from base to apex. Appropriate in formal writing, GRE sentence-equivalence, and academic contexts where precision matters.","Avoid ""acropetal"" in casual conversation among friends unless you are certain the listener will understand; it can sound pretentious. Also avoid when a simpler synonym suffices.",Academic: The study concluded that the acropetal factor played a decisive role in the experimental outcome.,Conversational: I told him the acropetal approach just wouldn't work here — we need to rethink this.,GRE: Analysts noted that the company's ___ strategy had ___ results in the last quarter. (fill in: acropetal)
2570,cool-white,adjective,of white tinged with blue,blue-white; bluish-white,,"Use ""cool-white"" (adjective) when you want to convey of white tinged with blue. Appropriate in formal writing, GRE sentence-equivalence, and academic contexts where precision matters.","Avoid ""cool-white"" in casual conversation among friends unless you are certain the listener will understand; it can sound pretentious. Also avoid when a simpler synonym suffices.","Academic: In the scholarly article, the author argued that the cool-white phenomenon could not be overlooked.","Conversational: You know, it's pretty clear that the cool-white situation needs our immediate attention.",GRE: The committee's decision to ___ was met with both praise and criticism from stakeholders. (fill in: cool-white)
2571,collapsible,adjective,capable of collapsing or being collapsed,collapsable,noncollapsible,"Use ""collapsible"" (adjective) when you want to convey capable of collapsing or being collapsed. Appropriate in formal writing, GRE sentence-equivalence, and academic contexts where precision matters.","Avoid ""collapsible"" in casual conversation among friends unless you are certain the listener will understand; it can sound pretentious. Also avoid when a simpler synonym suffices.","Academic: In the scholarly article, the author argued that the collapsible phenomenon could not be overlooked.","Conversational: Look, the collapsible results speak for themselves — we can't ignore them any longer.",GRE: The committee's decision to ___ was met with both praise and criticism from stakeholders. (fill in: collapsible)
2572,abducent,adjective,especially of muscles; drawing away from the midline of the body or from an adjacent part,abducent nerve; nervus abducens; abducens nerve; sixth cranial nerve; abducting; abducens,adducent,"Use ""abducent"" (adjective) when you want to convey especially of muscles; drawing away from the midline of the body or from an adjacent part. Appropriate in formal writing, GRE sentence-equivalence, and academic contexts where precision matters.","Avoid ""abducent"" in casual conversation among friends unless you are certain the listener will understand; it can sound pretentious. Also avoid when a simpler synonym suffices.",Academic: The researcher's findings revealed that the abducent effect was statistically significant across all samples.,"Conversational: Look, the abducent results speak for themselves — we can't ignore them any longer.",GRE: The author's ___ tone contrasted sharply with the ___ underlying message of the passage. (fill in: abducent)
2573,totaled,adjective,used of automobiles; completely demolished,sum; tally; add together; tot; come; tot up,,"Use ""totaled"" (adjective) when you want to convey used of automobiles; completely demolished. Appropriate in formal writing, GRE sentence-equivalence, and academic contexts where precision matters.","Avoid ""totaled"" in casual conversation among friends unless you are certain the listener will understand; it can sound pretentious. Also avoid when a simpler synonym suffices.",Academic: A key consideration in modern discourse is how the totaled principle shapes contemporary policy decisions.,Conversational: I told him the totaled approach just wouldn't work here — we need to rethink this.,GRE: The professor described the ___ as a ___ that ___ the entire field of study. (fill in: totaled)
2574,blurred,adjective,unclear in form or expression; ; - H.G.Wells,film over; obscure; obnubilate; confuse; glaze over; blur,focus,"Use ""blurred"" (adjective) when you want to convey unclear in form or expression; ; - h.g.wells. Appropriate in formal writing, GRE sentence-equivalence, and academic contexts where precision matters.","Avoid ""blurred"" in casual conversation among friends unless you are certain the listener will understand; it can sound pretentious. Also avoid when a simpler synonym suffices.",Academic: Contemporary scholars debate whether the blurred hypothesis adequately explains the observed data.,Conversational: I've noticed the blurred trend in our office culture and it's starting to concern me.,GRE: The committee's decision to ___ was met with both praise and criticism from stakeholders. (fill in: blurred)
2575,brickly,adjective,having little elasticity; hence easily cracked or fractured or snapped,brittle; brickle,,"Use ""brickly"" (adjective) when you want to convey having little elasticity; hence easily cracked or fractured or snapped. Appropriate in formal writing, GRE sentence-equivalence, and academic contexts where precision matters.","Avoid ""brickly"" in casual conversation among friends unless you are certain the listener will understand; it can sound pretentious. Also avoid when a simpler synonym suffices.","Academic: In the scholarly article, the author argued that the brickly phenomenon could not be overlooked.",Conversational: I've noticed the brickly trend in our office culture and it's starting to concern me.,"GRE: Despite the ___ nature of the evidence, the researchers remained ___ about their conclusions. (fill in: brickly)"
2576,dignified,adjective,having or expressing dignity; especially formality or stateliness in bearing or appearance,self-respectful; dignify; self-respecting; ennoble,undignified,"Use ""dignified"" (adjective) when you want to convey having or expressing dignity; especially formality or stateliness in bearing or appearance. Appropriate in formal writing, GRE sentence-equivalence, and academic contexts where precision matters.","Avoid ""dignified"" in casual conversation among friends unless you are certain the listener will understand; it can sound pretentious. Also avoid when a simpler synonym suffices.",Academic: The study concluded that the dignified factor played a decisive role in the experimental outcome.,Conversational: I told him the dignified approach just wouldn't work here — we need to rethink this.,GRE: The professor described the ___ as a ___ that ___ the entire field of study. (fill in: dignified)
2577,sharp-eared,adjective,having keen hearing,quick-eared,,"Use ""sharp-eared"" (adjective) when you want to convey having keen hearing. Appropriate in formal writing, GRE sentence-equivalence, and academic contexts where precision matters.","Avoid ""sharp-eared"" in casual conversation among friends unless you are certain the listener will understand; it can sound pretentious. Also avoid when a simpler synonym suffices.",Academic: The study concluded that the sharp-eared factor played a decisive role in the experimental outcome.,"Conversational: Look, the sharp-eared results speak for themselves — we can't ignore them any longer.",GRE: The author's ___ tone contrasted sharply with the ___ underlying message of the passage. (fill in: sharp-eared)
2578,enthralling,adjective,capturing interest as if by a spell,delight; enthrall; ravish; transport; enrapture; enthral,disenchant,"Use ""enthralling"" (adjective) when you want to convey capturing interest as if by a spell. Appropriate in formal writing, GRE sentence-equivalence, and academic contexts where precision matters.","Avoid ""enthralling"" in casual conversation among friends unless you are certain the listener will understand; it can sound pretentious. Also avoid when a simpler synonym suffices.",Academic: A key consideration in modern discourse is how the enthralling principle shapes contemporary policy decisions.,Conversational: I've noticed the enthralling trend in our office culture and it's starting to concern me.,GRE: The professor described the ___ as a ___ that ___ the entire field of study. (fill in: enthralling)
2579,nontelescoping,adjective,not telescopic,nontelescopic,,"Use ""nontelescoping"" (adjective) when you want to convey not telescopic. Appropriate in formal writing, GRE sentence-equivalence, and academic contexts where precision matters.","Avoid ""nontelescoping"" in casual conversation among friends unless you are certain the listener will understand; it can sound pretentious. Also avoid when a simpler synonym suffices.",Academic: Contemporary scholars debate whether the nontelescoping hypothesis adequately explains the observed data.,Conversational: I've noticed the nontelescoping trend in our office culture and it's starting to concern me.,GRE: The committee's decision to ___ was met with both praise and criticism from stakeholders. (fill in: nontelescoping)
2580,preparative,adjective,preceding and preparing for something,preparatory; propaedeutic,,"Use ""preparative"" (adjective) when you want to convey preceding and preparing for something. Appropriate in formal writing, GRE sentence-equivalence, and academic contexts where precision matters.","Avoid ""preparative"" in casual conversation among friends unless you are certain the listener will understand; it can sound pretentious. Also avoid when a simpler synonym suffices.","Academic: In the scholarly article, the author argued that the preparative phenomenon could not be overlooked.","Conversational: Look, the preparative results speak for themselves — we can't ignore them any longer.",GRE: The committee's decision to ___ was met with both praise and criticism from stakeholders. (fill in: preparative)
2581,hearing,adjective,able to perceive sound,listening; earreach; earshot; sense of hearing; auditory modality; auditory sense,deaf,"Use ""hearing"" (adjective) when you want to convey able to perceive sound. Appropriate in formal writing, GRE sentence-equivalence, and academic contexts where precision matters.","Avoid ""hearing"" in casual conversation among friends unless you are certain the listener will understand; it can sound pretentious. Also avoid when a simpler synonym suffices.",Academic: The study concluded that the hearing factor played a decisive role in the experimental outcome.,"Conversational: Look, the hearing results speak for themselves — we can't ignore them any longer.",GRE: The professor described the ___ as a ___ that ___ the entire field of study. (fill in: hearing)
2582,instant,adjective,demanding attention; ; ; - H.L.Mencken,wink; heartbeat; blink of an eye; New York minute; split second; flash,,"Use ""instant"" (adjective) when you want to convey demanding attention; ; ; - h.l.mencken. Appropriate in formal writing, GRE sentence-equivalence, and academic contexts where precision matters.","Avoid ""instant"" in casual conversation among friends unless you are certain the listener will understand; it can sound pretentious. Also avoid when a simpler synonym suffices.",Academic: The study concluded that the instant factor played a decisive role in the experimental outcome.,"Conversational: Look, the instant results speak for themselves — we can't ignore them any longer.","GRE: Despite the ___ nature of the evidence, the researchers remained ___ about their conclusions. (fill in: instant)"
2583,greenish-gray,adjective,of grey tinged with green,greenish-grey,,"Use ""greenish-gray"" (adjective) when you want to convey of grey tinged with green. Appropriate in formal writing, GRE sentence-equivalence, and academic contexts where precision matters.","Avoid ""greenish-gray"" in casual conversation among friends unless you are certain the listener will understand; it can sound pretentious. Also avoid when a simpler synonym suffices.","Academic: In the scholarly article, the author argued that the greenish-gray phenomenon could not be overlooked.","Conversational: You know, it's pretty clear that the greenish-gray situation needs our immediate attention.",GRE: Analysts noted that the company's ___ strategy had ___ results in the last quarter. (fill in: greenish-gray)
2584,completed,adjective,successfully completed or brought to an end,finish; dispatch; discharge; make out; complete; fill in,,"Use ""completed"" (adjective) when you want to convey successfully completed or brought to an end. Appropriate in formal writing, GRE sentence-equivalence, and academic contexts where precision matters.","Avoid ""completed"" in casual conversation among friends unless you are certain the listener will understand; it can sound pretentious. Also avoid when a simpler synonym suffices.",Academic: Contemporary scholars debate whether the completed hypothesis adequately explains the observed data.,"Conversational: Honestly, the completed behavior of the team has been a major source of tension lately.",GRE: Analysts noted that the company's ___ strategy had ___ results in the last quarter. (fill in: completed)
2585,traveled,adjective,familiar with many parts of the world,locomote; journey; jaunt; go; move; travel,untraveled; stay in place,"Use ""traveled"" (adjective) when you want to convey familiar with many parts of the world. Appropriate in formal writing, GRE sentence-equivalence, and academic contexts where precision matters.","Avoid ""traveled"" in casual conversation among friends unless you are certain the listener will understand; it can sound pretentious. Also avoid when a simpler synonym suffices.",Academic: The study concluded that the traveled factor played a decisive role in the experimental outcome.,"Conversational: Look, the traveled results speak for themselves — we can't ignore them any longer.",GRE: Analysts noted that the company's ___ strategy had ___ results in the last quarter. (fill in: traveled)
2586,ticklish,adjective,difficult to handle; requiring great tact,touchy; delicate,,"Use ""ticklish"" (adjective) when you want to convey difficult to handle; requiring great tact. Appropriate in formal writing, GRE sentence-equivalence, and academic contexts where precision matters.","Avoid ""ticklish"" in casual conversation among friends unless you are certain the listener will understand; it can sound pretentious. Also avoid when a simpler synonym suffices.",Academic: A key consideration in modern discourse is how the ticklish principle shapes contemporary policy decisions.,"Conversational: Look, the ticklish results speak for themselves — we can't ignore them any longer.","GRE: Despite the ___ nature of the evidence, the researchers remained ___ about their conclusions. (fill in: ticklish)"
2587,socialistic,adjective,advocating or following the socialist principles,socialist,capitalistic,"Use ""socialistic"" (adjective) when you want to convey advocating or following the socialist principles. Appropriate in formal writing, GRE sentence-equivalence, and academic contexts where precision matters.","Avoid ""socialistic"" in casual conversation among friends unless you are certain the listener will understand; it can sound pretentious. Also avoid when a simpler synonym suffices.","Academic: In the scholarly article, the author argued that the socialistic phenomenon could not be overlooked.",Conversational: I've noticed the socialistic trend in our office culture and it's starting to concern me.,"GRE: Despite the ___ nature of the evidence, the researchers remained ___ about their conclusions. (fill in: socialistic)"
2588,vermillion,adjective,of a vivid red to reddish-orange color,Chinese-red; cinnabar; vermilion,,"Use ""vermillion"" (adjective) when you want to convey of a vivid red to reddish-orange color. Appropriate in formal writing, GRE sentence-equivalence, and academic contexts where precision matters.","Avoid ""vermillion"" in casual conversation among friends unless you are certain the listener will understand; it can sound pretentious. Also avoid when a simpler synonym suffices.",Academic: Contemporary scholars debate whether the vermillion hypothesis adequately explains the observed data.,Conversational: I've noticed the vermillion trend in our office culture and it's starting to concern me.,GRE: The author's ___ tone contrasted sharply with the ___ underlying message of the passage. (fill in: vermillion)
2589,rosy-purple,adjective,of purple with a rose tinge,rose-purple,,"Use ""rosy-purple"" (adjective) when you want to convey of purple with a rose tinge. Appropriate in formal writing, GRE sentence-equivalence, and academic contexts where precision matters.","Avoid ""rosy-purple"" in casual conversation among friends unless you are certain the listener will understand; it can sound pretentious. Also avoid when a simpler synonym suffices.",Academic: The study concluded that the rosy-purple factor played a decisive role in the experimental outcome.,"Conversational: Look, the rosy-purple results speak for themselves — we can't ignore them any longer.",GRE: The author's ___ tone contrasted sharply with the ___ underlying message of the passage. (fill in: rosy-purple)
2590,bashful,adjective,disposed to avoid notice; ; (`blate' is a Scottish term for bashful),blate,,"Use ""bashful"" (adjective) when you want to convey disposed to avoid notice; ; (`blate' is a scottish term for bashful). Appropriate in formal writing, GRE sentence-equivalence, and academic contexts where precision matters.","Avoid ""bashful"" in casual conversation among friends unless you are certain the listener will understand; it can sound pretentious. Also avoid when a simpler synonym suffices.",Academic: The researcher's findings revealed that the bashful effect was statistically significant across all samples.,Conversational: I've noticed the bashful trend in our office culture and it's starting to concern me.,GRE: The committee's decision to ___ was met with both praise and criticism from stakeholders. (fill in: bashful)
2591,undetermined,adjective,not precisely determined or established; not fixed or known in advance,indeterminate; unresolved; undecided; open,determinate; determined,"Use ""undetermined"" (adjective) when you want to convey not precisely determined or established; not fixed or known in advance. Appropriate in formal writing, GRE sentence-equivalence, and academic contexts where precision matters.","Avoid ""undetermined"" in casual conversation among friends unless you are certain the listener will understand; it can sound pretentious. Also avoid when a simpler synonym suffices.",Academic: The study concluded that the undetermined factor played a decisive role in the experimental outcome.,"Conversational: Honestly, the undetermined behavior of the team has been a major source of tension lately.","GRE: Despite the ___ nature of the evidence, the researchers remained ___ about their conclusions. (fill in: undetermined)"
2592,greedy,adjective,(often followed by `for') ardently or excessively desirous,esurient; grabby; prehensile; covetous; grasping; devouring,,"Use ""greedy"" (adjective) when you want to convey (often followed by `for') ardently or excessively desirous. Appropriate in formal writing, GRE sentence-equivalence, and academic contexts where precision matters.","Avoid ""greedy"" in casual conversation among friends unless you are certain the listener will understand; it can sound pretentious. Also avoid when a simpler synonym suffices.",Academic: Contemporary scholars debate whether the greedy hypothesis adequately explains the observed data.,"Conversational: Look, the greedy results speak for themselves — we can't ignore them any longer.",GRE: The author's ___ tone contrasted sharply with the ___ underlying message of the passage. (fill in: greedy)
2593,palmlike,adjective,resembling a palm tree,,,"Use ""palmlike"" (adjective) when you want to convey resembling a palm tree. Appropriate in formal writing, GRE sentence-equivalence, and academic contexts where precision matters.","Avoid ""palmlike"" in casual conversation among friends unless you are certain the listener will understand; it can sound pretentious. Also avoid when a simpler synonym suffices.",Academic: A key consideration in modern discourse is how the palmlike principle shapes contemporary policy decisions.,"Conversational: Honestly, the palmlike behavior of the team has been a major source of tension lately.",GRE: The professor described the ___ as a ___ that ___ the entire field of study. (fill in: palmlike)
2594,feathery,adjective,adorned with feathers or plumes,featherlike; feathered; plumy,,"Use ""feathery"" (adjective) when you want to convey adorned with feathers or plumes. Appropriate in formal writing, GRE sentence-equivalence, and academic contexts where precision matters.","Avoid ""feathery"" in casual conversation among friends unless you are certain the listener will understand; it can sound pretentious. Also avoid when a simpler synonym suffices.","Academic: In the scholarly article, the author argued that the feathery phenomenon could not be overlooked.","Conversational: You know, it's pretty clear that the feathery situation needs our immediate attention.",GRE: The author's ___ tone contrasted sharply with the ___ underlying message of the passage. (fill in: feathery)
2595,file-like,adjective,resembling a file,,,"Use ""file-like"" (adjective) when you want to convey resembling a file. Appropriate in formal writing, GRE sentence-equivalence, and academic contexts where precision matters.","Avoid ""file-like"" in casual conversation among friends unless you are certain the listener will understand; it can sound pretentious. Also avoid when a simpler synonym suffices.","Academic: In the scholarly article, the author argued that the file-like phenomenon could not be overlooked.",Conversational: I told him the file-like approach just wouldn't work here — we need to rethink this.,GRE: The professor described the ___ as a ___ that ___ the entire field of study. (fill in: file-like)
2596,caramel,adjective,having the color of caramel; of a moderate yellow-brown,caramel brown; yellowish brown; buff; raw sienna; caramelized sugar,,"Use ""caramel"" (adjective) when you want to convey having the color of caramel; of a moderate yellow-brown. Appropriate in formal writing, GRE sentence-equivalence, and academic contexts where precision matters.","Avoid ""caramel"" in casual conversation among friends unless you are certain the listener will understand; it can sound pretentious. Also avoid when a simpler synonym suffices.",Academic: A key consideration in modern discourse is how the caramel principle shapes contemporary policy decisions.,Conversational: I've noticed the caramel trend in our office culture and it's starting to concern me.,GRE: The committee's decision to ___ was met with both praise and criticism from stakeholders. (fill in: caramel)
2597,perinatal,adjective,occurring during the period around birth (5 months before and 1 month after),,postnatal; prenatal,"Use ""perinatal"" (adjective) when you want to convey occurring during the period around birth (5 months before and 1 month after). Appropriate in formal writing, GRE sentence-equivalence, and academic contexts where precision matters.","Avoid ""perinatal"" in casual conversation among friends unless you are certain the listener will understand; it can sound pretentious. Also avoid when a simpler synonym suffices.",Academic: A key consideration in modern discourse is how the perinatal principle shapes contemporary policy decisions.,"Conversational: Look, the perinatal results speak for themselves — we can't ignore them any longer.",GRE: The committee's decision to ___ was met with both praise and criticism from stakeholders. (fill in: perinatal)
2598,unexpended,adjective,(of financial resources) not spent,leftover; odd; unspent; remaining; left; left over,,"Use ""unexpended"" (adjective) when you want to convey (of financial resources) not spent. Appropriate in formal writing, GRE sentence-equivalence, and academic contexts where precision matters.","Avoid ""unexpended"" in casual conversation among friends unless you are certain the listener will understand; it can sound pretentious. Also avoid when a simpler synonym suffices.",Academic: The study concluded that the unexpended factor played a decisive role in the experimental outcome.,"Conversational: Honestly, the unexpended behavior of the team has been a major source of tension lately.",GRE: The professor described the ___ as a ___ that ___ the entire field of study. (fill in: unexpended)
2599,exportable,adjective,suitable for export,,unexportable,"Use ""exportable"" (adjective) when you want to convey suitable for export. Appropriate in formal writing, GRE sentence-equivalence, and academic contexts where precision matters.","Avoid ""exportable"" in casual conversation among friends unless you are certain the listener will understand; it can sound pretentious. Also avoid when a simpler synonym suffices.",Academic: The study concluded that the exportable factor played a decisive role in the experimental outcome.,"Conversational: Honestly, the exportable behavior of the team has been a major source of tension lately.",GRE: The committee's decision to ___ was met with both praise and criticism from stakeholders. (fill in: exportable)
2600,exogamous,adjective,pertaining to or characterized by the custom of marrying only outside the limits of a clan or tribe,exogamic,autogamous; endogamous,"Use ""exogamous"" (adjective) when you want to convey pertaining to or characterized by the custom of marrying only outside the limits of a clan or tribe. Appropriate in formal writing, GRE sentence-equivalence, and academic contexts where precision matters.","Avoid ""exogamous"" in casual conversation among friends unless you are certain the listener will understand; it can sound pretentious. Also avoid when a simpler synonym suffices.",Academic: The researcher's findings revealed that the exogamous effect was statistically significant across all samples.,Conversational: I told him the exogamous approach just wouldn't work here — we need to rethink this.,GRE: Analysts noted that the company's ___ strategy had ___ results in the last quarter. (fill in: exogamous)
2601,wrongheaded,adjective,obstinately perverse in judgment or opinion,,,"Use ""wrongheaded"" (adjective) when you want to convey obstinately perverse in judgment or opinion. Appropriate in formal writing, GRE sentence-equivalence, and academic contexts where precision matters.","Avoid ""wrongheaded"" in casual conversation among friends unless you are certain the listener will understand; it can sound pretentious. Also avoid when a simpler synonym suffices.",Academic: A key consideration in modern discourse is how the wrongheaded principle shapes contemporary policy decisions.,Conversational: I've noticed the wrongheaded trend in our office culture and it's starting to concern me.,GRE: The committee's decision to ___ was met with both praise and criticism from stakeholders. (fill in: wrongheaded)
2602,eupneic,adjective,passing or able to pass air in and out of the lungs normally; sometimes used in combination,breathing; eupnoeic,breathless,"Use ""eupneic"" (adjective) when you want to convey passing or able to pass air in and out of the lungs normally; sometimes used in combination. Appropriate in formal writing, GRE sentence-equivalence, and academic contexts where precision matters.","Avoid ""eupneic"" in casual conversation among friends unless you are certain the listener will understand; it can sound pretentious. Also avoid when a simpler synonym suffices.","Academic: In the scholarly article, the author argued that the eupneic phenomenon could not be overlooked.","Conversational: Honestly, the eupneic behavior of the team has been a major source of tension lately.",GRE: The committee's decision to ___ was met with both praise and criticism from stakeholders. (fill in: eupneic)
2603,strident,adjective,being sharply insistent on being heard,sibilant; continuant; blatant; spirant; clamant; fricative,,"Use ""strident"" (adjective) when you want to convey being sharply insistent on being heard. Appropriate in formal writing, GRE sentence-equivalence, and academic contexts where precision matters.","Avoid ""strident"" in casual conversation among friends unless you are certain the listener will understand; it can sound pretentious. Also avoid when a simpler synonym suffices.",Academic: A key consideration in modern discourse is how the strident principle shapes contemporary policy decisions.,Conversational: I told him the strident approach just wouldn't work here — we need to rethink this.,GRE: The committee's decision to ___ was met with both praise and criticism from stakeholders. (fill in: strident)
2604,approximative,adjective,not quite exact or correct,approximate; rough,,"Use ""approximative"" (adjective) when you want to convey not quite exact or correct. Appropriate in formal writing, GRE sentence-equivalence, and academic contexts where precision matters.","Avoid ""approximative"" in casual conversation among friends unless you are certain the listener will understand; it can sound pretentious. Also avoid when a simpler synonym suffices.",Academic: Contemporary scholars debate whether the approximative hypothesis adequately explains the observed data.,"Conversational: Honestly, the approximative behavior of the team has been a major source of tension lately.",GRE: The committee's decision to ___ was met with both praise and criticism from stakeholders. (fill in: approximative)
2605,desirous,adjective,having or expressing desire for something,wishful,undesirous,"Use ""desirous"" (adjective) when you want to convey having or expressing desire for something. Appropriate in formal writing, GRE sentence-equivalence, and academic contexts where precision matters.","Avoid ""desirous"" in casual conversation among friends unless you are certain the listener will understand; it can sound pretentious. Also avoid when a simpler synonym suffices.",Academic: The study concluded that the desirous factor played a decisive role in the experimental outcome.,"Conversational: Look, the desirous results speak for themselves — we can't ignore them any longer.",GRE: The author's ___ tone contrasted sharply with the ___ underlying message of the passage. (fill in: desirous)
2606,recessive,adjective,(of genes) producing its characteristic phenotype only when its allele is identical,recessionary; recessive allele,dominant,"Use ""recessive"" (adjective) when you want to convey (of genes) producing its characteristic phenotype only when its allele is identical. Appropriate in formal writing, GRE sentence-equivalence, and academic contexts where precision matters.","Avoid ""recessive"" in casual conversation among friends unless you are certain the listener will understand; it can sound pretentious. Also avoid when a simpler synonym suffices.",Academic: Contemporary scholars debate whether the recessive hypothesis adequately explains the observed data.,"Conversational: Look, the recessive results speak for themselves — we can't ignore them any longer.",GRE: The professor described the ___ as a ___ that ___ the entire field of study. (fill in: recessive)
2607,remittent,adjective,(of a disease) characterized by periods of diminished severity,,,"Use ""remittent"" (adjective) when you want to convey (of a disease) characterized by periods of diminished severity. Appropriate in formal writing, GRE sentence-equivalence, and academic contexts where precision matters.","Avoid ""remittent"" in casual conversation among friends unless you are certain the listener will understand; it can sound pretentious. Also avoid when a simpler synonym suffices.","Academic: In the scholarly article, the author argued that the remittent phenomenon could not be overlooked.","Conversational: Look, the remittent results speak for themselves — we can't ignore them any longer.",GRE: The author's ___ tone contrasted sharply with the ___ underlying message of the passage. (fill in: remittent)
2608,undiversified,adjective,not diversified,,diversified,"Use ""undiversified"" (adjective) when you want to convey not diversified. Appropriate in formal writing, GRE sentence-equivalence, and academic contexts where precision matters.","Avoid ""undiversified"" in casual conversation among friends unless you are certain the listener will understand; it can sound pretentious. Also avoid when a simpler synonym suffices.","Academic: In the scholarly article, the author argued that the undiversified phenomenon could not be overlooked.","Conversational: Honestly, the undiversified behavior of the team has been a major source of tension lately.","GRE: Despite the ___ nature of the evidence, the researchers remained ___ about their conclusions. (fill in: undiversified)"
2609,brocaded,adjective,embellished with a raised pattern created by pressure or embroidery,brocade; raised; embossed,,"Use ""brocaded"" (adjective) when you want to convey embellished with a raised pattern created by pressure or embroidery. Appropriate in formal writing, GRE sentence-equivalence, and academic contexts where precision matters.","Avoid ""brocaded"" in casual conversation among friends unless you are certain the listener will understand; it can sound pretentious. Also avoid when a simpler synonym suffices.",Academic: Contemporary scholars debate whether the brocaded hypothesis adequately explains the observed data.,"Conversational: Look, the brocaded results speak for themselves — we can't ignore them any longer.",GRE: The professor described the ___ as a ___ that ___ the entire field of study. (fill in: brocaded)
2610,retained,adjective,continued in your keeping or use or memory,keep back; keep; hold back; retain; keep on; hold,,"Use ""retained"" (adjective) when you want to convey continued in your keeping or use or memory. Appropriate in formal writing, GRE sentence-equivalence, and academic contexts where precision matters.","Avoid ""retained"" in casual conversation among friends unless you are certain the listener will understand; it can sound pretentious. Also avoid when a simpler synonym suffices.",Academic: Contemporary scholars debate whether the retained hypothesis adequately explains the observed data.,"Conversational: You know, it's pretty clear that the retained situation needs our immediate attention.","GRE: Despite the ___ nature of the evidence, the researchers remained ___ about their conclusions. (fill in: retained)"
2611,temerarious,adjective,presumptuously daring,daredevil,,"Use ""temerarious"" (adjective) when you want to convey presumptuously daring. Appropriate in formal writing, GRE sentence-equivalence, and academic contexts where precision matters.","Avoid ""temerarious"" in casual conversation among friends unless you are certain the listener will understand; it can sound pretentious. Also avoid when a simpler synonym suffices.","Academic: In the scholarly article, the author argued that the temerarious phenomenon could not be overlooked.",Conversational: I told him the temerarious approach just wouldn't work here — we need to rethink this.,GRE: The professor described the ___ as a ___ that ___ the entire field of study. (fill in: temerarious)
2612,noncombustible,adjective,not capable of igniting and burning,incombustible,combustible,"Use ""noncombustible"" (adjective) when you want to convey not capable of igniting and burning. Appropriate in formal writing, GRE sentence-equivalence, and academic contexts where precision matters.","Avoid ""noncombustible"" in casual conversation among friends unless you are certain the listener will understand; it can sound pretentious. Also avoid when a simpler synonym suffices.",Academic: The study concluded that the noncombustible factor played a decisive role in the experimental outcome.,Conversational: I've noticed the noncombustible trend in our office culture and it's starting to concern me.,GRE: The professor described the ___ as a ___ that ___ the entire field of study. (fill in: noncombustible)
2613,grizzled,adjective,having dark hairs mixed with grey or white,yammer; brood; stew; whine; grizzle; yawp,,"Use ""grizzled"" (adjective) when you want to convey having dark hairs mixed with grey or white. Appropriate in formal writing, GRE sentence-equivalence, and academic contexts where precision matters.","Avoid ""grizzled"" in casual conversation among friends unless you are certain the listener will understand; it can sound pretentious. Also avoid when a simpler synonym suffices.",Academic: The researcher's findings revealed that the grizzled effect was statistically significant across all samples.,Conversational: I've noticed the grizzled trend in our office culture and it's starting to concern me.,GRE: The professor described the ___ as a ___ that ___ the entire field of study. (fill in: grizzled)
2614,bicolour,adjective,having two colors,bichrome; bicolored; dichromatic; bicoloured; bicolor,,"Use ""bicolour"" (adjective) when you want to convey having two colors. Appropriate in formal writing, GRE sentence-equivalence, and academic contexts where precision matters.","Avoid ""bicolour"" in casual conversation among friends unless you are certain the listener will understand; it can sound pretentious. Also avoid when a simpler synonym suffices.",Academic: A key consideration in modern discourse is how the bicolour principle shapes contemporary policy decisions.,"Conversational: Look, the bicolour results speak for themselves — we can't ignore them any longer.",GRE: Analysts noted that the company's ___ strategy had ___ results in the last quarter. (fill in: bicolour)
2615,euphoric,adjective,exaggerated feeling of well-being or elation,,dysphoric,"Use ""euphoric"" (adjective) when you want to convey exaggerated feeling of well-being or elation. Appropriate in formal writing, GRE sentence-equivalence, and academic contexts where precision matters.","Avoid ""euphoric"" in casual conversation among friends unless you are certain the listener will understand; it can sound pretentious. Also avoid when a simpler synonym suffices.",Academic: The study concluded that the euphoric factor played a decisive role in the experimental outcome.,"Conversational: You know, it's pretty clear that the euphoric situation needs our immediate attention.",GRE: The author's ___ tone contrasted sharply with the ___ underlying message of the passage. (fill in: euphoric)
2616,allocatable,adjective,capable of being distributed,allocable; apportionable,,"Use ""allocatable"" (adjective) when you want to convey capable of being distributed. Appropriate in formal writing, GRE sentence-equivalence, and academic contexts where precision matters.","Avoid ""allocatable"" in casual conversation among friends unless you are certain the listener will understand; it can sound pretentious. Also avoid when a simpler synonym suffices.",Academic: The researcher's findings revealed that the allocatable effect was statistically significant across all samples.,"Conversational: Honestly, the allocatable behavior of the team has been a major source of tension lately.",GRE: The professor described the ___ as a ___ that ___ the entire field of study. (fill in: allocatable)
2617,pessimal,adjective,of an organism's environment; least favorable for survival,pessimum,,"Use ""pessimal"" (adjective) when you want to convey of an organism's environment; least favorable for survival. Appropriate in formal writing, GRE sentence-equivalence, and academic contexts where precision matters.","Avoid ""pessimal"" in casual conversation among friends unless you are certain the listener will understand; it can sound pretentious. Also avoid when a simpler synonym suffices.","Academic: In the scholarly article, the author argued that the pessimal phenomenon could not be overlooked.","Conversational: Honestly, the pessimal behavior of the team has been a major source of tension lately.",GRE: The author's ___ tone contrasted sharply with the ___ underlying message of the passage. (fill in: pessimal)
2618,glutinous,adjective,having the sticky properties of an adhesive,sticky; viscous; pasty; gummy; gluey; mucilaginous,,"Use ""glutinous"" (adjective) when you want to convey having the sticky properties of an adhesive. Appropriate in formal writing, GRE sentence-equivalence, and academic contexts where precision matters.","Avoid ""glutinous"" in casual conversation among friends unless you are certain the listener will understand; it can sound pretentious. Also avoid when a simpler synonym suffices.",Academic: The study concluded that the glutinous factor played a decisive role in the experimental outcome.,Conversational: I told him the glutinous approach just wouldn't work here — we need to rethink this.,GRE: The author's ___ tone contrasted sharply with the ___ underlying message of the passage. (fill in: glutinous)
2619,wondering,adjective,showing curiosity,marvel; wonder; speculative; questioning; enquire; inquire,,"Use ""wondering"" (adjective) when you want to convey showing curiosity. Appropriate in formal writing, GRE sentence-equivalence, and academic contexts where precision matters.","Avoid ""wondering"" in casual conversation among friends unless you are certain the listener will understand; it can sound pretentious. Also avoid when a simpler synonym suffices.","Academic: In the scholarly article, the author argued that the wondering phenomenon could not be overlooked.",Conversational: I've noticed the wondering trend in our office culture and it's starting to concern me.,GRE: The committee's decision to ___ was met with both praise and criticism from stakeholders. (fill in: wondering)
2620,militarised,adjective,issued military arms,militarise; militarized; militarize,demilitarise; demilitarize,"Use ""militarised"" (adjective) when you want to convey issued military arms. Appropriate in formal writing, GRE sentence-equivalence, and academic contexts where precision matters.","Avoid ""militarised"" in casual conversation among friends unless you are certain the listener will understand; it can sound pretentious. Also avoid when a simpler synonym suffices.",Academic: Contemporary scholars debate whether the militarised hypothesis adequately explains the observed data.,"Conversational: Honestly, the militarised behavior of the team has been a major source of tension lately.",GRE: The professor described the ___ as a ___ that ___ the entire field of study. (fill in: militarised)
2621,voiceless,adjective,being without sound through injury or illness and thus incapable of all but whispered speech,disfranchised; hard; surd; unvoiced; voteless; disenfranchised,voiced; enfranchised,"Use ""voiceless"" (adjective) when you want to convey being without sound through injury or illness and thus incapable of all but whispered speech. Appropriate in formal writing, GRE sentence-equivalence, and academic contexts where precision matters.","Avoid ""voiceless"" in casual conversation among friends unless you are certain the listener will understand; it can sound pretentious. Also avoid when a simpler synonym suffices.","Academic: In the scholarly article, the author argued that the voiceless phenomenon could not be overlooked.",Conversational: I've noticed the voiceless trend in our office culture and it's starting to concern me.,GRE: The author's ___ tone contrasted sharply with the ___ underlying message of the passage. (fill in: voiceless)
2622,home-cured,adjective,cured at home,,,"Use ""home-cured"" (adjective) when you want to convey cured at home. Appropriate in formal writing, GRE sentence-equivalence, and academic contexts where precision matters.","Avoid ""home-cured"" in casual conversation among friends unless you are certain the listener will understand; it can sound pretentious. Also avoid when a simpler synonym suffices.",Academic: The study concluded that the home-cured factor played a decisive role in the experimental outcome.,"Conversational: Look, the home-cured results speak for themselves — we can't ignore them any longer.",GRE: Analysts noted that the company's ___ strategy had ___ results in the last quarter. (fill in: home-cured)
2623,grasping,adjective,immoderately desirous of acquiring e.g. wealth,get the picture; comprehend; compass; taking hold; prehension; grok,,"Use ""grasping"" (adjective) when you want to convey immoderately desirous of acquiring e.g. wealth. Appropriate in formal writing, GRE sentence-equivalence, and academic contexts where precision matters.","Avoid ""grasping"" in casual conversation among friends unless you are certain the listener will understand; it can sound pretentious. Also avoid when a simpler synonym suffices.",Academic: A key consideration in modern discourse is how the grasping principle shapes contemporary policy decisions.,"Conversational: You know, it's pretty clear that the grasping situation needs our immediate attention.",GRE: The professor described the ___ as a ___ that ___ the entire field of study. (fill in: grasping)
2624,multiplied,adjective,greatly increased as by multiplication,breed; procreate; multiply; manifold; reproduce,divide,"Use ""multiplied"" (adjective) when you want to convey greatly increased as by multiplication. Appropriate in formal writing, GRE sentence-equivalence, and academic contexts where precision matters.","Avoid ""multiplied"" in casual conversation among friends unless you are certain the listener will understand; it can sound pretentious. Also avoid when a simpler synonym suffices.",Academic: Contemporary scholars debate whether the multiplied hypothesis adequately explains the observed data.,"Conversational: Honestly, the multiplied behavior of the team has been a major source of tension lately.","GRE: Despite the ___ nature of the evidence, the researchers remained ___ about their conclusions. (fill in: multiplied)"
2625,postnatal,adjective,occurring immediately after birth,postpartum,prenatal; perinatal,"Use ""postnatal"" (adjective) when you want to convey occurring immediately after birth. Appropriate in formal writing, GRE sentence-equivalence, and academic contexts where precision matters.","Avoid ""postnatal"" in casual conversation among friends unless you are certain the listener will understand; it can sound pretentious. Also avoid when a simpler synonym suffices.",Academic: Contemporary scholars debate whether the postnatal hypothesis adequately explains the observed data.,"Conversational: Honestly, the postnatal behavior of the team has been a major source of tension lately.",GRE: Analysts noted that the company's ___ strategy had ___ results in the last quarter. (fill in: postnatal)
2626,all-victorious,adjective,never having lost,,,"Use ""all-victorious"" (adjective) when you want to convey never having lost. Appropriate in formal writing, GRE sentence-equivalence, and academic contexts where precision matters.","Avoid ""all-victorious"" in casual conversation among friends unless you are certain the listener will understand; it can sound pretentious. Also avoid when a simpler synonym suffices.",Academic: The study concluded that the all-victorious factor played a decisive role in the experimental outcome.,"Conversational: Look, the all-victorious results speak for themselves — we can't ignore them any longer.",GRE: The professor described the ___ as a ___ that ___ the entire field of study. (fill in: all-victorious)
2627,nascent,adjective,being born or beginning,,dying,"Use ""nascent"" (adjective) when you want to convey being born or beginning. Appropriate in formal writing, GRE sentence-equivalence, and academic contexts where precision matters.","Avoid ""nascent"" in casual conversation among friends unless you are certain the listener will understand; it can sound pretentious. Also avoid when a simpler synonym suffices.",Academic: Contemporary scholars debate whether the nascent hypothesis adequately explains the observed data.,Conversational: I've noticed the nascent trend in our office culture and it's starting to concern me.,"GRE: Despite the ___ nature of the evidence, the researchers remained ___ about their conclusions. (fill in: nascent)"
2628,indecisive,adjective,not clearly defined,,decisive,"Use ""indecisive"" (adjective) when you want to convey not clearly defined. Appropriate in formal writing, GRE sentence-equivalence, and academic contexts where precision matters.","Avoid ""indecisive"" in casual conversation among friends unless you are certain the listener will understand; it can sound pretentious. Also avoid when a simpler synonym suffices.",Academic: Contemporary scholars debate whether the indecisive hypothesis adequately explains the observed data.,Conversational: I told him the indecisive approach just wouldn't work here — we need to rethink this.,GRE: The committee's decision to ___ was met with both praise and criticism from stakeholders. (fill in: indecisive)
2629,referable,adjective,capable of being assigned or credited to,imputable; due; ascribable,,"Use ""referable"" (adjective) when you want to convey capable of being assigned or credited to. Appropriate in formal writing, GRE sentence-equivalence, and academic contexts where precision matters.","Avoid ""referable"" in casual conversation among friends unless you are certain the listener will understand; it can sound pretentious. Also avoid when a simpler synonym suffices.",Academic: Contemporary scholars debate whether the referable hypothesis adequately explains the observed data.,Conversational: I told him the referable approach just wouldn't work here — we need to rethink this.,GRE: The author's ___ tone contrasted sharply with the ___ underlying message of the passage. (fill in: referable)
2630,changeless,adjective,remaining the same for indefinitely long times,unalterable; invariant; immutable; constant; unvarying,mutable,"Use ""changeless"" (adjective) when you want to convey remaining the same for indefinitely long times. Appropriate in formal writing, GRE sentence-equivalence, and academic contexts where precision matters.","Avoid ""changeless"" in casual conversation among friends unless you are certain the listener will understand; it can sound pretentious. Also avoid when a simpler synonym suffices.",Academic: The study concluded that the changeless factor played a decisive role in the experimental outcome.,Conversational: I told him the changeless approach just wouldn't work here — we need to rethink this.,"GRE: Despite the ___ nature of the evidence, the researchers remained ___ about their conclusions. (fill in: changeless)"
2631,incontestible,adjective,incapable of being contested or disputed,incontestable,contestable,"Use ""incontestible"" (adjective) when you want to convey incapable of being contested or disputed. Appropriate in formal writing, GRE sentence-equivalence, and academic contexts where precision matters.","Avoid ""incontestible"" in casual conversation among friends unless you are certain the listener will understand; it can sound pretentious. Also avoid when a simpler synonym suffices.",Academic: A key consideration in modern discourse is how the incontestible principle shapes contemporary policy decisions.,Conversational: I've noticed the incontestible trend in our office culture and it's starting to concern me.,GRE: The author's ___ tone contrasted sharply with the ___ underlying message of the passage. (fill in: incontestible)
2632,cyclic,adjective,of a compound having atoms arranged in a ring structure,cyclical,noncyclic; acyclic,"Use ""cyclic"" (adjective) when you want to convey of a compound having atoms arranged in a ring structure. Appropriate in formal writing, GRE sentence-equivalence, and academic contexts where precision matters.","Avoid ""cyclic"" in casual conversation among friends unless you are certain the listener will understand; it can sound pretentious. Also avoid when a simpler synonym suffices.",Academic: The study concluded that the cyclic factor played a decisive role in the experimental outcome.,Conversational: I've noticed the cyclic trend in our office culture and it's starting to concern me.,GRE: The committee's decision to ___ was met with both praise and criticism from stakeholders. (fill in: cyclic)
2633,complimentary,adjective,conveying or resembling a compliment,gratuitous; gratis; free; costless,uncomplimentary,"Use ""complimentary"" (adjective) when you want to convey conveying or resembling a compliment. Appropriate in formal writing, GRE sentence-equivalence, and academic contexts where precision matters.","Avoid ""complimentary"" in casual conversation among friends unless you are certain the listener will understand; it can sound pretentious. Also avoid when a simpler synonym suffices.",Academic: Contemporary scholars debate whether the complimentary hypothesis adequately explains the observed data.,Conversational: I told him the complimentary approach just wouldn't work here — we need to rethink this.,GRE: The professor described the ___ as a ___ that ___ the entire field of study. (fill in: complimentary)
2634,tricksy,adjective,marked by skill in deception,wily; slick; sly; crafty; guileful; tricky,,"Use ""tricksy"" (adjective) when you want to convey marked by skill in deception. Appropriate in formal writing, GRE sentence-equivalence, and academic contexts where precision matters.","Avoid ""tricksy"" in casual conversation among friends unless you are certain the listener will understand; it can sound pretentious. Also avoid when a simpler synonym suffices.",Academic: The study concluded that the tricksy factor played a decisive role in the experimental outcome.,Conversational: I told him the tricksy approach just wouldn't work here — we need to rethink this.,GRE: Analysts noted that the company's ___ strategy had ___ results in the last quarter. (fill in: tricksy)
2635,chukker-brown,adjective,snuff colored; of a greyish to yellowish brown,mummy-brown; snuff; snuff-brown,,"Use ""chukker-brown"" (adjective) when you want to convey snuff colored; of a greyish to yellowish brown. Appropriate in formal writing, GRE sentence-equivalence, and academic contexts where precision matters.","Avoid ""chukker-brown"" in casual conversation among friends unless you are certain the listener will understand; it can sound pretentious. Also avoid when a simpler synonym suffices.",Academic: The researcher's findings revealed that the chukker-brown effect was statistically significant across all samples.,"Conversational: Honestly, the chukker-brown behavior of the team has been a major source of tension lately.","GRE: Despite the ___ nature of the evidence, the researchers remained ___ about their conclusions. (fill in: chukker-brown)"
2636,electroneutral,adjective,having no net electric charge,neutral,,"Use ""electroneutral"" (adjective) when you want to convey having no net electric charge. Appropriate in formal writing, GRE sentence-equivalence, and academic contexts where precision matters.","Avoid ""electroneutral"" in casual conversation among friends unless you are certain the listener will understand; it can sound pretentious. Also avoid when a simpler synonym suffices.",Academic: The study concluded that the electroneutral factor played a decisive role in the experimental outcome.,"Conversational: Honestly, the electroneutral behavior of the team has been a major source of tension lately.",GRE: The committee's decision to ___ was met with both praise and criticism from stakeholders. (fill in: electroneutral)
2637,investigative,adjective,designed to find information or ascertain facts,fact-finding; investigatory,,"Use ""investigative"" (adjective) when you want to convey designed to find information or ascertain facts. Appropriate in formal writing, GRE sentence-equivalence, and academic contexts where precision matters.","Avoid ""investigative"" in casual conversation among friends unless you are certain the listener will understand; it can sound pretentious. Also avoid when a simpler synonym suffices.",Academic: The researcher's findings revealed that the investigative effect was statistically significant across all samples.,"Conversational: Look, the investigative results speak for themselves — we can't ignore them any longer.",GRE: The professor described the ___ as a ___ that ___ the entire field of study. (fill in: investigative)
2638,modern,adjective,characteristic of present-day art and music and literature and architecture,modern font; mod; Bodoni font; forward-looking; advanced; innovative,old style; nonmodern,"Use ""modern"" (adjective) when you want to convey characteristic of present-day art and music and literature and architecture. Appropriate in formal writing, GRE sentence-equivalence, and academic contexts where precision matters.","Avoid ""modern"" in casual conversation among friends unless you are certain the listener will understand; it can sound pretentious. Also avoid when a simpler synonym suffices.",Academic: A key consideration in modern discourse is how the modern principle shapes contemporary policy decisions.,Conversational: I told him the modern approach just wouldn't work here — we need to rethink this.,GRE: The professor described the ___ as a ___ that ___ the entire field of study. (fill in: modern)
2639,shamed,adjective,showing a sense of guilt; ; - Eric Linklater,shame; disgrace; attaint; dishonor; dishonour; simulate,honor,"Use ""shamed"" (adjective) when you want to convey showing a sense of guilt; ; - eric linklater. Appropriate in formal writing, GRE sentence-equivalence, and academic contexts where precision matters.","Avoid ""shamed"" in casual conversation among friends unless you are certain the listener will understand; it can sound pretentious. Also avoid when a simpler synonym suffices.",Academic: Contemporary scholars debate whether the shamed hypothesis adequately explains the observed data.,Conversational: I told him the shamed approach just wouldn't work here — we need to rethink this.,"GRE: Despite the ___ nature of the evidence, the researchers remained ___ about their conclusions. (fill in: shamed)"
2640,charged,adjective,fraught with great emotion,charge; bear down; accuse; shoot; tear; bill,calm; uncharged; pay cash; discharge,"Use ""charged"" (adjective) when you want to convey fraught with great emotion. Appropriate in formal writing, GRE sentence-equivalence, and academic contexts where precision matters.","Avoid ""charged"" in casual conversation among friends unless you are certain the listener will understand; it can sound pretentious. Also avoid when a simpler synonym suffices.",Academic: The researcher's findings revealed that the charged effect was statistically significant across all samples.,"Conversational: You know, it's pretty clear that the charged situation needs our immediate attention.",GRE: Analysts noted that the company's ___ strategy had ___ results in the last quarter. (fill in: charged)
2641,spotty,adjective,lacking consistency,spotted; patched; scratchy; uneven,,"Use ""spotty"" (adjective) when you want to convey lacking consistency. Appropriate in formal writing, GRE sentence-equivalence, and academic contexts where precision matters.","Avoid ""spotty"" in casual conversation among friends unless you are certain the listener will understand; it can sound pretentious. Also avoid when a simpler synonym suffices.",Academic: The researcher's findings revealed that the spotty effect was statistically significant across all samples.,"Conversational: You know, it's pretty clear that the spotty situation needs our immediate attention.",GRE: Analysts noted that the company's ___ strategy had ___ results in the last quarter. (fill in: spotty)
2642,wavelike,adjective,uneven by virtue of having wrinkles or waves,crinkly; crinkled; rippled; wavy,,"Use ""wavelike"" (adjective) when you want to convey uneven by virtue of having wrinkles or waves. Appropriate in formal writing, GRE sentence-equivalence, and academic contexts where precision matters.","Avoid ""wavelike"" in casual conversation among friends unless you are certain the listener will understand; it can sound pretentious. Also avoid when a simpler synonym suffices.",Academic: A key consideration in modern discourse is how the wavelike principle shapes contemporary policy decisions.,"Conversational: Look, the wavelike results speak for themselves — we can't ignore them any longer.","GRE: Despite the ___ nature of the evidence, the researchers remained ___ about their conclusions. (fill in: wavelike)"
2643,jangling,adjective,like the discordant ringing of nonmusical metallic objects striking together,jingle-jangle; jangly; jangle; jingle,,"Use ""jangling"" (adjective) when you want to convey like the discordant ringing of nonmusical metallic objects striking together. Appropriate in formal writing, GRE sentence-equivalence, and academic contexts where precision matters.","Avoid ""jangling"" in casual conversation among friends unless you are certain the listener will understand; it can sound pretentious. Also avoid when a simpler synonym suffices.",Academic: Contemporary scholars debate whether the jangling hypothesis adequately explains the observed data.,"Conversational: Look, the jangling results speak for themselves — we can't ignore them any longer.","GRE: Despite the ___ nature of the evidence, the researchers remained ___ about their conclusions. (fill in: jangling)"
2644,summary,adjective,briefly giving the gist of something,drumhead; sum-up; succinct; compact; compendious,,"Use ""summary"" (adjective) when you want to convey briefly giving the gist of something. Appropriate in formal writing, GRE sentence-equivalence, and academic contexts where precision matters.","Avoid ""summary"" in casual conversation among friends unless you are certain the listener will understand; it can sound pretentious. Also avoid when a simpler synonym suffices.","Academic: In the scholarly article, the author argued that the summary phenomenon could not be overlooked.",Conversational: I told him the summary approach just wouldn't work here — we need to rethink this.,GRE: Analysts noted that the company's ___ strategy had ___ results in the last quarter. (fill in: summary)
2645,retiring,adjective,reluctant to draw attention to yourself,recede; pull back; pull away; withdraw; retire; retreat,advance; turn out; get up,"Use ""retiring"" (adjective) when you want to convey reluctant to draw attention to yourself. Appropriate in formal writing, GRE sentence-equivalence, and academic contexts where precision matters.","Avoid ""retiring"" in casual conversation among friends unless you are certain the listener will understand; it can sound pretentious. Also avoid when a simpler synonym suffices.",Academic: A key consideration in modern discourse is how the retiring principle shapes contemporary policy decisions.,Conversational: I told him the retiring approach just wouldn't work here — we need to rethink this.,GRE: The committee's decision to ___ was met with both praise and criticism from stakeholders. (fill in: retiring)
2646,insolent,adjective,unrestrained by convention or propriety; ; ; - Los Angeles Times; ; ; - Bertrand Russell,brazen-faced; flip; bodacious; barefaced; brazen; brassy,,"Use ""insolent"" (adjective) when you want to convey unrestrained by convention or propriety; ; ; - los angeles times; ; ; - bertrand russell. Appropriate in formal writing, GRE sentence-equivalence, and academic contexts where precision matters.","Avoid ""insolent"" in casual conversation among friends unless you are certain the listener will understand; it can sound pretentious. Also avoid when a simpler synonym suffices.",Academic: A key consideration in modern discourse is how the insolent principle shapes contemporary policy decisions.,"Conversational: Honestly, the insolent behavior of the team has been a major source of tension lately.",GRE: The author's ___ tone contrasted sharply with the ___ underlying message of the passage. (fill in: insolent)
2647,olive-coloured,adjective,having the color of green olives,olive-colored,,"Use ""olive-coloured"" (adjective) when you want to convey having the color of green olives. Appropriate in formal writing, GRE sentence-equivalence, and academic contexts where precision matters.","Avoid ""olive-coloured"" in casual conversation among friends unless you are certain the listener will understand; it can sound pretentious. Also avoid when a simpler synonym suffices.",Academic: The researcher's findings revealed that the olive-coloured effect was statistically significant across all samples.,"Conversational: You know, it's pretty clear that the olive-coloured situation needs our immediate attention.","GRE: Despite the ___ nature of the evidence, the researchers remained ___ about their conclusions. (fill in: olive-coloured)"
2648,wavy-grained,adjective,of timber; having fibers running irregularly rather than in parallel,cross-grained; curly-grained,,"Use ""wavy-grained"" (adjective) when you want to convey of timber; having fibers running irregularly rather than in parallel. Appropriate in formal writing, GRE sentence-equivalence, and academic contexts where precision matters.","Avoid ""wavy-grained"" in casual conversation among friends unless you are certain the listener will understand; it can sound pretentious. Also avoid when a simpler synonym suffices.","Academic: In the scholarly article, the author argued that the wavy-grained phenomenon could not be overlooked.","Conversational: You know, it's pretty clear that the wavy-grained situation needs our immediate attention.",GRE: The committee's decision to ___ was met with both praise and criticism from stakeholders. (fill in: wavy-grained)
2649,unable,adjective,(usually followed by `to') not having the necessary means or skill or know-how,ineffectual; ineffective,able,"Use ""unable"" (adjective) when you want to convey (usually followed by `to') not having the necessary means or skill or know-how. Appropriate in formal writing, GRE sentence-equivalence, and academic contexts where precision matters.","Avoid ""unable"" in casual conversation among friends unless you are certain the listener will understand; it can sound pretentious. Also avoid when a simpler synonym suffices.",Academic: A key consideration in modern discourse is how the unable principle shapes contemporary policy decisions.,Conversational: I've noticed the unable trend in our office culture and it's starting to concern me.,GRE: The professor described the ___ as a ___ that ___ the entire field of study. (fill in: unable)
2650,unsheared,adjective,(used especially of fur or wool) not having been sheared,unshorn,sheared,"Use ""unsheared"" (adjective) when you want to convey (used especially of fur or wool) not having been sheared. Appropriate in formal writing, GRE sentence-equivalence, and academic contexts where precision matters.","Avoid ""unsheared"" in casual conversation among friends unless you are certain the listener will understand; it can sound pretentious. Also avoid when a simpler synonym suffices.","Academic: In the scholarly article, the author argued that the unsheared phenomenon could not be overlooked.","Conversational: Look, the unsheared results speak for themselves — we can't ignore them any longer.",GRE: The professor described the ___ as a ___ that ___ the entire field of study. (fill in: unsheared)
2651,bloodless,adjective,anemic looking from illness or emotion; ; ; ; ; - Mary W. Shelley,exsanguine; exsanguinous; ashen; white; livid; blanched,bloody,"Use ""bloodless"" (adjective) when you want to convey anemic looking from illness or emotion; ; ; ; ; - mary w. shelley. Appropriate in formal writing, GRE sentence-equivalence, and academic contexts where precision matters.","Avoid ""bloodless"" in casual conversation among friends unless you are certain the listener will understand; it can sound pretentious. Also avoid when a simpler synonym suffices.","Academic: In the scholarly article, the author argued that the bloodless phenomenon could not be overlooked.","Conversational: Look, the bloodless results speak for themselves — we can't ignore them any longer.",GRE: Analysts noted that the company's ___ strategy had ___ results in the last quarter. (fill in: bloodless)
2652,lacking,adjective,inadequate in amount or degree,missing; lack; miss; deficient; wanting; absent,have,"Use ""lacking"" (adjective) when you want to convey inadequate in amount or degree. Appropriate in formal writing, GRE sentence-equivalence, and academic contexts where precision matters.","Avoid ""lacking"" in casual conversation among friends unless you are certain the listener will understand; it can sound pretentious. Also avoid when a simpler synonym suffices.",Academic: The researcher's findings revealed that the lacking effect was statistically significant across all samples.,"Conversational: You know, it's pretty clear that the lacking situation needs our immediate attention.",GRE: The author's ___ tone contrasted sharply with the ___ underlying message of the passage. (fill in: lacking)
2653,emotional,adjective,(of persons) excessively affected by emotion,worked up; aroused; excited,cerebral; unemotional,"Use ""emotional"" (adjective) when you want to convey (of persons) excessively affected by emotion. Appropriate in formal writing, GRE sentence-equivalence, and academic contexts where precision matters.","Avoid ""emotional"" in casual conversation among friends unless you are certain the listener will understand; it can sound pretentious. Also avoid when a simpler synonym suffices.",Academic: Contemporary scholars debate whether the emotional hypothesis adequately explains the observed data.,"Conversational: You know, it's pretty clear that the emotional situation needs our immediate attention.",GRE: The author's ___ tone contrasted sharply with the ___ underlying message of the passage. (fill in: emotional)
2654,directional,adjective,showing the way by conducting or leading; imposing direction on,directing; guiding; directive,omnidirectional,"Use ""directional"" (adjective) when you want to convey showing the way by conducting or leading; imposing direction on. Appropriate in formal writing, GRE sentence-equivalence, and academic contexts where precision matters.","Avoid ""directional"" in casual conversation among friends unless you are certain the listener will understand; it can sound pretentious. Also avoid when a simpler synonym suffices.",Academic: Contemporary scholars debate whether the directional hypothesis adequately explains the observed data.,Conversational: I've noticed the directional trend in our office culture and it's starting to concern me.,GRE: The professor described the ___ as a ___ that ___ the entire field of study. (fill in: directional)
2655,conventional,adjective,in accord with or being a tradition or practice accepted from the past,established; schematic; formal; ceremonious,nuclear; unconventional,"Use ""conventional"" (adjective) when you want to convey in accord with or being a tradition or practice accepted from the past. Appropriate in formal writing, GRE sentence-equivalence, and academic contexts where precision matters.","Avoid ""conventional"" in casual conversation among friends unless you are certain the listener will understand; it can sound pretentious. Also avoid when a simpler synonym suffices.",Academic: The study concluded that the conventional factor played a decisive role in the experimental outcome.,"Conversational: You know, it's pretty clear that the conventional situation needs our immediate attention.",GRE: Analysts noted that the company's ___ strategy had ___ results in the last quarter. (fill in: conventional)
2656,xenophobic,adjective,suffering from xenophobia; having abnormal fear or hatred of the strange or foreign,,,"Use ""xenophobic"" (adjective) when you want to convey suffering from xenophobia; having abnormal fear or hatred of the strange or foreign. Appropriate in formal writing, GRE sentence-equivalence, and academic contexts where precision matters.","Avoid ""xenophobic"" in casual conversation among friends unless you are certain the listener will understand; it can sound pretentious. Also avoid when a simpler synonym suffices.",Academic: Contemporary scholars debate whether the xenophobic hypothesis adequately explains the observed data.,"Conversational: You know, it's pretty clear that the xenophobic situation needs our immediate attention.",GRE: The professor described the ___ as a ___ that ___ the entire field of study. (fill in: xenophobic)
2657,interrogatory,adjective,relating to the use of or having the nature of an interrogation,interrogative; examination; interrogation,declaratory; declarative,"Use ""interrogatory"" (adjective) when you want to convey relating to the use of or having the nature of an interrogation. Appropriate in formal writing, GRE sentence-equivalence, and academic contexts where precision matters.","Avoid ""interrogatory"" in casual conversation among friends unless you are certain the listener will understand; it can sound pretentious. Also avoid when a simpler synonym suffices.",Academic: A key consideration in modern discourse is how the interrogatory principle shapes contemporary policy decisions.,Conversational: I've noticed the interrogatory trend in our office culture and it's starting to concern me.,"GRE: Despite the ___ nature of the evidence, the researchers remained ___ about their conclusions. (fill in: interrogatory)"
2658,factory-made,adjective,produced in quantity at a factory,,homemade,"Use ""factory-made"" (adjective) when you want to convey produced in quantity at a factory. Appropriate in formal writing, GRE sentence-equivalence, and academic contexts where precision matters.","Avoid ""factory-made"" in casual conversation among friends unless you are certain the listener will understand; it can sound pretentious. Also avoid when a simpler synonym suffices.",Academic: The researcher's findings revealed that the factory-made effect was statistically significant across all samples.,"Conversational: Look, the factory-made results speak for themselves — we can't ignore them any longer.",GRE: Analysts noted that the company's ___ strategy had ___ results in the last quarter. (fill in: factory-made)
2659,uncrossed,adjective,not crossed,uncross,crossed; cross,"Use ""uncrossed"" (adjective) when you want to convey not crossed. Appropriate in formal writing, GRE sentence-equivalence, and academic contexts where precision matters.","Avoid ""uncrossed"" in casual conversation among friends unless you are certain the listener will understand; it can sound pretentious. Also avoid when a simpler synonym suffices.",Academic: The researcher's findings revealed that the uncrossed effect was statistically significant across all samples.,"Conversational: You know, it's pretty clear that the uncrossed situation needs our immediate attention.",GRE: Analysts noted that the company's ___ strategy had ___ results in the last quarter. (fill in: uncrossed)
2660,contrived,adjective,artificially formal,forge; design; devise; excogitate; plan; invent,,"Use ""contrived"" (adjective) when you want to convey artificially formal. Appropriate in formal writing, GRE sentence-equivalence, and academic contexts where precision matters.","Avoid ""contrived"" in casual conversation among friends unless you are certain the listener will understand; it can sound pretentious. Also avoid when a simpler synonym suffices.",Academic: The researcher's findings revealed that the contrived effect was statistically significant across all samples.,"Conversational: Honestly, the contrived behavior of the team has been a major source of tension lately.","GRE: Despite the ___ nature of the evidence, the researchers remained ___ about their conclusions. (fill in: contrived)"
2661,unagitated,adjective,not agitated; without losing self-possession,tranquil; serene; calm,agitated,"Use ""unagitated"" (adjective) when you want to convey not agitated; without losing self-possession. Appropriate in formal writing, GRE sentence-equivalence, and academic contexts where precision matters.","Avoid ""unagitated"" in casual conversation among friends unless you are certain the listener will understand; it can sound pretentious. Also avoid when a simpler synonym suffices.",Academic: The study concluded that the unagitated factor played a decisive role in the experimental outcome.,"Conversational: Honestly, the unagitated behavior of the team has been a major source of tension lately.",GRE: The author's ___ tone contrasted sharply with the ___ underlying message of the passage. (fill in: unagitated)
2662,natural,adjective,free from artificiality,instinctive; innate; raw; born; rude; cancel,flat; sharp; artificial; supernatural; unnatural,"Use ""natural"" (adjective) when you want to convey free from artificiality. Appropriate in formal writing, GRE sentence-equivalence, and academic contexts where precision matters.","Avoid ""natural"" in casual conversation among friends unless you are certain the listener will understand; it can sound pretentious. Also avoid when a simpler synonym suffices.","Academic: In the scholarly article, the author argued that the natural phenomenon could not be overlooked.","Conversational: Look, the natural results speak for themselves — we can't ignore them any longer.",GRE: The author's ___ tone contrasted sharply with the ___ underlying message of the passage. (fill in: natural)
2663,winded,adjective,breathing laboriously or convulsively,weave; wander; twist; wind; meander; thread,unwind,"Use ""winded"" (adjective) when you want to convey breathing laboriously or convulsively. Appropriate in formal writing, GRE sentence-equivalence, and academic contexts where precision matters.","Avoid ""winded"" in casual conversation among friends unless you are certain the listener will understand; it can sound pretentious. Also avoid when a simpler synonym suffices.",Academic: A key consideration in modern discourse is how the winded principle shapes contemporary policy decisions.,"Conversational: You know, it's pretty clear that the winded situation needs our immediate attention.",GRE: The professor described the ___ as a ___ that ___ the entire field of study. (fill in: winded)
2664,weakened,adjective,damaged inanimate objects or their value,weaken; countermine; undermine; counteract; subvert; sabotage,escalate; strengthen,"Use ""weakened"" (adjective) when you want to convey damaged inanimate objects or their value. Appropriate in formal writing, GRE sentence-equivalence, and academic contexts where precision matters.","Avoid ""weakened"" in casual conversation among friends unless you are certain the listener will understand; it can sound pretentious. Also avoid when a simpler synonym suffices.",Academic: Contemporary scholars debate whether the weakened hypothesis adequately explains the observed data.,"Conversational: Look, the weakened results speak for themselves — we can't ignore them any longer.","GRE: Despite the ___ nature of the evidence, the researchers remained ___ about their conclusions. (fill in: weakened)"
2665,elective,adjective,subject to popular election,elected; elective course,appointive,"Use ""elective"" (adjective) when you want to convey subject to popular election. Appropriate in formal writing, GRE sentence-equivalence, and academic contexts where precision matters.","Avoid ""elective"" in casual conversation among friends unless you are certain the listener will understand; it can sound pretentious. Also avoid when a simpler synonym suffices.",Academic: The researcher's findings revealed that the elective effect was statistically significant across all samples.,"Conversational: Honestly, the elective behavior of the team has been a major source of tension lately.",GRE: Analysts noted that the company's ___ strategy had ___ results in the last quarter. (fill in: elective)
2666,comburent,adjective,supporting combustion,comburant; combustive,,"Use ""comburent"" (adjective) when you want to convey supporting combustion. Appropriate in formal writing, GRE sentence-equivalence, and academic contexts where precision matters.","Avoid ""comburent"" in casual conversation among friends unless you are certain the listener will understand; it can sound pretentious. Also avoid when a simpler synonym suffices.",Academic: A key consideration in modern discourse is how the comburent principle shapes contemporary policy decisions.,"Conversational: Look, the comburent results speak for themselves — we can't ignore them any longer.",GRE: The professor described the ___ as a ___ that ___ the entire field of study. (fill in: comburent)
2667,violet-black,adjective,of black tinged with violet,,,"Use ""violet-black"" (adjective) when you want to convey of black tinged with violet. Appropriate in formal writing, GRE sentence-equivalence, and academic contexts where precision matters.","Avoid ""violet-black"" in casual conversation among friends unless you are certain the listener will understand; it can sound pretentious. Also avoid when a simpler synonym suffices.",Academic: A key consideration in modern discourse is how the violet-black principle shapes contemporary policy decisions.,"Conversational: You know, it's pretty clear that the violet-black situation needs our immediate attention.",GRE: The author's ___ tone contrasted sharply with the ___ underlying message of the passage. (fill in: violet-black)
2668,time-tested,adjective,tested and proved to be reliable,tried and true; tried; tested,,"Use ""time-tested"" (adjective) when you want to convey tested and proved to be reliable. Appropriate in formal writing, GRE sentence-equivalence, and academic contexts where precision matters.","Avoid ""time-tested"" in casual conversation among friends unless you are certain the listener will understand; it can sound pretentious. Also avoid when a simpler synonym suffices.","Academic: In the scholarly article, the author argued that the time-tested phenomenon could not be overlooked.","Conversational: You know, it's pretty clear that the time-tested situation needs our immediate attention.",GRE: Analysts noted that the company's ___ strategy had ___ results in the last quarter. (fill in: time-tested)
2669,ruinous,adjective,causing injury or blight; especially affecting with sudden violence or plague or ruin,catastrophic; blasting,,"Use ""ruinous"" (adjective) when you want to convey causing injury or blight; especially affecting with sudden violence or plague or ruin. Appropriate in formal writing, GRE sentence-equivalence, and academic contexts where precision matters.","Avoid ""ruinous"" in casual conversation among friends unless you are certain the listener will understand; it can sound pretentious. Also avoid when a simpler synonym suffices.",Academic: A key consideration in modern discourse is how the ruinous principle shapes contemporary policy decisions.,Conversational: I've noticed the ruinous trend in our office culture and it's starting to concern me.,"GRE: Despite the ___ nature of the evidence, the researchers remained ___ about their conclusions. (fill in: ruinous)"
2670,dark-blue,adjective,of a dark shade of blue,,,"Use ""dark-blue"" (adjective) when you want to convey of a dark shade of blue. Appropriate in formal writing, GRE sentence-equivalence, and academic contexts where precision matters.","Avoid ""dark-blue"" in casual conversation among friends unless you are certain the listener will understand; it can sound pretentious. Also avoid when a simpler synonym suffices.",Academic: A key consideration in modern discourse is how the dark-blue principle shapes contemporary policy decisions.,"Conversational: Honestly, the dark-blue behavior of the team has been a major source of tension lately.",GRE: The committee's decision to ___ was met with both praise and criticism from stakeholders. (fill in: dark-blue)
2671,nonarboreal,adjective,not inhabiting or frequenting trees,,arboreal,"Use ""nonarboreal"" (adjective) when you want to convey not inhabiting or frequenting trees. Appropriate in formal writing, GRE sentence-equivalence, and academic contexts where precision matters.","Avoid ""nonarboreal"" in casual conversation among friends unless you are certain the listener will understand; it can sound pretentious. Also avoid when a simpler synonym suffices.",Academic: Contemporary scholars debate whether the nonarboreal hypothesis adequately explains the observed data.,Conversational: I told him the nonarboreal approach just wouldn't work here — we need to rethink this.,"GRE: Despite the ___ nature of the evidence, the researchers remained ___ about their conclusions. (fill in: nonarboreal)"
2672,unbroken,adjective,(especially of promises or contracts) not violated or disregarded,unplowed; unploughed; kept,broken; plowed,"Use ""unbroken"" (adjective) when you want to convey (especially of promises or contracts) not violated or disregarded. Appropriate in formal writing, GRE sentence-equivalence, and academic contexts where precision matters.","Avoid ""unbroken"" in casual conversation among friends unless you are certain the listener will understand; it can sound pretentious. Also avoid when a simpler synonym suffices.",Academic: The study concluded that the unbroken factor played a decisive role in the experimental outcome.,"Conversational: You know, it's pretty clear that the unbroken situation needs our immediate attention.","GRE: Despite the ___ nature of the evidence, the researchers remained ___ about their conclusions. (fill in: unbroken)"
2673,unfrightened,adjective,not affected by fright,,,"Use ""unfrightened"" (adjective) when you want to convey not affected by fright. Appropriate in formal writing, GRE sentence-equivalence, and academic contexts where precision matters.","Avoid ""unfrightened"" in casual conversation among friends unless you are certain the listener will understand; it can sound pretentious. Also avoid when a simpler synonym suffices.",Academic: A key consideration in modern discourse is how the unfrightened principle shapes contemporary policy decisions.,"Conversational: Honestly, the unfrightened behavior of the team has been a major source of tension lately.",GRE: The committee's decision to ___ was met with both praise and criticism from stakeholders. (fill in: unfrightened)
2674,grayish-white,adjective,of white tinged with grey,gray-white; greyish-white; grey-white,,"Use ""grayish-white"" (adjective) when you want to convey of white tinged with grey. Appropriate in formal writing, GRE sentence-equivalence, and academic contexts where precision matters.","Avoid ""grayish-white"" in casual conversation among friends unless you are certain the listener will understand; it can sound pretentious. Also avoid when a simpler synonym suffices.",Academic: The researcher's findings revealed that the grayish-white effect was statistically significant across all samples.,"Conversational: Honestly, the grayish-white behavior of the team has been a major source of tension lately.",GRE: Analysts noted that the company's ___ strategy had ___ results in the last quarter. (fill in: grayish-white)
2675,hangdog,adjective,frightened into submission or compliance,guilty; shamed; shamefaced,,"Use ""hangdog"" (adjective) when you want to convey frightened into submission or compliance. Appropriate in formal writing, GRE sentence-equivalence, and academic contexts where precision matters.","Avoid ""hangdog"" in casual conversation among friends unless you are certain the listener will understand; it can sound pretentious. Also avoid when a simpler synonym suffices.",Academic: The researcher's findings revealed that the hangdog effect was statistically significant across all samples.,"Conversational: Look, the hangdog results speak for themselves — we can't ignore them any longer.",GRE: The professor described the ___ as a ___ that ___ the entire field of study. (fill in: hangdog)
2676,four-dimensional,adjective,involving or relating to the fourth dimension or time,4-dimensional,,"Use ""four-dimensional"" (adjective) when you want to convey involving or relating to the fourth dimension or time. Appropriate in formal writing, GRE sentence-equivalence, and academic contexts where precision matters.","Avoid ""four-dimensional"" in casual conversation among friends unless you are certain the listener will understand; it can sound pretentious. Also avoid when a simpler synonym suffices.",Academic: The study concluded that the four-dimensional factor played a decisive role in the experimental outcome.,"Conversational: You know, it's pretty clear that the four-dimensional situation needs our immediate attention.",GRE: The professor described the ___ as a ___ that ___ the entire field of study. (fill in: four-dimensional)
2677,lonesome,adjective,marked by dejection from being alone,solitary; lone; sole; lonely; only,,"Use ""lonesome"" (adjective) when you want to convey marked by dejection from being alone. Appropriate in formal writing, GRE sentence-equivalence, and academic contexts where precision matters.","Avoid ""lonesome"" in casual conversation among friends unless you are certain the listener will understand; it can sound pretentious. Also avoid when a simpler synonym suffices.","Academic: In the scholarly article, the author argued that the lonesome phenomenon could not be overlooked.","Conversational: Look, the lonesome results speak for themselves — we can't ignore them any longer.","GRE: Despite the ___ nature of the evidence, the researchers remained ___ about their conclusions. (fill in: lonesome)"
2678,anemophilous,adjective,of flowering plants (especially grasses etc) that are pollinated by the wind,,entomophilous,"Use ""anemophilous"" (adjective) when you want to convey of flowering plants (especially grasses etc) that are pollinated by the wind. Appropriate in formal writing, GRE sentence-equivalence, and academic contexts where precision matters.","Avoid ""anemophilous"" in casual conversation among friends unless you are certain the listener will understand; it can sound pretentious. Also avoid when a simpler synonym suffices.",Academic: The study concluded that the anemophilous factor played a decisive role in the experimental outcome.,"Conversational: Honestly, the anemophilous behavior of the team has been a major source of tension lately.","GRE: Despite the ___ nature of the evidence, the researchers remained ___ about their conclusions. (fill in: anemophilous)"
2679,occasional,adjective,recurring or reappearing from time to time,episodic; periodic; casual,,"Use ""occasional"" (adjective) when you want to convey recurring or reappearing from time to time. Appropriate in formal writing, GRE sentence-equivalence, and academic contexts where precision matters.","Avoid ""occasional"" in casual conversation among friends unless you are certain the listener will understand; it can sound pretentious. Also avoid when a simpler synonym suffices.","Academic: In the scholarly article, the author argued that the occasional phenomenon could not be overlooked.",Conversational: I told him the occasional approach just wouldn't work here — we need to rethink this.,GRE: The professor described the ___ as a ___ that ___ the entire field of study. (fill in: occasional)
2680,uneducated,adjective,not having a good education,,educated,"Use ""uneducated"" (adjective) when you want to convey not having a good education. Appropriate in formal writing, GRE sentence-equivalence, and academic contexts where precision matters.","Avoid ""uneducated"" in casual conversation among friends unless you are certain the listener will understand; it can sound pretentious. Also avoid when a simpler synonym suffices.",Academic: Contemporary scholars debate whether the uneducated hypothesis adequately explains the observed data.,"Conversational: You know, it's pretty clear that the uneducated situation needs our immediate attention.",GRE: The professor described the ___ as a ___ that ___ the entire field of study. (fill in: uneducated)
2681,impressed,adjective,deeply or markedly affected or influenced,affect; impress; ingrain; strike; move; instill,,"Use ""impressed"" (adjective) when you want to convey deeply or markedly affected or influenced. Appropriate in formal writing, GRE sentence-equivalence, and academic contexts where precision matters.","Avoid ""impressed"" in casual conversation among friends unless you are certain the listener will understand; it can sound pretentious. Also avoid when a simpler synonym suffices.",Academic: The study concluded that the impressed factor played a decisive role in the experimental outcome.,Conversational: I've noticed the impressed trend in our office culture and it's starting to concern me.,GRE: The author's ___ tone contrasted sharply with the ___ underlying message of the passage. (fill in: impressed)
2682,patelliform,adjective,shaped like a dish or pan,dished; dish-shaped,,"Use ""patelliform"" (adjective) when you want to convey shaped like a dish or pan. Appropriate in formal writing, GRE sentence-equivalence, and academic contexts where precision matters.","Avoid ""patelliform"" in casual conversation among friends unless you are certain the listener will understand; it can sound pretentious. Also avoid when a simpler synonym suffices.",Academic: A key consideration in modern discourse is how the patelliform principle shapes contemporary policy decisions.,"Conversational: Look, the patelliform results speak for themselves — we can't ignore them any longer.",GRE: The committee's decision to ___ was met with both praise and criticism from stakeholders. (fill in: patelliform)
2683,provisionary,adjective,under terms not final or fully worked out or agreed upon,tentative; probationary; provisional,,"Use ""provisionary"" (adjective) when you want to convey under terms not final or fully worked out or agreed upon. Appropriate in formal writing, GRE sentence-equivalence, and academic contexts where precision matters.","Avoid ""provisionary"" in casual conversation among friends unless you are certain the listener will understand; it can sound pretentious. Also avoid when a simpler synonym suffices.","Academic: In the scholarly article, the author argued that the provisionary phenomenon could not be overlooked.",Conversational: I told him the provisionary approach just wouldn't work here — we need to rethink this.,"GRE: Despite the ___ nature of the evidence, the researchers remained ___ about their conclusions. (fill in: provisionary)"
2684,opinionative,adjective,obstinate in your opinions,opinionated; self-opinionated,,"Use ""opinionative"" (adjective) when you want to convey obstinate in your opinions. Appropriate in formal writing, GRE sentence-equivalence, and academic contexts where precision matters.","Avoid ""opinionative"" in casual conversation among friends unless you are certain the listener will understand; it can sound pretentious. Also avoid when a simpler synonym suffices.",Academic: The researcher's findings revealed that the opinionative effect was statistically significant across all samples.,"Conversational: You know, it's pretty clear that the opinionative situation needs our immediate attention.","GRE: Despite the ___ nature of the evidence, the researchers remained ___ about their conclusions. (fill in: opinionative)"
2685,wiry-stemmed,adjective,having a wiry stem,,,"Use ""wiry-stemmed"" (adjective) when you want to convey having a wiry stem. Appropriate in formal writing, GRE sentence-equivalence, and academic contexts where precision matters.","Avoid ""wiry-stemmed"" in casual conversation among friends unless you are certain the listener will understand; it can sound pretentious. Also avoid when a simpler synonym suffices.",Academic: The researcher's findings revealed that the wiry-stemmed effect was statistically significant across all samples.,"Conversational: Honestly, the wiry-stemmed behavior of the team has been a major source of tension lately.",GRE: The professor described the ___ as a ___ that ___ the entire field of study. (fill in: wiry-stemmed)
2686,brickle,adjective,having little elasticity; hence easily cracked or fractured or snapped,brickly; brittle,,"Use ""brickle"" (adjective) when you want to convey having little elasticity; hence easily cracked or fractured or snapped. Appropriate in formal writing, GRE sentence-equivalence, and academic contexts where precision matters.","Avoid ""brickle"" in casual conversation among friends unless you are certain the listener will understand; it can sound pretentious. Also avoid when a simpler synonym suffices.",Academic: Contemporary scholars debate whether the brickle hypothesis adequately explains the observed data.,"Conversational: You know, it's pretty clear that the brickle situation needs our immediate attention.",GRE: The committee's decision to ___ was met with both praise and criticism from stakeholders. (fill in: brickle)
2687,acidic,adjective,being or containing an acid; of a solution having an excess of hydrogen atoms (having a pH of less than 7),acidulent; acid; acidulous,amphoteric; alkaline,"Use ""acidic"" (adjective) when you want to convey being or containing an acid; of a solution having an excess of hydrogen atoms (having a ph of less than 7). Appropriate in formal writing, GRE sentence-equivalence, and academic contexts where precision matters.","Avoid ""acidic"" in casual conversation among friends unless you are certain the listener will understand; it can sound pretentious. Also avoid when a simpler synonym suffices.",Academic: The researcher's findings revealed that the acidic effect was statistically significant across all samples.,Conversational: I told him the acidic approach just wouldn't work here — we need to rethink this.,GRE: The author's ___ tone contrasted sharply with the ___ underlying message of the passage. (fill in: acidic)
2688,grey-pink,adjective,of pink tinged with grey,gray-pink; greyish-pink; grayish-pink,,"Use ""grey-pink"" (adjective) when you want to convey of pink tinged with grey. Appropriate in formal writing, GRE sentence-equivalence, and academic contexts where precision matters.","Avoid ""grey-pink"" in casual conversation among friends unless you are certain the listener will understand; it can sound pretentious. Also avoid when a simpler synonym suffices.",Academic: The researcher's findings revealed that the grey-pink effect was statistically significant across all samples.,Conversational: I've noticed the grey-pink trend in our office culture and it's starting to concern me.,"GRE: Despite the ___ nature of the evidence, the researchers remained ___ about their conclusions. (fill in: grey-pink)"
2689,annihilative,adjective,wreaking or capable of wreaking complete destruction,devastating; annihilating; withering,,"Use ""annihilative"" (adjective) when you want to convey wreaking or capable of wreaking complete destruction. Appropriate in formal writing, GRE sentence-equivalence, and academic contexts where precision matters.","Avoid ""annihilative"" in casual conversation among friends unless you are certain the listener will understand; it can sound pretentious. Also avoid when a simpler synonym suffices.",Academic: A key consideration in modern discourse is how the annihilative principle shapes contemporary policy decisions.,"Conversational: Look, the annihilative results speak for themselves — we can't ignore them any longer.","GRE: Despite the ___ nature of the evidence, the researchers remained ___ about their conclusions. (fill in: annihilative)"
2690,lethargic,adjective,deficient in alertness or activity,unenrgetic,energetic,"Use ""lethargic"" (adjective) when you want to convey deficient in alertness or activity. Appropriate in formal writing, GRE sentence-equivalence, and academic contexts where precision matters.","Avoid ""lethargic"" in casual conversation among friends unless you are certain the listener will understand; it can sound pretentious. Also avoid when a simpler synonym suffices.",Academic: The researcher's findings revealed that the lethargic effect was statistically significant across all samples.,"Conversational: Honestly, the lethargic behavior of the team has been a major source of tension lately.",GRE: Analysts noted that the company's ___ strategy had ___ results in the last quarter. (fill in: lethargic)
2691,dedicated,adjective,solemnly dedicated to or set apart for a high purpose,commit; give; consecrated; consecrate; dedicate; devote,undedicated; desecrated,"Use ""dedicated"" (adjective) when you want to convey solemnly dedicated to or set apart for a high purpose. Appropriate in formal writing, GRE sentence-equivalence, and academic contexts where precision matters.","Avoid ""dedicated"" in casual conversation among friends unless you are certain the listener will understand; it can sound pretentious. Also avoid when a simpler synonym suffices.",Academic: Contemporary scholars debate whether the dedicated hypothesis adequately explains the observed data.,"Conversational: Honestly, the dedicated behavior of the team has been a major source of tension lately.",GRE: The professor described the ___ as a ___ that ___ the entire field of study. (fill in: dedicated)
2692,undefined,adjective,"not precisely limited, determined, or distinguished",vague,defined,"Use ""undefined"" (adjective) when you want to convey not precisely limited, determined, or distinguished. Appropriate in formal writing, GRE sentence-equivalence, and academic contexts where precision matters.","Avoid ""undefined"" in casual conversation among friends unless you are certain the listener will understand; it can sound pretentious. Also avoid when a simpler synonym suffices.",Academic: The researcher's findings revealed that the undefined effect was statistically significant across all samples.,"Conversational: You know, it's pretty clear that the undefined situation needs our immediate attention.","GRE: Despite the ___ nature of the evidence, the researchers remained ___ about their conclusions. (fill in: undefined)"
2693,benighted,adjective,lacking enlightenment or knowledge or culture,nighted; bedim; benight; dark,,"Use ""benighted"" (adjective) when you want to convey lacking enlightenment or knowledge or culture. Appropriate in formal writing, GRE sentence-equivalence, and academic contexts where precision matters.","Avoid ""benighted"" in casual conversation among friends unless you are certain the listener will understand; it can sound pretentious. Also avoid when a simpler synonym suffices.",Academic: A key consideration in modern discourse is how the benighted principle shapes contemporary policy decisions.,Conversational: I told him the benighted approach just wouldn't work here — we need to rethink this.,"GRE: Despite the ___ nature of the evidence, the researchers remained ___ about their conclusions. (fill in: benighted)"
2694,unadvisable,adjective,not prudent or wise; not recommended,inadvisable,advisable,"Use ""unadvisable"" (adjective) when you want to convey not prudent or wise; not recommended. Appropriate in formal writing, GRE sentence-equivalence, and academic contexts where precision matters.","Avoid ""unadvisable"" in casual conversation among friends unless you are certain the listener will understand; it can sound pretentious. Also avoid when a simpler synonym suffices.",Academic: The study concluded that the unadvisable factor played a decisive role in the experimental outcome.,Conversational: I've noticed the unadvisable trend in our office culture and it's starting to concern me.,GRE: Analysts noted that the company's ___ strategy had ___ results in the last quarter. (fill in: unadvisable)
2695,raimentless,adjective,possessing no clothing,clothesless; garmentless,,"Use ""raimentless"" (adjective) when you want to convey possessing no clothing. Appropriate in formal writing, GRE sentence-equivalence, and academic contexts where precision matters.","Avoid ""raimentless"" in casual conversation among friends unless you are certain the listener will understand; it can sound pretentious. Also avoid when a simpler synonym suffices.","Academic: In the scholarly article, the author argued that the raimentless phenomenon could not be overlooked.","Conversational: You know, it's pretty clear that the raimentless situation needs our immediate attention.",GRE: The author's ___ tone contrasted sharply with the ___ underlying message of the passage. (fill in: raimentless)
2696,promiscuous,adjective,not selective of a single class or person,wanton; light; easy; sluttish; loose,,"Use ""promiscuous"" (adjective) when you want to convey not selective of a single class or person. Appropriate in formal writing, GRE sentence-equivalence, and academic contexts where precision matters.","Avoid ""promiscuous"" in casual conversation among friends unless you are certain the listener will understand; it can sound pretentious. Also avoid when a simpler synonym suffices.",Academic: Contemporary scholars debate whether the promiscuous hypothesis adequately explains the observed data.,Conversational: I told him the promiscuous approach just wouldn't work here — we need to rethink this.,GRE: The committee's decision to ___ was met with both praise and criticism from stakeholders. (fill in: promiscuous)
2697,disjunct,adjective,progressing melodically by intervals larger than a major second,isolated,conjunct,"Use ""disjunct"" (adjective) when you want to convey progressing melodically by intervals larger than a major second. Appropriate in formal writing, GRE sentence-equivalence, and academic contexts where precision matters.","Avoid ""disjunct"" in casual conversation among friends unless you are certain the listener will understand; it can sound pretentious. Also avoid when a simpler synonym suffices.",Academic: The study concluded that the disjunct factor played a decisive role in the experimental outcome.,Conversational: I told him the disjunct approach just wouldn't work here — we need to rethink this.,GRE: The professor described the ___ as a ___ that ___ the entire field of study. (fill in: disjunct)
2698,proportionate,adjective,being in due proportion,harmonious; symmetrical,disproportionate,"Use ""proportionate"" (adjective) when you want to convey being in due proportion. Appropriate in formal writing, GRE sentence-equivalence, and academic contexts where precision matters.","Avoid ""proportionate"" in casual conversation among friends unless you are certain the listener will understand; it can sound pretentious. Also avoid when a simpler synonym suffices.",Academic: The researcher's findings revealed that the proportionate effect was statistically significant across all samples.,"Conversational: You know, it's pretty clear that the proportionate situation needs our immediate attention.","GRE: Despite the ___ nature of the evidence, the researchers remained ___ about their conclusions. (fill in: proportionate)"
2699,recurrent,adjective,recurring again and again,perennial; repeated,,"Use ""recurrent"" (adjective) when you want to convey recurring again and again. Appropriate in formal writing, GRE sentence-equivalence, and academic contexts where precision matters.","Avoid ""recurrent"" in casual conversation among friends unless you are certain the listener will understand; it can sound pretentious. Also avoid when a simpler synonym suffices.",Academic: Contemporary scholars debate whether the recurrent hypothesis adequately explains the observed data.,"Conversational: Look, the recurrent results speak for themselves — we can't ignore them any longer.",GRE: The author's ___ tone contrasted sharply with the ___ underlying message of the passage. (fill in: recurrent)
2700,discoverable,adjective,capable of being ascertained or found out,ascertainable,,"Use ""discoverable"" (adjective) when you want to convey capable of being ascertained or found out. Appropriate in formal writing, GRE sentence-equivalence, and academic contexts where precision matters.","Avoid ""discoverable"" in casual conversation among friends unless you are certain the listener will understand; it can sound pretentious. Also avoid when a simpler synonym suffices.",Academic: A key consideration in modern discourse is how the discoverable principle shapes contemporary policy decisions.,Conversational: I told him the discoverable approach just wouldn't work here — we need to rethink this.,GRE: The committee's decision to ___ was met with both praise and criticism from stakeholders. (fill in: discoverable)
