rank,word,pos,definition,synonyms,antonyms,usage_where,usage_where_not,example_1,example_2,example_3
1201,sleepless,adjective,experiencing or accompanied by sleeplessness; ; ; ; - Shakespeare,watchful; lidless; insomniac,,"Use ""sleepless"" (adjective) when you want to convey experiencing or accompanied by sleeplessness; ; ; ; - shakespeare. Appropriate in formal writing, GRE sentence-equivalence, and academic contexts where precision matters.","Avoid ""sleepless"" in casual conversation among friends unless you are certain the listener will understand; it can sound pretentious. Also avoid when a simpler synonym suffices.",Academic: A key consideration in modern discourse is how the sleepless principle shapes contemporary policy decisions.,Conversational: I've noticed the sleepless trend in our office culture and it's starting to concern me.,GRE: Analysts noted that the company's ___ strategy had ___ results in the last quarter. (fill in: sleepless)
1202,thorough,adjective,performed comprehensively and completely,thoroughgoing; exhaustive,,"Use ""thorough"" (adjective) when you want to convey performed comprehensively and completely. Appropriate in formal writing, GRE sentence-equivalence, and academic contexts where precision matters.","Avoid ""thorough"" in casual conversation among friends unless you are certain the listener will understand; it can sound pretentious. Also avoid when a simpler synonym suffices.",Academic: The researcher's findings revealed that the thorough effect was statistically significant across all samples.,"Conversational: You know, it's pretty clear that the thorough situation needs our immediate attention.",GRE: Analysts noted that the company's ___ strategy had ___ results in the last quarter. (fill in: thorough)
1203,curly-haired,adjective,covered with curly hair,curly-coated,,"Use ""curly-haired"" (adjective) when you want to convey covered with curly hair. Appropriate in formal writing, GRE sentence-equivalence, and academic contexts where precision matters.","Avoid ""curly-haired"" in casual conversation among friends unless you are certain the listener will understand; it can sound pretentious. Also avoid when a simpler synonym suffices.",Academic: The researcher's findings revealed that the curly-haired effect was statistically significant across all samples.,"Conversational: Honestly, the curly-haired behavior of the team has been a major source of tension lately.",GRE: The author's ___ tone contrasted sharply with the ___ underlying message of the passage. (fill in: curly-haired)
1204,midmost,adjective,being in the exact middle,middlemost; in the midst,,"Use ""midmost"" (adjective) when you want to convey being in the exact middle. Appropriate in formal writing, GRE sentence-equivalence, and academic contexts where precision matters.","Avoid ""midmost"" in casual conversation among friends unless you are certain the listener will understand; it can sound pretentious. Also avoid when a simpler synonym suffices.","Academic: In the scholarly article, the author argued that the midmost phenomenon could not be overlooked.",Conversational: I told him the midmost approach just wouldn't work here — we need to rethink this.,GRE: The author's ___ tone contrasted sharply with the ___ underlying message of the passage. (fill in: midmost)
1205,scarce,adjective,deficient in quantity or number compared with the demand,scarcely; just; barely; hardly,abundant,"Use ""scarce"" (adjective) when you want to convey deficient in quantity or number compared with the demand. Appropriate in formal writing, GRE sentence-equivalence, and academic contexts where precision matters.","Avoid ""scarce"" in casual conversation among friends unless you are certain the listener will understand; it can sound pretentious. Also avoid when a simpler synonym suffices.",Academic: The study concluded that the scarce factor played a decisive role in the experimental outcome.,"Conversational: Honestly, the scarce behavior of the team has been a major source of tension lately.",GRE: Analysts noted that the company's ___ strategy had ___ results in the last quarter. (fill in: scarce)
1206,blonde,adjective,being or having light colored skin and hair and usually blue or grey eyes,blond; light-haired,brunet,"Use ""blonde"" (adjective) when you want to convey being or having light colored skin and hair and usually blue or grey eyes. Appropriate in formal writing, GRE sentence-equivalence, and academic contexts where precision matters.","Avoid ""blonde"" in casual conversation among friends unless you are certain the listener will understand; it can sound pretentious. Also avoid when a simpler synonym suffices.",Academic: The researcher's findings revealed that the blonde effect was statistically significant across all samples.,Conversational: I told him the blonde approach just wouldn't work here — we need to rethink this.,GRE: The author's ___ tone contrasted sharply with the ___ underlying message of the passage. (fill in: blonde)
1207,coolheaded,adjective,marked by calm self-control (especially in trying circumstances); unemotional,nerveless; cool,,"Use ""coolheaded"" (adjective) when you want to convey marked by calm self-control (especially in trying circumstances); unemotional. Appropriate in formal writing, GRE sentence-equivalence, and academic contexts where precision matters.","Avoid ""coolheaded"" in casual conversation among friends unless you are certain the listener will understand; it can sound pretentious. Also avoid when a simpler synonym suffices.",Academic: A key consideration in modern discourse is how the coolheaded principle shapes contemporary policy decisions.,"Conversational: Honestly, the coolheaded behavior of the team has been a major source of tension lately.",GRE: The author's ___ tone contrasted sharply with the ___ underlying message of the passage. (fill in: coolheaded)
1208,adventuresome,adjective,willing to undertake or seeking out new and daring enterprises,adventurous,unadventurous,"Use ""adventuresome"" (adjective) when you want to convey willing to undertake or seeking out new and daring enterprises. Appropriate in formal writing, GRE sentence-equivalence, and academic contexts where precision matters.","Avoid ""adventuresome"" in casual conversation among friends unless you are certain the listener will understand; it can sound pretentious. Also avoid when a simpler synonym suffices.","Academic: In the scholarly article, the author argued that the adventuresome phenomenon could not be overlooked.","Conversational: Honestly, the adventuresome behavior of the team has been a major source of tension lately.",GRE: The author's ___ tone contrasted sharply with the ___ underlying message of the passage. (fill in: adventuresome)
1209,welfare-statist,adjective,of or relating to a welfare state,welfarist,,"Use ""welfare-statist"" (adjective) when you want to convey of or relating to a welfare state. Appropriate in formal writing, GRE sentence-equivalence, and academic contexts where precision matters.","Avoid ""welfare-statist"" in casual conversation among friends unless you are certain the listener will understand; it can sound pretentious. Also avoid when a simpler synonym suffices.",Academic: Contemporary scholars debate whether the welfare-statist hypothesis adequately explains the observed data.,Conversational: I told him the welfare-statist approach just wouldn't work here — we need to rethink this.,GRE: The author's ___ tone contrasted sharply with the ___ underlying message of the passage. (fill in: welfare-statist)
1210,prideful,adjective,joyful and proud especially because of triumph or success,disdainful; sniffy; lordly; imperious; supercilious; overbearing,,"Use ""prideful"" (adjective) when you want to convey joyful and proud especially because of triumph or success. Appropriate in formal writing, GRE sentence-equivalence, and academic contexts where precision matters.","Avoid ""prideful"" in casual conversation among friends unless you are certain the listener will understand; it can sound pretentious. Also avoid when a simpler synonym suffices.",Academic: The researcher's findings revealed that the prideful effect was statistically significant across all samples.,"Conversational: Look, the prideful results speak for themselves — we can't ignore them any longer.",GRE: The author's ___ tone contrasted sharply with the ___ underlying message of the passage. (fill in: prideful)
1211,sold-out,adjective,having taken a bribe or bribes,,,"Use ""sold-out"" (adjective) when you want to convey having taken a bribe or bribes. Appropriate in formal writing, GRE sentence-equivalence, and academic contexts where precision matters.","Avoid ""sold-out"" in casual conversation among friends unless you are certain the listener will understand; it can sound pretentious. Also avoid when a simpler synonym suffices.",Academic: A key consideration in modern discourse is how the sold-out principle shapes contemporary policy decisions.,Conversational: I told him the sold-out approach just wouldn't work here — we need to rethink this.,"GRE: Despite the ___ nature of the evidence, the researchers remained ___ about their conclusions. (fill in: sold-out)"
1212,damned,adjective,expletives used informally as intensifiers,damn; anathemise; curse; bedamn; anathemize; beshrew,bless,"Use ""damned"" (adjective) when you want to convey expletives used informally as intensifiers. Appropriate in formal writing, GRE sentence-equivalence, and academic contexts where precision matters.","Avoid ""damned"" in casual conversation among friends unless you are certain the listener will understand; it can sound pretentious. Also avoid when a simpler synonym suffices.","Academic: In the scholarly article, the author argued that the damned phenomenon could not be overlooked.","Conversational: You know, it's pretty clear that the damned situation needs our immediate attention.",GRE: The committee's decision to ___ was met with both praise and criticism from stakeholders. (fill in: damned)
1213,denaturized,adjective,changed in nature or natural quality,denaturised; denatured,,"Use ""denaturized"" (adjective) when you want to convey changed in nature or natural quality. Appropriate in formal writing, GRE sentence-equivalence, and academic contexts where precision matters.","Avoid ""denaturized"" in casual conversation among friends unless you are certain the listener will understand; it can sound pretentious. Also avoid when a simpler synonym suffices.",Academic: The researcher's findings revealed that the denaturized effect was statistically significant across all samples.,Conversational: I've noticed the denaturized trend in our office culture and it's starting to concern me.,GRE: Analysts noted that the company's ___ strategy had ___ results in the last quarter. (fill in: denaturized)
1214,nonassertive,adjective,"not aggressively self-assured, though not necessarily lacking in confidence",,,"Use ""nonassertive"" (adjective) when you want to convey not aggressively self-assured, though not necessarily lacking in confidence. Appropriate in formal writing, GRE sentence-equivalence, and academic contexts where precision matters.","Avoid ""nonassertive"" in casual conversation among friends unless you are certain the listener will understand; it can sound pretentious. Also avoid when a simpler synonym suffices.","Academic: In the scholarly article, the author argued that the nonassertive phenomenon could not be overlooked.",Conversational: I've noticed the nonassertive trend in our office culture and it's starting to concern me.,"GRE: Despite the ___ nature of the evidence, the researchers remained ___ about their conclusions. (fill in: nonassertive)"
1215,bristlelike,adjective,resembling a bristle,,,"Use ""bristlelike"" (adjective) when you want to convey resembling a bristle. Appropriate in formal writing, GRE sentence-equivalence, and academic contexts where precision matters.","Avoid ""bristlelike"" in casual conversation among friends unless you are certain the listener will understand; it can sound pretentious. Also avoid when a simpler synonym suffices.","Academic: In the scholarly article, the author argued that the bristlelike phenomenon could not be overlooked.","Conversational: Honestly, the bristlelike behavior of the team has been a major source of tension lately.",GRE: The author's ___ tone contrasted sharply with the ___ underlying message of the passage. (fill in: bristlelike)
1216,militant,adjective,showing a fighting disposition,activist; war-ridden; hawkish; competitive; belligerent; warring,,"Use ""militant"" (adjective) when you want to convey showing a fighting disposition. Appropriate in formal writing, GRE sentence-equivalence, and academic contexts where precision matters.","Avoid ""militant"" in casual conversation among friends unless you are certain the listener will understand; it can sound pretentious. Also avoid when a simpler synonym suffices.",Academic: The researcher's findings revealed that the militant effect was statistically significant across all samples.,Conversational: I told him the militant approach just wouldn't work here — we need to rethink this.,GRE: The professor described the ___ as a ___ that ___ the entire field of study. (fill in: militant)
1217,glinting,adjective,having brief brilliant points or flashes of light,glint; gleam; glisten; glitter; glance; peek,,"Use ""glinting"" (adjective) when you want to convey having brief brilliant points or flashes of light. Appropriate in formal writing, GRE sentence-equivalence, and academic contexts where precision matters.","Avoid ""glinting"" in casual conversation among friends unless you are certain the listener will understand; it can sound pretentious. Also avoid when a simpler synonym suffices.",Academic: The researcher's findings revealed that the glinting effect was statistically significant across all samples.,"Conversational: Honestly, the glinting behavior of the team has been a major source of tension lately.",GRE: The committee's decision to ___ was met with both praise and criticism from stakeholders. (fill in: glinting)
1218,coordinative,adjective,serving to connect two grammatical constituents of identical construction,coordinating,subordinating,"Use ""coordinative"" (adjective) when you want to convey serving to connect two grammatical constituents of identical construction. Appropriate in formal writing, GRE sentence-equivalence, and academic contexts where precision matters.","Avoid ""coordinative"" in casual conversation among friends unless you are certain the listener will understand; it can sound pretentious. Also avoid when a simpler synonym suffices.","Academic: In the scholarly article, the author argued that the coordinative phenomenon could not be overlooked.",Conversational: I told him the coordinative approach just wouldn't work here — we need to rethink this.,GRE: The author's ___ tone contrasted sharply with the ___ underlying message of the passage. (fill in: coordinative)
1219,esurient,adjective,(often followed by `for') ardently or excessively desirous,greedy; famished; ravenous; starved; devouring; avid,,"Use ""esurient"" (adjective) when you want to convey (often followed by `for') ardently or excessively desirous. Appropriate in formal writing, GRE sentence-equivalence, and academic contexts where precision matters.","Avoid ""esurient"" in casual conversation among friends unless you are certain the listener will understand; it can sound pretentious. Also avoid when a simpler synonym suffices.",Academic: The researcher's findings revealed that the esurient effect was statistically significant across all samples.,"Conversational: You know, it's pretty clear that the esurient situation needs our immediate attention.",GRE: The author's ___ tone contrasted sharply with the ___ underlying message of the passage. (fill in: esurient)
1220,protected,adjective,guarded from injury or destruction,saved; protect,unprotected,"Use ""protected"" (adjective) when you want to convey guarded from injury or destruction. Appropriate in formal writing, GRE sentence-equivalence, and academic contexts where precision matters.","Avoid ""protected"" in casual conversation among friends unless you are certain the listener will understand; it can sound pretentious. Also avoid when a simpler synonym suffices.",Academic: A key consideration in modern discourse is how the protected principle shapes contemporary policy decisions.,"Conversational: You know, it's pretty clear that the protected situation needs our immediate attention.",GRE: The professor described the ___ as a ___ that ___ the entire field of study. (fill in: protected)
1221,amphiprotic,adjective,having characteristics of both an acid and a base and capable of reacting as either,amphoteric,acidic; alkaline,"Use ""amphiprotic"" (adjective) when you want to convey having characteristics of both an acid and a base and capable of reacting as either. Appropriate in formal writing, GRE sentence-equivalence, and academic contexts where precision matters.","Avoid ""amphiprotic"" in casual conversation among friends unless you are certain the listener will understand; it can sound pretentious. Also avoid when a simpler synonym suffices.",Academic: The study concluded that the amphiprotic factor played a decisive role in the experimental outcome.,Conversational: I've noticed the amphiprotic trend in our office culture and it's starting to concern me.,GRE: The committee's decision to ___ was met with both praise and criticism from stakeholders. (fill in: amphiprotic)
1222,obstreperous,adjective,noisily and stubbornly defiant,,,"Use ""obstreperous"" (adjective) when you want to convey noisily and stubbornly defiant. Appropriate in formal writing, GRE sentence-equivalence, and academic contexts where precision matters.","Avoid ""obstreperous"" in casual conversation among friends unless you are certain the listener will understand; it can sound pretentious. Also avoid when a simpler synonym suffices.",Academic: A key consideration in modern discourse is how the obstreperous principle shapes contemporary policy decisions.,"Conversational: Honestly, the obstreperous behavior of the team has been a major source of tension lately.",GRE: The professor described the ___ as a ___ that ___ the entire field of study. (fill in: obstreperous)
1223,purplish-green,adjective,of green tinged with purple,purple-green,,"Use ""purplish-green"" (adjective) when you want to convey of green tinged with purple. Appropriate in formal writing, GRE sentence-equivalence, and academic contexts where precision matters.","Avoid ""purplish-green"" in casual conversation among friends unless you are certain the listener will understand; it can sound pretentious. Also avoid when a simpler synonym suffices.",Academic: The researcher's findings revealed that the purplish-green effect was statistically significant across all samples.,Conversational: I told him the purplish-green approach just wouldn't work here — we need to rethink this.,"GRE: Despite the ___ nature of the evidence, the researchers remained ___ about their conclusions. (fill in: purplish-green)"
1224,eccentric,adjective,not having a common center; not concentric,eccentric person; geek; type; oddball; character; flake,concentric,"Use ""eccentric"" (adjective) when you want to convey not having a common center; not concentric. Appropriate in formal writing, GRE sentence-equivalence, and academic contexts where precision matters.","Avoid ""eccentric"" in casual conversation among friends unless you are certain the listener will understand; it can sound pretentious. Also avoid when a simpler synonym suffices.",Academic: The study concluded that the eccentric factor played a decisive role in the experimental outcome.,"Conversational: Honestly, the eccentric behavior of the team has been a major source of tension lately.",GRE: Analysts noted that the company's ___ strategy had ___ results in the last quarter. (fill in: eccentric)
1225,unswerving,adjective,firm and dependable especially in loyalty,undeviating; steadfast; staunch,,"Use ""unswerving"" (adjective) when you want to convey firm and dependable especially in loyalty. Appropriate in formal writing, GRE sentence-equivalence, and academic contexts where precision matters.","Avoid ""unswerving"" in casual conversation among friends unless you are certain the listener will understand; it can sound pretentious. Also avoid when a simpler synonym suffices.",Academic: Contemporary scholars debate whether the unswerving hypothesis adequately explains the observed data.,Conversational: I've noticed the unswerving trend in our office culture and it's starting to concern me.,GRE: The professor described the ___ as a ___ that ___ the entire field of study. (fill in: unswerving)
1226,inattentive,adjective,showing a lack of attention or care,neglectful,attentive,"Use ""inattentive"" (adjective) when you want to convey showing a lack of attention or care. Appropriate in formal writing, GRE sentence-equivalence, and academic contexts where precision matters.","Avoid ""inattentive"" in casual conversation among friends unless you are certain the listener will understand; it can sound pretentious. Also avoid when a simpler synonym suffices.",Academic: The researcher's findings revealed that the inattentive effect was statistically significant across all samples.,Conversational: I've noticed the inattentive trend in our office culture and it's starting to concern me.,GRE: Analysts noted that the company's ___ strategy had ___ results in the last quarter. (fill in: inattentive)
1227,autochthonous,adjective,"of rocks, deposits, etc.; found where they and their constituents were formed",indigenous; autochthonal; endemic; autochthonic,allochthonous,"Use ""autochthonous"" (adjective) when you want to convey of rocks, deposits, etc.; found where they and their constituents were formed. Appropriate in formal writing, GRE sentence-equivalence, and academic contexts where precision matters.","Avoid ""autochthonous"" in casual conversation among friends unless you are certain the listener will understand; it can sound pretentious. Also avoid when a simpler synonym suffices.",Academic: The study concluded that the autochthonous factor played a decisive role in the experimental outcome.,"Conversational: Honestly, the autochthonous behavior of the team has been a major source of tension lately.",GRE: The professor described the ___ as a ___ that ___ the entire field of study. (fill in: autochthonous)
1228,unbound,adjective,not secured within a cover,unbind,bind; bound,"Use ""unbound"" (adjective) when you want to convey not secured within a cover. Appropriate in formal writing, GRE sentence-equivalence, and academic contexts where precision matters.","Avoid ""unbound"" in casual conversation among friends unless you are certain the listener will understand; it can sound pretentious. Also avoid when a simpler synonym suffices.",Academic: The researcher's findings revealed that the unbound effect was statistically significant across all samples.,Conversational: I told him the unbound approach just wouldn't work here — we need to rethink this.,GRE: The committee's decision to ___ was met with both praise and criticism from stakeholders. (fill in: unbound)
1229,accommodative,adjective,tending to reconcile or accommodate; bringing into harmony,cooperative; reconciling; accommodating,unaccommodating,"Use ""accommodative"" (adjective) when you want to convey tending to reconcile or accommodate; bringing into harmony. Appropriate in formal writing, GRE sentence-equivalence, and academic contexts where precision matters.","Avoid ""accommodative"" in casual conversation among friends unless you are certain the listener will understand; it can sound pretentious. Also avoid when a simpler synonym suffices.",Academic: Contemporary scholars debate whether the accommodative hypothesis adequately explains the observed data.,"Conversational: Look, the accommodative results speak for themselves — we can't ignore them any longer.",GRE: The author's ___ tone contrasted sharply with the ___ underlying message of the passage. (fill in: accommodative)
1230,assimilatory,adjective,"capable of taking (gas, light, or liquids) into a solution; ""an assimilative substance",assimilative; assimilating,,"Use ""assimilatory"" (adjective) when you want to convey capable of taking (gas, light, or liquids) into a solution; ""an assimilative substance. Appropriate in formal writing, GRE sentence-equivalence, and academic contexts where precision matters.","Avoid ""assimilatory"" in casual conversation among friends unless you are certain the listener will understand; it can sound pretentious. Also avoid when a simpler synonym suffices.","Academic: In the scholarly article, the author argued that the assimilatory phenomenon could not be overlooked.",Conversational: I told him the assimilatory approach just wouldn't work here — we need to rethink this.,GRE: The author's ___ tone contrasted sharply with the ___ underlying message of the passage. (fill in: assimilatory)
1231,chestnut-coloured,adjective,having the brown color of chestnuts,chestnut-colored,,"Use ""chestnut-coloured"" (adjective) when you want to convey having the brown color of chestnuts. Appropriate in formal writing, GRE sentence-equivalence, and academic contexts where precision matters.","Avoid ""chestnut-coloured"" in casual conversation among friends unless you are certain the listener will understand; it can sound pretentious. Also avoid when a simpler synonym suffices.",Academic: A key consideration in modern discourse is how the chestnut-coloured principle shapes contemporary policy decisions.,Conversational: I've noticed the chestnut-coloured trend in our office culture and it's starting to concern me.,GRE: Analysts noted that the company's ___ strategy had ___ results in the last quarter. (fill in: chestnut-coloured)
1232,hindmost,adjective,located farthest to the rear,hindermost; backmost; rearmost,,"Use ""hindmost"" (adjective) when you want to convey located farthest to the rear. Appropriate in formal writing, GRE sentence-equivalence, and academic contexts where precision matters.","Avoid ""hindmost"" in casual conversation among friends unless you are certain the listener will understand; it can sound pretentious. Also avoid when a simpler synonym suffices.",Academic: Contemporary scholars debate whether the hindmost hypothesis adequately explains the observed data.,"Conversational: You know, it's pretty clear that the hindmost situation needs our immediate attention.","GRE: Despite the ___ nature of the evidence, the researchers remained ___ about their conclusions. (fill in: hindmost)"
1233,tickling,adjective,exciting by touching lightly so as to cause laughter or twitching movements,titillate; vellicate; thrill; vibrate; titillation; tickle,,"Use ""tickling"" (adjective) when you want to convey exciting by touching lightly so as to cause laughter or twitching movements. Appropriate in formal writing, GRE sentence-equivalence, and academic contexts where precision matters.","Avoid ""tickling"" in casual conversation among friends unless you are certain the listener will understand; it can sound pretentious. Also avoid when a simpler synonym suffices.",Academic: The researcher's findings revealed that the tickling effect was statistically significant across all samples.,"Conversational: Honestly, the tickling behavior of the team has been a major source of tension lately.",GRE: The committee's decision to ___ was met with both praise and criticism from stakeholders. (fill in: tickling)
1234,pink-purple,adjective,of purple tinged with pink,pinkish-purple,,"Use ""pink-purple"" (adjective) when you want to convey of purple tinged with pink. Appropriate in formal writing, GRE sentence-equivalence, and academic contexts where precision matters.","Avoid ""pink-purple"" in casual conversation among friends unless you are certain the listener will understand; it can sound pretentious. Also avoid when a simpler synonym suffices.",Academic: The researcher's findings revealed that the pink-purple effect was statistically significant across all samples.,"Conversational: Honestly, the pink-purple behavior of the team has been a major source of tension lately.",GRE: The professor described the ___ as a ___ that ___ the entire field of study. (fill in: pink-purple)
1235,tree-shaped,adjective,resembling a tree in form and branching structure,treelike; arboresque; dendriform; dendroidal; arboreous; dendroid,,"Use ""tree-shaped"" (adjective) when you want to convey resembling a tree in form and branching structure. Appropriate in formal writing, GRE sentence-equivalence, and academic contexts where precision matters.","Avoid ""tree-shaped"" in casual conversation among friends unless you are certain the listener will understand; it can sound pretentious. Also avoid when a simpler synonym suffices.",Academic: The researcher's findings revealed that the tree-shaped effect was statistically significant across all samples.,"Conversational: You know, it's pretty clear that the tree-shaped situation needs our immediate attention.",GRE: The professor described the ___ as a ___ that ___ the entire field of study. (fill in: tree-shaped)
1236,fetching,adjective,very attractive; capturing interest,convey; bring; bring in; get; winning; taking,take away,"Use ""fetching"" (adjective) when you want to convey very attractive; capturing interest. Appropriate in formal writing, GRE sentence-equivalence, and academic contexts where precision matters.","Avoid ""fetching"" in casual conversation among friends unless you are certain the listener will understand; it can sound pretentious. Also avoid when a simpler synonym suffices.",Academic: The study concluded that the fetching factor played a decisive role in the experimental outcome.,"Conversational: You know, it's pretty clear that the fetching situation needs our immediate attention.",GRE: The professor described the ___ as a ___ that ___ the entire field of study. (fill in: fetching)
1237,different,adjective,differing from all others; not ordinary,dissimilar; unlike,same; like,"Use ""different"" (adjective) when you want to convey differing from all others; not ordinary. Appropriate in formal writing, GRE sentence-equivalence, and academic contexts where precision matters.","Avoid ""different"" in casual conversation among friends unless you are certain the listener will understand; it can sound pretentious. Also avoid when a simpler synonym suffices.",Academic: The researcher's findings revealed that the different effect was statistically significant across all samples.,Conversational: I told him the different approach just wouldn't work here — we need to rethink this.,GRE: The committee's decision to ___ was met with both praise and criticism from stakeholders. (fill in: different)
1238,slatey,adjective,of the color of slate or granite,slate-gray; stone-grey; slaty; slaty-grey; stone-gray; slaty-gray,,"Use ""slatey"" (adjective) when you want to convey of the color of slate or granite. Appropriate in formal writing, GRE sentence-equivalence, and academic contexts where precision matters.","Avoid ""slatey"" in casual conversation among friends unless you are certain the listener will understand; it can sound pretentious. Also avoid when a simpler synonym suffices.",Academic: A key consideration in modern discourse is how the slatey principle shapes contemporary policy decisions.,"Conversational: Honestly, the slatey behavior of the team has been a major source of tension lately.",GRE: The committee's decision to ___ was met with both praise and criticism from stakeholders. (fill in: slatey)
1239,prevenient,adjective,in anticipation,anticipatory,,"Use ""prevenient"" (adjective) when you want to convey in anticipation. Appropriate in formal writing, GRE sentence-equivalence, and academic contexts where precision matters.","Avoid ""prevenient"" in casual conversation among friends unless you are certain the listener will understand; it can sound pretentious. Also avoid when a simpler synonym suffices.","Academic: In the scholarly article, the author argued that the prevenient phenomenon could not be overlooked.","Conversational: You know, it's pretty clear that the prevenient situation needs our immediate attention.","GRE: Despite the ___ nature of the evidence, the researchers remained ___ about their conclusions. (fill in: prevenient)"
1240,elasticized,adjective,made with strands or inserts of elastic,elasticised,,"Use ""elasticized"" (adjective) when you want to convey made with strands or inserts of elastic. Appropriate in formal writing, GRE sentence-equivalence, and academic contexts where precision matters.","Avoid ""elasticized"" in casual conversation among friends unless you are certain the listener will understand; it can sound pretentious. Also avoid when a simpler synonym suffices.",Academic: The study concluded that the elasticized factor played a decisive role in the experimental outcome.,"Conversational: Look, the elasticized results speak for themselves — we can't ignore them any longer.",GRE: Analysts noted that the company's ___ strategy had ___ results in the last quarter. (fill in: elasticized)
1241,infrasonic,adjective,having frequencies below those of audible sound,,,"Use ""infrasonic"" (adjective) when you want to convey having frequencies below those of audible sound. Appropriate in formal writing, GRE sentence-equivalence, and academic contexts where precision matters.","Avoid ""infrasonic"" in casual conversation among friends unless you are certain the listener will understand; it can sound pretentious. Also avoid when a simpler synonym suffices.",Academic: The study concluded that the infrasonic factor played a decisive role in the experimental outcome.,"Conversational: Look, the infrasonic results speak for themselves — we can't ignore them any longer.","GRE: Despite the ___ nature of the evidence, the researchers remained ___ about their conclusions. (fill in: infrasonic)"
1242,stagey,adjective,having characteristics of the stage especially an artificial and mannered quality,stagy,,"Use ""stagey"" (adjective) when you want to convey having characteristics of the stage especially an artificial and mannered quality. Appropriate in formal writing, GRE sentence-equivalence, and academic contexts where precision matters.","Avoid ""stagey"" in casual conversation among friends unless you are certain the listener will understand; it can sound pretentious. Also avoid when a simpler synonym suffices.",Academic: A key consideration in modern discourse is how the stagey principle shapes contemporary policy decisions.,Conversational: I've noticed the stagey trend in our office culture and it's starting to concern me.,"GRE: Despite the ___ nature of the evidence, the researchers remained ___ about their conclusions. (fill in: stagey)"
1243,trenchant,adjective,clearly or sharply defined to the mind,searching; hard-hitting; clear-cut; distinct,,"Use ""trenchant"" (adjective) when you want to convey clearly or sharply defined to the mind. Appropriate in formal writing, GRE sentence-equivalence, and academic contexts where precision matters.","Avoid ""trenchant"" in casual conversation among friends unless you are certain the listener will understand; it can sound pretentious. Also avoid when a simpler synonym suffices.","Academic: In the scholarly article, the author argued that the trenchant phenomenon could not be overlooked.","Conversational: Look, the trenchant results speak for themselves — we can't ignore them any longer.",GRE: The author's ___ tone contrasted sharply with the ___ underlying message of the passage. (fill in: trenchant)
1244,pestering,adjective,causing irritation or annoyance,annoying; pester; plaguy; teasing; plaguey; bothersome,,"Use ""pestering"" (adjective) when you want to convey causing irritation or annoyance. Appropriate in formal writing, GRE sentence-equivalence, and academic contexts where precision matters.","Avoid ""pestering"" in casual conversation among friends unless you are certain the listener will understand; it can sound pretentious. Also avoid when a simpler synonym suffices.",Academic: The researcher's findings revealed that the pestering effect was statistically significant across all samples.,Conversational: I told him the pestering approach just wouldn't work here — we need to rethink this.,"GRE: Despite the ___ nature of the evidence, the researchers remained ___ about their conclusions. (fill in: pestering)"
1245,unconnected,adjective,not joined or linked together,confused; illogical; disconnected; garbled; disordered; scattered,connected,"Use ""unconnected"" (adjective) when you want to convey not joined or linked together. Appropriate in formal writing, GRE sentence-equivalence, and academic contexts where precision matters.","Avoid ""unconnected"" in casual conversation among friends unless you are certain the listener will understand; it can sound pretentious. Also avoid when a simpler synonym suffices.","Academic: In the scholarly article, the author argued that the unconnected phenomenon could not be overlooked.","Conversational: You know, it's pretty clear that the unconnected situation needs our immediate attention.",GRE: The professor described the ___ as a ___ that ___ the entire field of study. (fill in: unconnected)
1246,belowground,adjective,underneath the ground,underground,,"Use ""belowground"" (adjective) when you want to convey underneath the ground. Appropriate in formal writing, GRE sentence-equivalence, and academic contexts where precision matters.","Avoid ""belowground"" in casual conversation among friends unless you are certain the listener will understand; it can sound pretentious. Also avoid when a simpler synonym suffices.","Academic: In the scholarly article, the author argued that the belowground phenomenon could not be overlooked.","Conversational: Honestly, the belowground behavior of the team has been a major source of tension lately.",GRE: The professor described the ___ as a ___ that ___ the entire field of study. (fill in: belowground)
1247,unsnarled,adjective,straightened out,disentangled; loosened; disentangle; unsnarl; straighten out,entangle; snarl,"Use ""unsnarled"" (adjective) when you want to convey straightened out. Appropriate in formal writing, GRE sentence-equivalence, and academic contexts where precision matters.","Avoid ""unsnarled"" in casual conversation among friends unless you are certain the listener will understand; it can sound pretentious. Also avoid when a simpler synonym suffices.","Academic: In the scholarly article, the author argued that the unsnarled phenomenon could not be overlooked.","Conversational: You know, it's pretty clear that the unsnarled situation needs our immediate attention.",GRE: The professor described the ___ as a ___ that ___ the entire field of study. (fill in: unsnarled)
1248,unburdened,adjective,not burdened with difficulties or responsibilities; - Alex Inkeles,disburden; burdenless; unburden,burden; burdened,"Use ""unburdened"" (adjective) when you want to convey not burdened with difficulties or responsibilities; - alex inkeles. Appropriate in formal writing, GRE sentence-equivalence, and academic contexts where precision matters.","Avoid ""unburdened"" in casual conversation among friends unless you are certain the listener will understand; it can sound pretentious. Also avoid when a simpler synonym suffices.",Academic: The researcher's findings revealed that the unburdened effect was statistically significant across all samples.,"Conversational: Look, the unburdened results speak for themselves — we can't ignore them any longer.",GRE: Analysts noted that the company's ___ strategy had ___ results in the last quarter. (fill in: unburdened)
1249,comfortless,adjective,without comfort,,,"Use ""comfortless"" (adjective) when you want to convey without comfort. Appropriate in formal writing, GRE sentence-equivalence, and academic contexts where precision matters.","Avoid ""comfortless"" in casual conversation among friends unless you are certain the listener will understand; it can sound pretentious. Also avoid when a simpler synonym suffices.","Academic: In the scholarly article, the author argued that the comfortless phenomenon could not be overlooked.",Conversational: I've noticed the comfortless trend in our office culture and it's starting to concern me.,GRE: The committee's decision to ___ was met with both praise and criticism from stakeholders. (fill in: comfortless)
1250,hard-baked,adjective,baked until hard,,,"Use ""hard-baked"" (adjective) when you want to convey baked until hard. Appropriate in formal writing, GRE sentence-equivalence, and academic contexts where precision matters.","Avoid ""hard-baked"" in casual conversation among friends unless you are certain the listener will understand; it can sound pretentious. Also avoid when a simpler synonym suffices.",Academic: A key consideration in modern discourse is how the hard-baked principle shapes contemporary policy decisions.,Conversational: I've noticed the hard-baked trend in our office culture and it's starting to concern me.,GRE: The author's ___ tone contrasted sharply with the ___ underlying message of the passage. (fill in: hard-baked)
1251,unwary,adjective,not alert to danger or deception; ; ; - O.J.Campbell,,wary,"Use ""unwary"" (adjective) when you want to convey not alert to danger or deception; ; ; - o.j.campbell. Appropriate in formal writing, GRE sentence-equivalence, and academic contexts where precision matters.","Avoid ""unwary"" in casual conversation among friends unless you are certain the listener will understand; it can sound pretentious. Also avoid when a simpler synonym suffices.",Academic: The study concluded that the unwary factor played a decisive role in the experimental outcome.,"Conversational: You know, it's pretty clear that the unwary situation needs our immediate attention.","GRE: Despite the ___ nature of the evidence, the researchers remained ___ about their conclusions. (fill in: unwary)"
1252,elementary,adjective,easy and not involved or complicated,simple; uncomplicated; primary; elemental; unproblematic,,"Use ""elementary"" (adjective) when you want to convey easy and not involved or complicated. Appropriate in formal writing, GRE sentence-equivalence, and academic contexts where precision matters.","Avoid ""elementary"" in casual conversation among friends unless you are certain the listener will understand; it can sound pretentious. Also avoid when a simpler synonym suffices.",Academic: The researcher's findings revealed that the elementary effect was statistically significant across all samples.,Conversational: I've noticed the elementary trend in our office culture and it's starting to concern me.,"GRE: Despite the ___ nature of the evidence, the researchers remained ___ about their conclusions. (fill in: elementary)"
1253,allied,adjective,joined by treaty or agreement,confederate; confederative; ally,,"Use ""allied"" (adjective) when you want to convey joined by treaty or agreement. Appropriate in formal writing, GRE sentence-equivalence, and academic contexts where precision matters.","Avoid ""allied"" in casual conversation among friends unless you are certain the listener will understand; it can sound pretentious. Also avoid when a simpler synonym suffices.",Academic: The researcher's findings revealed that the allied effect was statistically significant across all samples.,"Conversational: You know, it's pretty clear that the allied situation needs our immediate attention.",GRE: The committee's decision to ___ was met with both praise and criticism from stakeholders. (fill in: allied)
1254,rushlike,adjective,resembling rush or sedge,sedgelike,,"Use ""rushlike"" (adjective) when you want to convey resembling rush or sedge. Appropriate in formal writing, GRE sentence-equivalence, and academic contexts where precision matters.","Avoid ""rushlike"" in casual conversation among friends unless you are certain the listener will understand; it can sound pretentious. Also avoid when a simpler synonym suffices.",Academic: A key consideration in modern discourse is how the rushlike principle shapes contemporary policy decisions.,Conversational: I told him the rushlike approach just wouldn't work here — we need to rethink this.,GRE: Analysts noted that the company's ___ strategy had ___ results in the last quarter. (fill in: rushlike)
1255,crimson-magenta,adjective,magenta tinged with crimson,,,"Use ""crimson-magenta"" (adjective) when you want to convey magenta tinged with crimson. Appropriate in formal writing, GRE sentence-equivalence, and academic contexts where precision matters.","Avoid ""crimson-magenta"" in casual conversation among friends unless you are certain the listener will understand; it can sound pretentious. Also avoid when a simpler synonym suffices.",Academic: The study concluded that the crimson-magenta factor played a decisive role in the experimental outcome.,Conversational: I've noticed the crimson-magenta trend in our office culture and it's starting to concern me.,GRE: The author's ___ tone contrasted sharply with the ___ underlying message of the passage. (fill in: crimson-magenta)
1256,yellowish-white,adjective,of a white tinged with yellow,yellow-white,,"Use ""yellowish-white"" (adjective) when you want to convey of a white tinged with yellow. Appropriate in formal writing, GRE sentence-equivalence, and academic contexts where precision matters.","Avoid ""yellowish-white"" in casual conversation among friends unless you are certain the listener will understand; it can sound pretentious. Also avoid when a simpler synonym suffices.",Academic: A key consideration in modern discourse is how the yellowish-white principle shapes contemporary policy decisions.,"Conversational: Honestly, the yellowish-white behavior of the team has been a major source of tension lately.",GRE: The professor described the ___ as a ___ that ___ the entire field of study. (fill in: yellowish-white)
1257,nonelected,adjective,filled by appointment rather than by election,nonelective; non-elective,,"Use ""nonelected"" (adjective) when you want to convey filled by appointment rather than by election. Appropriate in formal writing, GRE sentence-equivalence, and academic contexts where precision matters.","Avoid ""nonelected"" in casual conversation among friends unless you are certain the listener will understand; it can sound pretentious. Also avoid when a simpler synonym suffices.",Academic: The researcher's findings revealed that the nonelected effect was statistically significant across all samples.,"Conversational: You know, it's pretty clear that the nonelected situation needs our immediate attention.",GRE: The committee's decision to ___ was met with both praise and criticism from stakeholders. (fill in: nonelected)
1258,abstracted,adjective,lost in thought; showing preoccupation,snarf; pilfer; nobble; lift; hook; sneak,,"Use ""abstracted"" (adjective) when you want to convey lost in thought; showing preoccupation. Appropriate in formal writing, GRE sentence-equivalence, and academic contexts where precision matters.","Avoid ""abstracted"" in casual conversation among friends unless you are certain the listener will understand; it can sound pretentious. Also avoid when a simpler synonym suffices.",Academic: The study concluded that the abstracted factor played a decisive role in the experimental outcome.,Conversational: I've noticed the abstracted trend in our office culture and it's starting to concern me.,GRE: The author's ___ tone contrasted sharply with the ___ underlying message of the passage. (fill in: abstracted)
1259,sinistral,adjective,of or on the left,,dextral,"Use ""sinistral"" (adjective) when you want to convey of or on the left. Appropriate in formal writing, GRE sentence-equivalence, and academic contexts where precision matters.","Avoid ""sinistral"" in casual conversation among friends unless you are certain the listener will understand; it can sound pretentious. Also avoid when a simpler synonym suffices.",Academic: The study concluded that the sinistral factor played a decisive role in the experimental outcome.,Conversational: I told him the sinistral approach just wouldn't work here — we need to rethink this.,GRE: The committee's decision to ___ was met with both praise and criticism from stakeholders. (fill in: sinistral)
1260,breathtaking,adjective,tending to cause suspension of regular breathing,breathless,,"Use ""breathtaking"" (adjective) when you want to convey tending to cause suspension of regular breathing. Appropriate in formal writing, GRE sentence-equivalence, and academic contexts where precision matters.","Avoid ""breathtaking"" in casual conversation among friends unless you are certain the listener will understand; it can sound pretentious. Also avoid when a simpler synonym suffices.",Academic: A key consideration in modern discourse is how the breathtaking principle shapes contemporary policy decisions.,"Conversational: You know, it's pretty clear that the breathtaking situation needs our immediate attention.","GRE: Despite the ___ nature of the evidence, the researchers remained ___ about their conclusions. (fill in: breathtaking)"
1261,dark-brown,adjective,of a color similar to that of wood or earth,brown; chocolate-brown; brownish,,"Use ""dark-brown"" (adjective) when you want to convey of a color similar to that of wood or earth. Appropriate in formal writing, GRE sentence-equivalence, and academic contexts where precision matters.","Avoid ""dark-brown"" in casual conversation among friends unless you are certain the listener will understand; it can sound pretentious. Also avoid when a simpler synonym suffices.","Academic: In the scholarly article, the author argued that the dark-brown phenomenon could not be overlooked.","Conversational: Honestly, the dark-brown behavior of the team has been a major source of tension lately.",GRE: The author's ___ tone contrasted sharply with the ___ underlying message of the passage. (fill in: dark-brown)
1262,maleficent,adjective,harmful or evil in intent or effect,,beneficent,"Use ""maleficent"" (adjective) when you want to convey harmful or evil in intent or effect. Appropriate in formal writing, GRE sentence-equivalence, and academic contexts where precision matters.","Avoid ""maleficent"" in casual conversation among friends unless you are certain the listener will understand; it can sound pretentious. Also avoid when a simpler synonym suffices.",Academic: The study concluded that the maleficent factor played a decisive role in the experimental outcome.,Conversational: I told him the maleficent approach just wouldn't work here — we need to rethink this.,GRE: The committee's decision to ___ was met with both praise and criticism from stakeholders. (fill in: maleficent)
1263,dark-coloured,adjective,having a dark color,dusky-coloured; dark-colored; dusky-colored,,"Use ""dark-coloured"" (adjective) when you want to convey having a dark color. Appropriate in formal writing, GRE sentence-equivalence, and academic contexts where precision matters.","Avoid ""dark-coloured"" in casual conversation among friends unless you are certain the listener will understand; it can sound pretentious. Also avoid when a simpler synonym suffices.","Academic: In the scholarly article, the author argued that the dark-coloured phenomenon could not be overlooked.",Conversational: I told him the dark-coloured approach just wouldn't work here — we need to rethink this.,GRE: Analysts noted that the company's ___ strategy had ___ results in the last quarter. (fill in: dark-coloured)
1264,congruent,adjective,coinciding when superimposed,congruous,incongruous; incongruent,"Use ""congruent"" (adjective) when you want to convey coinciding when superimposed. Appropriate in formal writing, GRE sentence-equivalence, and academic contexts where precision matters.","Avoid ""congruent"" in casual conversation among friends unless you are certain the listener will understand; it can sound pretentious. Also avoid when a simpler synonym suffices.",Academic: A key consideration in modern discourse is how the congruent principle shapes contemporary policy decisions.,"Conversational: You know, it's pretty clear that the congruent situation needs our immediate attention.","GRE: Despite the ___ nature of the evidence, the researchers remained ___ about their conclusions. (fill in: congruent)"
1265,repeated,adjective,recurring again and again,retell; iterate; restate; repeat; ingeminate; reiterate,,"Use ""repeated"" (adjective) when you want to convey recurring again and again. Appropriate in formal writing, GRE sentence-equivalence, and academic contexts where precision matters.","Avoid ""repeated"" in casual conversation among friends unless you are certain the listener will understand; it can sound pretentious. Also avoid when a simpler synonym suffices.","Academic: In the scholarly article, the author argued that the repeated phenomenon could not be overlooked.","Conversational: Honestly, the repeated behavior of the team has been a major source of tension lately.","GRE: Despite the ___ nature of the evidence, the researchers remained ___ about their conclusions. (fill in: repeated)"
1266,sceptred,adjective,invested with legal power or official authority especially as symbolized by having a scepter,empowered; sceptered,,"Use ""sceptred"" (adjective) when you want to convey invested with legal power or official authority especially as symbolized by having a scepter. Appropriate in formal writing, GRE sentence-equivalence, and academic contexts where precision matters.","Avoid ""sceptred"" in casual conversation among friends unless you are certain the listener will understand; it can sound pretentious. Also avoid when a simpler synonym suffices.",Academic: The study concluded that the sceptred factor played a decisive role in the experimental outcome.,"Conversational: Look, the sceptred results speak for themselves — we can't ignore them any longer.",GRE: The professor described the ___ as a ___ that ___ the entire field of study. (fill in: sceptred)
1267,boneless,adjective,being without a bone or bones,,bony,"Use ""boneless"" (adjective) when you want to convey being without a bone or bones. Appropriate in formal writing, GRE sentence-equivalence, and academic contexts where precision matters.","Avoid ""boneless"" in casual conversation among friends unless you are certain the listener will understand; it can sound pretentious. Also avoid when a simpler synonym suffices.","Academic: In the scholarly article, the author argued that the boneless phenomenon could not be overlooked.",Conversational: I've noticed the boneless trend in our office culture and it's starting to concern me.,"GRE: Despite the ___ nature of the evidence, the researchers remained ___ about their conclusions. (fill in: boneless)"
1268,lateral,adjective,lying away from the median and sagittal plane of a body,lateral pass; sidelong,,"Use ""lateral"" (adjective) when you want to convey lying away from the median and sagittal plane of a body. Appropriate in formal writing, GRE sentence-equivalence, and academic contexts where precision matters.","Avoid ""lateral"" in casual conversation among friends unless you are certain the listener will understand; it can sound pretentious. Also avoid when a simpler synonym suffices.",Academic: The researcher's findings revealed that the lateral effect was statistically significant across all samples.,"Conversational: Honestly, the lateral behavior of the team has been a major source of tension lately.","GRE: Despite the ___ nature of the evidence, the researchers remained ___ about their conclusions. (fill in: lateral)"
1269,acidophilous,adjective,especially of some bacteria; growing well in an acid medium,aciduric; acidophilic,,"Use ""acidophilous"" (adjective) when you want to convey especially of some bacteria; growing well in an acid medium. Appropriate in formal writing, GRE sentence-equivalence, and academic contexts where precision matters.","Avoid ""acidophilous"" in casual conversation among friends unless you are certain the listener will understand; it can sound pretentious. Also avoid when a simpler synonym suffices.",Academic: A key consideration in modern discourse is how the acidophilous principle shapes contemporary policy decisions.,Conversational: I told him the acidophilous approach just wouldn't work here — we need to rethink this.,"GRE: Despite the ___ nature of the evidence, the researchers remained ___ about their conclusions. (fill in: acidophilous)"
1270,nonclassical,adjective,not classical,,classical,"Use ""nonclassical"" (adjective) when you want to convey not classical. Appropriate in formal writing, GRE sentence-equivalence, and academic contexts where precision matters.","Avoid ""nonclassical"" in casual conversation among friends unless you are certain the listener will understand; it can sound pretentious. Also avoid when a simpler synonym suffices.","Academic: In the scholarly article, the author argued that the nonclassical phenomenon could not be overlooked.","Conversational: Honestly, the nonclassical behavior of the team has been a major source of tension lately.","GRE: Despite the ___ nature of the evidence, the researchers remained ___ about their conclusions. (fill in: nonclassical)"
1271,quenched,adjective,subdued or overcome,quench; allay; blow out; slake; extinguish; snuff out,ignite,"Use ""quenched"" (adjective) when you want to convey subdued or overcome. Appropriate in formal writing, GRE sentence-equivalence, and academic contexts where precision matters.","Avoid ""quenched"" in casual conversation among friends unless you are certain the listener will understand; it can sound pretentious. Also avoid when a simpler synonym suffices.",Academic: The study concluded that the quenched factor played a decisive role in the experimental outcome.,"Conversational: Honestly, the quenched behavior of the team has been a major source of tension lately.",GRE: Analysts noted that the company's ___ strategy had ___ results in the last quarter. (fill in: quenched)
1272,thoughtful,adjective,considerate of the feelings or well-being of others,paying attention; heedful; serious-minded; attentive,thoughtless; heedless,"Use ""thoughtful"" (adjective) when you want to convey considerate of the feelings or well-being of others. Appropriate in formal writing, GRE sentence-equivalence, and academic contexts where precision matters.","Avoid ""thoughtful"" in casual conversation among friends unless you are certain the listener will understand; it can sound pretentious. Also avoid when a simpler synonym suffices.",Academic: A key consideration in modern discourse is how the thoughtful principle shapes contemporary policy decisions.,Conversational: I've noticed the thoughtful trend in our office culture and it's starting to concern me.,GRE: The committee's decision to ___ was met with both praise and criticism from stakeholders. (fill in: thoughtful)
1273,uneatable,adjective,not suitable for food,inedible,edible,"Use ""uneatable"" (adjective) when you want to convey not suitable for food. Appropriate in formal writing, GRE sentence-equivalence, and academic contexts where precision matters.","Avoid ""uneatable"" in casual conversation among friends unless you are certain the listener will understand; it can sound pretentious. Also avoid when a simpler synonym suffices.",Academic: The researcher's findings revealed that the uneatable effect was statistically significant across all samples.,"Conversational: You know, it's pretty clear that the uneatable situation needs our immediate attention.",GRE: The committee's decision to ___ was met with both praise and criticism from stakeholders. (fill in: uneatable)
1274,half-hearted,adjective,feeling or showing little interest or enthusiasm,halfhearted; lukewarm; tepid,,"Use ""half-hearted"" (adjective) when you want to convey feeling or showing little interest or enthusiasm. Appropriate in formal writing, GRE sentence-equivalence, and academic contexts where precision matters.","Avoid ""half-hearted"" in casual conversation among friends unless you are certain the listener will understand; it can sound pretentious. Also avoid when a simpler synonym suffices.",Academic: A key consideration in modern discourse is how the half-hearted principle shapes contemporary policy decisions.,Conversational: I've noticed the half-hearted trend in our office culture and it's starting to concern me.,"GRE: Despite the ___ nature of the evidence, the researchers remained ___ about their conclusions. (fill in: half-hearted)"
1275,anaerobiotic,adjective,living or active in the absence of free oxygen,anaerobic,aerobic,"Use ""anaerobiotic"" (adjective) when you want to convey living or active in the absence of free oxygen. Appropriate in formal writing, GRE sentence-equivalence, and academic contexts where precision matters.","Avoid ""anaerobiotic"" in casual conversation among friends unless you are certain the listener will understand; it can sound pretentious. Also avoid when a simpler synonym suffices.",Academic: Contemporary scholars debate whether the anaerobiotic hypothesis adequately explains the observed data.,Conversational: I told him the anaerobiotic approach just wouldn't work here — we need to rethink this.,GRE: The author's ___ tone contrasted sharply with the ___ underlying message of the passage. (fill in: anaerobiotic)
1276,compressed,adjective,reduced in volume by pressure,pack together; compress; constrict; contract; squeeze; press,decompress,"Use ""compressed"" (adjective) when you want to convey reduced in volume by pressure. Appropriate in formal writing, GRE sentence-equivalence, and academic contexts where precision matters.","Avoid ""compressed"" in casual conversation among friends unless you are certain the listener will understand; it can sound pretentious. Also avoid when a simpler synonym suffices.","Academic: In the scholarly article, the author argued that the compressed phenomenon could not be overlooked.","Conversational: Look, the compressed results speak for themselves — we can't ignore them any longer.",GRE: The author's ___ tone contrasted sharply with the ___ underlying message of the passage. (fill in: compressed)
1277,fitful,adjective,intermittently stopping and starting,off-and-on; spasmodic; interrupted,,"Use ""fitful"" (adjective) when you want to convey intermittently stopping and starting. Appropriate in formal writing, GRE sentence-equivalence, and academic contexts where precision matters.","Avoid ""fitful"" in casual conversation among friends unless you are certain the listener will understand; it can sound pretentious. Also avoid when a simpler synonym suffices.",Academic: The study concluded that the fitful factor played a decisive role in the experimental outcome.,Conversational: I've noticed the fitful trend in our office culture and it's starting to concern me.,"GRE: Despite the ___ nature of the evidence, the researchers remained ___ about their conclusions. (fill in: fitful)"
1278,pug-faced,adjective,having the flat wrinkled face of a pug dog,,,"Use ""pug-faced"" (adjective) when you want to convey having the flat wrinkled face of a pug dog. Appropriate in formal writing, GRE sentence-equivalence, and academic contexts where precision matters.","Avoid ""pug-faced"" in casual conversation among friends unless you are certain the listener will understand; it can sound pretentious. Also avoid when a simpler synonym suffices.",Academic: Contemporary scholars debate whether the pug-faced hypothesis adequately explains the observed data.,Conversational: I told him the pug-faced approach just wouldn't work here — we need to rethink this.,"GRE: Despite the ___ nature of the evidence, the researchers remained ___ about their conclusions. (fill in: pug-faced)"
1279,remote,adjective,inaccessible and sparsely populated,distant; outside; removed; outback; remote control,close,"Use ""remote"" (adjective) when you want to convey inaccessible and sparsely populated. Appropriate in formal writing, GRE sentence-equivalence, and academic contexts where precision matters.","Avoid ""remote"" in casual conversation among friends unless you are certain the listener will understand; it can sound pretentious. Also avoid when a simpler synonym suffices.",Academic: A key consideration in modern discourse is how the remote principle shapes contemporary policy decisions.,"Conversational: You know, it's pretty clear that the remote situation needs our immediate attention.","GRE: Despite the ___ nature of the evidence, the researchers remained ___ about their conclusions. (fill in: remote)"
1280,ill-favored,adjective,usually used of a face,ill-favoured,,"Use ""ill-favored"" (adjective) when you want to convey usually used of a face. Appropriate in formal writing, GRE sentence-equivalence, and academic contexts where precision matters.","Avoid ""ill-favored"" in casual conversation among friends unless you are certain the listener will understand; it can sound pretentious. Also avoid when a simpler synonym suffices.","Academic: In the scholarly article, the author argued that the ill-favored phenomenon could not be overlooked.",Conversational: I've noticed the ill-favored trend in our office culture and it's starting to concern me.,GRE: The author's ___ tone contrasted sharply with the ___ underlying message of the passage. (fill in: ill-favored)
1281,leaden,adjective,lacking lightness or liveliness,weighted; heavy; plodding; dull,,"Use ""leaden"" (adjective) when you want to convey lacking lightness or liveliness. Appropriate in formal writing, GRE sentence-equivalence, and academic contexts where precision matters.","Avoid ""leaden"" in casual conversation among friends unless you are certain the listener will understand; it can sound pretentious. Also avoid when a simpler synonym suffices.",Academic: Contemporary scholars debate whether the leaden hypothesis adequately explains the observed data.,Conversational: I've noticed the leaden trend in our office culture and it's starting to concern me.,GRE: The author's ___ tone contrasted sharply with the ___ underlying message of the passage. (fill in: leaden)
1282,placating,adjective,intended to pacify by acceding to demands or granting concessions,placate; gentle; lenify; mollify; conciliate; appease,,"Use ""placating"" (adjective) when you want to convey intended to pacify by acceding to demands or granting concessions. Appropriate in formal writing, GRE sentence-equivalence, and academic contexts where precision matters.","Avoid ""placating"" in casual conversation among friends unless you are certain the listener will understand; it can sound pretentious. Also avoid when a simpler synonym suffices.",Academic: The researcher's findings revealed that the placating effect was statistically significant across all samples.,"Conversational: You know, it's pretty clear that the placating situation needs our immediate attention.","GRE: Despite the ___ nature of the evidence, the researchers remained ___ about their conclusions. (fill in: placating)"
1283,proximal,adjective,situated nearest to point of attachment or origin,,distal,"Use ""proximal"" (adjective) when you want to convey situated nearest to point of attachment or origin. Appropriate in formal writing, GRE sentence-equivalence, and academic contexts where precision matters.","Avoid ""proximal"" in casual conversation among friends unless you are certain the listener will understand; it can sound pretentious. Also avoid when a simpler synonym suffices.",Academic: The researcher's findings revealed that the proximal effect was statistically significant across all samples.,Conversational: I told him the proximal approach just wouldn't work here — we need to rethink this.,GRE: Analysts noted that the company's ___ strategy had ___ results in the last quarter. (fill in: proximal)
1284,buttonlike,adjective,small and round and shiny like a shiny bead or button,beadlike; beady; buttony,,"Use ""buttonlike"" (adjective) when you want to convey small and round and shiny like a shiny bead or button. Appropriate in formal writing, GRE sentence-equivalence, and academic contexts where precision matters.","Avoid ""buttonlike"" in casual conversation among friends unless you are certain the listener will understand; it can sound pretentious. Also avoid when a simpler synonym suffices.",Academic: The researcher's findings revealed that the buttonlike effect was statistically significant across all samples.,Conversational: I told him the buttonlike approach just wouldn't work here — we need to rethink this.,GRE: The committee's decision to ___ was met with both praise and criticism from stakeholders. (fill in: buttonlike)
1285,predacious,adjective,hunting and killing other animals for food,predaceous; predatory,,"Use ""predacious"" (adjective) when you want to convey hunting and killing other animals for food. Appropriate in formal writing, GRE sentence-equivalence, and academic contexts where precision matters.","Avoid ""predacious"" in casual conversation among friends unless you are certain the listener will understand; it can sound pretentious. Also avoid when a simpler synonym suffices.",Academic: The study concluded that the predacious factor played a decisive role in the experimental outcome.,"Conversational: You know, it's pretty clear that the predacious situation needs our immediate attention.","GRE: Despite the ___ nature of the evidence, the researchers remained ___ about their conclusions. (fill in: predacious)"
1286,ramous,adjective,having branches,branched; branching; ramate; ramose,,"Use ""ramous"" (adjective) when you want to convey having branches. Appropriate in formal writing, GRE sentence-equivalence, and academic contexts where precision matters.","Avoid ""ramous"" in casual conversation among friends unless you are certain the listener will understand; it can sound pretentious. Also avoid when a simpler synonym suffices.",Academic: The researcher's findings revealed that the ramous effect was statistically significant across all samples.,Conversational: I told him the ramous approach just wouldn't work here — we need to rethink this.,GRE: The author's ___ tone contrasted sharply with the ___ underlying message of the passage. (fill in: ramous)
1287,alight,adjective,lighted up by or as by fire or flame,perch; on fire; aflare; light; aflame; climb down,,"Use ""alight"" (adjective) when you want to convey lighted up by or as by fire or flame. Appropriate in formal writing, GRE sentence-equivalence, and academic contexts where precision matters.","Avoid ""alight"" in casual conversation among friends unless you are certain the listener will understand; it can sound pretentious. Also avoid when a simpler synonym suffices.",Academic: A key consideration in modern discourse is how the alight principle shapes contemporary policy decisions.,"Conversational: Honestly, the alight behavior of the team has been a major source of tension lately.",GRE: The committee's decision to ___ was met with both praise and criticism from stakeholders. (fill in: alight)
1288,acarpellous,adjective,having no carpels,acarpelous,carpellate,"Use ""acarpellous"" (adjective) when you want to convey having no carpels. Appropriate in formal writing, GRE sentence-equivalence, and academic contexts where precision matters.","Avoid ""acarpellous"" in casual conversation among friends unless you are certain the listener will understand; it can sound pretentious. Also avoid when a simpler synonym suffices.","Academic: In the scholarly article, the author argued that the acarpellous phenomenon could not be overlooked.","Conversational: Look, the acarpellous results speak for themselves — we can't ignore them any longer.",GRE: The author's ___ tone contrasted sharply with the ___ underlying message of the passage. (fill in: acarpellous)
1289,knifelike,adjective,painful as if caused by a sharp instrument,discriminating; penetrative; acute; penetrating; keen; piercing,,"Use ""knifelike"" (adjective) when you want to convey painful as if caused by a sharp instrument. Appropriate in formal writing, GRE sentence-equivalence, and academic contexts where precision matters.","Avoid ""knifelike"" in casual conversation among friends unless you are certain the listener will understand; it can sound pretentious. Also avoid when a simpler synonym suffices.",Academic: The study concluded that the knifelike factor played a decisive role in the experimental outcome.,Conversational: I've noticed the knifelike trend in our office culture and it's starting to concern me.,GRE: The professor described the ___ as a ___ that ___ the entire field of study. (fill in: knifelike)
1290,appropriate,adjective,suitable for a particular person or place or condition etc,reserve; conquer; earmark; set aside; allow; seize,inappropriate,"Use ""appropriate"" (adjective) when you want to convey suitable for a particular person or place or condition etc. Appropriate in formal writing, GRE sentence-equivalence, and academic contexts where precision matters.","Avoid ""appropriate"" in casual conversation among friends unless you are certain the listener will understand; it can sound pretentious. Also avoid when a simpler synonym suffices.",Academic: A key consideration in modern discourse is how the appropriate principle shapes contemporary policy decisions.,Conversational: I've noticed the appropriate trend in our office culture and it's starting to concern me.,"GRE: Despite the ___ nature of the evidence, the researchers remained ___ about their conclusions. (fill in: appropriate)"
1291,unconscious,adjective,(followed by `of') not knowing or perceiving; - Charles Dickens,unconscious mind,conscious,"Use ""unconscious"" (adjective) when you want to convey (followed by `of') not knowing or perceiving; - charles dickens. Appropriate in formal writing, GRE sentence-equivalence, and academic contexts where precision matters.","Avoid ""unconscious"" in casual conversation among friends unless you are certain the listener will understand; it can sound pretentious. Also avoid when a simpler synonym suffices.","Academic: In the scholarly article, the author argued that the unconscious phenomenon could not be overlooked.",Conversational: I've noticed the unconscious trend in our office culture and it's starting to concern me.,GRE: The author's ___ tone contrasted sharply with the ___ underlying message of the passage. (fill in: unconscious)
1292,postwar,adjective,belonging to the period after a war,,prewar,"Use ""postwar"" (adjective) when you want to convey belonging to the period after a war. Appropriate in formal writing, GRE sentence-equivalence, and academic contexts where precision matters.","Avoid ""postwar"" in casual conversation among friends unless you are certain the listener will understand; it can sound pretentious. Also avoid when a simpler synonym suffices.",Academic: Contemporary scholars debate whether the postwar hypothesis adequately explains the observed data.,"Conversational: Look, the postwar results speak for themselves — we can't ignore them any longer.",GRE: The committee's decision to ___ was met with both praise and criticism from stakeholders. (fill in: postwar)
1293,thick-haired,adjective,having thick hair,,,"Use ""thick-haired"" (adjective) when you want to convey having thick hair. Appropriate in formal writing, GRE sentence-equivalence, and academic contexts where precision matters.","Avoid ""thick-haired"" in casual conversation among friends unless you are certain the listener will understand; it can sound pretentious. Also avoid when a simpler synonym suffices.",Academic: The study concluded that the thick-haired factor played a decisive role in the experimental outcome.,Conversational: I told him the thick-haired approach just wouldn't work here — we need to rethink this.,GRE: Analysts noted that the company's ___ strategy had ___ results in the last quarter. (fill in: thick-haired)
1294,snowbound,adjective,confined or shut in by heavy snow,,,"Use ""snowbound"" (adjective) when you want to convey confined or shut in by heavy snow. Appropriate in formal writing, GRE sentence-equivalence, and academic contexts where precision matters.","Avoid ""snowbound"" in casual conversation among friends unless you are certain the listener will understand; it can sound pretentious. Also avoid when a simpler synonym suffices.",Academic: Contemporary scholars debate whether the snowbound hypothesis adequately explains the observed data.,Conversational: I've noticed the snowbound trend in our office culture and it's starting to concern me.,GRE: The author's ___ tone contrasted sharply with the ___ underlying message of the passage. (fill in: snowbound)
1295,anonymous,adjective,having no known name or identity or known source,anon.,onymous,"Use ""anonymous"" (adjective) when you want to convey having no known name or identity or known source. Appropriate in formal writing, GRE sentence-equivalence, and academic contexts where precision matters.","Avoid ""anonymous"" in casual conversation among friends unless you are certain the listener will understand; it can sound pretentious. Also avoid when a simpler synonym suffices.","Academic: In the scholarly article, the author argued that the anonymous phenomenon could not be overlooked.","Conversational: You know, it's pretty clear that the anonymous situation needs our immediate attention.",GRE: The author's ___ tone contrasted sharply with the ___ underlying message of the passage. (fill in: anonymous)
1296,unconfessed,adjective,not admitted,,,"Use ""unconfessed"" (adjective) when you want to convey not admitted. Appropriate in formal writing, GRE sentence-equivalence, and academic contexts where precision matters.","Avoid ""unconfessed"" in casual conversation among friends unless you are certain the listener will understand; it can sound pretentious. Also avoid when a simpler synonym suffices.","Academic: In the scholarly article, the author argued that the unconfessed phenomenon could not be overlooked.","Conversational: Honestly, the unconfessed behavior of the team has been a major source of tension lately.",GRE: The author's ___ tone contrasted sharply with the ___ underlying message of the passage. (fill in: unconfessed)
1297,three-cornered,adjective,involving a group or set of three,,,"Use ""three-cornered"" (adjective) when you want to convey involving a group or set of three. Appropriate in formal writing, GRE sentence-equivalence, and academic contexts where precision matters.","Avoid ""three-cornered"" in casual conversation among friends unless you are certain the listener will understand; it can sound pretentious. Also avoid when a simpler synonym suffices.",Academic: A key consideration in modern discourse is how the three-cornered principle shapes contemporary policy decisions.,"Conversational: Look, the three-cornered results speak for themselves — we can't ignore them any longer.",GRE: The professor described the ___ as a ___ that ___ the entire field of study. (fill in: three-cornered)
1298,strenuous,adjective,characterized by or performed with much energy or force,arduous; straining,,"Use ""strenuous"" (adjective) when you want to convey characterized by or performed with much energy or force. Appropriate in formal writing, GRE sentence-equivalence, and academic contexts where precision matters.","Avoid ""strenuous"" in casual conversation among friends unless you are certain the listener will understand; it can sound pretentious. Also avoid when a simpler synonym suffices.",Academic: The study concluded that the strenuous factor played a decisive role in the experimental outcome.,"Conversational: Look, the strenuous results speak for themselves — we can't ignore them any longer.",GRE: The author's ___ tone contrasted sharply with the ___ underlying message of the passage. (fill in: strenuous)
1299,gibbous,adjective,(used of the moon) more than half full,hunchbacked; humped; kyphotic; crookbacked; crookback; humpbacked,,"Use ""gibbous"" (adjective) when you want to convey (used of the moon) more than half full. Appropriate in formal writing, GRE sentence-equivalence, and academic contexts where precision matters.","Avoid ""gibbous"" in casual conversation among friends unless you are certain the listener will understand; it can sound pretentious. Also avoid when a simpler synonym suffices.",Academic: Contemporary scholars debate whether the gibbous hypothesis adequately explains the observed data.,"Conversational: Look, the gibbous results speak for themselves — we can't ignore them any longer.",GRE: The committee's decision to ___ was met with both praise and criticism from stakeholders. (fill in: gibbous)
1300,breathing,adjective,passing or able to pass air in and out of the lungs normally; sometimes used in combination,take a breath; external respiration; ventilation; respire; breathe; suspire,breathless,"Use ""breathing"" (adjective) when you want to convey passing or able to pass air in and out of the lungs normally; sometimes used in combination. Appropriate in formal writing, GRE sentence-equivalence, and academic contexts where precision matters.","Avoid ""breathing"" in casual conversation among friends unless you are certain the listener will understand; it can sound pretentious. Also avoid when a simpler synonym suffices.",Academic: The researcher's findings revealed that the breathing effect was statistically significant across all samples.,"Conversational: Honestly, the breathing behavior of the team has been a major source of tension lately.","GRE: Despite the ___ nature of the evidence, the researchers remained ___ about their conclusions. (fill in: breathing)"
1301,all-time,adjective,unsurpassed in some respect up to the present,,,"Use ""all-time"" (adjective) when you want to convey unsurpassed in some respect up to the present. Appropriate in formal writing, GRE sentence-equivalence, and academic contexts where precision matters.","Avoid ""all-time"" in casual conversation among friends unless you are certain the listener will understand; it can sound pretentious. Also avoid when a simpler synonym suffices.",Academic: The researcher's findings revealed that the all-time effect was statistically significant across all samples.,Conversational: I've noticed the all-time trend in our office culture and it's starting to concern me.,GRE: The author's ___ tone contrasted sharply with the ___ underlying message of the passage. (fill in: all-time)
1302,exploratory,adjective,serving in or intended for exploration or discovery,explorative,nonexploratory,"Use ""exploratory"" (adjective) when you want to convey serving in or intended for exploration or discovery. Appropriate in formal writing, GRE sentence-equivalence, and academic contexts where precision matters.","Avoid ""exploratory"" in casual conversation among friends unless you are certain the listener will understand; it can sound pretentious. Also avoid when a simpler synonym suffices.",Academic: The study concluded that the exploratory factor played a decisive role in the experimental outcome.,"Conversational: You know, it's pretty clear that the exploratory situation needs our immediate attention.","GRE: Despite the ___ nature of the evidence, the researchers remained ___ about their conclusions. (fill in: exploratory)"
1303,advanced,adjective,far along in time,march on; progress; advance; go on; pass on; move on,regress; recede; demote; back; fall back,"Use ""advanced"" (adjective) when you want to convey far along in time. Appropriate in formal writing, GRE sentence-equivalence, and academic contexts where precision matters.","Avoid ""advanced"" in casual conversation among friends unless you are certain the listener will understand; it can sound pretentious. Also avoid when a simpler synonym suffices.",Academic: A key consideration in modern discourse is how the advanced principle shapes contemporary policy decisions.,Conversational: I told him the advanced approach just wouldn't work here — we need to rethink this.,GRE: The committee's decision to ___ was met with both praise and criticism from stakeholders. (fill in: advanced)
1304,passing,adjective,hasty and without attention to detail; not thorough,departure; loss; passing play; pass; expiration; passing game,running; fail; failing; be born,"Use ""passing"" (adjective) when you want to convey hasty and without attention to detail; not thorough. Appropriate in formal writing, GRE sentence-equivalence, and academic contexts where precision matters.","Avoid ""passing"" in casual conversation among friends unless you are certain the listener will understand; it can sound pretentious. Also avoid when a simpler synonym suffices.",Academic: The study concluded that the passing factor played a decisive role in the experimental outcome.,"Conversational: Honestly, the passing behavior of the team has been a major source of tension lately.",GRE: The professor described the ___ as a ___ that ___ the entire field of study. (fill in: passing)
1305,periphrastic,adjective,roundabout and unnecessarily wordy; ; -T.S.Eliot; (`ambagious' is archaic),circumlocutious; circumlocutory; ambagious,,"Use ""periphrastic"" (adjective) when you want to convey roundabout and unnecessarily wordy; ; -t.s.eliot; (`ambagious' is archaic). Appropriate in formal writing, GRE sentence-equivalence, and academic contexts where precision matters.","Avoid ""periphrastic"" in casual conversation among friends unless you are certain the listener will understand; it can sound pretentious. Also avoid when a simpler synonym suffices.","Academic: In the scholarly article, the author argued that the periphrastic phenomenon could not be overlooked.","Conversational: Honestly, the periphrastic behavior of the team has been a major source of tension lately.",GRE: The professor described the ___ as a ___ that ___ the entire field of study. (fill in: periphrastic)
1306,noncritical,adjective,marked by disregard for critical standards or procedures,uncritical; noncrucial,critical,"Use ""noncritical"" (adjective) when you want to convey marked by disregard for critical standards or procedures. Appropriate in formal writing, GRE sentence-equivalence, and academic contexts where precision matters.","Avoid ""noncritical"" in casual conversation among friends unless you are certain the listener will understand; it can sound pretentious. Also avoid when a simpler synonym suffices.",Academic: A key consideration in modern discourse is how the noncritical principle shapes contemporary policy decisions.,"Conversational: Honestly, the noncritical behavior of the team has been a major source of tension lately.","GRE: Despite the ___ nature of the evidence, the researchers remained ___ about their conclusions. (fill in: noncritical)"
1307,consistent,adjective,(sometimes followed by `with') in agreement or consistent or reliable; ; - FDR,coherent; reproducible; uniform; logical; ordered,incoherent; inconsistent; unreproducible,"Use ""consistent"" (adjective) when you want to convey (sometimes followed by `with') in agreement or consistent or reliable; ; - fdr. Appropriate in formal writing, GRE sentence-equivalence, and academic contexts where precision matters.","Avoid ""consistent"" in casual conversation among friends unless you are certain the listener will understand; it can sound pretentious. Also avoid when a simpler synonym suffices.","Academic: In the scholarly article, the author argued that the consistent phenomenon could not be overlooked.",Conversational: I told him the consistent approach just wouldn't work here — we need to rethink this.,GRE: Analysts noted that the company's ___ strategy had ___ results in the last quarter. (fill in: consistent)
1308,silvery-white,adjective,of a white that resembles silver,silver-white,,"Use ""silvery-white"" (adjective) when you want to convey of a white that resembles silver. Appropriate in formal writing, GRE sentence-equivalence, and academic contexts where precision matters.","Avoid ""silvery-white"" in casual conversation among friends unless you are certain the listener will understand; it can sound pretentious. Also avoid when a simpler synonym suffices.",Academic: A key consideration in modern discourse is how the silvery-white principle shapes contemporary policy decisions.,"Conversational: Look, the silvery-white results speak for themselves — we can't ignore them any longer.",GRE: The professor described the ___ as a ___ that ___ the entire field of study. (fill in: silvery-white)
1309,accusatory,adjective,containing or expressing accusation; ; ; - O.Henry,accusing; accusive; accusative,,"Use ""accusatory"" (adjective) when you want to convey containing or expressing accusation; ; ; - o.henry. Appropriate in formal writing, GRE sentence-equivalence, and academic contexts where precision matters.","Avoid ""accusatory"" in casual conversation among friends unless you are certain the listener will understand; it can sound pretentious. Also avoid when a simpler synonym suffices.",Academic: A key consideration in modern discourse is how the accusatory principle shapes contemporary policy decisions.,"Conversational: Look, the accusatory results speak for themselves — we can't ignore them any longer.",GRE: The author's ___ tone contrasted sharply with the ___ underlying message of the passage. (fill in: accusatory)
1310,cleanable,adjective,capable of being cleaned,,,"Use ""cleanable"" (adjective) when you want to convey capable of being cleaned. Appropriate in formal writing, GRE sentence-equivalence, and academic contexts where precision matters.","Avoid ""cleanable"" in casual conversation among friends unless you are certain the listener will understand; it can sound pretentious. Also avoid when a simpler synonym suffices.","Academic: In the scholarly article, the author argued that the cleanable phenomenon could not be overlooked.",Conversational: I told him the cleanable approach just wouldn't work here — we need to rethink this.,"GRE: Despite the ___ nature of the evidence, the researchers remained ___ about their conclusions. (fill in: cleanable)"
1311,hair-raising,adjective,extremely alarming,nightmarish; bloodcurdling,,"Use ""hair-raising"" (adjective) when you want to convey extremely alarming. Appropriate in formal writing, GRE sentence-equivalence, and academic contexts where precision matters.","Avoid ""hair-raising"" in casual conversation among friends unless you are certain the listener will understand; it can sound pretentious. Also avoid when a simpler synonym suffices.",Academic: The researcher's findings revealed that the hair-raising effect was statistically significant across all samples.,"Conversational: Look, the hair-raising results speak for themselves — we can't ignore them any longer.","GRE: Despite the ___ nature of the evidence, the researchers remained ___ about their conclusions. (fill in: hair-raising)"
1312,inactive,adjective,not engaged in full-time work,still; dormant; nonoperational; motionless; passive; static,operational; active,"Use ""inactive"" (adjective) when you want to convey not engaged in full-time work. Appropriate in formal writing, GRE sentence-equivalence, and academic contexts where precision matters.","Avoid ""inactive"" in casual conversation among friends unless you are certain the listener will understand; it can sound pretentious. Also avoid when a simpler synonym suffices.",Academic: Contemporary scholars debate whether the inactive hypothesis adequately explains the observed data.,"Conversational: Honestly, the inactive behavior of the team has been a major source of tension lately.",GRE: The committee's decision to ___ was met with both praise and criticism from stakeholders. (fill in: inactive)
1313,impregnable,adjective,"incapable of being overcome, challenged or refuted",unattackable; inviolable; secure; conceptive; unassailable; strong,,"Use ""impregnable"" (adjective) when you want to convey incapable of being overcome, challenged or refuted. Appropriate in formal writing, GRE sentence-equivalence, and academic contexts where precision matters.","Avoid ""impregnable"" in casual conversation among friends unless you are certain the listener will understand; it can sound pretentious. Also avoid when a simpler synonym suffices.",Academic: Contemporary scholars debate whether the impregnable hypothesis adequately explains the observed data.,Conversational: I told him the impregnable approach just wouldn't work here — we need to rethink this.,GRE: The committee's decision to ___ was met with both praise and criticism from stakeholders. (fill in: impregnable)
1314,defeasible,adjective,capable of being annulled or voided or terminated,,indefeasible,"Use ""defeasible"" (adjective) when you want to convey capable of being annulled or voided or terminated. Appropriate in formal writing, GRE sentence-equivalence, and academic contexts where precision matters.","Avoid ""defeasible"" in casual conversation among friends unless you are certain the listener will understand; it can sound pretentious. Also avoid when a simpler synonym suffices.",Academic: A key consideration in modern discourse is how the defeasible principle shapes contemporary policy decisions.,Conversational: I've noticed the defeasible trend in our office culture and it's starting to concern me.,"GRE: Despite the ___ nature of the evidence, the researchers remained ___ about their conclusions. (fill in: defeasible)"
1315,oxidative,adjective,taking place in the presence of oxygen,,,"Use ""oxidative"" (adjective) when you want to convey taking place in the presence of oxygen. Appropriate in formal writing, GRE sentence-equivalence, and academic contexts where precision matters.","Avoid ""oxidative"" in casual conversation among friends unless you are certain the listener will understand; it can sound pretentious. Also avoid when a simpler synonym suffices.",Academic: The researcher's findings revealed that the oxidative effect was statistically significant across all samples.,Conversational: I've noticed the oxidative trend in our office culture and it's starting to concern me.,GRE: The author's ___ tone contrasted sharply with the ___ underlying message of the passage. (fill in: oxidative)
1316,blunted,adjective,made dull or blunt,dull; deaden; dulled; benumb; blunt; numb,enliven; sharpen,"Use ""blunted"" (adjective) when you want to convey made dull or blunt. Appropriate in formal writing, GRE sentence-equivalence, and academic contexts where precision matters.","Avoid ""blunted"" in casual conversation among friends unless you are certain the listener will understand; it can sound pretentious. Also avoid when a simpler synonym suffices.","Academic: In the scholarly article, the author argued that the blunted phenomenon could not be overlooked.",Conversational: I told him the blunted approach just wouldn't work here — we need to rethink this.,GRE: Analysts noted that the company's ___ strategy had ___ results in the last quarter. (fill in: blunted)
1317,two-year,adjective,having a life cycle lasting two seasons,biennial,annual; perennial,"Use ""two-year"" (adjective) when you want to convey having a life cycle lasting two seasons. Appropriate in formal writing, GRE sentence-equivalence, and academic contexts where precision matters.","Avoid ""two-year"" in casual conversation among friends unless you are certain the listener will understand; it can sound pretentious. Also avoid when a simpler synonym suffices.",Academic: The researcher's findings revealed that the two-year effect was statistically significant across all samples.,"Conversational: You know, it's pretty clear that the two-year situation needs our immediate attention.",GRE: Analysts noted that the company's ___ strategy had ___ results in the last quarter. (fill in: two-year)
1318,short-beaked,adjective,having a short beak,short-billed,,"Use ""short-beaked"" (adjective) when you want to convey having a short beak. Appropriate in formal writing, GRE sentence-equivalence, and academic contexts where precision matters.","Avoid ""short-beaked"" in casual conversation among friends unless you are certain the listener will understand; it can sound pretentious. Also avoid when a simpler synonym suffices.","Academic: In the scholarly article, the author argued that the short-beaked phenomenon could not be overlooked.","Conversational: Look, the short-beaked results speak for themselves — we can't ignore them any longer.",GRE: The committee's decision to ___ was met with both praise and criticism from stakeholders. (fill in: short-beaked)
1319,increased,adjective,made greater in size or amount or degree,increase,decreased; decrease,"Use ""increased"" (adjective) when you want to convey made greater in size or amount or degree. Appropriate in formal writing, GRE sentence-equivalence, and academic contexts where precision matters.","Avoid ""increased"" in casual conversation among friends unless you are certain the listener will understand; it can sound pretentious. Also avoid when a simpler synonym suffices.",Academic: A key consideration in modern discourse is how the increased principle shapes contemporary policy decisions.,Conversational: I told him the increased approach just wouldn't work here — we need to rethink this.,GRE: The professor described the ___ as a ___ that ___ the entire field of study. (fill in: increased)
1320,compliant,adjective,disposed or willing to comply,,defiant,"Use ""compliant"" (adjective) when you want to convey disposed or willing to comply. Appropriate in formal writing, GRE sentence-equivalence, and academic contexts where precision matters.","Avoid ""compliant"" in casual conversation among friends unless you are certain the listener will understand; it can sound pretentious. Also avoid when a simpler synonym suffices.",Academic: A key consideration in modern discourse is how the compliant principle shapes contemporary policy decisions.,"Conversational: Look, the compliant results speak for themselves — we can't ignore them any longer.",GRE: The author's ___ tone contrasted sharply with the ___ underlying message of the passage. (fill in: compliant)
1321,smoldering,adjective,showing scarcely suppressed anger; - James Hensel,smolder; smouldering; smoulder,,"Use ""smoldering"" (adjective) when you want to convey showing scarcely suppressed anger; - james hensel. Appropriate in formal writing, GRE sentence-equivalence, and academic contexts where precision matters.","Avoid ""smoldering"" in casual conversation among friends unless you are certain the listener will understand; it can sound pretentious. Also avoid when a simpler synonym suffices.",Academic: The study concluded that the smoldering factor played a decisive role in the experimental outcome.,"Conversational: You know, it's pretty clear that the smoldering situation needs our immediate attention.",GRE: The committee's decision to ___ was met with both praise and criticism from stakeholders. (fill in: smoldering)
1322,inquisitory,adjective,diligent and thorough in inquiry or investigation,searching; probing,,"Use ""inquisitory"" (adjective) when you want to convey diligent and thorough in inquiry or investigation. Appropriate in formal writing, GRE sentence-equivalence, and academic contexts where precision matters.","Avoid ""inquisitory"" in casual conversation among friends unless you are certain the listener will understand; it can sound pretentious. Also avoid when a simpler synonym suffices.",Academic: The researcher's findings revealed that the inquisitory effect was statistically significant across all samples.,"Conversational: Honestly, the inquisitory behavior of the team has been a major source of tension lately.","GRE: Despite the ___ nature of the evidence, the researchers remained ___ about their conclusions. (fill in: inquisitory)"
1323,diligent,adjective,characterized by care and perseverance in carrying out tasks,persevering,negligent,"Use ""diligent"" (adjective) when you want to convey characterized by care and perseverance in carrying out tasks. Appropriate in formal writing, GRE sentence-equivalence, and academic contexts where precision matters.","Avoid ""diligent"" in casual conversation among friends unless you are certain the listener will understand; it can sound pretentious. Also avoid when a simpler synonym suffices.",Academic: Contemporary scholars debate whether the diligent hypothesis adequately explains the observed data.,"Conversational: Look, the diligent results speak for themselves — we can't ignore them any longer.",GRE: Analysts noted that the company's ___ strategy had ___ results in the last quarter. (fill in: diligent)
1324,utmost,adjective,(comparatives of `far') most remote in space or time or order,farthermost; furthermost; maximum; uttermost; extreme; farthest,,"Use ""utmost"" (adjective) when you want to convey (comparatives of `far') most remote in space or time or order. Appropriate in formal writing, GRE sentence-equivalence, and academic contexts where precision matters.","Avoid ""utmost"" in casual conversation among friends unless you are certain the listener will understand; it can sound pretentious. Also avoid when a simpler synonym suffices.",Academic: The study concluded that the utmost factor played a decisive role in the experimental outcome.,Conversational: I've noticed the utmost trend in our office culture and it's starting to concern me.,GRE: The author's ___ tone contrasted sharply with the ___ underlying message of the passage. (fill in: utmost)
1325,materialistic,adjective,conforming to the standards and conventions of the middle class,bourgeois; conservative; worldly-minded; mercenary,,"Use ""materialistic"" (adjective) when you want to convey conforming to the standards and conventions of the middle class. Appropriate in formal writing, GRE sentence-equivalence, and academic contexts where precision matters.","Avoid ""materialistic"" in casual conversation among friends unless you are certain the listener will understand; it can sound pretentious. Also avoid when a simpler synonym suffices.",Academic: A key consideration in modern discourse is how the materialistic principle shapes contemporary policy decisions.,"Conversational: Honestly, the materialistic behavior of the team has been a major source of tension lately.",GRE: Analysts noted that the company's ___ strategy had ___ results in the last quarter. (fill in: materialistic)
1326,avocado,adjective,of the dull yellowish green of the meat of an avocado,avocado pear; alligator pear; Persea Americana; aguacate; avocado tree,,"Use ""avocado"" (adjective) when you want to convey of the dull yellowish green of the meat of an avocado. Appropriate in formal writing, GRE sentence-equivalence, and academic contexts where precision matters.","Avoid ""avocado"" in casual conversation among friends unless you are certain the listener will understand; it can sound pretentious. Also avoid when a simpler synonym suffices.",Academic: A key consideration in modern discourse is how the avocado principle shapes contemporary policy decisions.,"Conversational: You know, it's pretty clear that the avocado situation needs our immediate attention.",GRE: The professor described the ___ as a ___ that ___ the entire field of study. (fill in: avocado)
1327,directive,adjective,showing the way by conducting or leading; imposing direction on,directing; guiding; directional,,"Use ""directive"" (adjective) when you want to convey showing the way by conducting or leading; imposing direction on. Appropriate in formal writing, GRE sentence-equivalence, and academic contexts where precision matters.","Avoid ""directive"" in casual conversation among friends unless you are certain the listener will understand; it can sound pretentious. Also avoid when a simpler synonym suffices.","Academic: In the scholarly article, the author argued that the directive phenomenon could not be overlooked.","Conversational: Look, the directive results speak for themselves — we can't ignore them any longer.",GRE: The committee's decision to ___ was met with both praise and criticism from stakeholders. (fill in: directive)
1328,antagonistic,adjective,used especially of drugs or muscles that counteract or neutralize each other's effect,antipathetic; antipathetical; incompatible; counter,conciliatory; synergistic,"Use ""antagonistic"" (adjective) when you want to convey used especially of drugs or muscles that counteract or neutralize each other's effect. Appropriate in formal writing, GRE sentence-equivalence, and academic contexts where precision matters.","Avoid ""antagonistic"" in casual conversation among friends unless you are certain the listener will understand; it can sound pretentious. Also avoid when a simpler synonym suffices.",Academic: The researcher's findings revealed that the antagonistic effect was statistically significant across all samples.,Conversational: I've noticed the antagonistic trend in our office culture and it's starting to concern me.,GRE: Analysts noted that the company's ___ strategy had ___ results in the last quarter. (fill in: antagonistic)
1329,negotiable,adjective,legally transferable to the ownership of another,assignable; transferable; transferrable; on the table; conveyable,,"Use ""negotiable"" (adjective) when you want to convey legally transferable to the ownership of another. Appropriate in formal writing, GRE sentence-equivalence, and academic contexts where precision matters.","Avoid ""negotiable"" in casual conversation among friends unless you are certain the listener will understand; it can sound pretentious. Also avoid when a simpler synonym suffices.",Academic: The researcher's findings revealed that the negotiable effect was statistically significant across all samples.,Conversational: I told him the negotiable approach just wouldn't work here — we need to rethink this.,GRE: Analysts noted that the company's ___ strategy had ___ results in the last quarter. (fill in: negotiable)
1330,apportioned,adjective,given out in portions,apportion; portion out; deal; share; divvy up; allocate,,"Use ""apportioned"" (adjective) when you want to convey given out in portions. Appropriate in formal writing, GRE sentence-equivalence, and academic contexts where precision matters.","Avoid ""apportioned"" in casual conversation among friends unless you are certain the listener will understand; it can sound pretentious. Also avoid when a simpler synonym suffices.",Academic: A key consideration in modern discourse is how the apportioned principle shapes contemporary policy decisions.,"Conversational: Look, the apportioned results speak for themselves — we can't ignore them any longer.",GRE: The author's ___ tone contrasted sharply with the ___ underlying message of the passage. (fill in: apportioned)
1331,occurrent,adjective,presently occurring (either causally or incidentally),happening; natural event; occurrence,,"Use ""occurrent"" (adjective) when you want to convey presently occurring (either causally or incidentally). Appropriate in formal writing, GRE sentence-equivalence, and academic contexts where precision matters.","Avoid ""occurrent"" in casual conversation among friends unless you are certain the listener will understand; it can sound pretentious. Also avoid when a simpler synonym suffices.","Academic: In the scholarly article, the author argued that the occurrent phenomenon could not be overlooked.","Conversational: You know, it's pretty clear that the occurrent situation needs our immediate attention.","GRE: Despite the ___ nature of the evidence, the researchers remained ___ about their conclusions. (fill in: occurrent)"
1332,coordinating,adjective,serving to connect two grammatical constituents of identical construction,ordinate; organise; coordinate; align; coordinative; organize,subordinating,"Use ""coordinating"" (adjective) when you want to convey serving to connect two grammatical constituents of identical construction. Appropriate in formal writing, GRE sentence-equivalence, and academic contexts where precision matters.","Avoid ""coordinating"" in casual conversation among friends unless you are certain the listener will understand; it can sound pretentious. Also avoid when a simpler synonym suffices.",Academic: The researcher's findings revealed that the coordinating effect was statistically significant across all samples.,Conversational: I told him the coordinating approach just wouldn't work here — we need to rethink this.,GRE: The author's ___ tone contrasted sharply with the ___ underlying message of the passage. (fill in: coordinating)
1333,profound,adjective,situated at or extending to great depth; too deep to have been sounded or plumbed; ; -Thomas Gray,heavy; sound; fundamental; unplumbed; unsounded; wakeless,superficial,"Use ""profound"" (adjective) when you want to convey situated at or extending to great depth; too deep to have been sounded or plumbed; ; -thomas gray. Appropriate in formal writing, GRE sentence-equivalence, and academic contexts where precision matters.","Avoid ""profound"" in casual conversation among friends unless you are certain the listener will understand; it can sound pretentious. Also avoid when a simpler synonym suffices.","Academic: In the scholarly article, the author argued that the profound phenomenon could not be overlooked.",Conversational: I told him the profound approach just wouldn't work here — we need to rethink this.,GRE: The professor described the ___ as a ___ that ___ the entire field of study. (fill in: profound)
1334,earlyish,adjective,being somewhat early,,,"Use ""earlyish"" (adjective) when you want to convey being somewhat early. Appropriate in formal writing, GRE sentence-equivalence, and academic contexts where precision matters.","Avoid ""earlyish"" in casual conversation among friends unless you are certain the listener will understand; it can sound pretentious. Also avoid when a simpler synonym suffices.",Academic: Contemporary scholars debate whether the earlyish hypothesis adequately explains the observed data.,"Conversational: Honestly, the earlyish behavior of the team has been a major source of tension lately.",GRE: The professor described the ___ as a ___ that ___ the entire field of study. (fill in: earlyish)
1335,important,adjective,of extreme importance; vital to the resolution of a crisis,authoritative; significant; crucial; of import,noncrucial; unimportant; insignificant,"Use ""important"" (adjective) when you want to convey of extreme importance; vital to the resolution of a crisis. Appropriate in formal writing, GRE sentence-equivalence, and academic contexts where precision matters.","Avoid ""important"" in casual conversation among friends unless you are certain the listener will understand; it can sound pretentious. Also avoid when a simpler synonym suffices.",Academic: The study concluded that the important factor played a decisive role in the experimental outcome.,"Conversational: Look, the important results speak for themselves — we can't ignore them any longer.",GRE: The professor described the ___ as a ___ that ___ the entire field of study. (fill in: important)
1336,unbalanced,adjective,debits and credits are not equal,disturbed; unhinged; brainsick; imbalanced; derange; mad,balanced; balance,"Use ""unbalanced"" (adjective) when you want to convey debits and credits are not equal. Appropriate in formal writing, GRE sentence-equivalence, and academic contexts where precision matters.","Avoid ""unbalanced"" in casual conversation among friends unless you are certain the listener will understand; it can sound pretentious. Also avoid when a simpler synonym suffices.",Academic: The study concluded that the unbalanced factor played a decisive role in the experimental outcome.,"Conversational: Honestly, the unbalanced behavior of the team has been a major source of tension lately.",GRE: Analysts noted that the company's ___ strategy had ___ results in the last quarter. (fill in: unbalanced)
1337,disposable,adjective,designed to be disposed of after use,,nondisposable,"Use ""disposable"" (adjective) when you want to convey designed to be disposed of after use. Appropriate in formal writing, GRE sentence-equivalence, and academic contexts where precision matters.","Avoid ""disposable"" in casual conversation among friends unless you are certain the listener will understand; it can sound pretentious. Also avoid when a simpler synonym suffices.",Academic: The study concluded that the disposable factor played a decisive role in the experimental outcome.,"Conversational: Honestly, the disposable behavior of the team has been a major source of tension lately.",GRE: The author's ___ tone contrasted sharply with the ___ underlying message of the passage. (fill in: disposable)
1338,gorgeous,adjective,dazzlingly beautiful,,,"Use ""gorgeous"" (adjective) when you want to convey dazzlingly beautiful. Appropriate in formal writing, GRE sentence-equivalence, and academic contexts where precision matters.","Avoid ""gorgeous"" in casual conversation among friends unless you are certain the listener will understand; it can sound pretentious. Also avoid when a simpler synonym suffices.",Academic: Contemporary scholars debate whether the gorgeous hypothesis adequately explains the observed data.,"Conversational: Look, the gorgeous results speak for themselves — we can't ignore them any longer.",GRE: The author's ___ tone contrasted sharply with the ___ underlying message of the passage. (fill in: gorgeous)
1339,two-way,adjective,supported by both sides,bipartite; bipartisan; two-part; two-party; bipartizan,,"Use ""two-way"" (adjective) when you want to convey supported by both sides. Appropriate in formal writing, GRE sentence-equivalence, and academic contexts where precision matters.","Avoid ""two-way"" in casual conversation among friends unless you are certain the listener will understand; it can sound pretentious. Also avoid when a simpler synonym suffices.","Academic: In the scholarly article, the author argued that the two-way phenomenon could not be overlooked.","Conversational: You know, it's pretty clear that the two-way situation needs our immediate attention.",GRE: The author's ___ tone contrasted sharply with the ___ underlying message of the passage. (fill in: two-way)
1340,devil-may-care,adjective,marked by a carefree unconventionality or disreputableness; - Crary Moore,freewheeling; happy-go-lucky; rakish; slaphappy; carefree; harum-scarum,,"Use ""devil-may-care"" (adjective) when you want to convey marked by a carefree unconventionality or disreputableness; - crary moore. Appropriate in formal writing, GRE sentence-equivalence, and academic contexts where precision matters.","Avoid ""devil-may-care"" in casual conversation among friends unless you are certain the listener will understand; it can sound pretentious. Also avoid when a simpler synonym suffices.",Academic: A key consideration in modern discourse is how the devil-may-care principle shapes contemporary policy decisions.,Conversational: I've noticed the devil-may-care trend in our office culture and it's starting to concern me.,GRE: The author's ___ tone contrasted sharply with the ___ underlying message of the passage. (fill in: devil-may-care)
1341,silvern,adjective,resembling or reminiscent of silver,silver; silvery,,"Use ""silvern"" (adjective) when you want to convey resembling or reminiscent of silver. Appropriate in formal writing, GRE sentence-equivalence, and academic contexts where precision matters.","Avoid ""silvern"" in casual conversation among friends unless you are certain the listener will understand; it can sound pretentious. Also avoid when a simpler synonym suffices.",Academic: Contemporary scholars debate whether the silvern hypothesis adequately explains the observed data.,"Conversational: Honestly, the silvern behavior of the team has been a major source of tension lately.",GRE: The professor described the ___ as a ___ that ___ the entire field of study. (fill in: silvern)
1342,gettable,adjective,capable of being obtained,procurable; getable; obtainable,,"Use ""gettable"" (adjective) when you want to convey capable of being obtained. Appropriate in formal writing, GRE sentence-equivalence, and academic contexts where precision matters.","Avoid ""gettable"" in casual conversation among friends unless you are certain the listener will understand; it can sound pretentious. Also avoid when a simpler synonym suffices.","Academic: In the scholarly article, the author argued that the gettable phenomenon could not be overlooked.","Conversational: Look, the gettable results speak for themselves — we can't ignore them any longer.",GRE: The committee's decision to ___ was met with both praise and criticism from stakeholders. (fill in: gettable)
1343,condemnatory,adjective,containing or imposing condemnation or censure,condemning,,"Use ""condemnatory"" (adjective) when you want to convey containing or imposing condemnation or censure. Appropriate in formal writing, GRE sentence-equivalence, and academic contexts where precision matters.","Avoid ""condemnatory"" in casual conversation among friends unless you are certain the listener will understand; it can sound pretentious. Also avoid when a simpler synonym suffices.",Academic: A key consideration in modern discourse is how the condemnatory principle shapes contemporary policy decisions.,"Conversational: Honestly, the condemnatory behavior of the team has been a major source of tension lately.",GRE: The professor described the ___ as a ___ that ___ the entire field of study. (fill in: condemnatory)
1344,balding,adjective,getting bald,bald,,"Use ""balding"" (adjective) when you want to convey getting bald. Appropriate in formal writing, GRE sentence-equivalence, and academic contexts where precision matters.","Avoid ""balding"" in casual conversation among friends unless you are certain the listener will understand; it can sound pretentious. Also avoid when a simpler synonym suffices.",Academic: A key consideration in modern discourse is how the balding principle shapes contemporary policy decisions.,"Conversational: Honestly, the balding behavior of the team has been a major source of tension lately.",GRE: The professor described the ___ as a ___ that ___ the entire field of study. (fill in: balding)
1345,venturous,adjective,disposed to venture or take risks,venturesome; daring; audacious,,"Use ""venturous"" (adjective) when you want to convey disposed to venture or take risks. Appropriate in formal writing, GRE sentence-equivalence, and academic contexts where precision matters.","Avoid ""venturous"" in casual conversation among friends unless you are certain the listener will understand; it can sound pretentious. Also avoid when a simpler synonym suffices.",Academic: The researcher's findings revealed that the venturous effect was statistically significant across all samples.,Conversational: I told him the venturous approach just wouldn't work here — we need to rethink this.,GRE: The author's ___ tone contrasted sharply with the ___ underlying message of the passage. (fill in: venturous)
1346,unaggressive,adjective,not aggressive; not given to fighting or assertiveness,nonaggressive,aggressive,"Use ""unaggressive"" (adjective) when you want to convey not aggressive; not given to fighting or assertiveness. Appropriate in formal writing, GRE sentence-equivalence, and academic contexts where precision matters.","Avoid ""unaggressive"" in casual conversation among friends unless you are certain the listener will understand; it can sound pretentious. Also avoid when a simpler synonym suffices.",Academic: The researcher's findings revealed that the unaggressive effect was statistically significant across all samples.,"Conversational: You know, it's pretty clear that the unaggressive situation needs our immediate attention.",GRE: The author's ___ tone contrasted sharply with the ___ underlying message of the passage. (fill in: unaggressive)
1347,world-class,adjective,ranking above all others,foremost; first,,"Use ""world-class"" (adjective) when you want to convey ranking above all others. Appropriate in formal writing, GRE sentence-equivalence, and academic contexts where precision matters.","Avoid ""world-class"" in casual conversation among friends unless you are certain the listener will understand; it can sound pretentious. Also avoid when a simpler synonym suffices.",Academic: The study concluded that the world-class factor played a decisive role in the experimental outcome.,"Conversational: Honestly, the world-class behavior of the team has been a major source of tension lately.",GRE: Analysts noted that the company's ___ strategy had ___ results in the last quarter. (fill in: world-class)
1348,self-referent,adjective,referring back to itself,reflexive,,"Use ""self-referent"" (adjective) when you want to convey referring back to itself. Appropriate in formal writing, GRE sentence-equivalence, and academic contexts where precision matters.","Avoid ""self-referent"" in casual conversation among friends unless you are certain the listener will understand; it can sound pretentious. Also avoid when a simpler synonym suffices.","Academic: In the scholarly article, the author argued that the self-referent phenomenon could not be overlooked.","Conversational: Look, the self-referent results speak for themselves — we can't ignore them any longer.",GRE: The professor described the ___ as a ___ that ___ the entire field of study. (fill in: self-referent)
1349,witless,adjective,(of especially persons) lacking sense or understanding or judgment,soft-witted; senseless; nitwitted,,"Use ""witless"" (adjective) when you want to convey (of especially persons) lacking sense or understanding or judgment. Appropriate in formal writing, GRE sentence-equivalence, and academic contexts where precision matters.","Avoid ""witless"" in casual conversation among friends unless you are certain the listener will understand; it can sound pretentious. Also avoid when a simpler synonym suffices.",Academic: A key consideration in modern discourse is how the witless principle shapes contemporary policy decisions.,"Conversational: Look, the witless results speak for themselves — we can't ignore them any longer.","GRE: Despite the ___ nature of the evidence, the researchers remained ___ about their conclusions. (fill in: witless)"
1350,modulated,adjective,altered in volume as well as tone or pitch,modulate; tone; regulate; inflect,unmodulated,"Use ""modulated"" (adjective) when you want to convey altered in volume as well as tone or pitch. Appropriate in formal writing, GRE sentence-equivalence, and academic contexts where precision matters.","Avoid ""modulated"" in casual conversation among friends unless you are certain the listener will understand; it can sound pretentious. Also avoid when a simpler synonym suffices.",Academic: The study concluded that the modulated factor played a decisive role in the experimental outcome.,"Conversational: You know, it's pretty clear that the modulated situation needs our immediate attention.",GRE: The author's ___ tone contrasted sharply with the ___ underlying message of the passage. (fill in: modulated)
1351,moonlit,adjective,lighted by moonlight,moony,moonless,"Use ""moonlit"" (adjective) when you want to convey lighted by moonlight. Appropriate in formal writing, GRE sentence-equivalence, and academic contexts where precision matters.","Avoid ""moonlit"" in casual conversation among friends unless you are certain the listener will understand; it can sound pretentious. Also avoid when a simpler synonym suffices.",Academic: Contemporary scholars debate whether the moonlit hypothesis adequately explains the observed data.,Conversational: I told him the moonlit approach just wouldn't work here — we need to rethink this.,GRE: The professor described the ___ as a ___ that ___ the entire field of study. (fill in: moonlit)
1352,onymous,adjective,bearing a name,,anonymous,"Use ""onymous"" (adjective) when you want to convey bearing a name. Appropriate in formal writing, GRE sentence-equivalence, and academic contexts where precision matters.","Avoid ""onymous"" in casual conversation among friends unless you are certain the listener will understand; it can sound pretentious. Also avoid when a simpler synonym suffices.",Academic: The researcher's findings revealed that the onymous effect was statistically significant across all samples.,Conversational: I've noticed the onymous trend in our office culture and it's starting to concern me.,"GRE: Despite the ___ nature of the evidence, the researchers remained ___ about their conclusions. (fill in: onymous)"
1353,gutless,adjective,lacking courage or vitality,namby-pamby; wishy-washy; spineless,gutsy,"Use ""gutless"" (adjective) when you want to convey lacking courage or vitality. Appropriate in formal writing, GRE sentence-equivalence, and academic contexts where precision matters.","Avoid ""gutless"" in casual conversation among friends unless you are certain the listener will understand; it can sound pretentious. Also avoid when a simpler synonym suffices.",Academic: A key consideration in modern discourse is how the gutless principle shapes contemporary policy decisions.,Conversational: I've noticed the gutless trend in our office culture and it's starting to concern me.,GRE: The professor described the ___ as a ___ that ___ the entire field of study. (fill in: gutless)
1354,encompassing,adjective,broad in scope or content; ; ; ; ; - T.G.Winner,extensive; comprehend; across-the-board; cover; encompass; all-embracing,,"Use ""encompassing"" (adjective) when you want to convey broad in scope or content; ; ; ; ; - t.g.winner. Appropriate in formal writing, GRE sentence-equivalence, and academic contexts where precision matters.","Avoid ""encompassing"" in casual conversation among friends unless you are certain the listener will understand; it can sound pretentious. Also avoid when a simpler synonym suffices.",Academic: The researcher's findings revealed that the encompassing effect was statistically significant across all samples.,Conversational: I've noticed the encompassing trend in our office culture and it's starting to concern me.,GRE: Analysts noted that the company's ___ strategy had ___ results in the last quarter. (fill in: encompassing)
1355,forgiving,adjective,providing absolution,forgive; absolvitory; exonerative,unforgiving,"Use ""forgiving"" (adjective) when you want to convey providing absolution. Appropriate in formal writing, GRE sentence-equivalence, and academic contexts where precision matters.","Avoid ""forgiving"" in casual conversation among friends unless you are certain the listener will understand; it can sound pretentious. Also avoid when a simpler synonym suffices.",Academic: A key consideration in modern discourse is how the forgiving principle shapes contemporary policy decisions.,"Conversational: You know, it's pretty clear that the forgiving situation needs our immediate attention.","GRE: Despite the ___ nature of the evidence, the researchers remained ___ about their conclusions. (fill in: forgiving)"
1356,undividable,adjective,cannot be divided without leaving a remainder,indivisible by,,"Use ""undividable"" (adjective) when you want to convey cannot be divided without leaving a remainder. Appropriate in formal writing, GRE sentence-equivalence, and academic contexts where precision matters.","Avoid ""undividable"" in casual conversation among friends unless you are certain the listener will understand; it can sound pretentious. Also avoid when a simpler synonym suffices.",Academic: The researcher's findings revealed that the undividable effect was statistically significant across all samples.,"Conversational: Honestly, the undividable behavior of the team has been a major source of tension lately.",GRE: The author's ___ tone contrasted sharply with the ___ underlying message of the passage. (fill in: undividable)
1357,stouthearted,adjective,used especially of persons,stalwart,,"Use ""stouthearted"" (adjective) when you want to convey used especially of persons. Appropriate in formal writing, GRE sentence-equivalence, and academic contexts where precision matters.","Avoid ""stouthearted"" in casual conversation among friends unless you are certain the listener will understand; it can sound pretentious. Also avoid when a simpler synonym suffices.",Academic: The researcher's findings revealed that the stouthearted effect was statistically significant across all samples.,"Conversational: Honestly, the stouthearted behavior of the team has been a major source of tension lately.",GRE: The committee's decision to ___ was met with both praise and criticism from stakeholders. (fill in: stouthearted)
1358,nonviscid,adjective,not resembling glue in texture,nonglutinous,,"Use ""nonviscid"" (adjective) when you want to convey not resembling glue in texture. Appropriate in formal writing, GRE sentence-equivalence, and academic contexts where precision matters.","Avoid ""nonviscid"" in casual conversation among friends unless you are certain the listener will understand; it can sound pretentious. Also avoid when a simpler synonym suffices.",Academic: The researcher's findings revealed that the nonviscid effect was statistically significant across all samples.,"Conversational: Honestly, the nonviscid behavior of the team has been a major source of tension lately.",GRE: Analysts noted that the company's ___ strategy had ___ results in the last quarter. (fill in: nonviscid)
1359,perverse,adjective,deviating from what is considered moral or right or proper or good,contrary; wayward; obstinate; perverted; depraved; reprobate,,"Use ""perverse"" (adjective) when you want to convey deviating from what is considered moral or right or proper or good. Appropriate in formal writing, GRE sentence-equivalence, and academic contexts where precision matters.","Avoid ""perverse"" in casual conversation among friends unless you are certain the listener will understand; it can sound pretentious. Also avoid when a simpler synonym suffices.",Academic: A key consideration in modern discourse is how the perverse principle shapes contemporary policy decisions.,"Conversational: Look, the perverse results speak for themselves — we can't ignore them any longer.",GRE: The professor described the ___ as a ___ that ___ the entire field of study. (fill in: perverse)
1360,nondisposable,adjective,(of assets) unavailable for use,,disposable,"Use ""nondisposable"" (adjective) when you want to convey (of assets) unavailable for use. Appropriate in formal writing, GRE sentence-equivalence, and academic contexts where precision matters.","Avoid ""nondisposable"" in casual conversation among friends unless you are certain the listener will understand; it can sound pretentious. Also avoid when a simpler synonym suffices.",Academic: A key consideration in modern discourse is how the nondisposable principle shapes contemporary policy decisions.,"Conversational: Honestly, the nondisposable behavior of the team has been a major source of tension lately.",GRE: The author's ___ tone contrasted sharply with the ___ underlying message of the passage. (fill in: nondisposable)
1361,dark-gray,adjective,of a dark shade of grey,oxford-gray; dark-grey; oxford-grey,,"Use ""dark-gray"" (adjective) when you want to convey of a dark shade of grey. Appropriate in formal writing, GRE sentence-equivalence, and academic contexts where precision matters.","Avoid ""dark-gray"" in casual conversation among friends unless you are certain the listener will understand; it can sound pretentious. Also avoid when a simpler synonym suffices.",Academic: A key consideration in modern discourse is how the dark-gray principle shapes contemporary policy decisions.,"Conversational: Look, the dark-gray results speak for themselves — we can't ignore them any longer.",GRE: The committee's decision to ___ was met with both praise and criticism from stakeholders. (fill in: dark-gray)
1362,unchristlike,adjective,not becoming to or like a Christian,unchristianly,,"Use ""unchristlike"" (adjective) when you want to convey not becoming to or like a christian. Appropriate in formal writing, GRE sentence-equivalence, and academic contexts where precision matters.","Avoid ""unchristlike"" in casual conversation among friends unless you are certain the listener will understand; it can sound pretentious. Also avoid when a simpler synonym suffices.",Academic: The study concluded that the unchristlike factor played a decisive role in the experimental outcome.,"Conversational: You know, it's pretty clear that the unchristlike situation needs our immediate attention.",GRE: The author's ___ tone contrasted sharply with the ___ underlying message of the passage. (fill in: unchristlike)
1363,eleven-sided,adjective,having eleven sides,,,"Use ""eleven-sided"" (adjective) when you want to convey having eleven sides. Appropriate in formal writing, GRE sentence-equivalence, and academic contexts where precision matters.","Avoid ""eleven-sided"" in casual conversation among friends unless you are certain the listener will understand; it can sound pretentious. Also avoid when a simpler synonym suffices.",Academic: Contemporary scholars debate whether the eleven-sided hypothesis adequately explains the observed data.,Conversational: I've noticed the eleven-sided trend in our office culture and it's starting to concern me.,GRE: The committee's decision to ___ was met with both praise and criticism from stakeholders. (fill in: eleven-sided)
1364,binaural,adjective,relating to or having or hearing with two ears,biaural,monaural,"Use ""binaural"" (adjective) when you want to convey relating to or having or hearing with two ears. Appropriate in formal writing, GRE sentence-equivalence, and academic contexts where precision matters.","Avoid ""binaural"" in casual conversation among friends unless you are certain the listener will understand; it can sound pretentious. Also avoid when a simpler synonym suffices.",Academic: The study concluded that the binaural factor played a decisive role in the experimental outcome.,Conversational: I told him the binaural approach just wouldn't work here — we need to rethink this.,GRE: The author's ___ tone contrasted sharply with the ___ underlying message of the passage. (fill in: binaural)
1365,blessed,adjective,highly favored or fortunate (as e.g. by divine grace),bless; sign; consecrate; hallow; sanctify; blest,cursed; desecrate; curse,"Use ""blessed"" (adjective) when you want to convey highly favored or fortunate (as e.g. by divine grace). Appropriate in formal writing, GRE sentence-equivalence, and academic contexts where precision matters.","Avoid ""blessed"" in casual conversation among friends unless you are certain the listener will understand; it can sound pretentious. Also avoid when a simpler synonym suffices.","Academic: In the scholarly article, the author argued that the blessed phenomenon could not be overlooked.","Conversational: Look, the blessed results speak for themselves — we can't ignore them any longer.",GRE: The author's ___ tone contrasted sharply with the ___ underlying message of the passage. (fill in: blessed)
1366,unvalued,adjective,having value that is not acknowledged,unappreciated; unsung,,"Use ""unvalued"" (adjective) when you want to convey having value that is not acknowledged. Appropriate in formal writing, GRE sentence-equivalence, and academic contexts where precision matters.","Avoid ""unvalued"" in casual conversation among friends unless you are certain the listener will understand; it can sound pretentious. Also avoid when a simpler synonym suffices.",Academic: A key consideration in modern discourse is how the unvalued principle shapes contemporary policy decisions.,"Conversational: Look, the unvalued results speak for themselves — we can't ignore them any longer.",GRE: The committee's decision to ___ was met with both praise and criticism from stakeholders. (fill in: unvalued)
1367,outlined,adjective,showing clearly the outline or profile or boundary,outline; adumbrate; draft; limn; delineate; sketch,,"Use ""outlined"" (adjective) when you want to convey showing clearly the outline or profile or boundary. Appropriate in formal writing, GRE sentence-equivalence, and academic contexts where precision matters.","Avoid ""outlined"" in casual conversation among friends unless you are certain the listener will understand; it can sound pretentious. Also avoid when a simpler synonym suffices.",Academic: The researcher's findings revealed that the outlined effect was statistically significant across all samples.,Conversational: I told him the outlined approach just wouldn't work here — we need to rethink this.,GRE: Analysts noted that the company's ___ strategy had ___ results in the last quarter. (fill in: outlined)
1368,incommodious,adjective,uncomfortably or inconveniently small,,commodious,"Use ""incommodious"" (adjective) when you want to convey uncomfortably or inconveniently small. Appropriate in formal writing, GRE sentence-equivalence, and academic contexts where precision matters.","Avoid ""incommodious"" in casual conversation among friends unless you are certain the listener will understand; it can sound pretentious. Also avoid when a simpler synonym suffices.",Academic: A key consideration in modern discourse is how the incommodious principle shapes contemporary policy decisions.,"Conversational: Look, the incommodious results speak for themselves — we can't ignore them any longer.",GRE: The author's ___ tone contrasted sharply with the ___ underlying message of the passage. (fill in: incommodious)
1369,fulgent,adjective,shining intensely,blinding; blazing; glaring; glary; dazzling,,"Use ""fulgent"" (adjective) when you want to convey shining intensely. Appropriate in formal writing, GRE sentence-equivalence, and academic contexts where precision matters.","Avoid ""fulgent"" in casual conversation among friends unless you are certain the listener will understand; it can sound pretentious. Also avoid when a simpler synonym suffices.",Academic: The study concluded that the fulgent factor played a decisive role in the experimental outcome.,Conversational: I told him the fulgent approach just wouldn't work here — we need to rethink this.,GRE: The professor described the ___ as a ___ that ___ the entire field of study. (fill in: fulgent)
1370,available,adjective,obtainable or accessible and ready for use or service,usable; useable; uncommitted,unavailable,"Use ""available"" (adjective) when you want to convey obtainable or accessible and ready for use or service. Appropriate in formal writing, GRE sentence-equivalence, and academic contexts where precision matters.","Avoid ""available"" in casual conversation among friends unless you are certain the listener will understand; it can sound pretentious. Also avoid when a simpler synonym suffices.",Academic: The researcher's findings revealed that the available effect was statistically significant across all samples.,"Conversational: You know, it's pretty clear that the available situation needs our immediate attention.","GRE: Despite the ___ nature of the evidence, the researchers remained ___ about their conclusions. (fill in: available)"
1371,unfocused,adjective,not concentrated at one point or upon one objective; - Owen Wister,unfocussed,focused,"Use ""unfocused"" (adjective) when you want to convey not concentrated at one point or upon one objective; - owen wister. Appropriate in formal writing, GRE sentence-equivalence, and academic contexts where precision matters.","Avoid ""unfocused"" in casual conversation among friends unless you are certain the listener will understand; it can sound pretentious. Also avoid when a simpler synonym suffices.",Academic: A key consideration in modern discourse is how the unfocused principle shapes contemporary policy decisions.,Conversational: I told him the unfocused approach just wouldn't work here — we need to rethink this.,GRE: The professor described the ___ as a ___ that ___ the entire field of study. (fill in: unfocused)
1372,untrod,adjective,lacking pathways,roadless; untracked; trackless; pathless; untrodden,,"Use ""untrod"" (adjective) when you want to convey lacking pathways. Appropriate in formal writing, GRE sentence-equivalence, and academic contexts where precision matters.","Avoid ""untrod"" in casual conversation among friends unless you are certain the listener will understand; it can sound pretentious. Also avoid when a simpler synonym suffices.","Academic: In the scholarly article, the author argued that the untrod phenomenon could not be overlooked.","Conversational: You know, it's pretty clear that the untrod situation needs our immediate attention.","GRE: Despite the ___ nature of the evidence, the researchers remained ___ about their conclusions. (fill in: untrod)"
1373,telling,adjective,producing a strong effect,tattle; relation; singing; recounting; notification; apprisal,,"Use ""telling"" (adjective) when you want to convey producing a strong effect. Appropriate in formal writing, GRE sentence-equivalence, and academic contexts where precision matters.","Avoid ""telling"" in casual conversation among friends unless you are certain the listener will understand; it can sound pretentious. Also avoid when a simpler synonym suffices.",Academic: A key consideration in modern discourse is how the telling principle shapes contemporary policy decisions.,Conversational: I told him the telling approach just wouldn't work here — we need to rethink this.,GRE: Analysts noted that the company's ___ strategy had ___ results in the last quarter. (fill in: telling)
1374,easterly,adjective,from the east; used especially of winds,eastern; easter; east wind,westerly,"Use ""easterly"" (adjective) when you want to convey from the east; used especially of winds. Appropriate in formal writing, GRE sentence-equivalence, and academic contexts where precision matters.","Avoid ""easterly"" in casual conversation among friends unless you are certain the listener will understand; it can sound pretentious. Also avoid when a simpler synonym suffices.",Academic: Contemporary scholars debate whether the easterly hypothesis adequately explains the observed data.,Conversational: I told him the easterly approach just wouldn't work here — we need to rethink this.,"GRE: Despite the ___ nature of the evidence, the researchers remained ___ about their conclusions. (fill in: easterly)"
1375,dejected,adjective,affected or marked by low spirits,dismay; deject; demoralize; cast down; demoralise; get down,elated; elate,"Use ""dejected"" (adjective) when you want to convey affected or marked by low spirits. Appropriate in formal writing, GRE sentence-equivalence, and academic contexts where precision matters.","Avoid ""dejected"" in casual conversation among friends unless you are certain the listener will understand; it can sound pretentious. Also avoid when a simpler synonym suffices.","Academic: In the scholarly article, the author argued that the dejected phenomenon could not be overlooked.",Conversational: I told him the dejected approach just wouldn't work here — we need to rethink this.,GRE: The author's ___ tone contrasted sharply with the ___ underlying message of the passage. (fill in: dejected)
1376,asternal,adjective,not connected to the sternum or breastbone,,,"Use ""asternal"" (adjective) when you want to convey not connected to the sternum or breastbone. Appropriate in formal writing, GRE sentence-equivalence, and academic contexts where precision matters.","Avoid ""asternal"" in casual conversation among friends unless you are certain the listener will understand; it can sound pretentious. Also avoid when a simpler synonym suffices.",Academic: The study concluded that the asternal factor played a decisive role in the experimental outcome.,"Conversational: Look, the asternal results speak for themselves — we can't ignore them any longer.","GRE: Despite the ___ nature of the evidence, the researchers remained ___ about their conclusions. (fill in: asternal)"
1377,pierced,adjective,having a hole cut through,pierce; thrust; perforate; perforated; punctured,,"Use ""pierced"" (adjective) when you want to convey having a hole cut through. Appropriate in formal writing, GRE sentence-equivalence, and academic contexts where precision matters.","Avoid ""pierced"" in casual conversation among friends unless you are certain the listener will understand; it can sound pretentious. Also avoid when a simpler synonym suffices.",Academic: The study concluded that the pierced factor played a decisive role in the experimental outcome.,"Conversational: Look, the pierced results speak for themselves — we can't ignore them any longer.","GRE: Despite the ___ nature of the evidence, the researchers remained ___ about their conclusions. (fill in: pierced)"
1378,embryonic,adjective,in an early stage of development,embryonal; embryologic; embryotic,,"Use ""embryonic"" (adjective) when you want to convey in an early stage of development. Appropriate in formal writing, GRE sentence-equivalence, and academic contexts where precision matters.","Avoid ""embryonic"" in casual conversation among friends unless you are certain the listener will understand; it can sound pretentious. Also avoid when a simpler synonym suffices.","Academic: In the scholarly article, the author argued that the embryonic phenomenon could not be overlooked.","Conversational: You know, it's pretty clear that the embryonic situation needs our immediate attention.",GRE: The author's ___ tone contrasted sharply with the ___ underlying message of the passage. (fill in: embryonic)
1379,monarchal,adjective,ruled by or having the supreme power resting with a monarch,monarchic; monarchical,,"Use ""monarchal"" (adjective) when you want to convey ruled by or having the supreme power resting with a monarch. Appropriate in formal writing, GRE sentence-equivalence, and academic contexts where precision matters.","Avoid ""monarchal"" in casual conversation among friends unless you are certain the listener will understand; it can sound pretentious. Also avoid when a simpler synonym suffices.",Academic: The researcher's findings revealed that the monarchal effect was statistically significant across all samples.,"Conversational: Honestly, the monarchal behavior of the team has been a major source of tension lately.",GRE: The committee's decision to ___ was met with both praise and criticism from stakeholders. (fill in: monarchal)
1380,lighthearted,adjective,carefree and happy and lighthearted,blithe; lightsome; light-hearted; blithesome,,"Use ""lighthearted"" (adjective) when you want to convey carefree and happy and lighthearted. Appropriate in formal writing, GRE sentence-equivalence, and academic contexts where precision matters.","Avoid ""lighthearted"" in casual conversation among friends unless you are certain the listener will understand; it can sound pretentious. Also avoid when a simpler synonym suffices.",Academic: A key consideration in modern discourse is how the lighthearted principle shapes contemporary policy decisions.,Conversational: I've noticed the lighthearted trend in our office culture and it's starting to concern me.,GRE: Analysts noted that the company's ___ strategy had ___ results in the last quarter. (fill in: lighthearted)
1381,unshaded,adjective,not darkened or dimmed by shade,,shaded,"Use ""unshaded"" (adjective) when you want to convey not darkened or dimmed by shade. Appropriate in formal writing, GRE sentence-equivalence, and academic contexts where precision matters.","Avoid ""unshaded"" in casual conversation among friends unless you are certain the listener will understand; it can sound pretentious. Also avoid when a simpler synonym suffices.","Academic: In the scholarly article, the author argued that the unshaded phenomenon could not be overlooked.","Conversational: You know, it's pretty clear that the unshaded situation needs our immediate attention.",GRE: Analysts noted that the company's ___ strategy had ___ results in the last quarter. (fill in: unshaded)
1382,cassocked,adjective,dressed in a cassock,,,"Use ""cassocked"" (adjective) when you want to convey dressed in a cassock. Appropriate in formal writing, GRE sentence-equivalence, and academic contexts where precision matters.","Avoid ""cassocked"" in casual conversation among friends unless you are certain the listener will understand; it can sound pretentious. Also avoid when a simpler synonym suffices.",Academic: The researcher's findings revealed that the cassocked effect was statistically significant across all samples.,"Conversational: Honestly, the cassocked behavior of the team has been a major source of tension lately.",GRE: The professor described the ___ as a ___ that ___ the entire field of study. (fill in: cassocked)
1383,reformable,adjective,susceptible to improvement or reform,redeemable,,"Use ""reformable"" (adjective) when you want to convey susceptible to improvement or reform. Appropriate in formal writing, GRE sentence-equivalence, and academic contexts where precision matters.","Avoid ""reformable"" in casual conversation among friends unless you are certain the listener will understand; it can sound pretentious. Also avoid when a simpler synonym suffices.",Academic: The researcher's findings revealed that the reformable effect was statistically significant across all samples.,"Conversational: You know, it's pretty clear that the reformable situation needs our immediate attention.","GRE: Despite the ___ nature of the evidence, the researchers remained ___ about their conclusions. (fill in: reformable)"
1384,amended,adjective,modified for the better,improve; ameliorate; meliorate; better; remediate; remedy,unamended; worsen,"Use ""amended"" (adjective) when you want to convey modified for the better. Appropriate in formal writing, GRE sentence-equivalence, and academic contexts where precision matters.","Avoid ""amended"" in casual conversation among friends unless you are certain the listener will understand; it can sound pretentious. Also avoid when a simpler synonym suffices.",Academic: Contemporary scholars debate whether the amended hypothesis adequately explains the observed data.,Conversational: I've noticed the amended trend in our office culture and it's starting to concern me.,GRE: The professor described the ___ as a ___ that ___ the entire field of study. (fill in: amended)
1385,sauteed,adjective,fried quickly in a little fat,saute,,"Use ""sauteed"" (adjective) when you want to convey fried quickly in a little fat. Appropriate in formal writing, GRE sentence-equivalence, and academic contexts where precision matters.","Avoid ""sauteed"" in casual conversation among friends unless you are certain the listener will understand; it can sound pretentious. Also avoid when a simpler synonym suffices.",Academic: The researcher's findings revealed that the sauteed effect was statistically significant across all samples.,"Conversational: You know, it's pretty clear that the sauteed situation needs our immediate attention.",GRE: The committee's decision to ___ was met with both praise and criticism from stakeholders. (fill in: sauteed)
1386,woolgathering,adjective,dreamy in mood or nature,daydream; dreamy; stargaze; dream; woolgather; moony,,"Use ""woolgathering"" (adjective) when you want to convey dreamy in mood or nature. Appropriate in formal writing, GRE sentence-equivalence, and academic contexts where precision matters.","Avoid ""woolgathering"" in casual conversation among friends unless you are certain the listener will understand; it can sound pretentious. Also avoid when a simpler synonym suffices.",Academic: A key consideration in modern discourse is how the woolgathering principle shapes contemporary policy decisions.,"Conversational: Honestly, the woolgathering behavior of the team has been a major source of tension lately.","GRE: Despite the ___ nature of the evidence, the researchers remained ___ about their conclusions. (fill in: woolgathering)"
1387,interrupted,adjective,discontinued temporarily,cut off; disrupt; break up; disturb; interrupt; break,,"Use ""interrupted"" (adjective) when you want to convey discontinued temporarily. Appropriate in formal writing, GRE sentence-equivalence, and academic contexts where precision matters.","Avoid ""interrupted"" in casual conversation among friends unless you are certain the listener will understand; it can sound pretentious. Also avoid when a simpler synonym suffices.",Academic: Contemporary scholars debate whether the interrupted hypothesis adequately explains the observed data.,Conversational: I've noticed the interrupted trend in our office culture and it's starting to concern me.,GRE: The author's ___ tone contrasted sharply with the ___ underlying message of the passage. (fill in: interrupted)
1388,crumpled,adjective,of metal e.g.,collapse; tumble; crumple; crumble; buckle; break down,,"Use ""crumpled"" (adjective) when you want to convey of metal e.g.. Appropriate in formal writing, GRE sentence-equivalence, and academic contexts where precision matters.","Avoid ""crumpled"" in casual conversation among friends unless you are certain the listener will understand; it can sound pretentious. Also avoid when a simpler synonym suffices.",Academic: A key consideration in modern discourse is how the crumpled principle shapes contemporary policy decisions.,"Conversational: Look, the crumpled results speak for themselves — we can't ignore them any longer.",GRE: Analysts noted that the company's ___ strategy had ___ results in the last quarter. (fill in: crumpled)
1389,apportionable,adjective,capable of being distributed,allocatable; allocable,,"Use ""apportionable"" (adjective) when you want to convey capable of being distributed. Appropriate in formal writing, GRE sentence-equivalence, and academic contexts where precision matters.","Avoid ""apportionable"" in casual conversation among friends unless you are certain the listener will understand; it can sound pretentious. Also avoid when a simpler synonym suffices.",Academic: A key consideration in modern discourse is how the apportionable principle shapes contemporary policy decisions.,"Conversational: Look, the apportionable results speak for themselves — we can't ignore them any longer.",GRE: The professor described the ___ as a ___ that ___ the entire field of study. (fill in: apportionable)
1390,breezy,adjective,abounding in or exposed to the wind or breezes,blowy; windy,,"Use ""breezy"" (adjective) when you want to convey abounding in or exposed to the wind or breezes. Appropriate in formal writing, GRE sentence-equivalence, and academic contexts where precision matters.","Avoid ""breezy"" in casual conversation among friends unless you are certain the listener will understand; it can sound pretentious. Also avoid when a simpler synonym suffices.",Academic: The researcher's findings revealed that the breezy effect was statistically significant across all samples.,Conversational: I told him the breezy approach just wouldn't work here — we need to rethink this.,"GRE: Despite the ___ nature of the evidence, the researchers remained ___ about their conclusions. (fill in: breezy)"
1391,prosaic,adjective,not challenging; dull and lacking excitement,prosy; unglamorous; earthbound; humdrum; unglamourous; matter-of-fact,,"Use ""prosaic"" (adjective) when you want to convey not challenging; dull and lacking excitement. Appropriate in formal writing, GRE sentence-equivalence, and academic contexts where precision matters.","Avoid ""prosaic"" in casual conversation among friends unless you are certain the listener will understand; it can sound pretentious. Also avoid when a simpler synonym suffices.","Academic: In the scholarly article, the author argued that the prosaic phenomenon could not be overlooked.",Conversational: I told him the prosaic approach just wouldn't work here — we need to rethink this.,GRE: Analysts noted that the company's ___ strategy had ___ results in the last quarter. (fill in: prosaic)
1392,grievous,adjective,causing fear or anxiety by threatening great harm,grave; severe; heartbreaking; serious; dangerous; heartrending,,"Use ""grievous"" (adjective) when you want to convey causing fear or anxiety by threatening great harm. Appropriate in formal writing, GRE sentence-equivalence, and academic contexts where precision matters.","Avoid ""grievous"" in casual conversation among friends unless you are certain the listener will understand; it can sound pretentious. Also avoid when a simpler synonym suffices.",Academic: The researcher's findings revealed that the grievous effect was statistically significant across all samples.,Conversational: I told him the grievous approach just wouldn't work here — we need to rethink this.,GRE: The committee's decision to ___ was met with both praise and criticism from stakeholders. (fill in: grievous)
1393,peachy-colored,adjective,of something resembling a peach in color,peachy; peachy-coloured,,"Use ""peachy-colored"" (adjective) when you want to convey of something resembling a peach in color. Appropriate in formal writing, GRE sentence-equivalence, and academic contexts where precision matters.","Avoid ""peachy-colored"" in casual conversation among friends unless you are certain the listener will understand; it can sound pretentious. Also avoid when a simpler synonym suffices.",Academic: Contemporary scholars debate whether the peachy-colored hypothesis adequately explains the observed data.,Conversational: I've noticed the peachy-colored trend in our office culture and it's starting to concern me.,GRE: Analysts noted that the company's ___ strategy had ___ results in the last quarter. (fill in: peachy-colored)
1394,garbled,adjective,lacking orderly continuity,confused; garble; illogical; disconnected; warp; unconnected,,"Use ""garbled"" (adjective) when you want to convey lacking orderly continuity. Appropriate in formal writing, GRE sentence-equivalence, and academic contexts where precision matters.","Avoid ""garbled"" in casual conversation among friends unless you are certain the listener will understand; it can sound pretentious. Also avoid when a simpler synonym suffices.","Academic: In the scholarly article, the author argued that the garbled phenomenon could not be overlooked.","Conversational: Honestly, the garbled behavior of the team has been a major source of tension lately.",GRE: The committee's decision to ___ was met with both praise and criticism from stakeholders. (fill in: garbled)
1395,stately,adjective,refined or imposing in manner or appearance; befitting a royal court,statuesque; imposing; courtly; baronial; formal; noble,,"Use ""stately"" (adjective) when you want to convey refined or imposing in manner or appearance; befitting a royal court. Appropriate in formal writing, GRE sentence-equivalence, and academic contexts where precision matters.","Avoid ""stately"" in casual conversation among friends unless you are certain the listener will understand; it can sound pretentious. Also avoid when a simpler synonym suffices.",Academic: The study concluded that the stately factor played a decisive role in the experimental outcome.,"Conversational: Honestly, the stately behavior of the team has been a major source of tension lately.",GRE: The author's ___ tone contrasted sharply with the ___ underlying message of the passage. (fill in: stately)
1396,unhoped-for,adjective,so unexpected as to have not been imagined,unthought-of; unthought; unhoped,,"Use ""unhoped-for"" (adjective) when you want to convey so unexpected as to have not been imagined. Appropriate in formal writing, GRE sentence-equivalence, and academic contexts where precision matters.","Avoid ""unhoped-for"" in casual conversation among friends unless you are certain the listener will understand; it can sound pretentious. Also avoid when a simpler synonym suffices.",Academic: Contemporary scholars debate whether the unhoped-for hypothesis adequately explains the observed data.,"Conversational: You know, it's pretty clear that the unhoped-for situation needs our immediate attention.",GRE: The author's ___ tone contrasted sharply with the ___ underlying message of the passage. (fill in: unhoped-for)
1397,constituent,adjective,constitutional in the structure of something (especially your physical makeup),component part; element; grammatical constituent; component; portion; part,,"Use ""constituent"" (adjective) when you want to convey constitutional in the structure of something (especially your physical makeup). Appropriate in formal writing, GRE sentence-equivalence, and academic contexts where precision matters.","Avoid ""constituent"" in casual conversation among friends unless you are certain the listener will understand; it can sound pretentious. Also avoid when a simpler synonym suffices.","Academic: In the scholarly article, the author argued that the constituent phenomenon could not be overlooked.","Conversational: You know, it's pretty clear that the constituent situation needs our immediate attention.",GRE: The committee's decision to ___ was met with both praise and criticism from stakeholders. (fill in: constituent)
1398,razorback,adjective,having a sharp narrow back,razorback hog; rorqual; razor-backed; razorbacked hog,,"Use ""razorback"" (adjective) when you want to convey having a sharp narrow back. Appropriate in formal writing, GRE sentence-equivalence, and academic contexts where precision matters.","Avoid ""razorback"" in casual conversation among friends unless you are certain the listener will understand; it can sound pretentious. Also avoid when a simpler synonym suffices.","Academic: In the scholarly article, the author argued that the razorback phenomenon could not be overlooked.","Conversational: You know, it's pretty clear that the razorback situation needs our immediate attention.","GRE: Despite the ___ nature of the evidence, the researchers remained ___ about their conclusions. (fill in: razorback)"
1399,astute,adjective,marked by practical hardheaded intelligence,shrewd; sharp,,"Use ""astute"" (adjective) when you want to convey marked by practical hardheaded intelligence. Appropriate in formal writing, GRE sentence-equivalence, and academic contexts where precision matters.","Avoid ""astute"" in casual conversation among friends unless you are certain the listener will understand; it can sound pretentious. Also avoid when a simpler synonym suffices.",Academic: The study concluded that the astute factor played a decisive role in the experimental outcome.,"Conversational: Look, the astute results speak for themselves — we can't ignore them any longer.",GRE: The committee's decision to ___ was met with both praise and criticism from stakeholders. (fill in: astute)
1400,upper-class,adjective,occupying the highest socioeconomic position in a society,,middle-class; lower-class,"Use ""upper-class"" (adjective) when you want to convey occupying the highest socioeconomic position in a society. Appropriate in formal writing, GRE sentence-equivalence, and academic contexts where precision matters.","Avoid ""upper-class"" in casual conversation among friends unless you are certain the listener will understand; it can sound pretentious. Also avoid when a simpler synonym suffices.",Academic: Contemporary scholars debate whether the upper-class hypothesis adequately explains the observed data.,"Conversational: Honestly, the upper-class behavior of the team has been a major source of tension lately.","GRE: Despite the ___ nature of the evidence, the researchers remained ___ about their conclusions. (fill in: upper-class)"
1401,far-out,adjective,informal terms; strikingly unconventional,quirky; kinky; way-out; offbeat,,"Use ""far-out"" (adjective) when you want to convey informal terms; strikingly unconventional. Appropriate in formal writing, GRE sentence-equivalence, and academic contexts where precision matters.","Avoid ""far-out"" in casual conversation among friends unless you are certain the listener will understand; it can sound pretentious. Also avoid when a simpler synonym suffices.",Academic: The researcher's findings revealed that the far-out effect was statistically significant across all samples.,Conversational: I told him the far-out approach just wouldn't work here — we need to rethink this.,GRE: The committee's decision to ___ was met with both praise and criticism from stakeholders. (fill in: far-out)
1402,theory-based,adjective,based in theory rather than experiment,,,"Use ""theory-based"" (adjective) when you want to convey based in theory rather than experiment. Appropriate in formal writing, GRE sentence-equivalence, and academic contexts where precision matters.","Avoid ""theory-based"" in casual conversation among friends unless you are certain the listener will understand; it can sound pretentious. Also avoid when a simpler synonym suffices.",Academic: A key consideration in modern discourse is how the theory-based principle shapes contemporary policy decisions.,"Conversational: Look, the theory-based results speak for themselves — we can't ignore them any longer.",GRE: The committee's decision to ___ was met with both praise and criticism from stakeholders. (fill in: theory-based)
1403,yellowish-grey,adjective,of grey tinged with yellow,yellow-grey; yellowish-gray; yellow-gray,,"Use ""yellowish-grey"" (adjective) when you want to convey of grey tinged with yellow. Appropriate in formal writing, GRE sentence-equivalence, and academic contexts where precision matters.","Avoid ""yellowish-grey"" in casual conversation among friends unless you are certain the listener will understand; it can sound pretentious. Also avoid when a simpler synonym suffices.",Academic: Contemporary scholars debate whether the yellowish-grey hypothesis adequately explains the observed data.,"Conversational: Honestly, the yellowish-grey behavior of the team has been a major source of tension lately.",GRE: The author's ___ tone contrasted sharply with the ___ underlying message of the passage. (fill in: yellowish-grey)
1404,auspicious,adjective,auguring favorable circumstances and good luck,,inauspicious,"Use ""auspicious"" (adjective) when you want to convey auguring favorable circumstances and good luck. Appropriate in formal writing, GRE sentence-equivalence, and academic contexts where precision matters.","Avoid ""auspicious"" in casual conversation among friends unless you are certain the listener will understand; it can sound pretentious. Also avoid when a simpler synonym suffices.",Academic: Contemporary scholars debate whether the auspicious hypothesis adequately explains the observed data.,Conversational: I told him the auspicious approach just wouldn't work here — we need to rethink this.,"GRE: Despite the ___ nature of the evidence, the researchers remained ___ about their conclusions. (fill in: auspicious)"
1405,publicised,adjective,made known; especially made widely known,advertise; publicise; bare; air; publicize; advertize,suppressed,"Use ""publicised"" (adjective) when you want to convey made known; especially made widely known. Appropriate in formal writing, GRE sentence-equivalence, and academic contexts where precision matters.","Avoid ""publicised"" in casual conversation among friends unless you are certain the listener will understand; it can sound pretentious. Also avoid when a simpler synonym suffices.","Academic: In the scholarly article, the author argued that the publicised phenomenon could not be overlooked.",Conversational: I've noticed the publicised trend in our office culture and it's starting to concern me.,GRE: The author's ___ tone contrasted sharply with the ___ underlying message of the passage. (fill in: publicised)
1406,virgin,adjective,in a state of sexual virginity,virtuous; vestal; virginal; Virgo; Virgo the Virgin; pure,,"Use ""virgin"" (adjective) when you want to convey in a state of sexual virginity. Appropriate in formal writing, GRE sentence-equivalence, and academic contexts where precision matters.","Avoid ""virgin"" in casual conversation among friends unless you are certain the listener will understand; it can sound pretentious. Also avoid when a simpler synonym suffices.","Academic: In the scholarly article, the author argued that the virgin phenomenon could not be overlooked.","Conversational: Honestly, the virgin behavior of the team has been a major source of tension lately.",GRE: The committee's decision to ___ was met with both praise and criticism from stakeholders. (fill in: virgin)
1407,oppressed,adjective,burdened psychologically or mentally,suppress; oppress; laden; crush; persecute,,"Use ""oppressed"" (adjective) when you want to convey burdened psychologically or mentally. Appropriate in formal writing, GRE sentence-equivalence, and academic contexts where precision matters.","Avoid ""oppressed"" in casual conversation among friends unless you are certain the listener will understand; it can sound pretentious. Also avoid when a simpler synonym suffices.","Academic: In the scholarly article, the author argued that the oppressed phenomenon could not be overlooked.","Conversational: Look, the oppressed results speak for themselves — we can't ignore them any longer.",GRE: Analysts noted that the company's ___ strategy had ___ results in the last quarter. (fill in: oppressed)
1408,grayish-brown,adjective,of brown tinged with grey,gray-brown; greyish-brown; grey-brown,,"Use ""grayish-brown"" (adjective) when you want to convey of brown tinged with grey. Appropriate in formal writing, GRE sentence-equivalence, and academic contexts where precision matters.","Avoid ""grayish-brown"" in casual conversation among friends unless you are certain the listener will understand; it can sound pretentious. Also avoid when a simpler synonym suffices.",Academic: Contemporary scholars debate whether the grayish-brown hypothesis adequately explains the observed data.,Conversational: I told him the grayish-brown approach just wouldn't work here — we need to rethink this.,GRE: The professor described the ___ as a ___ that ___ the entire field of study. (fill in: grayish-brown)
1409,drinkable,adjective,suitable for drinking,potable; drink; beverage,undrinkable,"Use ""drinkable"" (adjective) when you want to convey suitable for drinking. Appropriate in formal writing, GRE sentence-equivalence, and academic contexts where precision matters.","Avoid ""drinkable"" in casual conversation among friends unless you are certain the listener will understand; it can sound pretentious. Also avoid when a simpler synonym suffices.",Academic: Contemporary scholars debate whether the drinkable hypothesis adequately explains the observed data.,Conversational: I told him the drinkable approach just wouldn't work here — we need to rethink this.,GRE: The professor described the ___ as a ___ that ___ the entire field of study. (fill in: drinkable)
1410,inelegant,adjective,lacking in refinement or grace or good taste,,elegant,"Use ""inelegant"" (adjective) when you want to convey lacking in refinement or grace or good taste. Appropriate in formal writing, GRE sentence-equivalence, and academic contexts where precision matters.","Avoid ""inelegant"" in casual conversation among friends unless you are certain the listener will understand; it can sound pretentious. Also avoid when a simpler synonym suffices.",Academic: The study concluded that the inelegant factor played a decisive role in the experimental outcome.,"Conversational: Honestly, the inelegant behavior of the team has been a major source of tension lately.",GRE: Analysts noted that the company's ___ strategy had ___ results in the last quarter. (fill in: inelegant)
1411,aflutter,adjective,excited in anticipation,nervous,,"Use ""aflutter"" (adjective) when you want to convey excited in anticipation. Appropriate in formal writing, GRE sentence-equivalence, and academic contexts where precision matters.","Avoid ""aflutter"" in casual conversation among friends unless you are certain the listener will understand; it can sound pretentious. Also avoid when a simpler synonym suffices.","Academic: In the scholarly article, the author argued that the aflutter phenomenon could not be overlooked.",Conversational: I've noticed the aflutter trend in our office culture and it's starting to concern me.,"GRE: Despite the ___ nature of the evidence, the researchers remained ___ about their conclusions. (fill in: aflutter)"
1412,tendencious,adjective,having or marked by a strong tendency especially a controversial one,tendentious,,"Use ""tendencious"" (adjective) when you want to convey having or marked by a strong tendency especially a controversial one. Appropriate in formal writing, GRE sentence-equivalence, and academic contexts where precision matters.","Avoid ""tendencious"" in casual conversation among friends unless you are certain the listener will understand; it can sound pretentious. Also avoid when a simpler synonym suffices.",Academic: The researcher's findings revealed that the tendencious effect was statistically significant across all samples.,"Conversational: Look, the tendencious results speak for themselves — we can't ignore them any longer.",GRE: The professor described the ___ as a ___ that ___ the entire field of study. (fill in: tendencious)
1413,unenterprising,adjective,lacking in enterprise; not bold or venturesome,nonenterprising,enterprising,"Use ""unenterprising"" (adjective) when you want to convey lacking in enterprise; not bold or venturesome. Appropriate in formal writing, GRE sentence-equivalence, and academic contexts where precision matters.","Avoid ""unenterprising"" in casual conversation among friends unless you are certain the listener will understand; it can sound pretentious. Also avoid when a simpler synonym suffices.",Academic: The researcher's findings revealed that the unenterprising effect was statistically significant across all samples.,"Conversational: You know, it's pretty clear that the unenterprising situation needs our immediate attention.",GRE: The committee's decision to ___ was met with both praise and criticism from stakeholders. (fill in: unenterprising)
1414,columned,adjective,having or resembling columns; having columns of a specified kind (often used as a combining form),,noncolumned,"Use ""columned"" (adjective) when you want to convey having or resembling columns; having columns of a specified kind (often used as a combining form). Appropriate in formal writing, GRE sentence-equivalence, and academic contexts where precision matters.","Avoid ""columned"" in casual conversation among friends unless you are certain the listener will understand; it can sound pretentious. Also avoid when a simpler synonym suffices.","Academic: In the scholarly article, the author argued that the columned phenomenon could not be overlooked.","Conversational: You know, it's pretty clear that the columned situation needs our immediate attention.",GRE: The author's ___ tone contrasted sharply with the ___ underlying message of the passage. (fill in: columned)
1415,short-headed,adjective,having a brachycephalic head,broad-headed; roundheaded,,"Use ""short-headed"" (adjective) when you want to convey having a brachycephalic head. Appropriate in formal writing, GRE sentence-equivalence, and academic contexts where precision matters.","Avoid ""short-headed"" in casual conversation among friends unless you are certain the listener will understand; it can sound pretentious. Also avoid when a simpler synonym suffices.",Academic: The study concluded that the short-headed factor played a decisive role in the experimental outcome.,Conversational: I told him the short-headed approach just wouldn't work here — we need to rethink this.,GRE: The committee's decision to ___ was met with both praise and criticism from stakeholders. (fill in: short-headed)
1416,deathlike,adjective,having the physical appearance of death,deathly,,"Use ""deathlike"" (adjective) when you want to convey having the physical appearance of death. Appropriate in formal writing, GRE sentence-equivalence, and academic contexts where precision matters.","Avoid ""deathlike"" in casual conversation among friends unless you are certain the listener will understand; it can sound pretentious. Also avoid when a simpler synonym suffices.",Academic: Contemporary scholars debate whether the deathlike hypothesis adequately explains the observed data.,"Conversational: You know, it's pretty clear that the deathlike situation needs our immediate attention.",GRE: The committee's decision to ___ was met with both praise and criticism from stakeholders. (fill in: deathlike)
1417,insubstantial,adjective,lacking material form or substance; unreal,unsubstantial; unreal; jejune,substantial,"Use ""insubstantial"" (adjective) when you want to convey lacking material form or substance; unreal. Appropriate in formal writing, GRE sentence-equivalence, and academic contexts where precision matters.","Avoid ""insubstantial"" in casual conversation among friends unless you are certain the listener will understand; it can sound pretentious. Also avoid when a simpler synonym suffices.",Academic: A key consideration in modern discourse is how the insubstantial principle shapes contemporary policy decisions.,Conversational: I told him the insubstantial approach just wouldn't work here — we need to rethink this.,"GRE: Despite the ___ nature of the evidence, the researchers remained ___ about their conclusions. (fill in: insubstantial)"
1418,unpredictable,adjective,not occurring at expected times,irregular,predictable,"Use ""unpredictable"" (adjective) when you want to convey not occurring at expected times. Appropriate in formal writing, GRE sentence-equivalence, and academic contexts where precision matters.","Avoid ""unpredictable"" in casual conversation among friends unless you are certain the listener will understand; it can sound pretentious. Also avoid when a simpler synonym suffices.",Academic: A key consideration in modern discourse is how the unpredictable principle shapes contemporary policy decisions.,"Conversational: Honestly, the unpredictable behavior of the team has been a major source of tension lately.","GRE: Despite the ___ nature of the evidence, the researchers remained ___ about their conclusions. (fill in: unpredictable)"
1419,gold-colored,adjective,having the color of gold,gold-coloured,,"Use ""gold-colored"" (adjective) when you want to convey having the color of gold. Appropriate in formal writing, GRE sentence-equivalence, and academic contexts where precision matters.","Avoid ""gold-colored"" in casual conversation among friends unless you are certain the listener will understand; it can sound pretentious. Also avoid when a simpler synonym suffices.","Academic: In the scholarly article, the author argued that the gold-colored phenomenon could not be overlooked.","Conversational: You know, it's pretty clear that the gold-colored situation needs our immediate attention.",GRE: Analysts noted that the company's ___ strategy had ___ results in the last quarter. (fill in: gold-colored)
1420,edgeless,adjective,lacking a cutting edge,,,"Use ""edgeless"" (adjective) when you want to convey lacking a cutting edge. Appropriate in formal writing, GRE sentence-equivalence, and academic contexts where precision matters.","Avoid ""edgeless"" in casual conversation among friends unless you are certain the listener will understand; it can sound pretentious. Also avoid when a simpler synonym suffices.","Academic: In the scholarly article, the author argued that the edgeless phenomenon could not be overlooked.","Conversational: Honestly, the edgeless behavior of the team has been a major source of tension lately.",GRE: The professor described the ___ as a ___ that ___ the entire field of study. (fill in: edgeless)
1421,fractious,adjective,unpredictably difficult in operation; likely to be troublesome,recalcitrant; peevish; irritable; peckish; pettish; petulant,,"Use ""fractious"" (adjective) when you want to convey unpredictably difficult in operation; likely to be troublesome. Appropriate in formal writing, GRE sentence-equivalence, and academic contexts where precision matters.","Avoid ""fractious"" in casual conversation among friends unless you are certain the listener will understand; it can sound pretentious. Also avoid when a simpler synonym suffices.",Academic: A key consideration in modern discourse is how the fractious principle shapes contemporary policy decisions.,"Conversational: Look, the fractious results speak for themselves — we can't ignore them any longer.",GRE: The committee's decision to ___ was met with both praise and criticism from stakeholders. (fill in: fractious)
1422,adynamic,adjective,characterized by an absence of force or forcefulness,undynamic; debilitated; enervated; asthenic,dynamic,"Use ""adynamic"" (adjective) when you want to convey characterized by an absence of force or forcefulness. Appropriate in formal writing, GRE sentence-equivalence, and academic contexts where precision matters.","Avoid ""adynamic"" in casual conversation among friends unless you are certain the listener will understand; it can sound pretentious. Also avoid when a simpler synonym suffices.","Academic: In the scholarly article, the author argued that the adynamic phenomenon could not be overlooked.","Conversational: You know, it's pretty clear that the adynamic situation needs our immediate attention.",GRE: The committee's decision to ___ was met with both praise and criticism from stakeholders. (fill in: adynamic)
1423,cell-free,adjective,lacking cells,,,"Use ""cell-free"" (adjective) when you want to convey lacking cells. Appropriate in formal writing, GRE sentence-equivalence, and academic contexts where precision matters.","Avoid ""cell-free"" in casual conversation among friends unless you are certain the listener will understand; it can sound pretentious. Also avoid when a simpler synonym suffices.",Academic: The researcher's findings revealed that the cell-free effect was statistically significant across all samples.,Conversational: I told him the cell-free approach just wouldn't work here — we need to rethink this.,GRE: The professor described the ___ as a ___ that ___ the entire field of study. (fill in: cell-free)
1424,iron-grey,adjective,of the grey color of iron,iron-gray,,"Use ""iron-grey"" (adjective) when you want to convey of the grey color of iron. Appropriate in formal writing, GRE sentence-equivalence, and academic contexts where precision matters.","Avoid ""iron-grey"" in casual conversation among friends unless you are certain the listener will understand; it can sound pretentious. Also avoid when a simpler synonym suffices.",Academic: A key consideration in modern discourse is how the iron-grey principle shapes contemporary policy decisions.,"Conversational: Look, the iron-grey results speak for themselves — we can't ignore them any longer.",GRE: The author's ___ tone contrasted sharply with the ___ underlying message of the passage. (fill in: iron-grey)
1425,communal,adjective,for or by a group rather than individuals; - Paul Roche,,,"Use ""communal"" (adjective) when you want to convey for or by a group rather than individuals; - paul roche. Appropriate in formal writing, GRE sentence-equivalence, and academic contexts where precision matters.","Avoid ""communal"" in casual conversation among friends unless you are certain the listener will understand; it can sound pretentious. Also avoid when a simpler synonym suffices.",Academic: A key consideration in modern discourse is how the communal principle shapes contemporary policy decisions.,"Conversational: You know, it's pretty clear that the communal situation needs our immediate attention.",GRE: The professor described the ___ as a ___ that ___ the entire field of study. (fill in: communal)
1426,uncorrected,adjective,left faulty or wrong,undisciplined,corrected,"Use ""uncorrected"" (adjective) when you want to convey left faulty or wrong. Appropriate in formal writing, GRE sentence-equivalence, and academic contexts where precision matters.","Avoid ""uncorrected"" in casual conversation among friends unless you are certain the listener will understand; it can sound pretentious. Also avoid when a simpler synonym suffices.",Academic: A key consideration in modern discourse is how the uncorrected principle shapes contemporary policy decisions.,Conversational: I told him the uncorrected approach just wouldn't work here — we need to rethink this.,GRE: The committee's decision to ___ was met with both praise and criticism from stakeholders. (fill in: uncorrected)
1427,upcountry,adjective,of or coming from the middle of a region or country,midland; interior,,"Use ""upcountry"" (adjective) when you want to convey of or coming from the middle of a region or country. Appropriate in formal writing, GRE sentence-equivalence, and academic contexts where precision matters.","Avoid ""upcountry"" in casual conversation among friends unless you are certain the listener will understand; it can sound pretentious. Also avoid when a simpler synonym suffices.",Academic: The study concluded that the upcountry factor played a decisive role in the experimental outcome.,"Conversational: Look, the upcountry results speak for themselves — we can't ignore them any longer.","GRE: Despite the ___ nature of the evidence, the researchers remained ___ about their conclusions. (fill in: upcountry)"
1428,propulsive,adjective,tending to or capable of propelling,propellant; propellent; propelling,,"Use ""propulsive"" (adjective) when you want to convey tending to or capable of propelling. Appropriate in formal writing, GRE sentence-equivalence, and academic contexts where precision matters.","Avoid ""propulsive"" in casual conversation among friends unless you are certain the listener will understand; it can sound pretentious. Also avoid when a simpler synonym suffices.",Academic: A key consideration in modern discourse is how the propulsive principle shapes contemporary policy decisions.,"Conversational: Look, the propulsive results speak for themselves — we can't ignore them any longer.","GRE: Despite the ___ nature of the evidence, the researchers remained ___ about their conclusions. (fill in: propulsive)"
1429,taking,adjective,very attractive; capturing interest,direct; take; pickings; use up; occupy; lead,disclaim; obviate; give; refuse; abstain,"Use ""taking"" (adjective) when you want to convey very attractive; capturing interest. Appropriate in formal writing, GRE sentence-equivalence, and academic contexts where precision matters.","Avoid ""taking"" in casual conversation among friends unless you are certain the listener will understand; it can sound pretentious. Also avoid when a simpler synonym suffices.",Academic: The study concluded that the taking factor played a decisive role in the experimental outcome.,Conversational: I told him the taking approach just wouldn't work here — we need to rethink this.,GRE: The committee's decision to ___ was met with both praise and criticism from stakeholders. (fill in: taking)
1430,exonerative,adjective,providing absolution,forgiving; absolvitory,,"Use ""exonerative"" (adjective) when you want to convey providing absolution. Appropriate in formal writing, GRE sentence-equivalence, and academic contexts where precision matters.","Avoid ""exonerative"" in casual conversation among friends unless you are certain the listener will understand; it can sound pretentious. Also avoid when a simpler synonym suffices.",Academic: The researcher's findings revealed that the exonerative effect was statistically significant across all samples.,"Conversational: You know, it's pretty clear that the exonerative situation needs our immediate attention.",GRE: Analysts noted that the company's ___ strategy had ___ results in the last quarter. (fill in: exonerative)
1431,silvery,adjective,having the white lustrous sheen of silver,silver; silverish; argent; silvern,,"Use ""silvery"" (adjective) when you want to convey having the white lustrous sheen of silver. Appropriate in formal writing, GRE sentence-equivalence, and academic contexts where precision matters.","Avoid ""silvery"" in casual conversation among friends unless you are certain the listener will understand; it can sound pretentious. Also avoid when a simpler synonym suffices.","Academic: In the scholarly article, the author argued that the silvery phenomenon could not be overlooked.","Conversational: Look, the silvery results speak for themselves — we can't ignore them any longer.",GRE: The author's ___ tone contrasted sharply with the ___ underlying message of the passage. (fill in: silvery)
1432,pulseless,adjective,appearing dead; not breathing or having no perceptible pulse,breathless; inanimate,,"Use ""pulseless"" (adjective) when you want to convey appearing dead; not breathing or having no perceptible pulse. Appropriate in formal writing, GRE sentence-equivalence, and academic contexts where precision matters.","Avoid ""pulseless"" in casual conversation among friends unless you are certain the listener will understand; it can sound pretentious. Also avoid when a simpler synonym suffices.",Academic: The study concluded that the pulseless factor played a decisive role in the experimental outcome.,Conversational: I've noticed the pulseless trend in our office culture and it's starting to concern me.,"GRE: Despite the ___ nature of the evidence, the researchers remained ___ about their conclusions. (fill in: pulseless)"
1433,off-center,adjective,situated away from the center or axis,off-centered,,"Use ""off-center"" (adjective) when you want to convey situated away from the center or axis. Appropriate in formal writing, GRE sentence-equivalence, and academic contexts where precision matters.","Avoid ""off-center"" in casual conversation among friends unless you are certain the listener will understand; it can sound pretentious. Also avoid when a simpler synonym suffices.",Academic: The researcher's findings revealed that the off-center effect was statistically significant across all samples.,Conversational: I've noticed the off-center trend in our office culture and it's starting to concern me.,"GRE: Despite the ___ nature of the evidence, the researchers remained ___ about their conclusions. (fill in: off-center)"
1434,undemanding,adjective,requiring little if any patience or effort or skill,,demanding,"Use ""undemanding"" (adjective) when you want to convey requiring little if any patience or effort or skill. Appropriate in formal writing, GRE sentence-equivalence, and academic contexts where precision matters.","Avoid ""undemanding"" in casual conversation among friends unless you are certain the listener will understand; it can sound pretentious. Also avoid when a simpler synonym suffices.",Academic: A key consideration in modern discourse is how the undemanding principle shapes contemporary policy decisions.,Conversational: I've noticed the undemanding trend in our office culture and it's starting to concern me.,GRE: The committee's decision to ___ was met with both praise and criticism from stakeholders. (fill in: undemanding)
1435,gowned,adjective,wearing a gown,gown,,"Use ""gowned"" (adjective) when you want to convey wearing a gown. Appropriate in formal writing, GRE sentence-equivalence, and academic contexts where precision matters.","Avoid ""gowned"" in casual conversation among friends unless you are certain the listener will understand; it can sound pretentious. Also avoid when a simpler synonym suffices.",Academic: The researcher's findings revealed that the gowned effect was statistically significant across all samples.,"Conversational: Look, the gowned results speak for themselves — we can't ignore them any longer.","GRE: Despite the ___ nature of the evidence, the researchers remained ___ about their conclusions. (fill in: gowned)"
1436,sombre,adjective,grave or even gloomy in character,sober; somber; melancholy; drab,,"Use ""sombre"" (adjective) when you want to convey grave or even gloomy in character. Appropriate in formal writing, GRE sentence-equivalence, and academic contexts where precision matters.","Avoid ""sombre"" in casual conversation among friends unless you are certain the listener will understand; it can sound pretentious. Also avoid when a simpler synonym suffices.","Academic: In the scholarly article, the author argued that the sombre phenomenon could not be overlooked.","Conversational: Look, the sombre results speak for themselves — we can't ignore them any longer.","GRE: Despite the ___ nature of the evidence, the researchers remained ___ about their conclusions. (fill in: sombre)"
1437,pathless,adjective,lacking pathways,roadless; untracked; trackless; untrod; untrodden,,"Use ""pathless"" (adjective) when you want to convey lacking pathways. Appropriate in formal writing, GRE sentence-equivalence, and academic contexts where precision matters.","Avoid ""pathless"" in casual conversation among friends unless you are certain the listener will understand; it can sound pretentious. Also avoid when a simpler synonym suffices.","Academic: In the scholarly article, the author argued that the pathless phenomenon could not be overlooked.","Conversational: You know, it's pretty clear that the pathless situation needs our immediate attention.",GRE: The professor described the ___ as a ___ that ___ the entire field of study. (fill in: pathless)
1438,subsequent,adjective,following in time or order,,antecedent,"Use ""subsequent"" (adjective) when you want to convey following in time or order. Appropriate in formal writing, GRE sentence-equivalence, and academic contexts where precision matters.","Avoid ""subsequent"" in casual conversation among friends unless you are certain the listener will understand; it can sound pretentious. Also avoid when a simpler synonym suffices.",Academic: A key consideration in modern discourse is how the subsequent principle shapes contemporary policy decisions.,"Conversational: You know, it's pretty clear that the subsequent situation needs our immediate attention.",GRE: The author's ___ tone contrasted sharply with the ___ underlying message of the passage. (fill in: subsequent)
1439,mercurial,adjective,liable to sudden unpredictable change,fickle; quicksilver; erratic,,"Use ""mercurial"" (adjective) when you want to convey liable to sudden unpredictable change. Appropriate in formal writing, GRE sentence-equivalence, and academic contexts where precision matters.","Avoid ""mercurial"" in casual conversation among friends unless you are certain the listener will understand; it can sound pretentious. Also avoid when a simpler synonym suffices.",Academic: Contemporary scholars debate whether the mercurial hypothesis adequately explains the observed data.,Conversational: I've noticed the mercurial trend in our office culture and it's starting to concern me.,GRE: Analysts noted that the company's ___ strategy had ___ results in the last quarter. (fill in: mercurial)
1440,disseminative,adjective,spreading by diffusion,dispersive; diffusing; diffusive,,"Use ""disseminative"" (adjective) when you want to convey spreading by diffusion. Appropriate in formal writing, GRE sentence-equivalence, and academic contexts where precision matters.","Avoid ""disseminative"" in casual conversation among friends unless you are certain the listener will understand; it can sound pretentious. Also avoid when a simpler synonym suffices.",Academic: A key consideration in modern discourse is how the disseminative principle shapes contemporary policy decisions.,Conversational: I've noticed the disseminative trend in our office culture and it's starting to concern me.,GRE: The author's ___ tone contrasted sharply with the ___ underlying message of the passage. (fill in: disseminative)
1441,scarey,adjective,provoking fear terror,scary; chilling; shivery; shuddery,,"Use ""scarey"" (adjective) when you want to convey provoking fear terror. Appropriate in formal writing, GRE sentence-equivalence, and academic contexts where precision matters.","Avoid ""scarey"" in casual conversation among friends unless you are certain the listener will understand; it can sound pretentious. Also avoid when a simpler synonym suffices.",Academic: Contemporary scholars debate whether the scarey hypothesis adequately explains the observed data.,"Conversational: You know, it's pretty clear that the scarey situation needs our immediate attention.","GRE: Despite the ___ nature of the evidence, the researchers remained ___ about their conclusions. (fill in: scarey)"
1442,discriminating,adjective,showing or indicating careful judgment and discernment especially in matters of taste,separate; penetrative; single out; acute; penetrating; discriminate,undiscriminating,"Use ""discriminating"" (adjective) when you want to convey showing or indicating careful judgment and discernment especially in matters of taste. Appropriate in formal writing, GRE sentence-equivalence, and academic contexts where precision matters.","Avoid ""discriminating"" in casual conversation among friends unless you are certain the listener will understand; it can sound pretentious. Also avoid when a simpler synonym suffices.",Academic: The researcher's findings revealed that the discriminating effect was statistically significant across all samples.,"Conversational: Look, the discriminating results speak for themselves — we can't ignore them any longer.",GRE: The professor described the ___ as a ___ that ___ the entire field of study. (fill in: discriminating)
1443,resilient,adjective,elastic; rebounds readily,springy; live; bouncy; lively,,"Use ""resilient"" (adjective) when you want to convey elastic; rebounds readily. Appropriate in formal writing, GRE sentence-equivalence, and academic contexts where precision matters.","Avoid ""resilient"" in casual conversation among friends unless you are certain the listener will understand; it can sound pretentious. Also avoid when a simpler synonym suffices.",Academic: The study concluded that the resilient factor played a decisive role in the experimental outcome.,Conversational: I told him the resilient approach just wouldn't work here — we need to rethink this.,GRE: The author's ___ tone contrasted sharply with the ___ underlying message of the passage. (fill in: resilient)
1444,resiny,adjective,having the characteristics of pitch or tar,pitchy; resinous; tarry,,"Use ""resiny"" (adjective) when you want to convey having the characteristics of pitch or tar. Appropriate in formal writing, GRE sentence-equivalence, and academic contexts where precision matters.","Avoid ""resiny"" in casual conversation among friends unless you are certain the listener will understand; it can sound pretentious. Also avoid when a simpler synonym suffices.",Academic: Contemporary scholars debate whether the resiny hypothesis adequately explains the observed data.,"Conversational: You know, it's pretty clear that the resiny situation needs our immediate attention.",GRE: The committee's decision to ___ was met with both praise and criticism from stakeholders. (fill in: resiny)
1445,fickle,adjective,liable to sudden unpredictable change,volatile; mercurial; quicksilver; erratic,,"Use ""fickle"" (adjective) when you want to convey liable to sudden unpredictable change. Appropriate in formal writing, GRE sentence-equivalence, and academic contexts where precision matters.","Avoid ""fickle"" in casual conversation among friends unless you are certain the listener will understand; it can sound pretentious. Also avoid when a simpler synonym suffices.",Academic: The researcher's findings revealed that the fickle effect was statistically significant across all samples.,Conversational: I've noticed the fickle trend in our office culture and it's starting to concern me.,"GRE: Despite the ___ nature of the evidence, the researchers remained ___ about their conclusions. (fill in: fickle)"
1446,prying,adjective,offensively curious or inquisitive,snoopiness; prise; jimmy; prize; nosiness; lever,,"Use ""prying"" (adjective) when you want to convey offensively curious or inquisitive. Appropriate in formal writing, GRE sentence-equivalence, and academic contexts where precision matters.","Avoid ""prying"" in casual conversation among friends unless you are certain the listener will understand; it can sound pretentious. Also avoid when a simpler synonym suffices.",Academic: The study concluded that the prying factor played a decisive role in the experimental outcome.,Conversational: I told him the prying approach just wouldn't work here — we need to rethink this.,GRE: The committee's decision to ___ was met with both praise and criticism from stakeholders. (fill in: prying)
1447,fatheaded,adjective,(used informally) stupid,duncish; loggerheaded; blockheaded; boneheaded; thick-skulled; wooden-headed,,"Use ""fatheaded"" (adjective) when you want to convey (used informally) stupid. Appropriate in formal writing, GRE sentence-equivalence, and academic contexts where precision matters.","Avoid ""fatheaded"" in casual conversation among friends unless you are certain the listener will understand; it can sound pretentious. Also avoid when a simpler synonym suffices.",Academic: The study concluded that the fatheaded factor played a decisive role in the experimental outcome.,"Conversational: Honestly, the fatheaded behavior of the team has been a major source of tension lately.",GRE: Analysts noted that the company's ___ strategy had ___ results in the last quarter. (fill in: fatheaded)
1448,grouped,adjective,arranged into groups,group; aggroup; sorted,,"Use ""grouped"" (adjective) when you want to convey arranged into groups. Appropriate in formal writing, GRE sentence-equivalence, and academic contexts where precision matters.","Avoid ""grouped"" in casual conversation among friends unless you are certain the listener will understand; it can sound pretentious. Also avoid when a simpler synonym suffices.",Academic: A key consideration in modern discourse is how the grouped principle shapes contemporary policy decisions.,"Conversational: Honestly, the grouped behavior of the team has been a major source of tension lately.",GRE: The committee's decision to ___ was met with both praise and criticism from stakeholders. (fill in: grouped)
1449,uncomfortable,adjective,conducive to or feeling mental discomfort,,comfortable,"Use ""uncomfortable"" (adjective) when you want to convey conducive to or feeling mental discomfort. Appropriate in formal writing, GRE sentence-equivalence, and academic contexts where precision matters.","Avoid ""uncomfortable"" in casual conversation among friends unless you are certain the listener will understand; it can sound pretentious. Also avoid when a simpler synonym suffices.",Academic: Contemporary scholars debate whether the uncomfortable hypothesis adequately explains the observed data.,Conversational: I told him the uncomfortable approach just wouldn't work here — we need to rethink this.,GRE: The author's ___ tone contrasted sharply with the ___ underlying message of the passage. (fill in: uncomfortable)
1450,fictive,adjective,capable of imaginative creation,pretended; sham; fictitious; false; put on; assumed,,"Use ""fictive"" (adjective) when you want to convey capable of imaginative creation. Appropriate in formal writing, GRE sentence-equivalence, and academic contexts where precision matters.","Avoid ""fictive"" in casual conversation among friends unless you are certain the listener will understand; it can sound pretentious. Also avoid when a simpler synonym suffices.",Academic: The study concluded that the fictive factor played a decisive role in the experimental outcome.,"Conversational: Look, the fictive results speak for themselves — we can't ignore them any longer.",GRE: Analysts noted that the company's ___ strategy had ___ results in the last quarter. (fill in: fictive)
1451,dysfunctional,adjective,(of a trait or condition) failing to serve an adjustive purpose,nonadaptive,,"Use ""dysfunctional"" (adjective) when you want to convey (of a trait or condition) failing to serve an adjustive purpose. Appropriate in formal writing, GRE sentence-equivalence, and academic contexts where precision matters.","Avoid ""dysfunctional"" in casual conversation among friends unless you are certain the listener will understand; it can sound pretentious. Also avoid when a simpler synonym suffices.","Academic: In the scholarly article, the author argued that the dysfunctional phenomenon could not be overlooked.","Conversational: Look, the dysfunctional results speak for themselves — we can't ignore them any longer.","GRE: Despite the ___ nature of the evidence, the researchers remained ___ about their conclusions. (fill in: dysfunctional)"
1452,better,adjective,(comparative of `good') superior to another (of the same class or set or kind) in excellence or quality or desirability or suitability; more highly skilled than another,improve; ameliorate; meliorate; bettor; break; amend,worse; evil; badly; ill; bad; worsen,"Use ""better"" (adjective) when you want to convey (comparative of `good') superior to another (of the same class or set or kind) in excellence or quality or desirability or suitability; more highly skilled than another. Appropriate in formal writing, GRE sentence-equivalence, and academic contexts where precision matters.","Avoid ""better"" in casual conversation among friends unless you are certain the listener will understand; it can sound pretentious. Also avoid when a simpler synonym suffices.",Academic: Contemporary scholars debate whether the better hypothesis adequately explains the observed data.,"Conversational: Look, the better results speak for themselves — we can't ignore them any longer.",GRE: The committee's decision to ___ was met with both praise and criticism from stakeholders. (fill in: better)
1453,noncontinuous,adjective,not continuing without interruption in time or space,discontinuous,continuous,"Use ""noncontinuous"" (adjective) when you want to convey not continuing without interruption in time or space. Appropriate in formal writing, GRE sentence-equivalence, and academic contexts where precision matters.","Avoid ""noncontinuous"" in casual conversation among friends unless you are certain the listener will understand; it can sound pretentious. Also avoid when a simpler synonym suffices.",Academic: The study concluded that the noncontinuous factor played a decisive role in the experimental outcome.,"Conversational: Look, the noncontinuous results speak for themselves — we can't ignore them any longer.",GRE: The professor described the ___ as a ___ that ___ the entire field of study. (fill in: noncontinuous)
1454,stipulatory,adjective,constituted or contracted by stipulation or agreement,agreed upon,,"Use ""stipulatory"" (adjective) when you want to convey constituted or contracted by stipulation or agreement. Appropriate in formal writing, GRE sentence-equivalence, and academic contexts where precision matters.","Avoid ""stipulatory"" in casual conversation among friends unless you are certain the listener will understand; it can sound pretentious. Also avoid when a simpler synonym suffices.","Academic: In the scholarly article, the author argued that the stipulatory phenomenon could not be overlooked.","Conversational: Look, the stipulatory results speak for themselves — we can't ignore them any longer.",GRE: The committee's decision to ___ was met with both praise and criticism from stakeholders. (fill in: stipulatory)
1455,analytic,adjective,of a proposition that is necessarily true independent of fact or experience,analytical; uninflected,synthetic,"Use ""analytic"" (adjective) when you want to convey of a proposition that is necessarily true independent of fact or experience. Appropriate in formal writing, GRE sentence-equivalence, and academic contexts where precision matters.","Avoid ""analytic"" in casual conversation among friends unless you are certain the listener will understand; it can sound pretentious. Also avoid when a simpler synonym suffices.","Academic: In the scholarly article, the author argued that the analytic phenomenon could not be overlooked.","Conversational: Look, the analytic results speak for themselves — we can't ignore them any longer.","GRE: Despite the ___ nature of the evidence, the researchers remained ___ about their conclusions. (fill in: analytic)"
1456,obscure,adjective,remote and separate physically or socially; ; - W.H.Hudson,haze over; obnubilate; fog; cloud; mist; befog,,"Use ""obscure"" (adjective) when you want to convey remote and separate physically or socially; ; - w.h.hudson. Appropriate in formal writing, GRE sentence-equivalence, and academic contexts where precision matters.","Avoid ""obscure"" in casual conversation among friends unless you are certain the listener will understand; it can sound pretentious. Also avoid when a simpler synonym suffices.","Academic: In the scholarly article, the author argued that the obscure phenomenon could not be overlooked.",Conversational: I've noticed the obscure trend in our office culture and it's starting to concern me.,GRE: The author's ___ tone contrasted sharply with the ___ underlying message of the passage. (fill in: obscure)
1457,self-contradictory,adjective,in disagreement; ; - John Morley,paradoxical; contradictory; conflicting; at odds,,"Use ""self-contradictory"" (adjective) when you want to convey in disagreement; ; - john morley. Appropriate in formal writing, GRE sentence-equivalence, and academic contexts where precision matters.","Avoid ""self-contradictory"" in casual conversation among friends unless you are certain the listener will understand; it can sound pretentious. Also avoid when a simpler synonym suffices.","Academic: In the scholarly article, the author argued that the self-contradictory phenomenon could not be overlooked.","Conversational: You know, it's pretty clear that the self-contradictory situation needs our immediate attention.",GRE: The author's ___ tone contrasted sharply with the ___ underlying message of the passage. (fill in: self-contradictory)
1458,serious,adjective,requiring effort or concentration; complex and not easy to answer or solve,grave; severe; good; dangerous; life-threatening; grievous,playful; frivolous,"Use ""serious"" (adjective) when you want to convey requiring effort or concentration; complex and not easy to answer or solve. Appropriate in formal writing, GRE sentence-equivalence, and academic contexts where precision matters.","Avoid ""serious"" in casual conversation among friends unless you are certain the listener will understand; it can sound pretentious. Also avoid when a simpler synonym suffices.",Academic: Contemporary scholars debate whether the serious hypothesis adequately explains the observed data.,"Conversational: Honestly, the serious behavior of the team has been a major source of tension lately.",GRE: The author's ___ tone contrasted sharply with the ___ underlying message of the passage. (fill in: serious)
1459,documented,adjective,furnished with or supported by documents,document; authenticated; attested,undocumented,"Use ""documented"" (adjective) when you want to convey furnished with or supported by documents. Appropriate in formal writing, GRE sentence-equivalence, and academic contexts where precision matters.","Avoid ""documented"" in casual conversation among friends unless you are certain the listener will understand; it can sound pretentious. Also avoid when a simpler synonym suffices.",Academic: Contemporary scholars debate whether the documented hypothesis adequately explains the observed data.,Conversational: I told him the documented approach just wouldn't work here — we need to rethink this.,"GRE: Despite the ___ nature of the evidence, the researchers remained ___ about their conclusions. (fill in: documented)"
1460,intended,adjective,future; betrothed,mean; intend; destine; think; specify; designate,unintended,"Use ""intended"" (adjective) when you want to convey future; betrothed. Appropriate in formal writing, GRE sentence-equivalence, and academic contexts where precision matters.","Avoid ""intended"" in casual conversation among friends unless you are certain the listener will understand; it can sound pretentious. Also avoid when a simpler synonym suffices.",Academic: A key consideration in modern discourse is how the intended principle shapes contemporary policy decisions.,"Conversational: Honestly, the intended behavior of the team has been a major source of tension lately.",GRE: The committee's decision to ___ was met with both praise and criticism from stakeholders. (fill in: intended)
1461,physical,adjective,impelled by physical force especially against resistance,strong-arm; forcible,mental,"Use ""physical"" (adjective) when you want to convey impelled by physical force especially against resistance. Appropriate in formal writing, GRE sentence-equivalence, and academic contexts where precision matters.","Avoid ""physical"" in casual conversation among friends unless you are certain the listener will understand; it can sound pretentious. Also avoid when a simpler synonym suffices.",Academic: The researcher's findings revealed that the physical effect was statistically significant across all samples.,"Conversational: Look, the physical results speak for themselves — we can't ignore them any longer.",GRE: The professor described the ___ as a ___ that ___ the entire field of study. (fill in: physical)
1462,collapsable,adjective,capable of collapsing or being collapsed,collapsible,noncollapsible,"Use ""collapsable"" (adjective) when you want to convey capable of collapsing or being collapsed. Appropriate in formal writing, GRE sentence-equivalence, and academic contexts where precision matters.","Avoid ""collapsable"" in casual conversation among friends unless you are certain the listener will understand; it can sound pretentious. Also avoid when a simpler synonym suffices.",Academic: Contemporary scholars debate whether the collapsable hypothesis adequately explains the observed data.,Conversational: I've noticed the collapsable trend in our office culture and it's starting to concern me.,GRE: The author's ___ tone contrasted sharply with the ___ underlying message of the passage. (fill in: collapsable)
1463,uncomplimentary,adjective,tending to (or intended to) detract or disparage,unflattering,flattering; complimentary,"Use ""uncomplimentary"" (adjective) when you want to convey tending to (or intended to) detract or disparage. Appropriate in formal writing, GRE sentence-equivalence, and academic contexts where precision matters.","Avoid ""uncomplimentary"" in casual conversation among friends unless you are certain the listener will understand; it can sound pretentious. Also avoid when a simpler synonym suffices.",Academic: The study concluded that the uncomplimentary factor played a decisive role in the experimental outcome.,"Conversational: Honestly, the uncomplimentary behavior of the team has been a major source of tension lately.","GRE: Despite the ___ nature of the evidence, the researchers remained ___ about their conclusions. (fill in: uncomplimentary)"
1464,flagrant,adjective,conspicuously and outrageously bad or reprehensible,crying; glaring; gross; egregious; rank,,"Use ""flagrant"" (adjective) when you want to convey conspicuously and outrageously bad or reprehensible. Appropriate in formal writing, GRE sentence-equivalence, and academic contexts where precision matters.","Avoid ""flagrant"" in casual conversation among friends unless you are certain the listener will understand; it can sound pretentious. Also avoid when a simpler synonym suffices.","Academic: In the scholarly article, the author argued that the flagrant phenomenon could not be overlooked.","Conversational: You know, it's pretty clear that the flagrant situation needs our immediate attention.",GRE: Analysts noted that the company's ___ strategy had ___ results in the last quarter. (fill in: flagrant)
1465,phytophagic,adjective,(of animals) feeding on plants,phytophilous; phytophagous; plant-eating,,"Use ""phytophagic"" (adjective) when you want to convey (of animals) feeding on plants. Appropriate in formal writing, GRE sentence-equivalence, and academic contexts where precision matters.","Avoid ""phytophagic"" in casual conversation among friends unless you are certain the listener will understand; it can sound pretentious. Also avoid when a simpler synonym suffices.","Academic: In the scholarly article, the author argued that the phytophagic phenomenon could not be overlooked.","Conversational: Honestly, the phytophagic behavior of the team has been a major source of tension lately.",GRE: The professor described the ___ as a ___ that ___ the entire field of study. (fill in: phytophagic)
1466,drowsy,adjective,showing lack of attention or boredom,oscitant; dozy; drowsing; yawning,,"Use ""drowsy"" (adjective) when you want to convey showing lack of attention or boredom. Appropriate in formal writing, GRE sentence-equivalence, and academic contexts where precision matters.","Avoid ""drowsy"" in casual conversation among friends unless you are certain the listener will understand; it can sound pretentious. Also avoid when a simpler synonym suffices.",Academic: A key consideration in modern discourse is how the drowsy principle shapes contemporary policy decisions.,Conversational: I've noticed the drowsy trend in our office culture and it's starting to concern me.,GRE: The author's ___ tone contrasted sharply with the ___ underlying message of the passage. (fill in: drowsy)
1467,precious,adjective,obviously contrived to charm,cute; treasured; valued; wanted; preciously; cherished,,"Use ""precious"" (adjective) when you want to convey obviously contrived to charm. Appropriate in formal writing, GRE sentence-equivalence, and academic contexts where precision matters.","Avoid ""precious"" in casual conversation among friends unless you are certain the listener will understand; it can sound pretentious. Also avoid when a simpler synonym suffices.",Academic: A key consideration in modern discourse is how the precious principle shapes contemporary policy decisions.,"Conversational: You know, it's pretty clear that the precious situation needs our immediate attention.",GRE: The committee's decision to ___ was met with both praise and criticism from stakeholders. (fill in: precious)
1468,placid,adjective,(of a body of water) free from disturbance by heavy waves,tranquil; unruffled; still; quiet; smooth; equable,,"Use ""placid"" (adjective) when you want to convey (of a body of water) free from disturbance by heavy waves. Appropriate in formal writing, GRE sentence-equivalence, and academic contexts where precision matters.","Avoid ""placid"" in casual conversation among friends unless you are certain the listener will understand; it can sound pretentious. Also avoid when a simpler synonym suffices.",Academic: The researcher's findings revealed that the placid effect was statistically significant across all samples.,"Conversational: Look, the placid results speak for themselves — we can't ignore them any longer.",GRE: Analysts noted that the company's ___ strategy had ___ results in the last quarter. (fill in: placid)
1469,uplifted,adjective,exalted emotionally especially with pride,intoxicate; pick up; elate; lift up; uplift,depress,"Use ""uplifted"" (adjective) when you want to convey exalted emotionally especially with pride. Appropriate in formal writing, GRE sentence-equivalence, and academic contexts where precision matters.","Avoid ""uplifted"" in casual conversation among friends unless you are certain the listener will understand; it can sound pretentious. Also avoid when a simpler synonym suffices.",Academic: The study concluded that the uplifted factor played a decisive role in the experimental outcome.,"Conversational: You know, it's pretty clear that the uplifted situation needs our immediate attention.",GRE: The professor described the ___ as a ___ that ___ the entire field of study. (fill in: uplifted)
1470,delicate,adjective,exquisitely fine and subtle and pleasing; susceptible to injury,ticklish; soft; frail; touchy; fragile; finespun,rugged,"Use ""delicate"" (adjective) when you want to convey exquisitely fine and subtle and pleasing; susceptible to injury. Appropriate in formal writing, GRE sentence-equivalence, and academic contexts where precision matters.","Avoid ""delicate"" in casual conversation among friends unless you are certain the listener will understand; it can sound pretentious. Also avoid when a simpler synonym suffices.",Academic: Contemporary scholars debate whether the delicate hypothesis adequately explains the observed data.,Conversational: I told him the delicate approach just wouldn't work here — we need to rethink this.,GRE: Analysts noted that the company's ___ strategy had ___ results in the last quarter. (fill in: delicate)
1471,anecdotic,adjective,characterized by or given to telling anecdotes,anecdotical; anecdotal,,"Use ""anecdotic"" (adjective) when you want to convey characterized by or given to telling anecdotes. Appropriate in formal writing, GRE sentence-equivalence, and academic contexts where precision matters.","Avoid ""anecdotic"" in casual conversation among friends unless you are certain the listener will understand; it can sound pretentious. Also avoid when a simpler synonym suffices.","Academic: In the scholarly article, the author argued that the anecdotic phenomenon could not be overlooked.","Conversational: Look, the anecdotic results speak for themselves — we can't ignore them any longer.",GRE: Analysts noted that the company's ___ strategy had ___ results in the last quarter. (fill in: anecdotic)
1472,sizeable,adjective,large in amount or extent or degree,hefty; respectable; sizable; ample; goodly; healthy,,"Use ""sizeable"" (adjective) when you want to convey large in amount or extent or degree. Appropriate in formal writing, GRE sentence-equivalence, and academic contexts where precision matters.","Avoid ""sizeable"" in casual conversation among friends unless you are certain the listener will understand; it can sound pretentious. Also avoid when a simpler synonym suffices.",Academic: The study concluded that the sizeable factor played a decisive role in the experimental outcome.,Conversational: I told him the sizeable approach just wouldn't work here — we need to rethink this.,GRE: The professor described the ___ as a ___ that ___ the entire field of study. (fill in: sizeable)
1473,gemmed,adjective,covered with beads or jewels or sequins,jewelled; sequined; spangly; spangled; beady; jeweled,,"Use ""gemmed"" (adjective) when you want to convey covered with beads or jewels or sequins. Appropriate in formal writing, GRE sentence-equivalence, and academic contexts where precision matters.","Avoid ""gemmed"" in casual conversation among friends unless you are certain the listener will understand; it can sound pretentious. Also avoid when a simpler synonym suffices.","Academic: In the scholarly article, the author argued that the gemmed phenomenon could not be overlooked.","Conversational: Look, the gemmed results speak for themselves — we can't ignore them any longer.",GRE: The committee's decision to ___ was met with both praise and criticism from stakeholders. (fill in: gemmed)
1474,hypnotized,adjective,having your attention fixated as though by a spell,hypnotise; mesmerise; mesmerize; fascinated; spellbound; transfixed,,"Use ""hypnotized"" (adjective) when you want to convey having your attention fixated as though by a spell. Appropriate in formal writing, GRE sentence-equivalence, and academic contexts where precision matters.","Avoid ""hypnotized"" in casual conversation among friends unless you are certain the listener will understand; it can sound pretentious. Also avoid when a simpler synonym suffices.",Academic: Contemporary scholars debate whether the hypnotized hypothesis adequately explains the observed data.,"Conversational: You know, it's pretty clear that the hypnotized situation needs our immediate attention.","GRE: Despite the ___ nature of the evidence, the researchers remained ___ about their conclusions. (fill in: hypnotized)"
1475,cloudless,adjective,free from clouds,unclouded,,"Use ""cloudless"" (adjective) when you want to convey free from clouds. Appropriate in formal writing, GRE sentence-equivalence, and academic contexts where precision matters.","Avoid ""cloudless"" in casual conversation among friends unless you are certain the listener will understand; it can sound pretentious. Also avoid when a simpler synonym suffices.",Academic: The study concluded that the cloudless factor played a decisive role in the experimental outcome.,Conversational: I've noticed the cloudless trend in our office culture and it's starting to concern me.,GRE: The author's ___ tone contrasted sharply with the ___ underlying message of the passage. (fill in: cloudless)
1476,hand-to-hand,adjective,being at close quarters,,,"Use ""hand-to-hand"" (adjective) when you want to convey being at close quarters. Appropriate in formal writing, GRE sentence-equivalence, and academic contexts where precision matters.","Avoid ""hand-to-hand"" in casual conversation among friends unless you are certain the listener will understand; it can sound pretentious. Also avoid when a simpler synonym suffices.",Academic: The researcher's findings revealed that the hand-to-hand effect was statistically significant across all samples.,"Conversational: Look, the hand-to-hand results speak for themselves — we can't ignore them any longer.",GRE: The committee's decision to ___ was met with both praise and criticism from stakeholders. (fill in: hand-to-hand)
1477,bothersome,adjective,causing irritation or annoyance,annoying; pestering; plaguy; teasing; plaguey; vexing,,"Use ""bothersome"" (adjective) when you want to convey causing irritation or annoyance. Appropriate in formal writing, GRE sentence-equivalence, and academic contexts where precision matters.","Avoid ""bothersome"" in casual conversation among friends unless you are certain the listener will understand; it can sound pretentious. Also avoid when a simpler synonym suffices.",Academic: Contemporary scholars debate whether the bothersome hypothesis adequately explains the observed data.,"Conversational: You know, it's pretty clear that the bothersome situation needs our immediate attention.",GRE: The author's ___ tone contrasted sharply with the ___ underlying message of the passage. (fill in: bothersome)
1478,open-collared,adjective,of a shirt; not buttoned at the neck,,,"Use ""open-collared"" (adjective) when you want to convey of a shirt; not buttoned at the neck. Appropriate in formal writing, GRE sentence-equivalence, and academic contexts where precision matters.","Avoid ""open-collared"" in casual conversation among friends unless you are certain the listener will understand; it can sound pretentious. Also avoid when a simpler synonym suffices.",Academic: The study concluded that the open-collared factor played a decisive role in the experimental outcome.,Conversational: I've noticed the open-collared trend in our office culture and it's starting to concern me.,"GRE: Despite the ___ nature of the evidence, the researchers remained ___ about their conclusions. (fill in: open-collared)"
1479,delectable,adjective,capable of arousing desire,toothsome; luscious; pleasant-tasting; scrumptious; delicious; yummy,,"Use ""delectable"" (adjective) when you want to convey capable of arousing desire. Appropriate in formal writing, GRE sentence-equivalence, and academic contexts where precision matters.","Avoid ""delectable"" in casual conversation among friends unless you are certain the listener will understand; it can sound pretentious. Also avoid when a simpler synonym suffices.",Academic: Contemporary scholars debate whether the delectable hypothesis adequately explains the observed data.,Conversational: I told him the delectable approach just wouldn't work here — we need to rethink this.,GRE: The author's ___ tone contrasted sharply with the ___ underlying message of the passage. (fill in: delectable)
1480,unacquisitive,adjective,not acquisitive; not interested in acquiring or owning anything,,acquisitive,"Use ""unacquisitive"" (adjective) when you want to convey not acquisitive; not interested in acquiring or owning anything. Appropriate in formal writing, GRE sentence-equivalence, and academic contexts where precision matters.","Avoid ""unacquisitive"" in casual conversation among friends unless you are certain the listener will understand; it can sound pretentious. Also avoid when a simpler synonym suffices.",Academic: The researcher's findings revealed that the unacquisitive effect was statistically significant across all samples.,Conversational: I told him the unacquisitive approach just wouldn't work here — we need to rethink this.,GRE: The committee's decision to ___ was met with both praise and criticism from stakeholders. (fill in: unacquisitive)
1481,convinced,adjective,having a strong belief or conviction,positive; convert; win over; convince; confident,unconvinced,"Use ""convinced"" (adjective) when you want to convey having a strong belief or conviction. Appropriate in formal writing, GRE sentence-equivalence, and academic contexts where precision matters.","Avoid ""convinced"" in casual conversation among friends unless you are certain the listener will understand; it can sound pretentious. Also avoid when a simpler synonym suffices.",Academic: The study concluded that the convinced factor played a decisive role in the experimental outcome.,Conversational: I've noticed the convinced trend in our office culture and it's starting to concern me.,GRE: The author's ___ tone contrasted sharply with the ___ underlying message of the passage. (fill in: convinced)
1482,argus-eyed,adjective,carefully observant or attentive; on the lookout for possible danger,hawk-eyed; sharp-eyed; keen-sighted; lynx-eyed; quick-sighted; sharp-sighted,,"Use ""argus-eyed"" (adjective) when you want to convey carefully observant or attentive; on the lookout for possible danger. Appropriate in formal writing, GRE sentence-equivalence, and academic contexts where precision matters.","Avoid ""argus-eyed"" in casual conversation among friends unless you are certain the listener will understand; it can sound pretentious. Also avoid when a simpler synonym suffices.",Academic: A key consideration in modern discourse is how the argus-eyed principle shapes contemporary policy decisions.,Conversational: I've noticed the argus-eyed trend in our office culture and it's starting to concern me.,"GRE: Despite the ___ nature of the evidence, the researchers remained ___ about their conclusions. (fill in: argus-eyed)"
1483,unexportable,adjective,not suitable for export,,exportable,"Use ""unexportable"" (adjective) when you want to convey not suitable for export. Appropriate in formal writing, GRE sentence-equivalence, and academic contexts where precision matters.","Avoid ""unexportable"" in casual conversation among friends unless you are certain the listener will understand; it can sound pretentious. Also avoid when a simpler synonym suffices.",Academic: The study concluded that the unexportable factor played a decisive role in the experimental outcome.,Conversational: I've noticed the unexportable trend in our office culture and it's starting to concern me.,GRE: Analysts noted that the company's ___ strategy had ___ results in the last quarter. (fill in: unexportable)
1484,alphabetical,adjective,arranged in order according to the alphabet,alphabetic,analphabetic,"Use ""alphabetical"" (adjective) when you want to convey arranged in order according to the alphabet. Appropriate in formal writing, GRE sentence-equivalence, and academic contexts where precision matters.","Avoid ""alphabetical"" in casual conversation among friends unless you are certain the listener will understand; it can sound pretentious. Also avoid when a simpler synonym suffices.",Academic: A key consideration in modern discourse is how the alphabetical principle shapes contemporary policy decisions.,"Conversational: Look, the alphabetical results speak for themselves — we can't ignore them any longer.",GRE: The professor described the ___ as a ___ that ___ the entire field of study. (fill in: alphabetical)
1485,orange-flowered,adjective,having orange flowers,,,"Use ""orange-flowered"" (adjective) when you want to convey having orange flowers. Appropriate in formal writing, GRE sentence-equivalence, and academic contexts where precision matters.","Avoid ""orange-flowered"" in casual conversation among friends unless you are certain the listener will understand; it can sound pretentious. Also avoid when a simpler synonym suffices.",Academic: A key consideration in modern discourse is how the orange-flowered principle shapes contemporary policy decisions.,"Conversational: Look, the orange-flowered results speak for themselves — we can't ignore them any longer.",GRE: Analysts noted that the company's ___ strategy had ___ results in the last quarter. (fill in: orange-flowered)
1486,mortgaged,adjective,burdened with legal or financial obligations,mortgage,,"Use ""mortgaged"" (adjective) when you want to convey burdened with legal or financial obligations. Appropriate in formal writing, GRE sentence-equivalence, and academic contexts where precision matters.","Avoid ""mortgaged"" in casual conversation among friends unless you are certain the listener will understand; it can sound pretentious. Also avoid when a simpler synonym suffices.",Academic: The researcher's findings revealed that the mortgaged effect was statistically significant across all samples.,"Conversational: Look, the mortgaged results speak for themselves — we can't ignore them any longer.",GRE: The author's ___ tone contrasted sharply with the ___ underlying message of the passage. (fill in: mortgaged)
1487,abounding,adjective,existing in abundance,galore; burst; abound; bristle,,"Use ""abounding"" (adjective) when you want to convey existing in abundance. Appropriate in formal writing, GRE sentence-equivalence, and academic contexts where precision matters.","Avoid ""abounding"" in casual conversation among friends unless you are certain the listener will understand; it can sound pretentious. Also avoid when a simpler synonym suffices.",Academic: Contemporary scholars debate whether the abounding hypothesis adequately explains the observed data.,"Conversational: Honestly, the abounding behavior of the team has been a major source of tension lately.",GRE: The author's ___ tone contrasted sharply with the ___ underlying message of the passage. (fill in: abounding)
1488,violet-blue,adjective,of blue tinged with lavender,lilac-blue,,"Use ""violet-blue"" (adjective) when you want to convey of blue tinged with lavender. Appropriate in formal writing, GRE sentence-equivalence, and academic contexts where precision matters.","Avoid ""violet-blue"" in casual conversation among friends unless you are certain the listener will understand; it can sound pretentious. Also avoid when a simpler synonym suffices.",Academic: A key consideration in modern discourse is how the violet-blue principle shapes contemporary policy decisions.,Conversational: I've noticed the violet-blue trend in our office culture and it's starting to concern me.,GRE: Analysts noted that the company's ___ strategy had ___ results in the last quarter. (fill in: violet-blue)
1489,evergreen,adjective,(of plants and shrubs) bearing foliage throughout the year,evergreen plant,deciduous plant; deciduous,"Use ""evergreen"" (adjective) when you want to convey (of plants and shrubs) bearing foliage throughout the year. Appropriate in formal writing, GRE sentence-equivalence, and academic contexts where precision matters.","Avoid ""evergreen"" in casual conversation among friends unless you are certain the listener will understand; it can sound pretentious. Also avoid when a simpler synonym suffices.",Academic: The researcher's findings revealed that the evergreen effect was statistically significant across all samples.,Conversational: I told him the evergreen approach just wouldn't work here — we need to rethink this.,GRE: The author's ___ tone contrasted sharply with the ___ underlying message of the passage. (fill in: evergreen)
1490,regular,adjective,not constipated,veritable; fixture; habitue; steady; even; unconstipated,irregular; constipated,"Use ""regular"" (adjective) when you want to convey not constipated. Appropriate in formal writing, GRE sentence-equivalence, and academic contexts where precision matters.","Avoid ""regular"" in casual conversation among friends unless you are certain the listener will understand; it can sound pretentious. Also avoid when a simpler synonym suffices.",Academic: A key consideration in modern discourse is how the regular principle shapes contemporary policy decisions.,"Conversational: Honestly, the regular behavior of the team has been a major source of tension lately.",GRE: Analysts noted that the company's ___ strategy had ___ results in the last quarter. (fill in: regular)
1491,parasitical,adjective,of plants or persons; having the nature or habits of a parasite or leech; living off another,leechlike; parasitic; bloodsucking,,"Use ""parasitical"" (adjective) when you want to convey of plants or persons; having the nature or habits of a parasite or leech; living off another. Appropriate in formal writing, GRE sentence-equivalence, and academic contexts where precision matters.","Avoid ""parasitical"" in casual conversation among friends unless you are certain the listener will understand; it can sound pretentious. Also avoid when a simpler synonym suffices.",Academic: The researcher's findings revealed that the parasitical effect was statistically significant across all samples.,Conversational: I've noticed the parasitical trend in our office culture and it's starting to concern me.,GRE: The author's ___ tone contrasted sharply with the ___ underlying message of the passage. (fill in: parasitical)
1492,blue-gray,adjective,of grey tinged with blue,bluish-grey; blue-grey; bluish-gray,,"Use ""blue-gray"" (adjective) when you want to convey of grey tinged with blue. Appropriate in formal writing, GRE sentence-equivalence, and academic contexts where precision matters.","Avoid ""blue-gray"" in casual conversation among friends unless you are certain the listener will understand; it can sound pretentious. Also avoid when a simpler synonym suffices.",Academic: A key consideration in modern discourse is how the blue-gray principle shapes contemporary policy decisions.,"Conversational: You know, it's pretty clear that the blue-gray situation needs our immediate attention.",GRE: The professor described the ___ as a ___ that ___ the entire field of study. (fill in: blue-gray)
1493,ascertainable,adjective,capable of being ascertained or found out,discoverable,,"Use ""ascertainable"" (adjective) when you want to convey capable of being ascertained or found out. Appropriate in formal writing, GRE sentence-equivalence, and academic contexts where precision matters.","Avoid ""ascertainable"" in casual conversation among friends unless you are certain the listener will understand; it can sound pretentious. Also avoid when a simpler synonym suffices.",Academic: Contemporary scholars debate whether the ascertainable hypothesis adequately explains the observed data.,"Conversational: Look, the ascertainable results speak for themselves — we can't ignore them any longer.",GRE: The author's ___ tone contrasted sharply with the ___ underlying message of the passage. (fill in: ascertainable)
1494,compact,adjective,briefly giving the gist of something,compact car; covenant; concordat; pack; bundle; powder compact,decompress; loose,"Use ""compact"" (adjective) when you want to convey briefly giving the gist of something. Appropriate in formal writing, GRE sentence-equivalence, and academic contexts where precision matters.","Avoid ""compact"" in casual conversation among friends unless you are certain the listener will understand; it can sound pretentious. Also avoid when a simpler synonym suffices.",Academic: Contemporary scholars debate whether the compact hypothesis adequately explains the observed data.,"Conversational: Look, the compact results speak for themselves — we can't ignore them any longer.",GRE: The author's ___ tone contrasted sharply with the ___ underlying message of the passage. (fill in: compact)
1495,strong-minded,adjective,marked by vigorous independence of thought and judgment,strong-willed,,"Use ""strong-minded"" (adjective) when you want to convey marked by vigorous independence of thought and judgment. Appropriate in formal writing, GRE sentence-equivalence, and academic contexts where precision matters.","Avoid ""strong-minded"" in casual conversation among friends unless you are certain the listener will understand; it can sound pretentious. Also avoid when a simpler synonym suffices.",Academic: A key consideration in modern discourse is how the strong-minded principle shapes contemporary policy decisions.,"Conversational: Look, the strong-minded results speak for themselves — we can't ignore them any longer.",GRE: The committee's decision to ___ was met with both praise and criticism from stakeholders. (fill in: strong-minded)
1496,prescribed,adjective,set down as a rule or guide,prescribe; appointed; ordained; order; dictate; decreed,,"Use ""prescribed"" (adjective) when you want to convey set down as a rule or guide. Appropriate in formal writing, GRE sentence-equivalence, and academic contexts where precision matters.","Avoid ""prescribed"" in casual conversation among friends unless you are certain the listener will understand; it can sound pretentious. Also avoid when a simpler synonym suffices.",Academic: Contemporary scholars debate whether the prescribed hypothesis adequately explains the observed data.,"Conversational: You know, it's pretty clear that the prescribed situation needs our immediate attention.",GRE: The committee's decision to ___ was met with both praise and criticism from stakeholders. (fill in: prescribed)
1497,otiose,adjective,disinclined to work or exertion,pointless; wasted; futile; superfluous; unavailing; ineffectual,,"Use ""otiose"" (adjective) when you want to convey disinclined to work or exertion. Appropriate in formal writing, GRE sentence-equivalence, and academic contexts where precision matters.","Avoid ""otiose"" in casual conversation among friends unless you are certain the listener will understand; it can sound pretentious. Also avoid when a simpler synonym suffices.",Academic: The study concluded that the otiose factor played a decisive role in the experimental outcome.,Conversational: I told him the otiose approach just wouldn't work here — we need to rethink this.,GRE: The committee's decision to ___ was met with both praise and criticism from stakeholders. (fill in: otiose)
1498,four-footed,adjective,having four feet,quadrupedal; quadruped,bipedal; biped,"Use ""four-footed"" (adjective) when you want to convey having four feet. Appropriate in formal writing, GRE sentence-equivalence, and academic contexts where precision matters.","Avoid ""four-footed"" in casual conversation among friends unless you are certain the listener will understand; it can sound pretentious. Also avoid when a simpler synonym suffices.","Academic: In the scholarly article, the author argued that the four-footed phenomenon could not be overlooked.",Conversational: I told him the four-footed approach just wouldn't work here — we need to rethink this.,GRE: The professor described the ___ as a ___ that ___ the entire field of study. (fill in: four-footed)
1499,malign,adjective,evil or harmful in nature or influence,malevolent; badmouth; traduce; evil; drag through the mud; malefic,benign,"Use ""malign"" (adjective) when you want to convey evil or harmful in nature or influence. Appropriate in formal writing, GRE sentence-equivalence, and academic contexts where precision matters.","Avoid ""malign"" in casual conversation among friends unless you are certain the listener will understand; it can sound pretentious. Also avoid when a simpler synonym suffices.",Academic: The researcher's findings revealed that the malign effect was statistically significant across all samples.,"Conversational: Honestly, the malign behavior of the team has been a major source of tension lately.",GRE: The professor described the ___ as a ___ that ___ the entire field of study. (fill in: malign)
1500,addled,adjective,confused and vague; used especially of thinking,muddled; puddle; befuddled; woolly-headed; muzzy; muddle,,"Use ""addled"" (adjective) when you want to convey confused and vague; used especially of thinking. Appropriate in formal writing, GRE sentence-equivalence, and academic contexts where precision matters.","Avoid ""addled"" in casual conversation among friends unless you are certain the listener will understand; it can sound pretentious. Also avoid when a simpler synonym suffices.",Academic: The researcher's findings revealed that the addled effect was statistically significant across all samples.,"Conversational: You know, it's pretty clear that the addled situation needs our immediate attention.",GRE: The professor described the ___ as a ___ that ___ the entire field of study. (fill in: addled)
