rank,word,pos,definition,synonyms,antonyms,usage_where,usage_where_not,example_1,example_2,example_3
2701,disentangled,adjective,straightened out,extricate; disentangle; untangle; unsnarl; disencumber; straighten out,entangle; snarl,"Use ""disentangled"" (adjective) when you want to convey straightened out. Appropriate in formal writing, GRE sentence-equivalence, and academic contexts where precision matters.","Avoid ""disentangled"" in casual conversation among friends unless you are certain the listener will understand; it can sound pretentious. Also avoid when a simpler synonym suffices.",Academic: A key consideration in modern discourse is how the disentangled principle shapes contemporary policy decisions.,Conversational: I told him the disentangled approach just wouldn't work here — we need to rethink this.,GRE: The author's ___ tone contrasted sharply with the ___ underlying message of the passage. (fill in: disentangled)
2702,enceinte,adjective,in an advanced stage of pregnancy,heavy; with child; gravid; large; expectant; big,,"Use ""enceinte"" (adjective) when you want to convey in an advanced stage of pregnancy. Appropriate in formal writing, GRE sentence-equivalence, and academic contexts where precision matters.","Avoid ""enceinte"" in casual conversation among friends unless you are certain the listener will understand; it can sound pretentious. Also avoid when a simpler synonym suffices.","Academic: In the scholarly article, the author argued that the enceinte phenomenon could not be overlooked.","Conversational: You know, it's pretty clear that the enceinte situation needs our immediate attention.",GRE: The author's ___ tone contrasted sharply with the ___ underlying message of the passage. (fill in: enceinte)
2703,nonresilient,adjective,not resilient,,,"Use ""nonresilient"" (adjective) when you want to convey not resilient. Appropriate in formal writing, GRE sentence-equivalence, and academic contexts where precision matters.","Avoid ""nonresilient"" in casual conversation among friends unless you are certain the listener will understand; it can sound pretentious. Also avoid when a simpler synonym suffices.",Academic: The study concluded that the nonresilient factor played a decisive role in the experimental outcome.,"Conversational: Look, the nonresilient results speak for themselves — we can't ignore them any longer.","GRE: Despite the ___ nature of the evidence, the researchers remained ___ about their conclusions. (fill in: nonresilient)"
2704,backed,adjective,"having a back or backing, usually of a specified type",plunk for; endorse; plump for; indorse; support; back,backless; advance; front; veer,"Use ""backed"" (adjective) when you want to convey having a back or backing, usually of a specified type. Appropriate in formal writing, GRE sentence-equivalence, and academic contexts where precision matters.","Avoid ""backed"" in casual conversation among friends unless you are certain the listener will understand; it can sound pretentious. Also avoid when a simpler synonym suffices.","Academic: In the scholarly article, the author argued that the backed phenomenon could not be overlooked.",Conversational: I told him the backed approach just wouldn't work here — we need to rethink this.,GRE: Analysts noted that the company's ___ strategy had ___ results in the last quarter. (fill in: backed)
2705,uncoloured,adjective,without color,uncolored,colored,"Use ""uncoloured"" (adjective) when you want to convey without color. Appropriate in formal writing, GRE sentence-equivalence, and academic contexts where precision matters.","Avoid ""uncoloured"" in casual conversation among friends unless you are certain the listener will understand; it can sound pretentious. Also avoid when a simpler synonym suffices.",Academic: The researcher's findings revealed that the uncoloured effect was statistically significant across all samples.,"Conversational: Honestly, the uncoloured behavior of the team has been a major source of tension lately.",GRE: The professor described the ___ as a ___ that ___ the entire field of study. (fill in: uncoloured)
2706,saucer-shaped,adjective,having a concave shape like a saucer,,,"Use ""saucer-shaped"" (adjective) when you want to convey having a concave shape like a saucer. Appropriate in formal writing, GRE sentence-equivalence, and academic contexts where precision matters.","Avoid ""saucer-shaped"" in casual conversation among friends unless you are certain the listener will understand; it can sound pretentious. Also avoid when a simpler synonym suffices.",Academic: The study concluded that the saucer-shaped factor played a decisive role in the experimental outcome.,"Conversational: Look, the saucer-shaped results speak for themselves — we can't ignore them any longer.",GRE: Analysts noted that the company's ___ strategy had ___ results in the last quarter. (fill in: saucer-shaped)
2707,chapfallen,adjective,brought low in spirit,chopfallen; deflated; crestfallen,,"Use ""chapfallen"" (adjective) when you want to convey brought low in spirit. Appropriate in formal writing, GRE sentence-equivalence, and academic contexts where precision matters.","Avoid ""chapfallen"" in casual conversation among friends unless you are certain the listener will understand; it can sound pretentious. Also avoid when a simpler synonym suffices.",Academic: The study concluded that the chapfallen factor played a decisive role in the experimental outcome.,Conversational: I told him the chapfallen approach just wouldn't work here — we need to rethink this.,GRE: The author's ___ tone contrasted sharply with the ___ underlying message of the passage. (fill in: chapfallen)
2708,lower-middle-class,adjective,occupying the lower part of the middle socioeconomic range in a society,,,"Use ""lower-middle-class"" (adjective) when you want to convey occupying the lower part of the middle socioeconomic range in a society. Appropriate in formal writing, GRE sentence-equivalence, and academic contexts where precision matters.","Avoid ""lower-middle-class"" in casual conversation among friends unless you are certain the listener will understand; it can sound pretentious. Also avoid when a simpler synonym suffices.",Academic: The researcher's findings revealed that the lower-middle-class effect was statistically significant across all samples.,"Conversational: Honestly, the lower-middle-class behavior of the team has been a major source of tension lately.",GRE: Analysts noted that the company's ___ strategy had ___ results in the last quarter. (fill in: lower-middle-class)
2709,altered,adjective,changed in form or character without becoming something else; ; ; - Charles Dickens,change; vary; alter; modify; falsify; interpolate,unaltered,"Use ""altered"" (adjective) when you want to convey changed in form or character without becoming something else; ; ; - charles dickens. Appropriate in formal writing, GRE sentence-equivalence, and academic contexts where precision matters.","Avoid ""altered"" in casual conversation among friends unless you are certain the listener will understand; it can sound pretentious. Also avoid when a simpler synonym suffices.",Academic: The study concluded that the altered factor played a decisive role in the experimental outcome.,Conversational: I told him the altered approach just wouldn't work here — we need to rethink this.,"GRE: Despite the ___ nature of the evidence, the researchers remained ___ about their conclusions. (fill in: altered)"
2710,lightproof,adjective,not penetrable by light,light-tight,,"Use ""lightproof"" (adjective) when you want to convey not penetrable by light. Appropriate in formal writing, GRE sentence-equivalence, and academic contexts where precision matters.","Avoid ""lightproof"" in casual conversation among friends unless you are certain the listener will understand; it can sound pretentious. Also avoid when a simpler synonym suffices.",Academic: The researcher's findings revealed that the lightproof effect was statistically significant across all samples.,"Conversational: You know, it's pretty clear that the lightproof situation needs our immediate attention.",GRE: The professor described the ___ as a ___ that ___ the entire field of study. (fill in: lightproof)
2711,incipient,adjective,only partly in existence; imperfectly formed,inchoate,,"Use ""incipient"" (adjective) when you want to convey only partly in existence; imperfectly formed. Appropriate in formal writing, GRE sentence-equivalence, and academic contexts where precision matters.","Avoid ""incipient"" in casual conversation among friends unless you are certain the listener will understand; it can sound pretentious. Also avoid when a simpler synonym suffices.",Academic: A key consideration in modern discourse is how the incipient principle shapes contemporary policy decisions.,Conversational: I told him the incipient approach just wouldn't work here — we need to rethink this.,GRE: The author's ___ tone contrasted sharply with the ___ underlying message of the passage. (fill in: incipient)
2712,lifelike,adjective,free from artificiality,vivid; pictorial; graphic; natural,,"Use ""lifelike"" (adjective) when you want to convey free from artificiality. Appropriate in formal writing, GRE sentence-equivalence, and academic contexts where precision matters.","Avoid ""lifelike"" in casual conversation among friends unless you are certain the listener will understand; it can sound pretentious. Also avoid when a simpler synonym suffices.",Academic: The study concluded that the lifelike factor played a decisive role in the experimental outcome.,Conversational: I told him the lifelike approach just wouldn't work here — we need to rethink this.,GRE: The professor described the ___ as a ___ that ___ the entire field of study. (fill in: lifelike)
2713,hostile,adjective,unsolicited and resisted by the management of the target company ( used of attempts to buy or take control of a business),uncongenial; unfriendly,amicable; friendly,"Use ""hostile"" (adjective) when you want to convey unsolicited and resisted by the management of the target company ( used of attempts to buy or take control of a business). Appropriate in formal writing, GRE sentence-equivalence, and academic contexts where precision matters.","Avoid ""hostile"" in casual conversation among friends unless you are certain the listener will understand; it can sound pretentious. Also avoid when a simpler synonym suffices.",Academic: Contemporary scholars debate whether the hostile hypothesis adequately explains the observed data.,"Conversational: Look, the hostile results speak for themselves — we can't ignore them any longer.",GRE: The committee's decision to ___ was met with both praise and criticism from stakeholders. (fill in: hostile)
2714,virtuous,adjective,in a state of sexual virginity,virgin; virginal; vestal; pure,wicked,"Use ""virtuous"" (adjective) when you want to convey in a state of sexual virginity. Appropriate in formal writing, GRE sentence-equivalence, and academic contexts where precision matters.","Avoid ""virtuous"" in casual conversation among friends unless you are certain the listener will understand; it can sound pretentious. Also avoid when a simpler synonym suffices.","Academic: In the scholarly article, the author argued that the virtuous phenomenon could not be overlooked.","Conversational: Look, the virtuous results speak for themselves — we can't ignore them any longer.",GRE: Analysts noted that the company's ___ strategy had ___ results in the last quarter. (fill in: virtuous)
2715,teasing,adjective,causing irritation or annoyance,bug; pester; beleaguer; ribbing; badger; comb-out,,"Use ""teasing"" (adjective) when you want to convey causing irritation or annoyance. Appropriate in formal writing, GRE sentence-equivalence, and academic contexts where precision matters.","Avoid ""teasing"" in casual conversation among friends unless you are certain the listener will understand; it can sound pretentious. Also avoid when a simpler synonym suffices.",Academic: A key consideration in modern discourse is how the teasing principle shapes contemporary policy decisions.,"Conversational: Look, the teasing results speak for themselves — we can't ignore them any longer.",GRE: Analysts noted that the company's ___ strategy had ___ results in the last quarter. (fill in: teasing)
2716,unsung,adjective,having value that is not acknowledged,unknown; obscure; unappreciated; unvalued,,"Use ""unsung"" (adjective) when you want to convey having value that is not acknowledged. Appropriate in formal writing, GRE sentence-equivalence, and academic contexts where precision matters.","Avoid ""unsung"" in casual conversation among friends unless you are certain the listener will understand; it can sound pretentious. Also avoid when a simpler synonym suffices.",Academic: The study concluded that the unsung factor played a decisive role in the experimental outcome.,"Conversational: Look, the unsung results speak for themselves — we can't ignore them any longer.",GRE: The author's ___ tone contrasted sharply with the ___ underlying message of the passage. (fill in: unsung)
2717,facile,adjective,"expressing yourself readily, clearly, effectively",fluent; smooth-spoken; silver-tongued; silver; eloquent,,"Use ""facile"" (adjective) when you want to convey expressing yourself readily, clearly, effectively. Appropriate in formal writing, GRE sentence-equivalence, and academic contexts where precision matters.","Avoid ""facile"" in casual conversation among friends unless you are certain the listener will understand; it can sound pretentious. Also avoid when a simpler synonym suffices.",Academic: A key consideration in modern discourse is how the facile principle shapes contemporary policy decisions.,"Conversational: You know, it's pretty clear that the facile situation needs our immediate attention.",GRE: The committee's decision to ___ was met with both praise and criticism from stakeholders. (fill in: facile)
2718,exterminable,adjective,capable of being totally destroyed or wiped out,extirpable,,"Use ""exterminable"" (adjective) when you want to convey capable of being totally destroyed or wiped out. Appropriate in formal writing, GRE sentence-equivalence, and academic contexts where precision matters.","Avoid ""exterminable"" in casual conversation among friends unless you are certain the listener will understand; it can sound pretentious. Also avoid when a simpler synonym suffices.",Academic: Contemporary scholars debate whether the exterminable hypothesis adequately explains the observed data.,"Conversational: You know, it's pretty clear that the exterminable situation needs our immediate attention.",GRE: The committee's decision to ___ was met with both praise and criticism from stakeholders. (fill in: exterminable)
2719,sad-faced,adjective,having a face with a sad expression,,,"Use ""sad-faced"" (adjective) when you want to convey having a face with a sad expression. Appropriate in formal writing, GRE sentence-equivalence, and academic contexts where precision matters.","Avoid ""sad-faced"" in casual conversation among friends unless you are certain the listener will understand; it can sound pretentious. Also avoid when a simpler synonym suffices.",Academic: A key consideration in modern discourse is how the sad-faced principle shapes contemporary policy decisions.,Conversational: I told him the sad-faced approach just wouldn't work here — we need to rethink this.,"GRE: Despite the ___ nature of the evidence, the researchers remained ___ about their conclusions. (fill in: sad-faced)"
2720,luxuriant,adjective,produced or growing in extreme abundance,voluptuous; sybaritic; epicurean; voluptuary; luxurious; elaborate,,"Use ""luxuriant"" (adjective) when you want to convey produced or growing in extreme abundance. Appropriate in formal writing, GRE sentence-equivalence, and academic contexts where precision matters.","Avoid ""luxuriant"" in casual conversation among friends unless you are certain the listener will understand; it can sound pretentious. Also avoid when a simpler synonym suffices.",Academic: A key consideration in modern discourse is how the luxuriant principle shapes contemporary policy decisions.,Conversational: I've noticed the luxuriant trend in our office culture and it's starting to concern me.,GRE: The author's ___ tone contrasted sharply with the ___ underlying message of the passage. (fill in: luxuriant)
2721,branching,adjective,resembling the branches of a tree,separate; branch; furcate; ramify; ramification; forking,,"Use ""branching"" (adjective) when you want to convey resembling the branches of a tree. Appropriate in formal writing, GRE sentence-equivalence, and academic contexts where precision matters.","Avoid ""branching"" in casual conversation among friends unless you are certain the listener will understand; it can sound pretentious. Also avoid when a simpler synonym suffices.","Academic: In the scholarly article, the author argued that the branching phenomenon could not be overlooked.","Conversational: You know, it's pretty clear that the branching situation needs our immediate attention.",GRE: The professor described the ___ as a ___ that ___ the entire field of study. (fill in: branching)
2722,vexing,adjective,causing irritation or annoyance,rag; devil; chafe; bother; irritate; nettle,reassure,"Use ""vexing"" (adjective) when you want to convey causing irritation or annoyance. Appropriate in formal writing, GRE sentence-equivalence, and academic contexts where precision matters.","Avoid ""vexing"" in casual conversation among friends unless you are certain the listener will understand; it can sound pretentious. Also avoid when a simpler synonym suffices.",Academic: Contemporary scholars debate whether the vexing hypothesis adequately explains the observed data.,Conversational: I've noticed the vexing trend in our office culture and it's starting to concern me.,"GRE: Despite the ___ nature of the evidence, the researchers remained ___ about their conclusions. (fill in: vexing)"
2723,maladaptive,adjective,showing faulty adaptation,,adaptive,"Use ""maladaptive"" (adjective) when you want to convey showing faulty adaptation. Appropriate in formal writing, GRE sentence-equivalence, and academic contexts where precision matters.","Avoid ""maladaptive"" in casual conversation among friends unless you are certain the listener will understand; it can sound pretentious. Also avoid when a simpler synonym suffices.",Academic: A key consideration in modern discourse is how the maladaptive principle shapes contemporary policy decisions.,"Conversational: Look, the maladaptive results speak for themselves — we can't ignore them any longer.",GRE: The professor described the ___ as a ___ that ___ the entire field of study. (fill in: maladaptive)
2724,stalkless,adjective,attached directly by the base; not having an intervening stalk,sessile,pedunculate,"Use ""stalkless"" (adjective) when you want to convey attached directly by the base; not having an intervening stalk. Appropriate in formal writing, GRE sentence-equivalence, and academic contexts where precision matters.","Avoid ""stalkless"" in casual conversation among friends unless you are certain the listener will understand; it can sound pretentious. Also avoid when a simpler synonym suffices.",Academic: The researcher's findings revealed that the stalkless effect was statistically significant across all samples.,Conversational: I've noticed the stalkless trend in our office culture and it's starting to concern me.,GRE: The committee's decision to ___ was met with both praise and criticism from stakeholders. (fill in: stalkless)
2725,lancinating,adjective,painful as if caused by a sharp instrument,lancinate; cutting; keen; piercing; stabbing; knifelike,,"Use ""lancinating"" (adjective) when you want to convey painful as if caused by a sharp instrument. Appropriate in formal writing, GRE sentence-equivalence, and academic contexts where precision matters.","Avoid ""lancinating"" in casual conversation among friends unless you are certain the listener will understand; it can sound pretentious. Also avoid when a simpler synonym suffices.",Academic: Contemporary scholars debate whether the lancinating hypothesis adequately explains the observed data.,Conversational: I told him the lancinating approach just wouldn't work here — we need to rethink this.,GRE: The professor described the ___ as a ___ that ___ the entire field of study. (fill in: lancinating)
2726,prenominal,adjective,of adjectives; placed before the nouns they modify,attributive,predicative,"Use ""prenominal"" (adjective) when you want to convey of adjectives; placed before the nouns they modify. Appropriate in formal writing, GRE sentence-equivalence, and academic contexts where precision matters.","Avoid ""prenominal"" in casual conversation among friends unless you are certain the listener will understand; it can sound pretentious. Also avoid when a simpler synonym suffices.",Academic: The researcher's findings revealed that the prenominal effect was statistically significant across all samples.,Conversational: I've noticed the prenominal trend in our office culture and it's starting to concern me.,"GRE: Despite the ___ nature of the evidence, the researchers remained ___ about their conclusions. (fill in: prenominal)"
2727,placatory,adjective,intended to pacify by acceding to demands or granting concessions,appeasing; placating; placative,,"Use ""placatory"" (adjective) when you want to convey intended to pacify by acceding to demands or granting concessions. Appropriate in formal writing, GRE sentence-equivalence, and academic contexts where precision matters.","Avoid ""placatory"" in casual conversation among friends unless you are certain the listener will understand; it can sound pretentious. Also avoid when a simpler synonym suffices.",Academic: A key consideration in modern discourse is how the placatory principle shapes contemporary policy decisions.,"Conversational: Look, the placatory results speak for themselves — we can't ignore them any longer.",GRE: Analysts noted that the company's ___ strategy had ___ results in the last quarter. (fill in: placatory)
2728,inducive,adjective,inducing or influencing; leading on; - John Milton,inductive,,"Use ""inducive"" (adjective) when you want to convey inducing or influencing; leading on; - john milton. Appropriate in formal writing, GRE sentence-equivalence, and academic contexts where precision matters.","Avoid ""inducive"" in casual conversation among friends unless you are certain the listener will understand; it can sound pretentious. Also avoid when a simpler synonym suffices.","Academic: In the scholarly article, the author argued that the inducive phenomenon could not be overlooked.","Conversational: Honestly, the inducive behavior of the team has been a major source of tension lately.",GRE: The author's ___ tone contrasted sharply with the ___ underlying message of the passage. (fill in: inducive)
2729,two-faced,adjective,having two faces--one looking to the future and one to the past,Janus-faced; double-tongued; deceitful; duplicitous; ambidextrous; double-faced,,"Use ""two-faced"" (adjective) when you want to convey having two faces--one looking to the future and one to the past. Appropriate in formal writing, GRE sentence-equivalence, and academic contexts where precision matters.","Avoid ""two-faced"" in casual conversation among friends unless you are certain the listener will understand; it can sound pretentious. Also avoid when a simpler synonym suffices.",Academic: The study concluded that the two-faced factor played a decisive role in the experimental outcome.,Conversational: I told him the two-faced approach just wouldn't work here — we need to rethink this.,GRE: The professor described the ___ as a ___ that ___ the entire field of study. (fill in: two-faced)
2730,suntanned,adjective,(of skin) having a tan color from exposure to the sun,tanned; bronzed,,"Use ""suntanned"" (adjective) when you want to convey (of skin) having a tan color from exposure to the sun. Appropriate in formal writing, GRE sentence-equivalence, and academic contexts where precision matters.","Avoid ""suntanned"" in casual conversation among friends unless you are certain the listener will understand; it can sound pretentious. Also avoid when a simpler synonym suffices.","Academic: In the scholarly article, the author argued that the suntanned phenomenon could not be overlooked.","Conversational: Honestly, the suntanned behavior of the team has been a major source of tension lately.",GRE: The committee's decision to ___ was met with both praise and criticism from stakeholders. (fill in: suntanned)
2731,actual,adjective,presently existing in fact and not merely potential or possible,real; existent; factual; literal; genuine,potential,"Use ""actual"" (adjective) when you want to convey presently existing in fact and not merely potential or possible. Appropriate in formal writing, GRE sentence-equivalence, and academic contexts where precision matters.","Avoid ""actual"" in casual conversation among friends unless you are certain the listener will understand; it can sound pretentious. Also avoid when a simpler synonym suffices.",Academic: The researcher's findings revealed that the actual effect was statistically significant across all samples.,"Conversational: Look, the actual results speak for themselves — we can't ignore them any longer.",GRE: The professor described the ___ as a ___ that ___ the entire field of study. (fill in: actual)
2732,exchanged,adjective,changed for (replaced by) something different,commute; interchange; switch over; convert; change; switch,,"Use ""exchanged"" (adjective) when you want to convey changed for (replaced by) something different. Appropriate in formal writing, GRE sentence-equivalence, and academic contexts where precision matters.","Avoid ""exchanged"" in casual conversation among friends unless you are certain the listener will understand; it can sound pretentious. Also avoid when a simpler synonym suffices.",Academic: A key consideration in modern discourse is how the exchanged principle shapes contemporary policy decisions.,"Conversational: Look, the exchanged results speak for themselves — we can't ignore them any longer.",GRE: The professor described the ___ as a ___ that ___ the entire field of study. (fill in: exchanged)
2733,canescent,adjective,of greyish white,hoary,,"Use ""canescent"" (adjective) when you want to convey of greyish white. Appropriate in formal writing, GRE sentence-equivalence, and academic contexts where precision matters.","Avoid ""canescent"" in casual conversation among friends unless you are certain the listener will understand; it can sound pretentious. Also avoid when a simpler synonym suffices.",Academic: A key consideration in modern discourse is how the canescent principle shapes contemporary policy decisions.,Conversational: I've noticed the canescent trend in our office culture and it's starting to concern me.,GRE: The professor described the ___ as a ___ that ___ the entire field of study. (fill in: canescent)
2734,self-contained,adjective,constituting a complete and independent unit in and of itself,self-possessed; poised; self-collected; equanimous; collected,,"Use ""self-contained"" (adjective) when you want to convey constituting a complete and independent unit in and of itself. Appropriate in formal writing, GRE sentence-equivalence, and academic contexts where precision matters.","Avoid ""self-contained"" in casual conversation among friends unless you are certain the listener will understand; it can sound pretentious. Also avoid when a simpler synonym suffices.",Academic: Contemporary scholars debate whether the self-contained hypothesis adequately explains the observed data.,"Conversational: Honestly, the self-contained behavior of the team has been a major source of tension lately.","GRE: Despite the ___ nature of the evidence, the researchers remained ___ about their conclusions. (fill in: self-contained)"
2735,derivative,adjective,resulting from or employing derivation,differential coefficient; first derivative; differential; derived function; derivative instrument,,"Use ""derivative"" (adjective) when you want to convey resulting from or employing derivation. Appropriate in formal writing, GRE sentence-equivalence, and academic contexts where precision matters.","Avoid ""derivative"" in casual conversation among friends unless you are certain the listener will understand; it can sound pretentious. Also avoid when a simpler synonym suffices.",Academic: The researcher's findings revealed that the derivative effect was statistically significant across all samples.,"Conversational: Honestly, the derivative behavior of the team has been a major source of tension lately.","GRE: Despite the ___ nature of the evidence, the researchers remained ___ about their conclusions. (fill in: derivative)"
2736,definitive,adjective,supplying or being a final or conclusive settlement,classical; unequivocal; authoritative; determinate; classic,,"Use ""definitive"" (adjective) when you want to convey supplying or being a final or conclusive settlement. Appropriate in formal writing, GRE sentence-equivalence, and academic contexts where precision matters.","Avoid ""definitive"" in casual conversation among friends unless you are certain the listener will understand; it can sound pretentious. Also avoid when a simpler synonym suffices.",Academic: The researcher's findings revealed that the definitive effect was statistically significant across all samples.,Conversational: I've noticed the definitive trend in our office culture and it's starting to concern me.,"GRE: Despite the ___ nature of the evidence, the researchers remained ___ about their conclusions. (fill in: definitive)"
2737,top-quality,adjective,surpassing in quality,high-grade; top-grade,,"Use ""top-quality"" (adjective) when you want to convey surpassing in quality. Appropriate in formal writing, GRE sentence-equivalence, and academic contexts where precision matters.","Avoid ""top-quality"" in casual conversation among friends unless you are certain the listener will understand; it can sound pretentious. Also avoid when a simpler synonym suffices.","Academic: In the scholarly article, the author argued that the top-quality phenomenon could not be overlooked.",Conversational: I told him the top-quality approach just wouldn't work here — we need to rethink this.,GRE: Analysts noted that the company's ___ strategy had ___ results in the last quarter. (fill in: top-quality)
2738,sandlike,adjective,resembling or containing or abounding in sand; or growing in sandy areas,sandy; arenaceous,argillaceous,"Use ""sandlike"" (adjective) when you want to convey resembling or containing or abounding in sand; or growing in sandy areas. Appropriate in formal writing, GRE sentence-equivalence, and academic contexts where precision matters.","Avoid ""sandlike"" in casual conversation among friends unless you are certain the listener will understand; it can sound pretentious. Also avoid when a simpler synonym suffices.","Academic: In the scholarly article, the author argued that the sandlike phenomenon could not be overlooked.",Conversational: I told him the sandlike approach just wouldn't work here — we need to rethink this.,GRE: Analysts noted that the company's ___ strategy had ___ results in the last quarter. (fill in: sandlike)
2739,crystalline,adjective,consisting of or containing or of the nature of crystals,lucid; limpid; pellucid; crystal clear; transparent,noncrystalline,"Use ""crystalline"" (adjective) when you want to convey consisting of or containing or of the nature of crystals. Appropriate in formal writing, GRE sentence-equivalence, and academic contexts where precision matters.","Avoid ""crystalline"" in casual conversation among friends unless you are certain the listener will understand; it can sound pretentious. Also avoid when a simpler synonym suffices.","Academic: In the scholarly article, the author argued that the crystalline phenomenon could not be overlooked.","Conversational: Look, the crystalline results speak for themselves — we can't ignore them any longer.",GRE: The professor described the ___ as a ___ that ___ the entire field of study. (fill in: crystalline)
2740,cocksure,adjective,marked by excessive confidence,positive; overconfident,,"Use ""cocksure"" (adjective) when you want to convey marked by excessive confidence. Appropriate in formal writing, GRE sentence-equivalence, and academic contexts where precision matters.","Avoid ""cocksure"" in casual conversation among friends unless you are certain the listener will understand; it can sound pretentious. Also avoid when a simpler synonym suffices.",Academic: The researcher's findings revealed that the cocksure effect was statistically significant across all samples.,"Conversational: Look, the cocksure results speak for themselves — we can't ignore them any longer.","GRE: Despite the ___ nature of the evidence, the researchers remained ___ about their conclusions. (fill in: cocksure)"
2741,retrograde,adjective,of amnesia; affecting time immediately preceding trauma,regress; retrogress; retrogressive; rehash; retreat; hash over,progress; direct; anterograde,"Use ""retrograde"" (adjective) when you want to convey of amnesia; affecting time immediately preceding trauma. Appropriate in formal writing, GRE sentence-equivalence, and academic contexts where precision matters.","Avoid ""retrograde"" in casual conversation among friends unless you are certain the listener will understand; it can sound pretentious. Also avoid when a simpler synonym suffices.","Academic: In the scholarly article, the author argued that the retrograde phenomenon could not be overlooked.","Conversational: Look, the retrograde results speak for themselves — we can't ignore them any longer.",GRE: The committee's decision to ___ was met with both praise and criticism from stakeholders. (fill in: retrograde)
2742,incisive,adjective,suitable for cutting or piercing,discriminating; penetrative; acute; penetrating; keen; piercing,,"Use ""incisive"" (adjective) when you want to convey suitable for cutting or piercing. Appropriate in formal writing, GRE sentence-equivalence, and academic contexts where precision matters.","Avoid ""incisive"" in casual conversation among friends unless you are certain the listener will understand; it can sound pretentious. Also avoid when a simpler synonym suffices.",Academic: The study concluded that the incisive factor played a decisive role in the experimental outcome.,"Conversational: Honestly, the incisive behavior of the team has been a major source of tension lately.",GRE: The author's ___ tone contrasted sharply with the ___ underlying message of the passage. (fill in: incisive)
2743,noctilucent,adjective,shining or glowing by night,,,"Use ""noctilucent"" (adjective) when you want to convey shining or glowing by night. Appropriate in formal writing, GRE sentence-equivalence, and academic contexts where precision matters.","Avoid ""noctilucent"" in casual conversation among friends unless you are certain the listener will understand; it can sound pretentious. Also avoid when a simpler synonym suffices.",Academic: The study concluded that the noctilucent factor played a decisive role in the experimental outcome.,"Conversational: Look, the noctilucent results speak for themselves — we can't ignore them any longer.","GRE: Despite the ___ nature of the evidence, the researchers remained ___ about their conclusions. (fill in: noctilucent)"
2744,competitive,adjective,showing a fighting disposition,private-enterprise; competitory; militant; free-enterprise,noncompetitive,"Use ""competitive"" (adjective) when you want to convey showing a fighting disposition. Appropriate in formal writing, GRE sentence-equivalence, and academic contexts where precision matters.","Avoid ""competitive"" in casual conversation among friends unless you are certain the listener will understand; it can sound pretentious. Also avoid when a simpler synonym suffices.","Academic: In the scholarly article, the author argued that the competitive phenomenon could not be overlooked.",Conversational: I told him the competitive approach just wouldn't work here — we need to rethink this.,GRE: The committee's decision to ___ was met with both praise and criticism from stakeholders. (fill in: competitive)
2745,low-pressure,adjective,not forceful,,,"Use ""low-pressure"" (adjective) when you want to convey not forceful. Appropriate in formal writing, GRE sentence-equivalence, and academic contexts where precision matters.","Avoid ""low-pressure"" in casual conversation among friends unless you are certain the listener will understand; it can sound pretentious. Also avoid when a simpler synonym suffices.",Academic: A key consideration in modern discourse is how the low-pressure principle shapes contemporary policy decisions.,"Conversational: You know, it's pretty clear that the low-pressure situation needs our immediate attention.",GRE: Analysts noted that the company's ___ strategy had ___ results in the last quarter. (fill in: low-pressure)
2746,clouded,adjective,unclear in form or expression; ; - H.G.Wells,obscure; haze over; obnubilate; overcast; cloud; fog,clear up,"Use ""clouded"" (adjective) when you want to convey unclear in form or expression; ; - h.g.wells. Appropriate in formal writing, GRE sentence-equivalence, and academic contexts where precision matters.","Avoid ""clouded"" in casual conversation among friends unless you are certain the listener will understand; it can sound pretentious. Also avoid when a simpler synonym suffices.",Academic: A key consideration in modern discourse is how the clouded principle shapes contemporary policy decisions.,Conversational: I told him the clouded approach just wouldn't work here — we need to rethink this.,GRE: Analysts noted that the company's ___ strategy had ___ results in the last quarter. (fill in: clouded)
2747,terror-stricken,adjective,struck or filled with terror,terror-struck,,"Use ""terror-stricken"" (adjective) when you want to convey struck or filled with terror. Appropriate in formal writing, GRE sentence-equivalence, and academic contexts where precision matters.","Avoid ""terror-stricken"" in casual conversation among friends unless you are certain the listener will understand; it can sound pretentious. Also avoid when a simpler synonym suffices.",Academic: Contemporary scholars debate whether the terror-stricken hypothesis adequately explains the observed data.,"Conversational: Honestly, the terror-stricken behavior of the team has been a major source of tension lately.",GRE: The author's ___ tone contrasted sharply with the ___ underlying message of the passage. (fill in: terror-stricken)
2748,lusterless,adjective,lacking brilliance or vitality,lacklustre; lackluster; lustreless,,"Use ""lusterless"" (adjective) when you want to convey lacking brilliance or vitality. Appropriate in formal writing, GRE sentence-equivalence, and academic contexts where precision matters.","Avoid ""lusterless"" in casual conversation among friends unless you are certain the listener will understand; it can sound pretentious. Also avoid when a simpler synonym suffices.",Academic: Contemporary scholars debate whether the lusterless hypothesis adequately explains the observed data.,Conversational: I told him the lusterless approach just wouldn't work here — we need to rethink this.,GRE: The author's ___ tone contrasted sharply with the ___ underlying message of the passage. (fill in: lusterless)
2749,catalectic,adjective,(verse) metrically incomplete; especially lacking one or more syllables in the final metrical foot,,acatalectic; hypercatalectic,"Use ""catalectic"" (adjective) when you want to convey (verse) metrically incomplete; especially lacking one or more syllables in the final metrical foot. Appropriate in formal writing, GRE sentence-equivalence, and academic contexts where precision matters.","Avoid ""catalectic"" in casual conversation among friends unless you are certain the listener will understand; it can sound pretentious. Also avoid when a simpler synonym suffices.","Academic: In the scholarly article, the author argued that the catalectic phenomenon could not be overlooked.",Conversational: I've noticed the catalectic trend in our office culture and it's starting to concern me.,GRE: The author's ___ tone contrasted sharply with the ___ underlying message of the passage. (fill in: catalectic)
2750,emmetropic,adjective,of or relating to the normal condition of the eye in which visual images are in clear focus on the retina,,ametropic,"Use ""emmetropic"" (adjective) when you want to convey of or relating to the normal condition of the eye in which visual images are in clear focus on the retina. Appropriate in formal writing, GRE sentence-equivalence, and academic contexts where precision matters.","Avoid ""emmetropic"" in casual conversation among friends unless you are certain the listener will understand; it can sound pretentious. Also avoid when a simpler synonym suffices.",Academic: The researcher's findings revealed that the emmetropic effect was statistically significant across all samples.,"Conversational: Look, the emmetropic results speak for themselves — we can't ignore them any longer.",GRE: The committee's decision to ___ was met with both praise and criticism from stakeholders. (fill in: emmetropic)
2751,coruscant,adjective,having brief brilliant points or flashes of light,sparkly; glittering; aglitter; fulgid; scintillant; scintillating,,"Use ""coruscant"" (adjective) when you want to convey having brief brilliant points or flashes of light. Appropriate in formal writing, GRE sentence-equivalence, and academic contexts where precision matters.","Avoid ""coruscant"" in casual conversation among friends unless you are certain the listener will understand; it can sound pretentious. Also avoid when a simpler synonym suffices.",Academic: The researcher's findings revealed that the coruscant effect was statistically significant across all samples.,"Conversational: Look, the coruscant results speak for themselves — we can't ignore them any longer.",GRE: The committee's decision to ___ was met with both praise and criticism from stakeholders. (fill in: coruscant)
2752,aplanatic,adjective,free from or corrected for spherical aberration,,,"Use ""aplanatic"" (adjective) when you want to convey free from or corrected for spherical aberration. Appropriate in formal writing, GRE sentence-equivalence, and academic contexts where precision matters.","Avoid ""aplanatic"" in casual conversation among friends unless you are certain the listener will understand; it can sound pretentious. Also avoid when a simpler synonym suffices.",Academic: A key consideration in modern discourse is how the aplanatic principle shapes contemporary policy decisions.,"Conversational: You know, it's pretty clear that the aplanatic situation needs our immediate attention.",GRE: The professor described the ___ as a ___ that ___ the entire field of study. (fill in: aplanatic)
2753,quality,adjective,of high social status,timbre; lineament; tone; timber; calibre; character,,"Use ""quality"" (adjective) when you want to convey of high social status. Appropriate in formal writing, GRE sentence-equivalence, and academic contexts where precision matters.","Avoid ""quality"" in casual conversation among friends unless you are certain the listener will understand; it can sound pretentious. Also avoid when a simpler synonym suffices.","Academic: In the scholarly article, the author argued that the quality phenomenon could not be overlooked.","Conversational: Look, the quality results speak for themselves — we can't ignore them any longer.",GRE: The professor described the ___ as a ___ that ___ the entire field of study. (fill in: quality)
2754,lamplit,adjective,lighted by a lamp,,,"Use ""lamplit"" (adjective) when you want to convey lighted by a lamp. Appropriate in formal writing, GRE sentence-equivalence, and academic contexts where precision matters.","Avoid ""lamplit"" in casual conversation among friends unless you are certain the listener will understand; it can sound pretentious. Also avoid when a simpler synonym suffices.",Academic: Contemporary scholars debate whether the lamplit hypothesis adequately explains the observed data.,"Conversational: You know, it's pretty clear that the lamplit situation needs our immediate attention.",GRE: The professor described the ___ as a ___ that ___ the entire field of study. (fill in: lamplit)
2755,suffusive,adjective,spreading through,,,"Use ""suffusive"" (adjective) when you want to convey spreading through. Appropriate in formal writing, GRE sentence-equivalence, and academic contexts where precision matters.","Avoid ""suffusive"" in casual conversation among friends unless you are certain the listener will understand; it can sound pretentious. Also avoid when a simpler synonym suffices.",Academic: The researcher's findings revealed that the suffusive effect was statistically significant across all samples.,"Conversational: You know, it's pretty clear that the suffusive situation needs our immediate attention.",GRE: The committee's decision to ___ was met with both praise and criticism from stakeholders. (fill in: suffusive)
2756,glamourous,adjective,"having an air of allure, romance and excitement",glamorous,,"Use ""glamourous"" (adjective) when you want to convey having an air of allure, romance and excitement. Appropriate in formal writing, GRE sentence-equivalence, and academic contexts where precision matters.","Avoid ""glamourous"" in casual conversation among friends unless you are certain the listener will understand; it can sound pretentious. Also avoid when a simpler synonym suffices.",Academic: The study concluded that the glamourous factor played a decisive role in the experimental outcome.,"Conversational: Look, the glamourous results speak for themselves — we can't ignore them any longer.","GRE: Despite the ___ nature of the evidence, the researchers remained ___ about their conclusions. (fill in: glamourous)"
2757,annihilated,adjective,destroyed completely,decimate; annihilate; eliminate; carry off; extinguish; eradicate,,"Use ""annihilated"" (adjective) when you want to convey destroyed completely. Appropriate in formal writing, GRE sentence-equivalence, and academic contexts where precision matters.","Avoid ""annihilated"" in casual conversation among friends unless you are certain the listener will understand; it can sound pretentious. Also avoid when a simpler synonym suffices.",Academic: A key consideration in modern discourse is how the annihilated principle shapes contemporary policy decisions.,Conversational: I've noticed the annihilated trend in our office culture and it's starting to concern me.,GRE: The committee's decision to ___ was met with both praise and criticism from stakeholders. (fill in: annihilated)
2758,painful,adjective,causing physical discomfort,sore; unspeakable; atrocious; afflictive; dreadful; terrible,painless,"Use ""painful"" (adjective) when you want to convey causing physical discomfort. Appropriate in formal writing, GRE sentence-equivalence, and academic contexts where precision matters.","Avoid ""painful"" in casual conversation among friends unless you are certain the listener will understand; it can sound pretentious. Also avoid when a simpler synonym suffices.",Academic: A key consideration in modern discourse is how the painful principle shapes contemporary policy decisions.,"Conversational: You know, it's pretty clear that the painful situation needs our immediate attention.",GRE: The author's ___ tone contrasted sharply with the ___ underlying message of the passage. (fill in: painful)
2759,peeled,adjective,(used informally) completely unclothed,peel off; skin; pare; flake off; peel; flake,dress,"Use ""peeled"" (adjective) when you want to convey (used informally) completely unclothed. Appropriate in formal writing, GRE sentence-equivalence, and academic contexts where precision matters.","Avoid ""peeled"" in casual conversation among friends unless you are certain the listener will understand; it can sound pretentious. Also avoid when a simpler synonym suffices.",Academic: The study concluded that the peeled factor played a decisive role in the experimental outcome.,"Conversational: Honestly, the peeled behavior of the team has been a major source of tension lately.",GRE: The author's ___ tone contrasted sharply with the ___ underlying message of the passage. (fill in: peeled)
2760,dissonant,adjective,not in accord,inharmonic; discordant; disharmonious; discrepant; unresolved; at variance,,"Use ""dissonant"" (adjective) when you want to convey not in accord. Appropriate in formal writing, GRE sentence-equivalence, and academic contexts where precision matters.","Avoid ""dissonant"" in casual conversation among friends unless you are certain the listener will understand; it can sound pretentious. Also avoid when a simpler synonym suffices.",Academic: The researcher's findings revealed that the dissonant effect was statistically significant across all samples.,Conversational: I told him the dissonant approach just wouldn't work here — we need to rethink this.,GRE: The committee's decision to ___ was met with both praise and criticism from stakeholders. (fill in: dissonant)
2761,bitchy,adjective,marked by or arising from malice,cattish; catty,,"Use ""bitchy"" (adjective) when you want to convey marked by or arising from malice. Appropriate in formal writing, GRE sentence-equivalence, and academic contexts where precision matters.","Avoid ""bitchy"" in casual conversation among friends unless you are certain the listener will understand; it can sound pretentious. Also avoid when a simpler synonym suffices.",Academic: A key consideration in modern discourse is how the bitchy principle shapes contemporary policy decisions.,"Conversational: Honestly, the bitchy behavior of the team has been a major source of tension lately.",GRE: The committee's decision to ___ was met with both praise and criticism from stakeholders. (fill in: bitchy)
2762,grey-brown,adjective,of brown tinged with grey,gray-brown; greyish-brown; grayish-brown,,"Use ""grey-brown"" (adjective) when you want to convey of brown tinged with grey. Appropriate in formal writing, GRE sentence-equivalence, and academic contexts where precision matters.","Avoid ""grey-brown"" in casual conversation among friends unless you are certain the listener will understand; it can sound pretentious. Also avoid when a simpler synonym suffices.","Academic: In the scholarly article, the author argued that the grey-brown phenomenon could not be overlooked.",Conversational: I've noticed the grey-brown trend in our office culture and it's starting to concern me.,GRE: The author's ___ tone contrasted sharply with the ___ underlying message of the passage. (fill in: grey-brown)
2763,crosshatched,adjective,shaded by means of fine parallel or crossed lines,crosshatch; hatched,,"Use ""crosshatched"" (adjective) when you want to convey shaded by means of fine parallel or crossed lines. Appropriate in formal writing, GRE sentence-equivalence, and academic contexts where precision matters.","Avoid ""crosshatched"" in casual conversation among friends unless you are certain the listener will understand; it can sound pretentious. Also avoid when a simpler synonym suffices.",Academic: The study concluded that the crosshatched factor played a decisive role in the experimental outcome.,"Conversational: You know, it's pretty clear that the crosshatched situation needs our immediate attention.","GRE: Despite the ___ nature of the evidence, the researchers remained ___ about their conclusions. (fill in: crosshatched)"
2764,tricky,adjective,marked by skill in deception,wily; catchy; slippery; slick; sly; crafty,,"Use ""tricky"" (adjective) when you want to convey marked by skill in deception. Appropriate in formal writing, GRE sentence-equivalence, and academic contexts where precision matters.","Avoid ""tricky"" in casual conversation among friends unless you are certain the listener will understand; it can sound pretentious. Also avoid when a simpler synonym suffices.",Academic: A key consideration in modern discourse is how the tricky principle shapes contemporary policy decisions.,Conversational: I told him the tricky approach just wouldn't work here — we need to rethink this.,GRE: Analysts noted that the company's ___ strategy had ___ results in the last quarter. (fill in: tricky)
2765,prerequisite,adjective,required as a prior condition or course of study,requirement,,"Use ""prerequisite"" (adjective) when you want to convey required as a prior condition or course of study. Appropriate in formal writing, GRE sentence-equivalence, and academic contexts where precision matters.","Avoid ""prerequisite"" in casual conversation among friends unless you are certain the listener will understand; it can sound pretentious. Also avoid when a simpler synonym suffices.",Academic: The study concluded that the prerequisite factor played a decisive role in the experimental outcome.,"Conversational: You know, it's pretty clear that the prerequisite situation needs our immediate attention.",GRE: The committee's decision to ___ was met with both praise and criticism from stakeholders. (fill in: prerequisite)
2766,barbarous,adjective,primitive in customs and culture,vicious; brutal; cruel; fell; savage; roughshod,,"Use ""barbarous"" (adjective) when you want to convey primitive in customs and culture. Appropriate in formal writing, GRE sentence-equivalence, and academic contexts where precision matters.","Avoid ""barbarous"" in casual conversation among friends unless you are certain the listener will understand; it can sound pretentious. Also avoid when a simpler synonym suffices.",Academic: The researcher's findings revealed that the barbarous effect was statistically significant across all samples.,Conversational: I told him the barbarous approach just wouldn't work here — we need to rethink this.,"GRE: Despite the ___ nature of the evidence, the researchers remained ___ about their conclusions. (fill in: barbarous)"
2767,perforate,adjective,having a hole cut through,punch; perforated; penetrate; pierced; punctured,,"Use ""perforate"" (adjective) when you want to convey having a hole cut through. Appropriate in formal writing, GRE sentence-equivalence, and academic contexts where precision matters.","Avoid ""perforate"" in casual conversation among friends unless you are certain the listener will understand; it can sound pretentious. Also avoid when a simpler synonym suffices.",Academic: The study concluded that the perforate factor played a decisive role in the experimental outcome.,"Conversational: Honestly, the perforate behavior of the team has been a major source of tension lately.",GRE: Analysts noted that the company's ___ strategy had ___ results in the last quarter. (fill in: perforate)
2768,inconsiderate,adjective,lacking regard for the rights or feelings of others,unconsidered,considerate,"Use ""inconsiderate"" (adjective) when you want to convey lacking regard for the rights or feelings of others. Appropriate in formal writing, GRE sentence-equivalence, and academic contexts where precision matters.","Avoid ""inconsiderate"" in casual conversation among friends unless you are certain the listener will understand; it can sound pretentious. Also avoid when a simpler synonym suffices.","Academic: In the scholarly article, the author argued that the inconsiderate phenomenon could not be overlooked.","Conversational: Honestly, the inconsiderate behavior of the team has been a major source of tension lately.","GRE: Despite the ___ nature of the evidence, the researchers remained ___ about their conclusions. (fill in: inconsiderate)"
2769,appressed,adjective,pressed close to or lying flat against something; ; -L.V.Pirsson,adpressed,,"Use ""appressed"" (adjective) when you want to convey pressed close to or lying flat against something; ; -l.v.pirsson. Appropriate in formal writing, GRE sentence-equivalence, and academic contexts where precision matters.","Avoid ""appressed"" in casual conversation among friends unless you are certain the listener will understand; it can sound pretentious. Also avoid when a simpler synonym suffices.",Academic: The study concluded that the appressed factor played a decisive role in the experimental outcome.,"Conversational: Honestly, the appressed behavior of the team has been a major source of tension lately.",GRE: The author's ___ tone contrasted sharply with the ___ underlying message of the passage. (fill in: appressed)
2770,factious,adjective,dissenting (especially dissenting with the majority opinion),dissentious; divisive,,"Use ""factious"" (adjective) when you want to convey dissenting (especially dissenting with the majority opinion). Appropriate in formal writing, GRE sentence-equivalence, and academic contexts where precision matters.","Avoid ""factious"" in casual conversation among friends unless you are certain the listener will understand; it can sound pretentious. Also avoid when a simpler synonym suffices.",Academic: The researcher's findings revealed that the factious effect was statistically significant across all samples.,"Conversational: Honestly, the factious behavior of the team has been a major source of tension lately.",GRE: The committee's decision to ___ was met with both praise and criticism from stakeholders. (fill in: factious)
2771,assigned,adjective,appointed to a post or duty,portion; delegate; depute; assign; designate; allot,unassigned,"Use ""assigned"" (adjective) when you want to convey appointed to a post or duty. Appropriate in formal writing, GRE sentence-equivalence, and academic contexts where precision matters.","Avoid ""assigned"" in casual conversation among friends unless you are certain the listener will understand; it can sound pretentious. Also avoid when a simpler synonym suffices.",Academic: A key consideration in modern discourse is how the assigned principle shapes contemporary policy decisions.,Conversational: I've noticed the assigned trend in our office culture and it's starting to concern me.,GRE: Analysts noted that the company's ___ strategy had ___ results in the last quarter. (fill in: assigned)
2772,committed,adjective,associated in an exclusive sexual relationship,perpetrate; commit; give; consecrate; dedicate; pull,divest; unattached; uncommitted,"Use ""committed"" (adjective) when you want to convey associated in an exclusive sexual relationship. Appropriate in formal writing, GRE sentence-equivalence, and academic contexts where precision matters.","Avoid ""committed"" in casual conversation among friends unless you are certain the listener will understand; it can sound pretentious. Also avoid when a simpler synonym suffices.",Academic: The study concluded that the committed factor played a decisive role in the experimental outcome.,"Conversational: Look, the committed results speak for themselves — we can't ignore them any longer.","GRE: Despite the ___ nature of the evidence, the researchers remained ___ about their conclusions. (fill in: committed)"
2773,ignorant,adjective,uneducated in general; lacking knowledge or sophistication,unknowledgeable; illiterate; nescient; unlettered; unlearned; unwitting,,"Use ""ignorant"" (adjective) when you want to convey uneducated in general; lacking knowledge or sophistication. Appropriate in formal writing, GRE sentence-equivalence, and academic contexts where precision matters.","Avoid ""ignorant"" in casual conversation among friends unless you are certain the listener will understand; it can sound pretentious. Also avoid when a simpler synonym suffices.",Academic: The study concluded that the ignorant factor played a decisive role in the experimental outcome.,"Conversational: Honestly, the ignorant behavior of the team has been a major source of tension lately.",GRE: The author's ___ tone contrasted sharply with the ___ underlying message of the passage. (fill in: ignorant)
2774,greyish-white,adjective,of white tinged with grey,gray-white; grey-white; grayish-white,,"Use ""greyish-white"" (adjective) when you want to convey of white tinged with grey. Appropriate in formal writing, GRE sentence-equivalence, and academic contexts where precision matters.","Avoid ""greyish-white"" in casual conversation among friends unless you are certain the listener will understand; it can sound pretentious. Also avoid when a simpler synonym suffices.",Academic: Contemporary scholars debate whether the greyish-white hypothesis adequately explains the observed data.,"Conversational: Look, the greyish-white results speak for themselves — we can't ignore them any longer.",GRE: The committee's decision to ___ was met with both praise and criticism from stakeholders. (fill in: greyish-white)
2775,well-read,adjective,highly educated; having extensive information or understanding,learned; well-educated; knowledgeable; lettered; knowing,,"Use ""well-read"" (adjective) when you want to convey highly educated; having extensive information or understanding. Appropriate in formal writing, GRE sentence-equivalence, and academic contexts where precision matters.","Avoid ""well-read"" in casual conversation among friends unless you are certain the listener will understand; it can sound pretentious. Also avoid when a simpler synonym suffices.",Academic: The study concluded that the well-read factor played a decisive role in the experimental outcome.,"Conversational: Honestly, the well-read behavior of the team has been a major source of tension lately.",GRE: The author's ___ tone contrasted sharply with the ___ underlying message of the passage. (fill in: well-read)
2776,dun-coloured,adjective,having a dun color,dun-colored,,"Use ""dun-coloured"" (adjective) when you want to convey having a dun color. Appropriate in formal writing, GRE sentence-equivalence, and academic contexts where precision matters.","Avoid ""dun-coloured"" in casual conversation among friends unless you are certain the listener will understand; it can sound pretentious. Also avoid when a simpler synonym suffices.",Academic: The researcher's findings revealed that the dun-coloured effect was statistically significant across all samples.,"Conversational: Look, the dun-coloured results speak for themselves — we can't ignore them any longer.","GRE: Despite the ___ nature of the evidence, the researchers remained ___ about their conclusions. (fill in: dun-coloured)"
2777,ironical,adjective,characterized by often poignant difference or incongruity between what is expected and what actually is,ironic; dry; wry,,"Use ""ironical"" (adjective) when you want to convey characterized by often poignant difference or incongruity between what is expected and what actually is. Appropriate in formal writing, GRE sentence-equivalence, and academic contexts where precision matters.","Avoid ""ironical"" in casual conversation among friends unless you are certain the listener will understand; it can sound pretentious. Also avoid when a simpler synonym suffices.","Academic: In the scholarly article, the author argued that the ironical phenomenon could not be overlooked.","Conversational: You know, it's pretty clear that the ironical situation needs our immediate attention.",GRE: The author's ___ tone contrasted sharply with the ___ underlying message of the passage. (fill in: ironical)
2778,immaterial,adjective,not consisting of matter,indifferent; extraneous; incorporeal; impertinent; nonmaterial; orthogonal,material; corporeal,"Use ""immaterial"" (adjective) when you want to convey not consisting of matter. Appropriate in formal writing, GRE sentence-equivalence, and academic contexts where precision matters.","Avoid ""immaterial"" in casual conversation among friends unless you are certain the listener will understand; it can sound pretentious. Also avoid when a simpler synonym suffices.",Academic: A key consideration in modern discourse is how the immaterial principle shapes contemporary policy decisions.,"Conversational: Look, the immaterial results speak for themselves — we can't ignore them any longer.",GRE: Analysts noted that the company's ___ strategy had ___ results in the last quarter. (fill in: immaterial)
2779,petrifying,adjective,paralyzing with terror,rigidify; ossify; petrify; lapidify,,"Use ""petrifying"" (adjective) when you want to convey paralyzing with terror. Appropriate in formal writing, GRE sentence-equivalence, and academic contexts where precision matters.","Avoid ""petrifying"" in casual conversation among friends unless you are certain the listener will understand; it can sound pretentious. Also avoid when a simpler synonym suffices.",Academic: The researcher's findings revealed that the petrifying effect was statistically significant across all samples.,"Conversational: Look, the petrifying results speak for themselves — we can't ignore them any longer.",GRE: The author's ___ tone contrasted sharply with the ___ underlying message of the passage. (fill in: petrifying)
2780,receding,adjective,(of a hairline e.g.) moving slowly back,recede; pull back; pull away; withdraw; fadeout; recession,advance; gain,"Use ""receding"" (adjective) when you want to convey (of a hairline e.g.) moving slowly back. Appropriate in formal writing, GRE sentence-equivalence, and academic contexts where precision matters.","Avoid ""receding"" in casual conversation among friends unless you are certain the listener will understand; it can sound pretentious. Also avoid when a simpler synonym suffices.",Academic: Contemporary scholars debate whether the receding hypothesis adequately explains the observed data.,"Conversational: You know, it's pretty clear that the receding situation needs our immediate attention.",GRE: The professor described the ___ as a ___ that ___ the entire field of study. (fill in: receding)
2781,quick-drying,adjective,of a liquid substance that dries quickly,,,"Use ""quick-drying"" (adjective) when you want to convey of a liquid substance that dries quickly. Appropriate in formal writing, GRE sentence-equivalence, and academic contexts where precision matters.","Avoid ""quick-drying"" in casual conversation among friends unless you are certain the listener will understand; it can sound pretentious. Also avoid when a simpler synonym suffices.",Academic: The study concluded that the quick-drying factor played a decisive role in the experimental outcome.,"Conversational: Look, the quick-drying results speak for themselves — we can't ignore them any longer.",GRE: The committee's decision to ___ was met with both praise and criticism from stakeholders. (fill in: quick-drying)
2782,non-miscible,adjective,"(chemistry, physics) incapable of mixing",immiscible; unmixable,miscible,"Use ""non-miscible"" (adjective) when you want to convey (chemistry, physics) incapable of mixing. Appropriate in formal writing, GRE sentence-equivalence, and academic contexts where precision matters.","Avoid ""non-miscible"" in casual conversation among friends unless you are certain the listener will understand; it can sound pretentious. Also avoid when a simpler synonym suffices.",Academic: The study concluded that the non-miscible factor played a decisive role in the experimental outcome.,"Conversational: Honestly, the non-miscible behavior of the team has been a major source of tension lately.",GRE: Analysts noted that the company's ___ strategy had ___ results in the last quarter. (fill in: non-miscible)
2783,uncoordinated,adjective,lacking the skillful and effective interaction of muscle movements,,,"Use ""uncoordinated"" (adjective) when you want to convey lacking the skillful and effective interaction of muscle movements. Appropriate in formal writing, GRE sentence-equivalence, and academic contexts where precision matters.","Avoid ""uncoordinated"" in casual conversation among friends unless you are certain the listener will understand; it can sound pretentious. Also avoid when a simpler synonym suffices.",Academic: The researcher's findings revealed that the uncoordinated effect was statistically significant across all samples.,"Conversational: Honestly, the uncoordinated behavior of the team has been a major source of tension lately.",GRE: Analysts noted that the company's ___ strategy had ___ results in the last quarter. (fill in: uncoordinated)
2784,rust-colored,adjective,having the brown color of rust,,,"Use ""rust-colored"" (adjective) when you want to convey having the brown color of rust. Appropriate in formal writing, GRE sentence-equivalence, and academic contexts where precision matters.","Avoid ""rust-colored"" in casual conversation among friends unless you are certain the listener will understand; it can sound pretentious. Also avoid when a simpler synonym suffices.",Academic: Contemporary scholars debate whether the rust-colored hypothesis adequately explains the observed data.,"Conversational: Look, the rust-colored results speak for themselves — we can't ignore them any longer.",GRE: The professor described the ___ as a ___ that ___ the entire field of study. (fill in: rust-colored)
2785,coarse-haired,adjective,having coarse hair or fur,coarse-furred,,"Use ""coarse-haired"" (adjective) when you want to convey having coarse hair or fur. Appropriate in formal writing, GRE sentence-equivalence, and academic contexts where precision matters.","Avoid ""coarse-haired"" in casual conversation among friends unless you are certain the listener will understand; it can sound pretentious. Also avoid when a simpler synonym suffices.",Academic: Contemporary scholars debate whether the coarse-haired hypothesis adequately explains the observed data.,"Conversational: You know, it's pretty clear that the coarse-haired situation needs our immediate attention.",GRE: The author's ___ tone contrasted sharply with the ___ underlying message of the passage. (fill in: coarse-haired)
2786,authorized,adjective,endowed with authority,empower; clear; authorised; pass; authorise; authorize,unauthorized,"Use ""authorized"" (adjective) when you want to convey endowed with authority. Appropriate in formal writing, GRE sentence-equivalence, and academic contexts where precision matters.","Avoid ""authorized"" in casual conversation among friends unless you are certain the listener will understand; it can sound pretentious. Also avoid when a simpler synonym suffices.","Academic: In the scholarly article, the author argued that the authorized phenomenon could not be overlooked.","Conversational: You know, it's pretty clear that the authorized situation needs our immediate attention.",GRE: The author's ___ tone contrasted sharply with the ___ underlying message of the passage. (fill in: authorized)
2787,olive-brown,adjective,of a brown color with a greenish tinge,,,"Use ""olive-brown"" (adjective) when you want to convey of a brown color with a greenish tinge. Appropriate in formal writing, GRE sentence-equivalence, and academic contexts where precision matters.","Avoid ""olive-brown"" in casual conversation among friends unless you are certain the listener will understand; it can sound pretentious. Also avoid when a simpler synonym suffices.","Academic: In the scholarly article, the author argued that the olive-brown phenomenon could not be overlooked.",Conversational: I've noticed the olive-brown trend in our office culture and it's starting to concern me.,"GRE: Despite the ___ nature of the evidence, the researchers remained ___ about their conclusions. (fill in: olive-brown)"
2788,hindermost,adjective,located farthest to the rear,rearmost; backmost; hindmost,,"Use ""hindermost"" (adjective) when you want to convey located farthest to the rear. Appropriate in formal writing, GRE sentence-equivalence, and academic contexts where precision matters.","Avoid ""hindermost"" in casual conversation among friends unless you are certain the listener will understand; it can sound pretentious. Also avoid when a simpler synonym suffices.",Academic: The study concluded that the hindermost factor played a decisive role in the experimental outcome.,"Conversational: You know, it's pretty clear that the hindermost situation needs our immediate attention.","GRE: Despite the ___ nature of the evidence, the researchers remained ___ about their conclusions. (fill in: hindermost)"
2789,detached,adjective,showing lack of emotional involvement; - J.S.Perelman,isolated; detach; separated; come away; uninvolved; come off,attach; attached,"Use ""detached"" (adjective) when you want to convey showing lack of emotional involvement; - j.s.perelman. Appropriate in formal writing, GRE sentence-equivalence, and academic contexts where precision matters.","Avoid ""detached"" in casual conversation among friends unless you are certain the listener will understand; it can sound pretentious. Also avoid when a simpler synonym suffices.",Academic: Contemporary scholars debate whether the detached hypothesis adequately explains the observed data.,"Conversational: Honestly, the detached behavior of the team has been a major source of tension lately.",GRE: The professor described the ___ as a ___ that ___ the entire field of study. (fill in: detached)
2790,politic,adjective,smoothly agreeable and courteous with a degree of sophistication,bland; suave; smooth,impolitic,"Use ""politic"" (adjective) when you want to convey smoothly agreeable and courteous with a degree of sophistication. Appropriate in formal writing, GRE sentence-equivalence, and academic contexts where precision matters.","Avoid ""politic"" in casual conversation among friends unless you are certain the listener will understand; it can sound pretentious. Also avoid when a simpler synonym suffices.",Academic: A key consideration in modern discourse is how the politic principle shapes contemporary policy decisions.,Conversational: I've noticed the politic trend in our office culture and it's starting to concern me.,GRE: The committee's decision to ___ was met with both praise and criticism from stakeholders. (fill in: politic)
2791,dynamical,adjective,characterized by action or forcefulness or force of personality,dynamic,undynamic,"Use ""dynamical"" (adjective) when you want to convey characterized by action or forcefulness or force of personality. Appropriate in formal writing, GRE sentence-equivalence, and academic contexts where precision matters.","Avoid ""dynamical"" in casual conversation among friends unless you are certain the listener will understand; it can sound pretentious. Also avoid when a simpler synonym suffices.",Academic: Contemporary scholars debate whether the dynamical hypothesis adequately explains the observed data.,"Conversational: You know, it's pretty clear that the dynamical situation needs our immediate attention.",GRE: The committee's decision to ___ was met with both praise and criticism from stakeholders. (fill in: dynamical)
2792,blasted,adjective,expletives used informally as intensifiers,smash; blast; boom; blare; nail; shell,,"Use ""blasted"" (adjective) when you want to convey expletives used informally as intensifiers. Appropriate in formal writing, GRE sentence-equivalence, and academic contexts where precision matters.","Avoid ""blasted"" in casual conversation among friends unless you are certain the listener will understand; it can sound pretentious. Also avoid when a simpler synonym suffices.",Academic: The study concluded that the blasted factor played a decisive role in the experimental outcome.,Conversational: I told him the blasted approach just wouldn't work here — we need to rethink this.,GRE: Analysts noted that the company's ___ strategy had ___ results in the last quarter. (fill in: blasted)
2793,soulful,adjective,full of or expressing deep emotion,,,"Use ""soulful"" (adjective) when you want to convey full of or expressing deep emotion. Appropriate in formal writing, GRE sentence-equivalence, and academic contexts where precision matters.","Avoid ""soulful"" in casual conversation among friends unless you are certain the listener will understand; it can sound pretentious. Also avoid when a simpler synonym suffices.",Academic: The study concluded that the soulful factor played a decisive role in the experimental outcome.,"Conversational: You know, it's pretty clear that the soulful situation needs our immediate attention.",GRE: The committee's decision to ___ was met with both praise and criticism from stakeholders. (fill in: soulful)
2794,kosher,adjective,conforming to dietary laws,cosher,,"Use ""kosher"" (adjective) when you want to convey conforming to dietary laws. Appropriate in formal writing, GRE sentence-equivalence, and academic contexts where precision matters.","Avoid ""kosher"" in casual conversation among friends unless you are certain the listener will understand; it can sound pretentious. Also avoid when a simpler synonym suffices.",Academic: The study concluded that the kosher factor played a decisive role in the experimental outcome.,"Conversational: Honestly, the kosher behavior of the team has been a major source of tension lately.",GRE: The professor described the ___ as a ___ that ___ the entire field of study. (fill in: kosher)
2795,ready-to-eat,adjective,food products that are prepared in advance and can be eaten as sold,,,"Use ""ready-to-eat"" (adjective) when you want to convey food products that are prepared in advance and can be eaten as sold. Appropriate in formal writing, GRE sentence-equivalence, and academic contexts where precision matters.","Avoid ""ready-to-eat"" in casual conversation among friends unless you are certain the listener will understand; it can sound pretentious. Also avoid when a simpler synonym suffices.",Academic: Contemporary scholars debate whether the ready-to-eat hypothesis adequately explains the observed data.,"Conversational: Look, the ready-to-eat results speak for themselves — we can't ignore them any longer.","GRE: Despite the ___ nature of the evidence, the researchers remained ___ about their conclusions. (fill in: ready-to-eat)"
2796,inconstant,adjective,likely to change frequently often without apparent or cogent reason; variable; ; ; - Shakespeare,,constant,"Use ""inconstant"" (adjective) when you want to convey likely to change frequently often without apparent or cogent reason; variable; ; ; - shakespeare. Appropriate in formal writing, GRE sentence-equivalence, and academic contexts where precision matters.","Avoid ""inconstant"" in casual conversation among friends unless you are certain the listener will understand; it can sound pretentious. Also avoid when a simpler synonym suffices.",Academic: Contemporary scholars debate whether the inconstant hypothesis adequately explains the observed data.,"Conversational: Honestly, the inconstant behavior of the team has been a major source of tension lately.",GRE: The professor described the ___ as a ___ that ___ the entire field of study. (fill in: inconstant)
2797,unprocurable,adjective,not capable of being obtained,untouchable; inaccessible; unobtainable,,"Use ""unprocurable"" (adjective) when you want to convey not capable of being obtained. Appropriate in formal writing, GRE sentence-equivalence, and academic contexts where precision matters.","Avoid ""unprocurable"" in casual conversation among friends unless you are certain the listener will understand; it can sound pretentious. Also avoid when a simpler synonym suffices.",Academic: The researcher's findings revealed that the unprocurable effect was statistically significant across all samples.,Conversational: I told him the unprocurable approach just wouldn't work here — we need to rethink this.,GRE: Analysts noted that the company's ___ strategy had ___ results in the last quarter. (fill in: unprocurable)
2798,commonplace,adjective,not challenging; dull and lacking excitement,platitude; prosaic; bromide; unglamorous; humdrum; cliche,,"Use ""commonplace"" (adjective) when you want to convey not challenging; dull and lacking excitement. Appropriate in formal writing, GRE sentence-equivalence, and academic contexts where precision matters.","Avoid ""commonplace"" in casual conversation among friends unless you are certain the listener will understand; it can sound pretentious. Also avoid when a simpler synonym suffices.","Academic: In the scholarly article, the author argued that the commonplace phenomenon could not be overlooked.",Conversational: I've noticed the commonplace trend in our office culture and it's starting to concern me.,GRE: The professor described the ___ as a ___ that ___ the entire field of study. (fill in: commonplace)
2799,groggy,adjective,stunned or confused and slow to react (as from blows or drunkenness or exhaustion),dazed; foggy; stuporous; logy,,"Use ""groggy"" (adjective) when you want to convey stunned or confused and slow to react (as from blows or drunkenness or exhaustion). Appropriate in formal writing, GRE sentence-equivalence, and academic contexts where precision matters.","Avoid ""groggy"" in casual conversation among friends unless you are certain the listener will understand; it can sound pretentious. Also avoid when a simpler synonym suffices.","Academic: In the scholarly article, the author argued that the groggy phenomenon could not be overlooked.","Conversational: Look, the groggy results speak for themselves — we can't ignore them any longer.",GRE: The author's ___ tone contrasted sharply with the ___ underlying message of the passage. (fill in: groggy)
2800,taloned,adjective,(of predatory animals) armed with claws or talons,clawed,,"Use ""taloned"" (adjective) when you want to convey (of predatory animals) armed with claws or talons. Appropriate in formal writing, GRE sentence-equivalence, and academic contexts where precision matters.","Avoid ""taloned"" in casual conversation among friends unless you are certain the listener will understand; it can sound pretentious. Also avoid when a simpler synonym suffices.","Academic: In the scholarly article, the author argued that the taloned phenomenon could not be overlooked.","Conversational: You know, it's pretty clear that the taloned situation needs our immediate attention.","GRE: Despite the ___ nature of the evidence, the researchers remained ___ about their conclusions. (fill in: taloned)"
2801,holophytic,adjective,obtaining nourishment as green plants do,,holozoic,"Use ""holophytic"" (adjective) when you want to convey obtaining nourishment as green plants do. Appropriate in formal writing, GRE sentence-equivalence, and academic contexts where precision matters.","Avoid ""holophytic"" in casual conversation among friends unless you are certain the listener will understand; it can sound pretentious. Also avoid when a simpler synonym suffices.","Academic: In the scholarly article, the author argued that the holophytic phenomenon could not be overlooked.","Conversational: You know, it's pretty clear that the holophytic situation needs our immediate attention.",GRE: Analysts noted that the company's ___ strategy had ___ results in the last quarter. (fill in: holophytic)
2802,working,adjective,actively engaged in paid work,work; do work; act; operate; go; run,idle; malfunction,"Use ""working"" (adjective) when you want to convey actively engaged in paid work. Appropriate in formal writing, GRE sentence-equivalence, and academic contexts where precision matters.","Avoid ""working"" in casual conversation among friends unless you are certain the listener will understand; it can sound pretentious. Also avoid when a simpler synonym suffices.",Academic: The study concluded that the working factor played a decisive role in the experimental outcome.,"Conversational: Look, the working results speak for themselves — we can't ignore them any longer.","GRE: Despite the ___ nature of the evidence, the researchers remained ___ about their conclusions. (fill in: working)"
2803,changeful,adjective,such that alteration is possible; having a marked tendency to change,changeable,unchangeable,"Use ""changeful"" (adjective) when you want to convey such that alteration is possible; having a marked tendency to change. Appropriate in formal writing, GRE sentence-equivalence, and academic contexts where precision matters.","Avoid ""changeful"" in casual conversation among friends unless you are certain the listener will understand; it can sound pretentious. Also avoid when a simpler synonym suffices.",Academic: Contemporary scholars debate whether the changeful hypothesis adequately explains the observed data.,"Conversational: Look, the changeful results speak for themselves — we can't ignore them any longer.",GRE: The professor described the ___ as a ___ that ___ the entire field of study. (fill in: changeful)
2804,property-owning,adjective,owning land or securities as a principal source of revenue,propertied,,"Use ""property-owning"" (adjective) when you want to convey owning land or securities as a principal source of revenue. Appropriate in formal writing, GRE sentence-equivalence, and academic contexts where precision matters.","Avoid ""property-owning"" in casual conversation among friends unless you are certain the listener will understand; it can sound pretentious. Also avoid when a simpler synonym suffices.",Academic: Contemporary scholars debate whether the property-owning hypothesis adequately explains the observed data.,Conversational: I've noticed the property-owning trend in our office culture and it's starting to concern me.,GRE: The professor described the ___ as a ___ that ___ the entire field of study. (fill in: property-owning)
2805,binominal,adjective,"having or characterized by two names, especially those of genus and species in taxonomies",binomial,,"Use ""binominal"" (adjective) when you want to convey having or characterized by two names, especially those of genus and species in taxonomies. Appropriate in formal writing, GRE sentence-equivalence, and academic contexts where precision matters.","Avoid ""binominal"" in casual conversation among friends unless you are certain the listener will understand; it can sound pretentious. Also avoid when a simpler synonym suffices.",Academic: The study concluded that the binominal factor played a decisive role in the experimental outcome.,"Conversational: Honestly, the binominal behavior of the team has been a major source of tension lately.",GRE: The committee's decision to ___ was met with both praise and criticism from stakeholders. (fill in: binominal)
2806,potential,adjective,existing in possibility,potential difference; electric potential; potency; potential drop; potentiality; voltage,actual,"Use ""potential"" (adjective) when you want to convey existing in possibility. Appropriate in formal writing, GRE sentence-equivalence, and academic contexts where precision matters.","Avoid ""potential"" in casual conversation among friends unless you are certain the listener will understand; it can sound pretentious. Also avoid when a simpler synonym suffices.",Academic: The researcher's findings revealed that the potential effect was statistically significant across all samples.,Conversational: I told him the potential approach just wouldn't work here — we need to rethink this.,GRE: The committee's decision to ___ was met with both praise and criticism from stakeholders. (fill in: potential)
2807,off-white,adjective,of something having a color tending toward white,ivory; bone; pearl; whitish,,"Use ""off-white"" (adjective) when you want to convey of something having a color tending toward white. Appropriate in formal writing, GRE sentence-equivalence, and academic contexts where precision matters.","Avoid ""off-white"" in casual conversation among friends unless you are certain the listener will understand; it can sound pretentious. Also avoid when a simpler synonym suffices.",Academic: The researcher's findings revealed that the off-white effect was statistically significant across all samples.,"Conversational: You know, it's pretty clear that the off-white situation needs our immediate attention.",GRE: The committee's decision to ___ was met with both praise and criticism from stakeholders. (fill in: off-white)
2808,wine-red,adjective,of something having the dark red color of red wine,,,"Use ""wine-red"" (adjective) when you want to convey of something having the dark red color of red wine. Appropriate in formal writing, GRE sentence-equivalence, and academic contexts where precision matters.","Avoid ""wine-red"" in casual conversation among friends unless you are certain the listener will understand; it can sound pretentious. Also avoid when a simpler synonym suffices.",Academic: The researcher's findings revealed that the wine-red effect was statistically significant across all samples.,"Conversational: You know, it's pretty clear that the wine-red situation needs our immediate attention.",GRE: Analysts noted that the company's ___ strategy had ___ results in the last quarter. (fill in: wine-red)
2809,non-elective,adjective,filled by appointment rather than by election,nonelective; nonelected,,"Use ""non-elective"" (adjective) when you want to convey filled by appointment rather than by election. Appropriate in formal writing, GRE sentence-equivalence, and academic contexts where precision matters.","Avoid ""non-elective"" in casual conversation among friends unless you are certain the listener will understand; it can sound pretentious. Also avoid when a simpler synonym suffices.",Academic: The study concluded that the non-elective factor played a decisive role in the experimental outcome.,Conversational: I told him the non-elective approach just wouldn't work here — we need to rethink this.,GRE: Analysts noted that the company's ___ strategy had ___ results in the last quarter. (fill in: non-elective)
2810,enhanced,adjective,increased or intensified in value or beauty or quality,raise; enhance; heighten,,"Use ""enhanced"" (adjective) when you want to convey increased or intensified in value or beauty or quality. Appropriate in formal writing, GRE sentence-equivalence, and academic contexts where precision matters.","Avoid ""enhanced"" in casual conversation among friends unless you are certain the listener will understand; it can sound pretentious. Also avoid when a simpler synonym suffices.",Academic: The study concluded that the enhanced factor played a decisive role in the experimental outcome.,Conversational: I've noticed the enhanced trend in our office culture and it's starting to concern me.,GRE: Analysts noted that the company's ___ strategy had ___ results in the last quarter. (fill in: enhanced)
2811,deep-lobed,adjective,having deep bilateral lobes,,,"Use ""deep-lobed"" (adjective) when you want to convey having deep bilateral lobes. Appropriate in formal writing, GRE sentence-equivalence, and academic contexts where precision matters.","Avoid ""deep-lobed"" in casual conversation among friends unless you are certain the listener will understand; it can sound pretentious. Also avoid when a simpler synonym suffices.","Academic: In the scholarly article, the author argued that the deep-lobed phenomenon could not be overlooked.","Conversational: Honestly, the deep-lobed behavior of the team has been a major source of tension lately.","GRE: Despite the ___ nature of the evidence, the researchers remained ___ about their conclusions. (fill in: deep-lobed)"
2812,pillared,adjective,having pillars,,,"Use ""pillared"" (adjective) when you want to convey having pillars. Appropriate in formal writing, GRE sentence-equivalence, and academic contexts where precision matters.","Avoid ""pillared"" in casual conversation among friends unless you are certain the listener will understand; it can sound pretentious. Also avoid when a simpler synonym suffices.",Academic: The researcher's findings revealed that the pillared effect was statistically significant across all samples.,"Conversational: Look, the pillared results speak for themselves — we can't ignore them any longer.","GRE: Despite the ___ nature of the evidence, the researchers remained ___ about their conclusions. (fill in: pillared)"
2813,accusive,adjective,containing or expressing accusation; ; ; - O.Henry,accusing; accusative; accusatory,,"Use ""accusive"" (adjective) when you want to convey containing or expressing accusation; ; ; - o.henry. Appropriate in formal writing, GRE sentence-equivalence, and academic contexts where precision matters.","Avoid ""accusive"" in casual conversation among friends unless you are certain the listener will understand; it can sound pretentious. Also avoid when a simpler synonym suffices.","Academic: In the scholarly article, the author argued that the accusive phenomenon could not be overlooked.","Conversational: You know, it's pretty clear that the accusive situation needs our immediate attention.",GRE: Analysts noted that the company's ___ strategy had ___ results in the last quarter. (fill in: accusive)
2814,bicolored,adjective,having two colors,bicolour; bichrome; dichromatic; bicoloured; bicolor,,"Use ""bicolored"" (adjective) when you want to convey having two colors. Appropriate in formal writing, GRE sentence-equivalence, and academic contexts where precision matters.","Avoid ""bicolored"" in casual conversation among friends unless you are certain the listener will understand; it can sound pretentious. Also avoid when a simpler synonym suffices.",Academic: The researcher's findings revealed that the bicolored effect was statistically significant across all samples.,"Conversational: Look, the bicolored results speak for themselves — we can't ignore them any longer.","GRE: Despite the ___ nature of the evidence, the researchers remained ___ about their conclusions. (fill in: bicolored)"
2815,reckless,adjective,marked by defiant disregard for danger or consequences; ; -Macaulay,rash; heady; foolhardy; heedless,,"Use ""reckless"" (adjective) when you want to convey marked by defiant disregard for danger or consequences; ; -macaulay. Appropriate in formal writing, GRE sentence-equivalence, and academic contexts where precision matters.","Avoid ""reckless"" in casual conversation among friends unless you are certain the listener will understand; it can sound pretentious. Also avoid when a simpler synonym suffices.",Academic: The study concluded that the reckless factor played a decisive role in the experimental outcome.,"Conversational: You know, it's pretty clear that the reckless situation needs our immediate attention.","GRE: Despite the ___ nature of the evidence, the researchers remained ___ about their conclusions. (fill in: reckless)"
2816,ulterior,adjective,coming at a subsequent time or stage,later; subterraneous; subterranean; posterior,,"Use ""ulterior"" (adjective) when you want to convey coming at a subsequent time or stage. Appropriate in formal writing, GRE sentence-equivalence, and academic contexts where precision matters.","Avoid ""ulterior"" in casual conversation among friends unless you are certain the listener will understand; it can sound pretentious. Also avoid when a simpler synonym suffices.",Academic: Contemporary scholars debate whether the ulterior hypothesis adequately explains the observed data.,Conversational: I told him the ulterior approach just wouldn't work here — we need to rethink this.,GRE: Analysts noted that the company's ___ strategy had ___ results in the last quarter. (fill in: ulterior)
2817,disheartening,adjective,destructive of morale and self-reliance,dispiriting; put off; demoralising; dishearten; demoralizing,hearten,"Use ""disheartening"" (adjective) when you want to convey destructive of morale and self-reliance. Appropriate in formal writing, GRE sentence-equivalence, and academic contexts where precision matters.","Avoid ""disheartening"" in casual conversation among friends unless you are certain the listener will understand; it can sound pretentious. Also avoid when a simpler synonym suffices.",Academic: A key consideration in modern discourse is how the disheartening principle shapes contemporary policy decisions.,Conversational: I've noticed the disheartening trend in our office culture and it's starting to concern me.,"GRE: Despite the ___ nature of the evidence, the researchers remained ___ about their conclusions. (fill in: disheartening)"
2818,provisory,adjective,subject to a proviso,,,"Use ""provisory"" (adjective) when you want to convey subject to a proviso. Appropriate in formal writing, GRE sentence-equivalence, and academic contexts where precision matters.","Avoid ""provisory"" in casual conversation among friends unless you are certain the listener will understand; it can sound pretentious. Also avoid when a simpler synonym suffices.","Academic: In the scholarly article, the author argued that the provisory phenomenon could not be overlooked.","Conversational: Honestly, the provisory behavior of the team has been a major source of tension lately.",GRE: The committee's decision to ___ was met with both praise and criticism from stakeholders. (fill in: provisory)
2819,self-propelling,adjective,moved forward by its own force or momentum,automotive; self-propelled,,"Use ""self-propelling"" (adjective) when you want to convey moved forward by its own force or momentum. Appropriate in formal writing, GRE sentence-equivalence, and academic contexts where precision matters.","Avoid ""self-propelling"" in casual conversation among friends unless you are certain the listener will understand; it can sound pretentious. Also avoid when a simpler synonym suffices.","Academic: In the scholarly article, the author argued that the self-propelling phenomenon could not be overlooked.","Conversational: Look, the self-propelling results speak for themselves — we can't ignore them any longer.","GRE: Despite the ___ nature of the evidence, the researchers remained ___ about their conclusions. (fill in: self-propelling)"
2820,incoherent,adjective,without logical or meaningful connection,tongue-tied,coherent,"Use ""incoherent"" (adjective) when you want to convey without logical or meaningful connection. Appropriate in formal writing, GRE sentence-equivalence, and academic contexts where precision matters.","Avoid ""incoherent"" in casual conversation among friends unless you are certain the listener will understand; it can sound pretentious. Also avoid when a simpler synonym suffices.",Academic: The study concluded that the incoherent factor played a decisive role in the experimental outcome.,Conversational: I've noticed the incoherent trend in our office culture and it's starting to concern me.,GRE: The author's ___ tone contrasted sharply with the ___ underlying message of the passage. (fill in: incoherent)
2821,oscitant,adjective,showing lack of attention or boredom,drowsy; yawning,,"Use ""oscitant"" (adjective) when you want to convey showing lack of attention or boredom. Appropriate in formal writing, GRE sentence-equivalence, and academic contexts where precision matters.","Avoid ""oscitant"" in casual conversation among friends unless you are certain the listener will understand; it can sound pretentious. Also avoid when a simpler synonym suffices.",Academic: Contemporary scholars debate whether the oscitant hypothesis adequately explains the observed data.,"Conversational: Honestly, the oscitant behavior of the team has been a major source of tension lately.",GRE: The committee's decision to ___ was met with both praise and criticism from stakeholders. (fill in: oscitant)
2822,unaltered,adjective,remaining in an original state,unchanged,altered,"Use ""unaltered"" (adjective) when you want to convey remaining in an original state. Appropriate in formal writing, GRE sentence-equivalence, and academic contexts where precision matters.","Avoid ""unaltered"" in casual conversation among friends unless you are certain the listener will understand; it can sound pretentious. Also avoid when a simpler synonym suffices.",Academic: The study concluded that the unaltered factor played a decisive role in the experimental outcome.,"Conversational: Look, the unaltered results speak for themselves — we can't ignore them any longer.","GRE: Despite the ___ nature of the evidence, the researchers remained ___ about their conclusions. (fill in: unaltered)"
2823,irregular,adjective,(of a surface or shape); not level or flat or symmetrical,second; insurgent; unpredictable; guerrilla; guerilla; atypical,regular,"Use ""irregular"" (adjective) when you want to convey (of a surface or shape); not level or flat or symmetrical. Appropriate in formal writing, GRE sentence-equivalence, and academic contexts where precision matters.","Avoid ""irregular"" in casual conversation among friends unless you are certain the listener will understand; it can sound pretentious. Also avoid when a simpler synonym suffices.",Academic: Contemporary scholars debate whether the irregular hypothesis adequately explains the observed data.,Conversational: I've noticed the irregular trend in our office culture and it's starting to concern me.,GRE: The author's ___ tone contrasted sharply with the ___ underlying message of the passage. (fill in: irregular)
2824,one-on-one,adjective,being a system of play in which an individual defensive player guards an individual offensive player,man-to-man; person-to-person,,"Use ""one-on-one"" (adjective) when you want to convey being a system of play in which an individual defensive player guards an individual offensive player. Appropriate in formal writing, GRE sentence-equivalence, and academic contexts where precision matters.","Avoid ""one-on-one"" in casual conversation among friends unless you are certain the listener will understand; it can sound pretentious. Also avoid when a simpler synonym suffices.",Academic: The study concluded that the one-on-one factor played a decisive role in the experimental outcome.,Conversational: I told him the one-on-one approach just wouldn't work here — we need to rethink this.,GRE: The committee's decision to ___ was met with both praise and criticism from stakeholders. (fill in: one-on-one)
2825,returning,adjective,tending to be turned back,regress; render; return; revert; retrovert; turn back,,"Use ""returning"" (adjective) when you want to convey tending to be turned back. Appropriate in formal writing, GRE sentence-equivalence, and academic contexts where precision matters.","Avoid ""returning"" in casual conversation among friends unless you are certain the listener will understand; it can sound pretentious. Also avoid when a simpler synonym suffices.",Academic: Contemporary scholars debate whether the returning hypothesis adequately explains the observed data.,"Conversational: You know, it's pretty clear that the returning situation needs our immediate attention.","GRE: Despite the ___ nature of the evidence, the researchers remained ___ about their conclusions. (fill in: returning)"
2826,irrefutable,adjective,impossible to deny or disprove,positive; incontrovertible,,"Use ""irrefutable"" (adjective) when you want to convey impossible to deny or disprove. Appropriate in formal writing, GRE sentence-equivalence, and academic contexts where precision matters.","Avoid ""irrefutable"" in casual conversation among friends unless you are certain the listener will understand; it can sound pretentious. Also avoid when a simpler synonym suffices.",Academic: Contemporary scholars debate whether the irrefutable hypothesis adequately explains the observed data.,"Conversational: Honestly, the irrefutable behavior of the team has been a major source of tension lately.",GRE: The author's ___ tone contrasted sharply with the ___ underlying message of the passage. (fill in: irrefutable)
2827,unencouraging,adjective,not encouraging,,,"Use ""unencouraging"" (adjective) when you want to convey not encouraging. Appropriate in formal writing, GRE sentence-equivalence, and academic contexts where precision matters.","Avoid ""unencouraging"" in casual conversation among friends unless you are certain the listener will understand; it can sound pretentious. Also avoid when a simpler synonym suffices.","Academic: In the scholarly article, the author argued that the unencouraging phenomenon could not be overlooked.","Conversational: Honestly, the unencouraging behavior of the team has been a major source of tension lately.","GRE: Despite the ___ nature of the evidence, the researchers remained ___ about their conclusions. (fill in: unencouraging)"
2828,believable,adjective,capable of being believed,credible,incredible,"Use ""believable"" (adjective) when you want to convey capable of being believed. Appropriate in formal writing, GRE sentence-equivalence, and academic contexts where precision matters.","Avoid ""believable"" in casual conversation among friends unless you are certain the listener will understand; it can sound pretentious. Also avoid when a simpler synonym suffices.",Academic: The study concluded that the believable factor played a decisive role in the experimental outcome.,"Conversational: You know, it's pretty clear that the believable situation needs our immediate attention.","GRE: Despite the ___ nature of the evidence, the researchers remained ___ about their conclusions. (fill in: believable)"
2829,carpetbag,adjective,presumptuously seeking success or a position in a new locality,carpetbagging,,"Use ""carpetbag"" (adjective) when you want to convey presumptuously seeking success or a position in a new locality. Appropriate in formal writing, GRE sentence-equivalence, and academic contexts where precision matters.","Avoid ""carpetbag"" in casual conversation among friends unless you are certain the listener will understand; it can sound pretentious. Also avoid when a simpler synonym suffices.",Academic: Contemporary scholars debate whether the carpetbag hypothesis adequately explains the observed data.,"Conversational: Honestly, the carpetbag behavior of the team has been a major source of tension lately.","GRE: Despite the ___ nature of the evidence, the researchers remained ___ about their conclusions. (fill in: carpetbag)"
2830,back-to-back,adjective,one after the other,consecutive,,"Use ""back-to-back"" (adjective) when you want to convey one after the other. Appropriate in formal writing, GRE sentence-equivalence, and academic contexts where precision matters.","Avoid ""back-to-back"" in casual conversation among friends unless you are certain the listener will understand; it can sound pretentious. Also avoid when a simpler synonym suffices.",Academic: The study concluded that the back-to-back factor played a decisive role in the experimental outcome.,"Conversational: You know, it's pretty clear that the back-to-back situation needs our immediate attention.",GRE: Analysts noted that the company's ___ strategy had ___ results in the last quarter. (fill in: back-to-back)
2831,athirst,adjective,(usually followed by `for') extremely desirous,hungry; thirsty,,"Use ""athirst"" (adjective) when you want to convey (usually followed by `for') extremely desirous. Appropriate in formal writing, GRE sentence-equivalence, and academic contexts where precision matters.","Avoid ""athirst"" in casual conversation among friends unless you are certain the listener will understand; it can sound pretentious. Also avoid when a simpler synonym suffices.",Academic: A key consideration in modern discourse is how the athirst principle shapes contemporary policy decisions.,Conversational: I told him the athirst approach just wouldn't work here — we need to rethink this.,"GRE: Despite the ___ nature of the evidence, the researchers remained ___ about their conclusions. (fill in: athirst)"
2832,blabby,adjective,unwisely talking too much,bigmouthed; talkative; blabbermouthed,,"Use ""blabby"" (adjective) when you want to convey unwisely talking too much. Appropriate in formal writing, GRE sentence-equivalence, and academic contexts where precision matters.","Avoid ""blabby"" in casual conversation among friends unless you are certain the listener will understand; it can sound pretentious. Also avoid when a simpler synonym suffices.",Academic: A key consideration in modern discourse is how the blabby principle shapes contemporary policy decisions.,"Conversational: Look, the blabby results speak for themselves — we can't ignore them any longer.",GRE: Analysts noted that the company's ___ strategy had ___ results in the last quarter. (fill in: blabby)
2833,unspotted,adjective,without soil or spot or stain,unsoiled; unstained,,"Use ""unspotted"" (adjective) when you want to convey without soil or spot or stain. Appropriate in formal writing, GRE sentence-equivalence, and academic contexts where precision matters.","Avoid ""unspotted"" in casual conversation among friends unless you are certain the listener will understand; it can sound pretentious. Also avoid when a simpler synonym suffices.",Academic: Contemporary scholars debate whether the unspotted hypothesis adequately explains the observed data.,Conversational: I told him the unspotted approach just wouldn't work here — we need to rethink this.,GRE: The author's ___ tone contrasted sharply with the ___ underlying message of the passage. (fill in: unspotted)
2834,lukewarm,adjective,feeling or showing little interest or enthusiasm,half-hearted; halfhearted; tepid,,"Use ""lukewarm"" (adjective) when you want to convey feeling or showing little interest or enthusiasm. Appropriate in formal writing, GRE sentence-equivalence, and academic contexts where precision matters.","Avoid ""lukewarm"" in casual conversation among friends unless you are certain the listener will understand; it can sound pretentious. Also avoid when a simpler synonym suffices.",Academic: A key consideration in modern discourse is how the lukewarm principle shapes contemporary policy decisions.,Conversational: I've noticed the lukewarm trend in our office culture and it's starting to concern me.,"GRE: Despite the ___ nature of the evidence, the researchers remained ___ about their conclusions. (fill in: lukewarm)"
2835,derogative,adjective,expressive of low opinion,disparaging; derogatory,,"Use ""derogative"" (adjective) when you want to convey expressive of low opinion. Appropriate in formal writing, GRE sentence-equivalence, and academic contexts where precision matters.","Avoid ""derogative"" in casual conversation among friends unless you are certain the listener will understand; it can sound pretentious. Also avoid when a simpler synonym suffices.",Academic: The researcher's findings revealed that the derogative effect was statistically significant across all samples.,"Conversational: Honestly, the derogative behavior of the team has been a major source of tension lately.","GRE: Despite the ___ nature of the evidence, the researchers remained ___ about their conclusions. (fill in: derogative)"
2836,unalienable,adjective,incapable of being repudiated or transferred to another,inalienable,alienable,"Use ""unalienable"" (adjective) when you want to convey incapable of being repudiated or transferred to another. Appropriate in formal writing, GRE sentence-equivalence, and academic contexts where precision matters.","Avoid ""unalienable"" in casual conversation among friends unless you are certain the listener will understand; it can sound pretentious. Also avoid when a simpler synonym suffices.",Academic: The study concluded that the unalienable factor played a decisive role in the experimental outcome.,"Conversational: Honestly, the unalienable behavior of the team has been a major source of tension lately.","GRE: Despite the ___ nature of the evidence, the researchers remained ___ about their conclusions. (fill in: unalienable)"
2837,mail-cheeked,adjective,having bony plates on the sides of the head,,,"Use ""mail-cheeked"" (adjective) when you want to convey having bony plates on the sides of the head. Appropriate in formal writing, GRE sentence-equivalence, and academic contexts where precision matters.","Avoid ""mail-cheeked"" in casual conversation among friends unless you are certain the listener will understand; it can sound pretentious. Also avoid when a simpler synonym suffices.",Academic: The researcher's findings revealed that the mail-cheeked effect was statistically significant across all samples.,Conversational: I've noticed the mail-cheeked trend in our office culture and it's starting to concern me.,GRE: Analysts noted that the company's ___ strategy had ___ results in the last quarter. (fill in: mail-cheeked)
2838,unnatural,adjective,speaking or behaving in an artificial way to make an impression,affected; abnormal,unaffected; normal; natural,"Use ""unnatural"" (adjective) when you want to convey speaking or behaving in an artificial way to make an impression. Appropriate in formal writing, GRE sentence-equivalence, and academic contexts where precision matters.","Avoid ""unnatural"" in casual conversation among friends unless you are certain the listener will understand; it can sound pretentious. Also avoid when a simpler synonym suffices.",Academic: A key consideration in modern discourse is how the unnatural principle shapes contemporary policy decisions.,"Conversational: You know, it's pretty clear that the unnatural situation needs our immediate attention.","GRE: Despite the ___ nature of the evidence, the researchers remained ___ about their conclusions. (fill in: unnatural)"
2839,slapdash,adjective,marked by great carelessness,slipshod; smack; bolt; sloppy; haphazard; bang,,"Use ""slapdash"" (adjective) when you want to convey marked by great carelessness. Appropriate in formal writing, GRE sentence-equivalence, and academic contexts where precision matters.","Avoid ""slapdash"" in casual conversation among friends unless you are certain the listener will understand; it can sound pretentious. Also avoid when a simpler synonym suffices.",Academic: The researcher's findings revealed that the slapdash effect was statistically significant across all samples.,Conversational: I told him the slapdash approach just wouldn't work here — we need to rethink this.,GRE: Analysts noted that the company's ___ strategy had ___ results in the last quarter. (fill in: slapdash)
2840,intermeshed,adjective,caught as if in a mesh,enmeshed; engaged; meshed,,"Use ""intermeshed"" (adjective) when you want to convey caught as if in a mesh. Appropriate in formal writing, GRE sentence-equivalence, and academic contexts where precision matters.","Avoid ""intermeshed"" in casual conversation among friends unless you are certain the listener will understand; it can sound pretentious. Also avoid when a simpler synonym suffices.",Academic: The researcher's findings revealed that the intermeshed effect was statistically significant across all samples.,Conversational: I've noticed the intermeshed trend in our office culture and it's starting to concern me.,"GRE: Despite the ___ nature of the evidence, the researchers remained ___ about their conclusions. (fill in: intermeshed)"
2841,skeptical,adjective,denying or questioning the tenets of especially a religion,sceptical; disbelieving; questioning; doubting; unbelieving,,"Use ""skeptical"" (adjective) when you want to convey denying or questioning the tenets of especially a religion. Appropriate in formal writing, GRE sentence-equivalence, and academic contexts where precision matters.","Avoid ""skeptical"" in casual conversation among friends unless you are certain the listener will understand; it can sound pretentious. Also avoid when a simpler synonym suffices.","Academic: In the scholarly article, the author argued that the skeptical phenomenon could not be overlooked.","Conversational: Look, the skeptical results speak for themselves — we can't ignore them any longer.","GRE: Despite the ___ nature of the evidence, the researchers remained ___ about their conclusions. (fill in: skeptical)"
2842,voracious,adjective,devouring or craving food in great quantities,rapacious; esurient; wolfish; ravenous; ravening; edacious,,"Use ""voracious"" (adjective) when you want to convey devouring or craving food in great quantities. Appropriate in formal writing, GRE sentence-equivalence, and academic contexts where precision matters.","Avoid ""voracious"" in casual conversation among friends unless you are certain the listener will understand; it can sound pretentious. Also avoid when a simpler synonym suffices.",Academic: A key consideration in modern discourse is how the voracious principle shapes contemporary policy decisions.,Conversational: I told him the voracious approach just wouldn't work here — we need to rethink this.,GRE: Analysts noted that the company's ___ strategy had ___ results in the last quarter. (fill in: voracious)
2843,anticipated,adjective,expected hopefully,previse; foreknow; anticipate; foresee; forestall; counter,,"Use ""anticipated"" (adjective) when you want to convey expected hopefully. Appropriate in formal writing, GRE sentence-equivalence, and academic contexts where precision matters.","Avoid ""anticipated"" in casual conversation among friends unless you are certain the listener will understand; it can sound pretentious. Also avoid when a simpler synonym suffices.",Academic: Contemporary scholars debate whether the anticipated hypothesis adequately explains the observed data.,"Conversational: You know, it's pretty clear that the anticipated situation needs our immediate attention.",GRE: The committee's decision to ___ was met with both praise and criticism from stakeholders. (fill in: anticipated)
2844,unkindled,adjective,not set afire,,,"Use ""unkindled"" (adjective) when you want to convey not set afire. Appropriate in formal writing, GRE sentence-equivalence, and academic contexts where precision matters.","Avoid ""unkindled"" in casual conversation among friends unless you are certain the listener will understand; it can sound pretentious. Also avoid when a simpler synonym suffices.",Academic: A key consideration in modern discourse is how the unkindled principle shapes contemporary policy decisions.,"Conversational: Honestly, the unkindled behavior of the team has been a major source of tension lately.",GRE: The professor described the ___ as a ___ that ___ the entire field of study. (fill in: unkindled)
2845,euphonous,adjective,having a pleasant sound,euphonious,cacophonous,"Use ""euphonous"" (adjective) when you want to convey having a pleasant sound. Appropriate in formal writing, GRE sentence-equivalence, and academic contexts where precision matters.","Avoid ""euphonous"" in casual conversation among friends unless you are certain the listener will understand; it can sound pretentious. Also avoid when a simpler synonym suffices.",Academic: The researcher's findings revealed that the euphonous effect was statistically significant across all samples.,Conversational: I told him the euphonous approach just wouldn't work here — we need to rethink this.,GRE: The author's ___ tone contrasted sharply with the ___ underlying message of the passage. (fill in: euphonous)
2846,technical,adjective,resulting from or dependent on market factors rather than fundamental economic considerations,expert; technical foul; proficient; technological,nontechnical,"Use ""technical"" (adjective) when you want to convey resulting from or dependent on market factors rather than fundamental economic considerations. Appropriate in formal writing, GRE sentence-equivalence, and academic contexts where precision matters.","Avoid ""technical"" in casual conversation among friends unless you are certain the listener will understand; it can sound pretentious. Also avoid when a simpler synonym suffices.","Academic: In the scholarly article, the author argued that the technical phenomenon could not be overlooked.","Conversational: You know, it's pretty clear that the technical situation needs our immediate attention.",GRE: The professor described the ___ as a ___ that ___ the entire field of study. (fill in: technical)
2847,overcritical,adjective,inclined to judge too severely,hypercritical,,"Use ""overcritical"" (adjective) when you want to convey inclined to judge too severely. Appropriate in formal writing, GRE sentence-equivalence, and academic contexts where precision matters.","Avoid ""overcritical"" in casual conversation among friends unless you are certain the listener will understand; it can sound pretentious. Also avoid when a simpler synonym suffices.",Academic: The study concluded that the overcritical factor played a decisive role in the experimental outcome.,"Conversational: You know, it's pretty clear that the overcritical situation needs our immediate attention.",GRE: The author's ___ tone contrasted sharply with the ___ underlying message of the passage. (fill in: overcritical)
2848,publishable,adjective,suitable for publication,,unpublishable,"Use ""publishable"" (adjective) when you want to convey suitable for publication. Appropriate in formal writing, GRE sentence-equivalence, and academic contexts where precision matters.","Avoid ""publishable"" in casual conversation among friends unless you are certain the listener will understand; it can sound pretentious. Also avoid when a simpler synonym suffices.",Academic: The researcher's findings revealed that the publishable effect was statistically significant across all samples.,"Conversational: You know, it's pretty clear that the publishable situation needs our immediate attention.",GRE: The author's ___ tone contrasted sharply with the ___ underlying message of the passage. (fill in: publishable)
2849,northeastern,adjective,of a region of the United States generally including the New England states; New York; and sometimes New Jersey and Pennsylvania,northeast; northeasterly,,"Use ""northeastern"" (adjective) when you want to convey of a region of the united states generally including the new england states; new york; and sometimes new jersey and pennsylvania. Appropriate in formal writing, GRE sentence-equivalence, and academic contexts where precision matters.","Avoid ""northeastern"" in casual conversation among friends unless you are certain the listener will understand; it can sound pretentious. Also avoid when a simpler synonym suffices.",Academic: The researcher's findings revealed that the northeastern effect was statistically significant across all samples.,"Conversational: Look, the northeastern results speak for themselves — we can't ignore them any longer.",GRE: The professor described the ___ as a ___ that ___ the entire field of study. (fill in: northeastern)
2850,exogamic,adjective,pertaining to or characterized by the custom of marrying only outside the limits of a clan or tribe,exogamous,autogamous; endogamous,"Use ""exogamic"" (adjective) when you want to convey pertaining to or characterized by the custom of marrying only outside the limits of a clan or tribe. Appropriate in formal writing, GRE sentence-equivalence, and academic contexts where precision matters.","Avoid ""exogamic"" in casual conversation among friends unless you are certain the listener will understand; it can sound pretentious. Also avoid when a simpler synonym suffices.",Academic: A key consideration in modern discourse is how the exogamic principle shapes contemporary policy decisions.,"Conversational: Honestly, the exogamic behavior of the team has been a major source of tension lately.",GRE: The committee's decision to ___ was met with both praise and criticism from stakeholders. (fill in: exogamic)
2851,far-off,adjective,very far away in space or time,faraway,,"Use ""far-off"" (adjective) when you want to convey very far away in space or time. Appropriate in formal writing, GRE sentence-equivalence, and academic contexts where precision matters.","Avoid ""far-off"" in casual conversation among friends unless you are certain the listener will understand; it can sound pretentious. Also avoid when a simpler synonym suffices.",Academic: Contemporary scholars debate whether the far-off hypothesis adequately explains the observed data.,"Conversational: Honestly, the far-off behavior of the team has been a major source of tension lately.",GRE: Analysts noted that the company's ___ strategy had ___ results in the last quarter. (fill in: far-off)
2852,dateable,adjective,that can be given a date; - C.W.Shumaker,datable,undatable,"Use ""dateable"" (adjective) when you want to convey that can be given a date; - c.w.shumaker. Appropriate in formal writing, GRE sentence-equivalence, and academic contexts where precision matters.","Avoid ""dateable"" in casual conversation among friends unless you are certain the listener will understand; it can sound pretentious. Also avoid when a simpler synonym suffices.",Academic: Contemporary scholars debate whether the dateable hypothesis adequately explains the observed data.,Conversational: I've noticed the dateable trend in our office culture and it's starting to concern me.,GRE: The committee's decision to ___ was met with both praise and criticism from stakeholders. (fill in: dateable)
2853,strung-out,adjective,addicted to a drug,hooked; drug-addicted; dependent; dependant,,"Use ""strung-out"" (adjective) when you want to convey addicted to a drug. Appropriate in formal writing, GRE sentence-equivalence, and academic contexts where precision matters.","Avoid ""strung-out"" in casual conversation among friends unless you are certain the listener will understand; it can sound pretentious. Also avoid when a simpler synonym suffices.","Academic: In the scholarly article, the author argued that the strung-out phenomenon could not be overlooked.","Conversational: Look, the strung-out results speak for themselves — we can't ignore them any longer.","GRE: Despite the ___ nature of the evidence, the researchers remained ___ about their conclusions. (fill in: strung-out)"
2854,postpartum,adjective,occurring immediately after birth,postnatal,prenatal; perinatal,"Use ""postpartum"" (adjective) when you want to convey occurring immediately after birth. Appropriate in formal writing, GRE sentence-equivalence, and academic contexts where precision matters.","Avoid ""postpartum"" in casual conversation among friends unless you are certain the listener will understand; it can sound pretentious. Also avoid when a simpler synonym suffices.","Academic: In the scholarly article, the author argued that the postpartum phenomenon could not be overlooked.","Conversational: You know, it's pretty clear that the postpartum situation needs our immediate attention.",GRE: The author's ___ tone contrasted sharply with the ___ underlying message of the passage. (fill in: postpartum)
2855,opportunist,adjective,"taking immediate advantage, often unethically, of any circumstance of possible benefit",opportunistic; timeserving; self-seeker,,"Use ""opportunist"" (adjective) when you want to convey taking immediate advantage, often unethically, of any circumstance of possible benefit. Appropriate in formal writing, GRE sentence-equivalence, and academic contexts where precision matters.","Avoid ""opportunist"" in casual conversation among friends unless you are certain the listener will understand; it can sound pretentious. Also avoid when a simpler synonym suffices.",Academic: Contemporary scholars debate whether the opportunist hypothesis adequately explains the observed data.,"Conversational: You know, it's pretty clear that the opportunist situation needs our immediate attention.",GRE: The author's ___ tone contrasted sharply with the ___ underlying message of the passage. (fill in: opportunist)
2856,anurous,adjective,not having a tail,tailless,,"Use ""anurous"" (adjective) when you want to convey not having a tail. Appropriate in formal writing, GRE sentence-equivalence, and academic contexts where precision matters.","Avoid ""anurous"" in casual conversation among friends unless you are certain the listener will understand; it can sound pretentious. Also avoid when a simpler synonym suffices.","Academic: In the scholarly article, the author argued that the anurous phenomenon could not be overlooked.",Conversational: I've noticed the anurous trend in our office culture and it's starting to concern me.,GRE: The committee's decision to ___ was met with both praise and criticism from stakeholders. (fill in: anurous)
2857,constitutional,adjective,sanctioned by or consistent with or operating under the law determining the fundamental political principles of a government,constitutive; integral; organic; built-in; inbuilt; inherent,unconstitutional,"Use ""constitutional"" (adjective) when you want to convey sanctioned by or consistent with or operating under the law determining the fundamental political principles of a government. Appropriate in formal writing, GRE sentence-equivalence, and academic contexts where precision matters.","Avoid ""constitutional"" in casual conversation among friends unless you are certain the listener will understand; it can sound pretentious. Also avoid when a simpler synonym suffices.",Academic: The researcher's findings revealed that the constitutional effect was statistically significant across all samples.,"Conversational: You know, it's pretty clear that the constitutional situation needs our immediate attention.",GRE: Analysts noted that the company's ___ strategy had ___ results in the last quarter. (fill in: constitutional)
2858,onshore,adjective,on the edge of the land,inshore; seaward; shoreward,offshore,"Use ""onshore"" (adjective) when you want to convey on the edge of the land. Appropriate in formal writing, GRE sentence-equivalence, and academic contexts where precision matters.","Avoid ""onshore"" in casual conversation among friends unless you are certain the listener will understand; it can sound pretentious. Also avoid when a simpler synonym suffices.",Academic: A key consideration in modern discourse is how the onshore principle shapes contemporary policy decisions.,Conversational: I told him the onshore approach just wouldn't work here — we need to rethink this.,GRE: The professor described the ___ as a ___ that ___ the entire field of study. (fill in: onshore)
2859,unnamed,adjective,being or having an unknown or unnamed source,unknown; unidentified; nameless,,"Use ""unnamed"" (adjective) when you want to convey being or having an unknown or unnamed source. Appropriate in formal writing, GRE sentence-equivalence, and academic contexts where precision matters.","Avoid ""unnamed"" in casual conversation among friends unless you are certain the listener will understand; it can sound pretentious. Also avoid when a simpler synonym suffices.",Academic: The study concluded that the unnamed factor played a decisive role in the experimental outcome.,Conversational: I've noticed the unnamed trend in our office culture and it's starting to concern me.,"GRE: Despite the ___ nature of the evidence, the researchers remained ___ about their conclusions. (fill in: unnamed)"
2860,hypnoid,adjective,of or relating to a state of sleep or hypnosis,,,"Use ""hypnoid"" (adjective) when you want to convey of or relating to a state of sleep or hypnosis. Appropriate in formal writing, GRE sentence-equivalence, and academic contexts where precision matters.","Avoid ""hypnoid"" in casual conversation among friends unless you are certain the listener will understand; it can sound pretentious. Also avoid when a simpler synonym suffices.","Academic: In the scholarly article, the author argued that the hypnoid phenomenon could not be overlooked.",Conversational: I told him the hypnoid approach just wouldn't work here — we need to rethink this.,GRE: The professor described the ___ as a ___ that ___ the entire field of study. (fill in: hypnoid)
2861,hard-of-hearing,adjective,having a hearing loss,hearing-impaired,,"Use ""hard-of-hearing"" (adjective) when you want to convey having a hearing loss. Appropriate in formal writing, GRE sentence-equivalence, and academic contexts where precision matters.","Avoid ""hard-of-hearing"" in casual conversation among friends unless you are certain the listener will understand; it can sound pretentious. Also avoid when a simpler synonym suffices.",Academic: A key consideration in modern discourse is how the hard-of-hearing principle shapes contemporary policy decisions.,Conversational: I told him the hard-of-hearing approach just wouldn't work here — we need to rethink this.,GRE: The committee's decision to ___ was met with both praise and criticism from stakeholders. (fill in: hard-of-hearing)
2862,theatrical,adjective,suited to or characteristic of the stage or theater,histrionics; theatrical performance; representation,untheatrical,"Use ""theatrical"" (adjective) when you want to convey suited to or characteristic of the stage or theater. Appropriate in formal writing, GRE sentence-equivalence, and academic contexts where precision matters.","Avoid ""theatrical"" in casual conversation among friends unless you are certain the listener will understand; it can sound pretentious. Also avoid when a simpler synonym suffices.",Academic: The researcher's findings revealed that the theatrical effect was statistically significant across all samples.,"Conversational: Look, the theatrical results speak for themselves — we can't ignore them any longer.","GRE: Despite the ___ nature of the evidence, the researchers remained ___ about their conclusions. (fill in: theatrical)"
2863,somber,adjective,grave or even gloomy in character,sober; sombre; melancholy; drab,,"Use ""somber"" (adjective) when you want to convey grave or even gloomy in character. Appropriate in formal writing, GRE sentence-equivalence, and academic contexts where precision matters.","Avoid ""somber"" in casual conversation among friends unless you are certain the listener will understand; it can sound pretentious. Also avoid when a simpler synonym suffices.","Academic: In the scholarly article, the author argued that the somber phenomenon could not be overlooked.",Conversational: I told him the somber approach just wouldn't work here — we need to rethink this.,"GRE: Despite the ___ nature of the evidence, the researchers remained ___ about their conclusions. (fill in: somber)"
2864,unbrainwashed,adjective,not successfully subjected to brainwashing,,brainwashed,"Use ""unbrainwashed"" (adjective) when you want to convey not successfully subjected to brainwashing. Appropriate in formal writing, GRE sentence-equivalence, and academic contexts where precision matters.","Avoid ""unbrainwashed"" in casual conversation among friends unless you are certain the listener will understand; it can sound pretentious. Also avoid when a simpler synonym suffices.",Academic: A key consideration in modern discourse is how the unbrainwashed principle shapes contemporary policy decisions.,"Conversational: Honestly, the unbrainwashed behavior of the team has been a major source of tension lately.",GRE: The author's ___ tone contrasted sharply with the ___ underlying message of the passage. (fill in: unbrainwashed)
2865,indefinite,adjective,vague or not clearly defined or stated,,definite,"Use ""indefinite"" (adjective) when you want to convey vague or not clearly defined or stated. Appropriate in formal writing, GRE sentence-equivalence, and academic contexts where precision matters.","Avoid ""indefinite"" in casual conversation among friends unless you are certain the listener will understand; it can sound pretentious. Also avoid when a simpler synonym suffices.",Academic: The researcher's findings revealed that the indefinite effect was statistically significant across all samples.,"Conversational: You know, it's pretty clear that the indefinite situation needs our immediate attention.",GRE: The professor described the ___ as a ___ that ___ the entire field of study. (fill in: indefinite)
2866,obscene,adjective,suggestive of or tending to moral looseness,salacious; repugnant; detestable; abhorrent; raunchy; lewd,,"Use ""obscene"" (adjective) when you want to convey suggestive of or tending to moral looseness. Appropriate in formal writing, GRE sentence-equivalence, and academic contexts where precision matters.","Avoid ""obscene"" in casual conversation among friends unless you are certain the listener will understand; it can sound pretentious. Also avoid when a simpler synonym suffices.",Academic: A key consideration in modern discourse is how the obscene principle shapes contemporary policy decisions.,"Conversational: Look, the obscene results speak for themselves — we can't ignore them any longer.",GRE: The professor described the ___ as a ___ that ___ the entire field of study. (fill in: obscene)
2867,trying,adjective,extremely irritating to the nerves,test; examine; essay; prove; try; try out,,"Use ""trying"" (adjective) when you want to convey extremely irritating to the nerves. Appropriate in formal writing, GRE sentence-equivalence, and academic contexts where precision matters.","Avoid ""trying"" in casual conversation among friends unless you are certain the listener will understand; it can sound pretentious. Also avoid when a simpler synonym suffices.",Academic: The researcher's findings revealed that the trying effect was statistically significant across all samples.,Conversational: I told him the trying approach just wouldn't work here — we need to rethink this.,GRE: The author's ___ tone contrasted sharply with the ___ underlying message of the passage. (fill in: trying)
2868,lipophilic,adjective,having an affinity for lipids,lipotropic,,"Use ""lipophilic"" (adjective) when you want to convey having an affinity for lipids. Appropriate in formal writing, GRE sentence-equivalence, and academic contexts where precision matters.","Avoid ""lipophilic"" in casual conversation among friends unless you are certain the listener will understand; it can sound pretentious. Also avoid when a simpler synonym suffices.",Academic: The study concluded that the lipophilic factor played a decisive role in the experimental outcome.,Conversational: I told him the lipophilic approach just wouldn't work here — we need to rethink this.,GRE: Analysts noted that the company's ___ strategy had ___ results in the last quarter. (fill in: lipophilic)
2869,cauline,adjective,(of plants) producing a well-developed stem above ground,stemmed; caulescent,radical; acaulescent,"Use ""cauline"" (adjective) when you want to convey (of plants) producing a well-developed stem above ground. Appropriate in formal writing, GRE sentence-equivalence, and academic contexts where precision matters.","Avoid ""cauline"" in casual conversation among friends unless you are certain the listener will understand; it can sound pretentious. Also avoid when a simpler synonym suffices.",Academic: The study concluded that the cauline factor played a decisive role in the experimental outcome.,"Conversational: Look, the cauline results speak for themselves — we can't ignore them any longer.","GRE: Despite the ___ nature of the evidence, the researchers remained ___ about their conclusions. (fill in: cauline)"
2870,orgiastic,adjective,used of riotously drunken merrymaking,bacchanal; carousing; bacchic; bacchanalian,,"Use ""orgiastic"" (adjective) when you want to convey used of riotously drunken merrymaking. Appropriate in formal writing, GRE sentence-equivalence, and academic contexts where precision matters.","Avoid ""orgiastic"" in casual conversation among friends unless you are certain the listener will understand; it can sound pretentious. Also avoid when a simpler synonym suffices.",Academic: The study concluded that the orgiastic factor played a decisive role in the experimental outcome.,Conversational: I've noticed the orgiastic trend in our office culture and it's starting to concern me.,GRE: The professor described the ___ as a ___ that ___ the entire field of study. (fill in: orgiastic)
2871,purple-brown,adjective,of brown tinged with purple,purplish-brown,,"Use ""purple-brown"" (adjective) when you want to convey of brown tinged with purple. Appropriate in formal writing, GRE sentence-equivalence, and academic contexts where precision matters.","Avoid ""purple-brown"" in casual conversation among friends unless you are certain the listener will understand; it can sound pretentious. Also avoid when a simpler synonym suffices.","Academic: In the scholarly article, the author argued that the purple-brown phenomenon could not be overlooked.","Conversational: Look, the purple-brown results speak for themselves — we can't ignore them any longer.",GRE: Analysts noted that the company's ___ strategy had ___ results in the last quarter. (fill in: purple-brown)
2872,self-winding,adjective,designed so that manual winding is unnecessary,,,"Use ""self-winding"" (adjective) when you want to convey designed so that manual winding is unnecessary. Appropriate in formal writing, GRE sentence-equivalence, and academic contexts where precision matters.","Avoid ""self-winding"" in casual conversation among friends unless you are certain the listener will understand; it can sound pretentious. Also avoid when a simpler synonym suffices.","Academic: In the scholarly article, the author argued that the self-winding phenomenon could not be overlooked.",Conversational: I've noticed the self-winding trend in our office culture and it's starting to concern me.,GRE: The committee's decision to ___ was met with both praise and criticism from stakeholders. (fill in: self-winding)
2873,dissentient,adjective,"disagreeing, especially with a majority",recusant; dissenting; dissident,,"Use ""dissentient"" (adjective) when you want to convey disagreeing, especially with a majority. Appropriate in formal writing, GRE sentence-equivalence, and academic contexts where precision matters.","Avoid ""dissentient"" in casual conversation among friends unless you are certain the listener will understand; it can sound pretentious. Also avoid when a simpler synonym suffices.","Academic: In the scholarly article, the author argued that the dissentient phenomenon could not be overlooked.","Conversational: Honestly, the dissentient behavior of the team has been a major source of tension lately.",GRE: The professor described the ___ as a ___ that ___ the entire field of study. (fill in: dissentient)
2874,pinkish-white,adjective,of white tinged with pink,,,"Use ""pinkish-white"" (adjective) when you want to convey of white tinged with pink. Appropriate in formal writing, GRE sentence-equivalence, and academic contexts where precision matters.","Avoid ""pinkish-white"" in casual conversation among friends unless you are certain the listener will understand; it can sound pretentious. Also avoid when a simpler synonym suffices.",Academic: The study concluded that the pinkish-white factor played a decisive role in the experimental outcome.,Conversational: I told him the pinkish-white approach just wouldn't work here — we need to rethink this.,"GRE: Despite the ___ nature of the evidence, the researchers remained ___ about their conclusions. (fill in: pinkish-white)"
2875,undeterminable,adjective,not capable of being definitely decided or ascertained,indeterminable,determinable,"Use ""undeterminable"" (adjective) when you want to convey not capable of being definitely decided or ascertained. Appropriate in formal writing, GRE sentence-equivalence, and academic contexts where precision matters.","Avoid ""undeterminable"" in casual conversation among friends unless you are certain the listener will understand; it can sound pretentious. Also avoid when a simpler synonym suffices.","Academic: In the scholarly article, the author argued that the undeterminable phenomenon could not be overlooked.","Conversational: Look, the undeterminable results speak for themselves — we can't ignore them any longer.",GRE: The committee's decision to ___ was met with both praise and criticism from stakeholders. (fill in: undeterminable)
2876,sporty,adjective,appropriate for sport or engagement in a sport,flashy; jazzy; gaudy; sporting; sportsmanlike; showy,,"Use ""sporty"" (adjective) when you want to convey appropriate for sport or engagement in a sport. Appropriate in formal writing, GRE sentence-equivalence, and academic contexts where precision matters.","Avoid ""sporty"" in casual conversation among friends unless you are certain the listener will understand; it can sound pretentious. Also avoid when a simpler synonym suffices.",Academic: The researcher's findings revealed that the sporty effect was statistically significant across all samples.,Conversational: I've noticed the sporty trend in our office culture and it's starting to concern me.,GRE: The committee's decision to ___ was met with both praise and criticism from stakeholders. (fill in: sporty)
2877,obliterate,adjective,reduced to nothingness,obscure; blot out; hide; veil; wipe out; kill,,"Use ""obliterate"" (adjective) when you want to convey reduced to nothingness. Appropriate in formal writing, GRE sentence-equivalence, and academic contexts where precision matters.","Avoid ""obliterate"" in casual conversation among friends unless you are certain the listener will understand; it can sound pretentious. Also avoid when a simpler synonym suffices.",Academic: Contemporary scholars debate whether the obliterate hypothesis adequately explains the observed data.,"Conversational: Honestly, the obliterate behavior of the team has been a major source of tension lately.","GRE: Despite the ___ nature of the evidence, the researchers remained ___ about their conclusions. (fill in: obliterate)"
2878,unsure,adjective,lacking self-confidence,timid; incertain; uncertain; diffident; shy,certain; sure; confident,"Use ""unsure"" (adjective) when you want to convey lacking self-confidence. Appropriate in formal writing, GRE sentence-equivalence, and academic contexts where precision matters.","Avoid ""unsure"" in casual conversation among friends unless you are certain the listener will understand; it can sound pretentious. Also avoid when a simpler synonym suffices.",Academic: The study concluded that the unsure factor played a decisive role in the experimental outcome.,Conversational: I've noticed the unsure trend in our office culture and it's starting to concern me.,GRE: The professor described the ___ as a ___ that ___ the entire field of study. (fill in: unsure)
2879,anticlinal,adjective,sloping downward away from a common crest,,synclinal,"Use ""anticlinal"" (adjective) when you want to convey sloping downward away from a common crest. Appropriate in formal writing, GRE sentence-equivalence, and academic contexts where precision matters.","Avoid ""anticlinal"" in casual conversation among friends unless you are certain the listener will understand; it can sound pretentious. Also avoid when a simpler synonym suffices.",Academic: A key consideration in modern discourse is how the anticlinal principle shapes contemporary policy decisions.,"Conversational: Honestly, the anticlinal behavior of the team has been a major source of tension lately.",GRE: The committee's decision to ___ was met with both praise and criticism from stakeholders. (fill in: anticlinal)
2880,chiseled,adjective,having a clean and distinct outline as if precisely cut along the edges,chisel; rip off; cheat; well-defined,,"Use ""chiseled"" (adjective) when you want to convey having a clean and distinct outline as if precisely cut along the edges. Appropriate in formal writing, GRE sentence-equivalence, and academic contexts where precision matters.","Avoid ""chiseled"" in casual conversation among friends unless you are certain the listener will understand; it can sound pretentious. Also avoid when a simpler synonym suffices.",Academic: A key consideration in modern discourse is how the chiseled principle shapes contemporary policy decisions.,Conversational: I've noticed the chiseled trend in our office culture and it's starting to concern me.,GRE: The author's ___ tone contrasted sharply with the ___ underlying message of the passage. (fill in: chiseled)
2881,thin-bodied,adjective,having a slim body,slender-bodied; slim-bodied,,"Use ""thin-bodied"" (adjective) when you want to convey having a slim body. Appropriate in formal writing, GRE sentence-equivalence, and academic contexts where precision matters.","Avoid ""thin-bodied"" in casual conversation among friends unless you are certain the listener will understand; it can sound pretentious. Also avoid when a simpler synonym suffices.",Academic: The researcher's findings revealed that the thin-bodied effect was statistically significant across all samples.,"Conversational: Look, the thin-bodied results speak for themselves — we can't ignore them any longer.","GRE: Despite the ___ nature of the evidence, the researchers remained ___ about their conclusions. (fill in: thin-bodied)"
2882,dismissive,adjective,stopping to associate with,,,"Use ""dismissive"" (adjective) when you want to convey stopping to associate with. Appropriate in formal writing, GRE sentence-equivalence, and academic contexts where precision matters.","Avoid ""dismissive"" in casual conversation among friends unless you are certain the listener will understand; it can sound pretentious. Also avoid when a simpler synonym suffices.",Academic: The researcher's findings revealed that the dismissive effect was statistically significant across all samples.,Conversational: I've noticed the dismissive trend in our office culture and it's starting to concern me.,GRE: The author's ___ tone contrasted sharply with the ___ underlying message of the passage. (fill in: dismissive)
2883,exhaustive,adjective,performed comprehensively and completely,thoroughgoing; thorough,,"Use ""exhaustive"" (adjective) when you want to convey performed comprehensively and completely. Appropriate in formal writing, GRE sentence-equivalence, and academic contexts where precision matters.","Avoid ""exhaustive"" in casual conversation among friends unless you are certain the listener will understand; it can sound pretentious. Also avoid when a simpler synonym suffices.",Academic: Contemporary scholars debate whether the exhaustive hypothesis adequately explains the observed data.,"Conversational: Look, the exhaustive results speak for themselves — we can't ignore them any longer.",GRE: The professor described the ___ as a ___ that ___ the entire field of study. (fill in: exhaustive)
2884,pink-tinged,adjective,of a color tinged with pink,,,"Use ""pink-tinged"" (adjective) when you want to convey of a color tinged with pink. Appropriate in formal writing, GRE sentence-equivalence, and academic contexts where precision matters.","Avoid ""pink-tinged"" in casual conversation among friends unless you are certain the listener will understand; it can sound pretentious. Also avoid when a simpler synonym suffices.",Academic: The study concluded that the pink-tinged factor played a decisive role in the experimental outcome.,Conversational: I told him the pink-tinged approach just wouldn't work here — we need to rethink this.,GRE: The professor described the ___ as a ___ that ___ the entire field of study. (fill in: pink-tinged)
2885,bridgeable,adjective,capable of being connected by a bridge or as if by a bridge,,unbridgeable,"Use ""bridgeable"" (adjective) when you want to convey capable of being connected by a bridge or as if by a bridge. Appropriate in formal writing, GRE sentence-equivalence, and academic contexts where precision matters.","Avoid ""bridgeable"" in casual conversation among friends unless you are certain the listener will understand; it can sound pretentious. Also avoid when a simpler synonym suffices.","Academic: In the scholarly article, the author argued that the bridgeable phenomenon could not be overlooked.","Conversational: You know, it's pretty clear that the bridgeable situation needs our immediate attention.",GRE: The author's ___ tone contrasted sharply with the ___ underlying message of the passage. (fill in: bridgeable)
2886,deciduous,adjective,(of plants and shrubs) shedding foliage at the end of the growing season,,evergreen,"Use ""deciduous"" (adjective) when you want to convey (of plants and shrubs) shedding foliage at the end of the growing season. Appropriate in formal writing, GRE sentence-equivalence, and academic contexts where precision matters.","Avoid ""deciduous"" in casual conversation among friends unless you are certain the listener will understand; it can sound pretentious. Also avoid when a simpler synonym suffices.",Academic: A key consideration in modern discourse is how the deciduous principle shapes contemporary policy decisions.,"Conversational: Look, the deciduous results speak for themselves — we can't ignore them any longer.",GRE: Analysts noted that the company's ___ strategy had ___ results in the last quarter. (fill in: deciduous)
2887,pea-green,adjective,of a moderate slightly yellowish-green color,,,"Use ""pea-green"" (adjective) when you want to convey of a moderate slightly yellowish-green color. Appropriate in formal writing, GRE sentence-equivalence, and academic contexts where precision matters.","Avoid ""pea-green"" in casual conversation among friends unless you are certain the listener will understand; it can sound pretentious. Also avoid when a simpler synonym suffices.",Academic: Contemporary scholars debate whether the pea-green hypothesis adequately explains the observed data.,Conversational: I've noticed the pea-green trend in our office culture and it's starting to concern me.,GRE: The professor described the ___ as a ___ that ___ the entire field of study. (fill in: pea-green)
2888,day-and-night,adjective,at all times,round-the-clock; nonstop; around-the-clock,,"Use ""day-and-night"" (adjective) when you want to convey at all times. Appropriate in formal writing, GRE sentence-equivalence, and academic contexts where precision matters.","Avoid ""day-and-night"" in casual conversation among friends unless you are certain the listener will understand; it can sound pretentious. Also avoid when a simpler synonym suffices.",Academic: The researcher's findings revealed that the day-and-night effect was statistically significant across all samples.,"Conversational: You know, it's pretty clear that the day-and-night situation needs our immediate attention.",GRE: The author's ___ tone contrasted sharply with the ___ underlying message of the passage. (fill in: day-and-night)
2889,murderous,adjective,characteristic of or capable of or having a tendency toward killing another human being,homicidal,,"Use ""murderous"" (adjective) when you want to convey characteristic of or capable of or having a tendency toward killing another human being. Appropriate in formal writing, GRE sentence-equivalence, and academic contexts where precision matters.","Avoid ""murderous"" in casual conversation among friends unless you are certain the listener will understand; it can sound pretentious. Also avoid when a simpler synonym suffices.",Academic: Contemporary scholars debate whether the murderous hypothesis adequately explains the observed data.,"Conversational: Honestly, the murderous behavior of the team has been a major source of tension lately.",GRE: The author's ___ tone contrasted sharply with the ___ underlying message of the passage. (fill in: murderous)
2890,agreeable,adjective,conforming to your own liking or feelings or nature; ; ; - Disraeli,concordant; consonant; accordant; conformable,disagreeable,"Use ""agreeable"" (adjective) when you want to convey conforming to your own liking or feelings or nature; ; ; - disraeli. Appropriate in formal writing, GRE sentence-equivalence, and academic contexts where precision matters.","Avoid ""agreeable"" in casual conversation among friends unless you are certain the listener will understand; it can sound pretentious. Also avoid when a simpler synonym suffices.",Academic: A key consideration in modern discourse is how the agreeable principle shapes contemporary policy decisions.,Conversational: I told him the agreeable approach just wouldn't work here — we need to rethink this.,GRE: The committee's decision to ___ was met with both praise and criticism from stakeholders. (fill in: agreeable)
2891,unnoticeable,adjective,not drawing attention,unobtrusive; obscure,obtrusive; noticeable,"Use ""unnoticeable"" (adjective) when you want to convey not drawing attention. Appropriate in formal writing, GRE sentence-equivalence, and academic contexts where precision matters.","Avoid ""unnoticeable"" in casual conversation among friends unless you are certain the listener will understand; it can sound pretentious. Also avoid when a simpler synonym suffices.","Academic: In the scholarly article, the author argued that the unnoticeable phenomenon could not be overlooked.",Conversational: I've noticed the unnoticeable trend in our office culture and it's starting to concern me.,GRE: The author's ___ tone contrasted sharply with the ___ underlying message of the passage. (fill in: unnoticeable)
2892,many-lobed,adjective,having many lobes,,,"Use ""many-lobed"" (adjective) when you want to convey having many lobes. Appropriate in formal writing, GRE sentence-equivalence, and academic contexts where precision matters.","Avoid ""many-lobed"" in casual conversation among friends unless you are certain the listener will understand; it can sound pretentious. Also avoid when a simpler synonym suffices.",Academic: A key consideration in modern discourse is how the many-lobed principle shapes contemporary policy decisions.,Conversational: I told him the many-lobed approach just wouldn't work here — we need to rethink this.,GRE: The professor described the ___ as a ___ that ___ the entire field of study. (fill in: many-lobed)
2893,metal-coloured,adjective,having a metallic color,metallic-colored; metal-colored; metallic-coloured,,"Use ""metal-coloured"" (adjective) when you want to convey having a metallic color. Appropriate in formal writing, GRE sentence-equivalence, and academic contexts where precision matters.","Avoid ""metal-coloured"" in casual conversation among friends unless you are certain the listener will understand; it can sound pretentious. Also avoid when a simpler synonym suffices.",Academic: The study concluded that the metal-coloured factor played a decisive role in the experimental outcome.,Conversational: I've noticed the metal-coloured trend in our office culture and it's starting to concern me.,GRE: The committee's decision to ___ was met with both praise and criticism from stakeholders. (fill in: metal-coloured)
2894,anisometric,adjective,having unsymmetrical parts or unequal dimensions or measurements,unsymmetrical,,"Use ""anisometric"" (adjective) when you want to convey having unsymmetrical parts or unequal dimensions or measurements. Appropriate in formal writing, GRE sentence-equivalence, and academic contexts where precision matters.","Avoid ""anisometric"" in casual conversation among friends unless you are certain the listener will understand; it can sound pretentious. Also avoid when a simpler synonym suffices.","Academic: In the scholarly article, the author argued that the anisometric phenomenon could not be overlooked.","Conversational: Honestly, the anisometric behavior of the team has been a major source of tension lately.",GRE: The professor described the ___ as a ___ that ___ the entire field of study. (fill in: anisometric)
2895,unappealing,adjective,not able to attract favorable attention,unsympathetic; unlikeable; unlikable,appealing; sympathetic,"Use ""unappealing"" (adjective) when you want to convey not able to attract favorable attention. Appropriate in formal writing, GRE sentence-equivalence, and academic contexts where precision matters.","Avoid ""unappealing"" in casual conversation among friends unless you are certain the listener will understand; it can sound pretentious. Also avoid when a simpler synonym suffices.",Academic: Contemporary scholars debate whether the unappealing hypothesis adequately explains the observed data.,"Conversational: Honestly, the unappealing behavior of the team has been a major source of tension lately.",GRE: The committee's decision to ___ was met with both praise and criticism from stakeholders. (fill in: unappealing)
2896,ectomorphic,adjective,having a build with little fat or muscle but with long limbs,,endomorphic; mesomorphic,"Use ""ectomorphic"" (adjective) when you want to convey having a build with little fat or muscle but with long limbs. Appropriate in formal writing, GRE sentence-equivalence, and academic contexts where precision matters.","Avoid ""ectomorphic"" in casual conversation among friends unless you are certain the listener will understand; it can sound pretentious. Also avoid when a simpler synonym suffices.","Academic: In the scholarly article, the author argued that the ectomorphic phenomenon could not be overlooked.","Conversational: You know, it's pretty clear that the ectomorphic situation needs our immediate attention.","GRE: Despite the ___ nature of the evidence, the researchers remained ___ about their conclusions. (fill in: ectomorphic)"
2897,scheming,adjective,concealing crafty designs for advancing your own interest; - W.Churchill,conniving; shrewd; scheme; calculating; intrigue; connive,,"Use ""scheming"" (adjective) when you want to convey concealing crafty designs for advancing your own interest; - w.churchill. Appropriate in formal writing, GRE sentence-equivalence, and academic contexts where precision matters.","Avoid ""scheming"" in casual conversation among friends unless you are certain the listener will understand; it can sound pretentious. Also avoid when a simpler synonym suffices.",Academic: A key consideration in modern discourse is how the scheming principle shapes contemporary policy decisions.,Conversational: I've noticed the scheming trend in our office culture and it's starting to concern me.,GRE: The committee's decision to ___ was met with both praise and criticism from stakeholders. (fill in: scheming)
2898,shattered,adjective,ruined or disrupted,shatter; tattered,,"Use ""shattered"" (adjective) when you want to convey ruined or disrupted. Appropriate in formal writing, GRE sentence-equivalence, and academic contexts where precision matters.","Avoid ""shattered"" in casual conversation among friends unless you are certain the listener will understand; it can sound pretentious. Also avoid when a simpler synonym suffices.",Academic: The study concluded that the shattered factor played a decisive role in the experimental outcome.,"Conversational: Honestly, the shattered behavior of the team has been a major source of tension lately.",GRE: Analysts noted that the company's ___ strategy had ___ results in the last quarter. (fill in: shattered)
2899,woolly-haired,adjective,covered with dense often matted or curly hairs,wooly-haired; woolly; wooly,,"Use ""woolly-haired"" (adjective) when you want to convey covered with dense often matted or curly hairs. Appropriate in formal writing, GRE sentence-equivalence, and academic contexts where precision matters.","Avoid ""woolly-haired"" in casual conversation among friends unless you are certain the listener will understand; it can sound pretentious. Also avoid when a simpler synonym suffices.",Academic: Contemporary scholars debate whether the woolly-haired hypothesis adequately explains the observed data.,Conversational: I've noticed the woolly-haired trend in our office culture and it's starting to concern me.,GRE: The author's ___ tone contrasted sharply with the ___ underlying message of the passage. (fill in: woolly-haired)
2900,knavish,adjective,marked by skill in deception,wily; slick; sly; crafty; guileful; tricksy,,"Use ""knavish"" (adjective) when you want to convey marked by skill in deception. Appropriate in formal writing, GRE sentence-equivalence, and academic contexts where precision matters.","Avoid ""knavish"" in casual conversation among friends unless you are certain the listener will understand; it can sound pretentious. Also avoid when a simpler synonym suffices.",Academic: Contemporary scholars debate whether the knavish hypothesis adequately explains the observed data.,Conversational: I told him the knavish approach just wouldn't work here — we need to rethink this.,GRE: The professor described the ___ as a ___ that ___ the entire field of study. (fill in: knavish)
2901,solicitous,adjective,full of anxiety and concern,,,"Use ""solicitous"" (adjective) when you want to convey full of anxiety and concern. Appropriate in formal writing, GRE sentence-equivalence, and academic contexts where precision matters.","Avoid ""solicitous"" in casual conversation among friends unless you are certain the listener will understand; it can sound pretentious. Also avoid when a simpler synonym suffices.",Academic: A key consideration in modern discourse is how the solicitous principle shapes contemporary policy decisions.,"Conversational: Honestly, the solicitous behavior of the team has been a major source of tension lately.",GRE: The author's ___ tone contrasted sharply with the ___ underlying message of the passage. (fill in: solicitous)
2902,thoroughgoing,adjective,performed comprehensively and completely,double-dyed; exhaustive; everlasting; utter; staring; consummate,,"Use ""thoroughgoing"" (adjective) when you want to convey performed comprehensively and completely. Appropriate in formal writing, GRE sentence-equivalence, and academic contexts where precision matters.","Avoid ""thoroughgoing"" in casual conversation among friends unless you are certain the listener will understand; it can sound pretentious. Also avoid when a simpler synonym suffices.",Academic: The researcher's findings revealed that the thoroughgoing effect was statistically significant across all samples.,"Conversational: Look, the thoroughgoing results speak for themselves — we can't ignore them any longer.",GRE: The author's ___ tone contrasted sharply with the ___ underlying message of the passage. (fill in: thoroughgoing)
2903,uneventful,adjective,marked by no noteworthy or significant events,,eventful,"Use ""uneventful"" (adjective) when you want to convey marked by no noteworthy or significant events. Appropriate in formal writing, GRE sentence-equivalence, and academic contexts where precision matters.","Avoid ""uneventful"" in casual conversation among friends unless you are certain the listener will understand; it can sound pretentious. Also avoid when a simpler synonym suffices.",Academic: The researcher's findings revealed that the uneventful effect was statistically significant across all samples.,"Conversational: You know, it's pretty clear that the uneventful situation needs our immediate attention.",GRE: The professor described the ___ as a ___ that ___ the entire field of study. (fill in: uneventful)
2904,suffocating,adjective,causing difficulty in breathing especially through lack of fresh air and presence of heat,strangle; asphyxiate; suffocate; smother; choke; gag,,"Use ""suffocating"" (adjective) when you want to convey causing difficulty in breathing especially through lack of fresh air and presence of heat. Appropriate in formal writing, GRE sentence-equivalence, and academic contexts where precision matters.","Avoid ""suffocating"" in casual conversation among friends unless you are certain the listener will understand; it can sound pretentious. Also avoid when a simpler synonym suffices.",Academic: Contemporary scholars debate whether the suffocating hypothesis adequately explains the observed data.,Conversational: I've noticed the suffocating trend in our office culture and it's starting to concern me.,GRE: Analysts noted that the company's ___ strategy had ___ results in the last quarter. (fill in: suffocating)
2905,maledict,adjective,under a curse,damn; anathemise; curse; bedamn; anathemize; beshrew,bless,"Use ""maledict"" (adjective) when you want to convey under a curse. Appropriate in formal writing, GRE sentence-equivalence, and academic contexts where precision matters.","Avoid ""maledict"" in casual conversation among friends unless you are certain the listener will understand; it can sound pretentious. Also avoid when a simpler synonym suffices.",Academic: A key consideration in modern discourse is how the maledict principle shapes contemporary policy decisions.,"Conversational: Look, the maledict results speak for themselves — we can't ignore them any longer.",GRE: The committee's decision to ___ was met with both praise and criticism from stakeholders. (fill in: maledict)
2906,binucleated,adjective,having two nuclei,binucleate; binuclear,trinucleate; mononuclear,"Use ""binucleated"" (adjective) when you want to convey having two nuclei. Appropriate in formal writing, GRE sentence-equivalence, and academic contexts where precision matters.","Avoid ""binucleated"" in casual conversation among friends unless you are certain the listener will understand; it can sound pretentious. Also avoid when a simpler synonym suffices.",Academic: The researcher's findings revealed that the binucleated effect was statistically significant across all samples.,"Conversational: Look, the binucleated results speak for themselves — we can't ignore them any longer.","GRE: Despite the ___ nature of the evidence, the researchers remained ___ about their conclusions. (fill in: binucleated)"
2907,dishonored,adjective,suffering shame,shame; disgrace; rape; attaint; assault; ravish,honor,"Use ""dishonored"" (adjective) when you want to convey suffering shame. Appropriate in formal writing, GRE sentence-equivalence, and academic contexts where precision matters.","Avoid ""dishonored"" in casual conversation among friends unless you are certain the listener will understand; it can sound pretentious. Also avoid when a simpler synonym suffices.","Academic: In the scholarly article, the author argued that the dishonored phenomenon could not be overlooked.","Conversational: You know, it's pretty clear that the dishonored situation needs our immediate attention.",GRE: The committee's decision to ___ was met with both praise and criticism from stakeholders. (fill in: dishonored)
2908,carnivorous,adjective,(used of plants as well as animals) feeding on animals,,omnivorous; herbivorous; insectivorous,"Use ""carnivorous"" (adjective) when you want to convey (used of plants as well as animals) feeding on animals. Appropriate in formal writing, GRE sentence-equivalence, and academic contexts where precision matters.","Avoid ""carnivorous"" in casual conversation among friends unless you are certain the listener will understand; it can sound pretentious. Also avoid when a simpler synonym suffices.",Academic: The study concluded that the carnivorous factor played a decisive role in the experimental outcome.,Conversational: I told him the carnivorous approach just wouldn't work here — we need to rethink this.,"GRE: Despite the ___ nature of the evidence, the researchers remained ___ about their conclusions. (fill in: carnivorous)"
2909,diarrhoetic,adjective,of or relating to diarrhea,diarrhoeal; diarrhoeic; diarrheal; diarrhetic; diarrheic,,"Use ""diarrhoetic"" (adjective) when you want to convey of or relating to diarrhea. Appropriate in formal writing, GRE sentence-equivalence, and academic contexts where precision matters.","Avoid ""diarrhoetic"" in casual conversation among friends unless you are certain the listener will understand; it can sound pretentious. Also avoid when a simpler synonym suffices.",Academic: The researcher's findings revealed that the diarrhoetic effect was statistically significant across all samples.,"Conversational: Look, the diarrhoetic results speak for themselves — we can't ignore them any longer.",GRE: The committee's decision to ___ was met with both praise and criticism from stakeholders. (fill in: diarrhoetic)
2910,offshore,adjective,(of winds) coming from the land,seaward,inshore; onshore,"Use ""offshore"" (adjective) when you want to convey (of winds) coming from the land. Appropriate in formal writing, GRE sentence-equivalence, and academic contexts where precision matters.","Avoid ""offshore"" in casual conversation among friends unless you are certain the listener will understand; it can sound pretentious. Also avoid when a simpler synonym suffices.",Academic: A key consideration in modern discourse is how the offshore principle shapes contemporary policy decisions.,Conversational: I've noticed the offshore trend in our office culture and it's starting to concern me.,"GRE: Despite the ___ nature of the evidence, the researchers remained ___ about their conclusions. (fill in: offshore)"
2911,anecdotical,adjective,characterized by or given to telling anecdotes,anecdotic; anecdotal,,"Use ""anecdotical"" (adjective) when you want to convey characterized by or given to telling anecdotes. Appropriate in formal writing, GRE sentence-equivalence, and academic contexts where precision matters.","Avoid ""anecdotical"" in casual conversation among friends unless you are certain the listener will understand; it can sound pretentious. Also avoid when a simpler synonym suffices.",Academic: Contemporary scholars debate whether the anecdotical hypothesis adequately explains the observed data.,Conversational: I've noticed the anecdotical trend in our office culture and it's starting to concern me.,GRE: The author's ___ tone contrasted sharply with the ___ underlying message of the passage. (fill in: anecdotical)
2912,discretional,adjective,having or using the ability to act or decide according to your own discretion or judgment,discretionary,,"Use ""discretional"" (adjective) when you want to convey having or using the ability to act or decide according to your own discretion or judgment. Appropriate in formal writing, GRE sentence-equivalence, and academic contexts where precision matters.","Avoid ""discretional"" in casual conversation among friends unless you are certain the listener will understand; it can sound pretentious. Also avoid when a simpler synonym suffices.",Academic: The study concluded that the discretional factor played a decisive role in the experimental outcome.,"Conversational: Honestly, the discretional behavior of the team has been a major source of tension lately.",GRE: The author's ___ tone contrasted sharply with the ___ underlying message of the passage. (fill in: discretional)
2913,destroyable,adjective,capable of being destroyed,,,"Use ""destroyable"" (adjective) when you want to convey capable of being destroyed. Appropriate in formal writing, GRE sentence-equivalence, and academic contexts where precision matters.","Avoid ""destroyable"" in casual conversation among friends unless you are certain the listener will understand; it can sound pretentious. Also avoid when a simpler synonym suffices.",Academic: The study concluded that the destroyable factor played a decisive role in the experimental outcome.,"Conversational: Look, the destroyable results speak for themselves — we can't ignore them any longer.","GRE: Despite the ___ nature of the evidence, the researchers remained ___ about their conclusions. (fill in: destroyable)"
2914,lipotropic,adjective,having an affinity for lipids,lipophilic,,"Use ""lipotropic"" (adjective) when you want to convey having an affinity for lipids. Appropriate in formal writing, GRE sentence-equivalence, and academic contexts where precision matters.","Avoid ""lipotropic"" in casual conversation among friends unless you are certain the listener will understand; it can sound pretentious. Also avoid when a simpler synonym suffices.",Academic: The study concluded that the lipotropic factor played a decisive role in the experimental outcome.,"Conversational: Look, the lipotropic results speak for themselves — we can't ignore them any longer.",GRE: Analysts noted that the company's ___ strategy had ___ results in the last quarter. (fill in: lipotropic)
2915,machine-made,adjective,made by machine,,handmade,"Use ""machine-made"" (adjective) when you want to convey made by machine. Appropriate in formal writing, GRE sentence-equivalence, and academic contexts where precision matters.","Avoid ""machine-made"" in casual conversation among friends unless you are certain the listener will understand; it can sound pretentious. Also avoid when a simpler synonym suffices.",Academic: The researcher's findings revealed that the machine-made effect was statistically significant across all samples.,Conversational: I've noticed the machine-made trend in our office culture and it's starting to concern me.,GRE: Analysts noted that the company's ___ strategy had ___ results in the last quarter. (fill in: machine-made)
2916,incommensurable,adjective,not having a common factor,,,"Use ""incommensurable"" (adjective) when you want to convey not having a common factor. Appropriate in formal writing, GRE sentence-equivalence, and academic contexts where precision matters.","Avoid ""incommensurable"" in casual conversation among friends unless you are certain the listener will understand; it can sound pretentious. Also avoid when a simpler synonym suffices.",Academic: The study concluded that the incommensurable factor played a decisive role in the experimental outcome.,"Conversational: Look, the incommensurable results speak for themselves — we can't ignore them any longer.",GRE: Analysts noted that the company's ___ strategy had ___ results in the last quarter. (fill in: incommensurable)
2917,well-kept,adjective,kept in good condition,maintained; shipshape; trim; kept up,,"Use ""well-kept"" (adjective) when you want to convey kept in good condition. Appropriate in formal writing, GRE sentence-equivalence, and academic contexts where precision matters.","Avoid ""well-kept"" in casual conversation among friends unless you are certain the listener will understand; it can sound pretentious. Also avoid when a simpler synonym suffices.",Academic: Contemporary scholars debate whether the well-kept hypothesis adequately explains the observed data.,Conversational: I've noticed the well-kept trend in our office culture and it's starting to concern me.,GRE: The committee's decision to ___ was met with both praise and criticism from stakeholders. (fill in: well-kept)
2918,gibbose,adjective,(used of the moon) more than half full,gibbous,,"Use ""gibbose"" (adjective) when you want to convey (used of the moon) more than half full. Appropriate in formal writing, GRE sentence-equivalence, and academic contexts where precision matters.","Avoid ""gibbose"" in casual conversation among friends unless you are certain the listener will understand; it can sound pretentious. Also avoid when a simpler synonym suffices.",Academic: The researcher's findings revealed that the gibbose effect was statistically significant across all samples.,"Conversational: Look, the gibbose results speak for themselves — we can't ignore them any longer.","GRE: Despite the ___ nature of the evidence, the researchers remained ___ about their conclusions. (fill in: gibbose)"
2919,dextrorsal,adjective,spiraling upward from left to right,dextrorse,,"Use ""dextrorsal"" (adjective) when you want to convey spiraling upward from left to right. Appropriate in formal writing, GRE sentence-equivalence, and academic contexts where precision matters.","Avoid ""dextrorsal"" in casual conversation among friends unless you are certain the listener will understand; it can sound pretentious. Also avoid when a simpler synonym suffices.","Academic: In the scholarly article, the author argued that the dextrorsal phenomenon could not be overlooked.",Conversational: I told him the dextrorsal approach just wouldn't work here — we need to rethink this.,GRE: The author's ___ tone contrasted sharply with the ___ underlying message of the passage. (fill in: dextrorsal)
2920,cresson,adjective,of a moderate yellow-green color that is greener and deeper than moss green and yellower and darker than pea green,watercress; cress green,,"Use ""cresson"" (adjective) when you want to convey of a moderate yellow-green color that is greener and deeper than moss green and yellower and darker than pea green. Appropriate in formal writing, GRE sentence-equivalence, and academic contexts where precision matters.","Avoid ""cresson"" in casual conversation among friends unless you are certain the listener will understand; it can sound pretentious. Also avoid when a simpler synonym suffices.",Academic: A key consideration in modern discourse is how the cresson principle shapes contemporary policy decisions.,"Conversational: You know, it's pretty clear that the cresson situation needs our immediate attention.",GRE: The author's ___ tone contrasted sharply with the ___ underlying message of the passage. (fill in: cresson)
2921,colourless,adjective,lacking in variety and interest,colorless,colourful; colorful,"Use ""colourless"" (adjective) when you want to convey lacking in variety and interest. Appropriate in formal writing, GRE sentence-equivalence, and academic contexts where precision matters.","Avoid ""colourless"" in casual conversation among friends unless you are certain the listener will understand; it can sound pretentious. Also avoid when a simpler synonym suffices.",Academic: The study concluded that the colourless factor played a decisive role in the experimental outcome.,"Conversational: You know, it's pretty clear that the colourless situation needs our immediate attention.",GRE: The committee's decision to ___ was met with both praise and criticism from stakeholders. (fill in: colourless)
2922,spooky,adjective,unpredictably excitable (especially of horses),nervous; flighty; skittish,,"Use ""spooky"" (adjective) when you want to convey unpredictably excitable (especially of horses). Appropriate in formal writing, GRE sentence-equivalence, and academic contexts where precision matters.","Avoid ""spooky"" in casual conversation among friends unless you are certain the listener will understand; it can sound pretentious. Also avoid when a simpler synonym suffices.",Academic: A key consideration in modern discourse is how the spooky principle shapes contemporary policy decisions.,Conversational: I've noticed the spooky trend in our office culture and it's starting to concern me.,GRE: The professor described the ___ as a ___ that ___ the entire field of study. (fill in: spooky)
2923,sculptured,adjective,cut into a desired shape,grave; graven; sculptural; sculpted; modeled; sculpt,,"Use ""sculptured"" (adjective) when you want to convey cut into a desired shape. Appropriate in formal writing, GRE sentence-equivalence, and academic contexts where precision matters.","Avoid ""sculptured"" in casual conversation among friends unless you are certain the listener will understand; it can sound pretentious. Also avoid when a simpler synonym suffices.","Academic: In the scholarly article, the author argued that the sculptured phenomenon could not be overlooked.",Conversational: I've noticed the sculptured trend in our office culture and it's starting to concern me.,GRE: Analysts noted that the company's ___ strategy had ___ results in the last quarter. (fill in: sculptured)
2924,monoclinic,adjective,having three unequal crystal axes with one oblique intersection,,triclinic,"Use ""monoclinic"" (adjective) when you want to convey having three unequal crystal axes with one oblique intersection. Appropriate in formal writing, GRE sentence-equivalence, and academic contexts where precision matters.","Avoid ""monoclinic"" in casual conversation among friends unless you are certain the listener will understand; it can sound pretentious. Also avoid when a simpler synonym suffices.","Academic: In the scholarly article, the author argued that the monoclinic phenomenon could not be overlooked.","Conversational: Honestly, the monoclinic behavior of the team has been a major source of tension lately.",GRE: The professor described the ___ as a ___ that ___ the entire field of study. (fill in: monoclinic)
2925,divergent,adjective,tending to move apart in different directions,diverging,convergent,"Use ""divergent"" (adjective) when you want to convey tending to move apart in different directions. Appropriate in formal writing, GRE sentence-equivalence, and academic contexts where precision matters.","Avoid ""divergent"" in casual conversation among friends unless you are certain the listener will understand; it can sound pretentious. Also avoid when a simpler synonym suffices.",Academic: A key consideration in modern discourse is how the divergent principle shapes contemporary policy decisions.,"Conversational: Honestly, the divergent behavior of the team has been a major source of tension lately.",GRE: The professor described the ___ as a ___ that ___ the entire field of study. (fill in: divergent)
2926,venomous,adjective,marked by deep ill will; deliberately harmful,vicious; poisonous; virulent; deadly,,"Use ""venomous"" (adjective) when you want to convey marked by deep ill will; deliberately harmful. Appropriate in formal writing, GRE sentence-equivalence, and academic contexts where precision matters.","Avoid ""venomous"" in casual conversation among friends unless you are certain the listener will understand; it can sound pretentious. Also avoid when a simpler synonym suffices.",Academic: The study concluded that the venomous factor played a decisive role in the experimental outcome.,"Conversational: You know, it's pretty clear that the venomous situation needs our immediate attention.",GRE: Analysts noted that the company's ___ strategy had ___ results in the last quarter. (fill in: venomous)
2927,chestnut-brown,adjective,(of hair or feathers) of brown tinged with chestnut,,,"Use ""chestnut-brown"" (adjective) when you want to convey (of hair or feathers) of brown tinged with chestnut. Appropriate in formal writing, GRE sentence-equivalence, and academic contexts where precision matters.","Avoid ""chestnut-brown"" in casual conversation among friends unless you are certain the listener will understand; it can sound pretentious. Also avoid when a simpler synonym suffices.",Academic: The researcher's findings revealed that the chestnut-brown effect was statistically significant across all samples.,Conversational: I've noticed the chestnut-brown trend in our office culture and it's starting to concern me.,"GRE: Despite the ___ nature of the evidence, the researchers remained ___ about their conclusions. (fill in: chestnut-brown)"
2928,scintillating,adjective,having brief brilliant points or flashes of light,sparkly; frothy; twinkle; sparkle; scintillate; effervescent,,"Use ""scintillating"" (adjective) when you want to convey having brief brilliant points or flashes of light. Appropriate in formal writing, GRE sentence-equivalence, and academic contexts where precision matters.","Avoid ""scintillating"" in casual conversation among friends unless you are certain the listener will understand; it can sound pretentious. Also avoid when a simpler synonym suffices.","Academic: In the scholarly article, the author argued that the scintillating phenomenon could not be overlooked.","Conversational: Honestly, the scintillating behavior of the team has been a major source of tension lately.",GRE: The professor described the ___ as a ___ that ___ the entire field of study. (fill in: scintillating)
2929,springy,adjective,(of movements) light and confidently active,resilient; live; bouncy; lively,,"Use ""springy"" (adjective) when you want to convey (of movements) light and confidently active. Appropriate in formal writing, GRE sentence-equivalence, and academic contexts where precision matters.","Avoid ""springy"" in casual conversation among friends unless you are certain the listener will understand; it can sound pretentious. Also avoid when a simpler synonym suffices.",Academic: The researcher's findings revealed that the springy effect was statistically significant across all samples.,Conversational: I told him the springy approach just wouldn't work here — we need to rethink this.,"GRE: Despite the ___ nature of the evidence, the researchers remained ___ about their conclusions. (fill in: springy)"
2930,superior,adjective,(sometimes followed by `to') not subject to or influenced by,higher-up; superordinate; Lake Superior; superscript; master; victor,inferior; adscript; subscript,"Use ""superior"" (adjective) when you want to convey (sometimes followed by `to') not subject to or influenced by. Appropriate in formal writing, GRE sentence-equivalence, and academic contexts where precision matters.","Avoid ""superior"" in casual conversation among friends unless you are certain the listener will understand; it can sound pretentious. Also avoid when a simpler synonym suffices.","Academic: In the scholarly article, the author argued that the superior phenomenon could not be overlooked.","Conversational: You know, it's pretty clear that the superior situation needs our immediate attention.",GRE: The author's ___ tone contrasted sharply with the ___ underlying message of the passage. (fill in: superior)
2931,light-tight,adjective,not penetrable by light,lightproof,,"Use ""light-tight"" (adjective) when you want to convey not penetrable by light. Appropriate in formal writing, GRE sentence-equivalence, and academic contexts where precision matters.","Avoid ""light-tight"" in casual conversation among friends unless you are certain the listener will understand; it can sound pretentious. Also avoid when a simpler synonym suffices.",Academic: A key consideration in modern discourse is how the light-tight principle shapes contemporary policy decisions.,"Conversational: You know, it's pretty clear that the light-tight situation needs our immediate attention.",GRE: The committee's decision to ___ was met with both praise and criticism from stakeholders. (fill in: light-tight)
2932,butterfingered,adjective,"lacking physical movement skills, especially with the hands; ; ; ; - Mary H. Vorse",bumbling; handless; left-handed; ham-handed; ham-fisted; bungling,,"Use ""butterfingered"" (adjective) when you want to convey lacking physical movement skills, especially with the hands; ; ; ; - mary h. vorse. Appropriate in formal writing, GRE sentence-equivalence, and academic contexts where precision matters.","Avoid ""butterfingered"" in casual conversation among friends unless you are certain the listener will understand; it can sound pretentious. Also avoid when a simpler synonym suffices.",Academic: The study concluded that the butterfingered factor played a decisive role in the experimental outcome.,"Conversational: Look, the butterfingered results speak for themselves — we can't ignore them any longer.",GRE: The author's ___ tone contrasted sharply with the ___ underlying message of the passage. (fill in: butterfingered)
2933,alarming,adjective,frightening because of an awareness of danger,alert; dismay; appal; alarm; horrify; appall,unalarming,"Use ""alarming"" (adjective) when you want to convey frightening because of an awareness of danger. Appropriate in formal writing, GRE sentence-equivalence, and academic contexts where precision matters.","Avoid ""alarming"" in casual conversation among friends unless you are certain the listener will understand; it can sound pretentious. Also avoid when a simpler synonym suffices.",Academic: A key consideration in modern discourse is how the alarming principle shapes contemporary policy decisions.,Conversational: I've noticed the alarming trend in our office culture and it's starting to concern me.,"GRE: Despite the ___ nature of the evidence, the researchers remained ___ about their conclusions. (fill in: alarming)"
2934,vanished,adjective,having passed out of existence,disappear; vaporize; vanish; fell; go away; fly,appear,"Use ""vanished"" (adjective) when you want to convey having passed out of existence. Appropriate in formal writing, GRE sentence-equivalence, and academic contexts where precision matters.","Avoid ""vanished"" in casual conversation among friends unless you are certain the listener will understand; it can sound pretentious. Also avoid when a simpler synonym suffices.",Academic: A key consideration in modern discourse is how the vanished principle shapes contemporary policy decisions.,"Conversational: Look, the vanished results speak for themselves — we can't ignore them any longer.","GRE: Despite the ___ nature of the evidence, the researchers remained ___ about their conclusions. (fill in: vanished)"
2935,frontal,adjective,of or adjacent to the forehead or frontal bone,frontage; head-on; frontlet; facade,,"Use ""frontal"" (adjective) when you want to convey of or adjacent to the forehead or frontal bone. Appropriate in formal writing, GRE sentence-equivalence, and academic contexts where precision matters.","Avoid ""frontal"" in casual conversation among friends unless you are certain the listener will understand; it can sound pretentious. Also avoid when a simpler synonym suffices.",Academic: Contemporary scholars debate whether the frontal hypothesis adequately explains the observed data.,Conversational: I told him the frontal approach just wouldn't work here — we need to rethink this.,GRE: Analysts noted that the company's ___ strategy had ___ results in the last quarter. (fill in: frontal)
2936,venturesome,adjective,disposed to venture or take risks,daring; audacious; venturous,,"Use ""venturesome"" (adjective) when you want to convey disposed to venture or take risks. Appropriate in formal writing, GRE sentence-equivalence, and academic contexts where precision matters.","Avoid ""venturesome"" in casual conversation among friends unless you are certain the listener will understand; it can sound pretentious. Also avoid when a simpler synonym suffices.",Academic: Contemporary scholars debate whether the venturesome hypothesis adequately explains the observed data.,"Conversational: Look, the venturesome results speak for themselves — we can't ignore them any longer.","GRE: Despite the ___ nature of the evidence, the researchers remained ___ about their conclusions. (fill in: venturesome)"
2937,generous,adjective,more than adequate,,ungenerous; stingy,"Use ""generous"" (adjective) when you want to convey more than adequate. Appropriate in formal writing, GRE sentence-equivalence, and academic contexts where precision matters.","Avoid ""generous"" in casual conversation among friends unless you are certain the listener will understand; it can sound pretentious. Also avoid when a simpler synonym suffices.",Academic: The study concluded that the generous factor played a decisive role in the experimental outcome.,Conversational: I told him the generous approach just wouldn't work here — we need to rethink this.,GRE: The professor described the ___ as a ___ that ___ the entire field of study. (fill in: generous)
2938,subdued,adjective,lacking in light; not bright or harsh,quash; keep down; subdue; repress; subjugate; reduce,,"Use ""subdued"" (adjective) when you want to convey lacking in light; not bright or harsh. Appropriate in formal writing, GRE sentence-equivalence, and academic contexts where precision matters.","Avoid ""subdued"" in casual conversation among friends unless you are certain the listener will understand; it can sound pretentious. Also avoid when a simpler synonym suffices.","Academic: In the scholarly article, the author argued that the subdued phenomenon could not be overlooked.",Conversational: I've noticed the subdued trend in our office culture and it's starting to concern me.,GRE: The author's ___ tone contrasted sharply with the ___ underlying message of the passage. (fill in: subdued)
2939,inadvisable,adjective,not prudent or wise; not recommended,unadvisable,advisable,"Use ""inadvisable"" (adjective) when you want to convey not prudent or wise; not recommended. Appropriate in formal writing, GRE sentence-equivalence, and academic contexts where precision matters.","Avoid ""inadvisable"" in casual conversation among friends unless you are certain the listener will understand; it can sound pretentious. Also avoid when a simpler synonym suffices.",Academic: The study concluded that the inadvisable factor played a decisive role in the experimental outcome.,"Conversational: Look, the inadvisable results speak for themselves — we can't ignore them any longer.",GRE: Analysts noted that the company's ___ strategy had ___ results in the last quarter. (fill in: inadvisable)
2940,puddingheaded,adjective,stupid and confused; ; - Isaac Sterne,addlebrained; muddleheaded; addlepated,,"Use ""puddingheaded"" (adjective) when you want to convey stupid and confused; ; - isaac sterne. Appropriate in formal writing, GRE sentence-equivalence, and academic contexts where precision matters.","Avoid ""puddingheaded"" in casual conversation among friends unless you are certain the listener will understand; it can sound pretentious. Also avoid when a simpler synonym suffices.",Academic: The study concluded that the puddingheaded factor played a decisive role in the experimental outcome.,"Conversational: Honestly, the puddingheaded behavior of the team has been a major source of tension lately.",GRE: The author's ___ tone contrasted sharply with the ___ underlying message of the passage. (fill in: puddingheaded)
2941,assumptive,adjective,accepted as real or true without proof,presumptuous; assuming,,"Use ""assumptive"" (adjective) when you want to convey accepted as real or true without proof. Appropriate in formal writing, GRE sentence-equivalence, and academic contexts where precision matters.","Avoid ""assumptive"" in casual conversation among friends unless you are certain the listener will understand; it can sound pretentious. Also avoid when a simpler synonym suffices.","Academic: In the scholarly article, the author argued that the assumptive phenomenon could not be overlooked.","Conversational: Look, the assumptive results speak for themselves — we can't ignore them any longer.",GRE: The professor described the ___ as a ___ that ___ the entire field of study. (fill in: assumptive)
2942,incomputable,adjective,beyond calculation or measure,inestimable; immeasurable,,"Use ""incomputable"" (adjective) when you want to convey beyond calculation or measure. Appropriate in formal writing, GRE sentence-equivalence, and academic contexts where precision matters.","Avoid ""incomputable"" in casual conversation among friends unless you are certain the listener will understand; it can sound pretentious. Also avoid when a simpler synonym suffices.","Academic: In the scholarly article, the author argued that the incomputable phenomenon could not be overlooked.",Conversational: I told him the incomputable approach just wouldn't work here — we need to rethink this.,GRE: The committee's decision to ___ was met with both praise and criticism from stakeholders. (fill in: incomputable)
2943,panic-struck,adjective,thrown into a state of intense fear or desperation,panicked; panicky; frightened; terrified; panic-stricken,,"Use ""panic-struck"" (adjective) when you want to convey thrown into a state of intense fear or desperation. Appropriate in formal writing, GRE sentence-equivalence, and academic contexts where precision matters.","Avoid ""panic-struck"" in casual conversation among friends unless you are certain the listener will understand; it can sound pretentious. Also avoid when a simpler synonym suffices.",Academic: Contemporary scholars debate whether the panic-struck hypothesis adequately explains the observed data.,"Conversational: Honestly, the panic-struck behavior of the team has been a major source of tension lately.",GRE: The author's ___ tone contrasted sharply with the ___ underlying message of the passage. (fill in: panic-struck)
2944,purple,adjective,of a color intermediate between red and blue,empurple; purpurate; empurpled; over-embellished; purplish; violet,,"Use ""purple"" (adjective) when you want to convey of a color intermediate between red and blue. Appropriate in formal writing, GRE sentence-equivalence, and academic contexts where precision matters.","Avoid ""purple"" in casual conversation among friends unless you are certain the listener will understand; it can sound pretentious. Also avoid when a simpler synonym suffices.","Academic: In the scholarly article, the author argued that the purple phenomenon could not be overlooked.",Conversational: I've noticed the purple trend in our office culture and it's starting to concern me.,GRE: The committee's decision to ___ was met with both praise and criticism from stakeholders. (fill in: purple)
2945,pitchy,adjective,of the blackest black; similar to the color of jet or coal,coal-black; jet; resiny; resinous; jet-black; tarry,,"Use ""pitchy"" (adjective) when you want to convey of the blackest black; similar to the color of jet or coal. Appropriate in formal writing, GRE sentence-equivalence, and academic contexts where precision matters.","Avoid ""pitchy"" in casual conversation among friends unless you are certain the listener will understand; it can sound pretentious. Also avoid when a simpler synonym suffices.",Academic: The researcher's findings revealed that the pitchy effect was statistically significant across all samples.,Conversational: I've noticed the pitchy trend in our office culture and it's starting to concern me.,GRE: The author's ___ tone contrasted sharply with the ___ underlying message of the passage. (fill in: pitchy)
2946,enchanting,adjective,capturing interest as if by a spell,delight; enthrall; ravish; transport; enrapture; enthral,disenchant,"Use ""enchanting"" (adjective) when you want to convey capturing interest as if by a spell. Appropriate in formal writing, GRE sentence-equivalence, and academic contexts where precision matters.","Avoid ""enchanting"" in casual conversation among friends unless you are certain the listener will understand; it can sound pretentious. Also avoid when a simpler synonym suffices.",Academic: Contemporary scholars debate whether the enchanting hypothesis adequately explains the observed data.,"Conversational: You know, it's pretty clear that the enchanting situation needs our immediate attention.",GRE: The author's ___ tone contrasted sharply with the ___ underlying message of the passage. (fill in: enchanting)
2947,blanched,adjective,(especially of plants) developed without chlorophyll by being deprived of light,ashen; white; blanch; blench; bloodless; livid,,"Use ""blanched"" (adjective) when you want to convey (especially of plants) developed without chlorophyll by being deprived of light. Appropriate in formal writing, GRE sentence-equivalence, and academic contexts where precision matters.","Avoid ""blanched"" in casual conversation among friends unless you are certain the listener will understand; it can sound pretentious. Also avoid when a simpler synonym suffices.",Academic: Contemporary scholars debate whether the blanched hypothesis adequately explains the observed data.,Conversational: I told him the blanched approach just wouldn't work here — we need to rethink this.,"GRE: Despite the ___ nature of the evidence, the researchers remained ___ about their conclusions. (fill in: blanched)"
2948,heavy-coated,adjective,wearing a heavy coat,,,"Use ""heavy-coated"" (adjective) when you want to convey wearing a heavy coat. Appropriate in formal writing, GRE sentence-equivalence, and academic contexts where precision matters.","Avoid ""heavy-coated"" in casual conversation among friends unless you are certain the listener will understand; it can sound pretentious. Also avoid when a simpler synonym suffices.",Academic: Contemporary scholars debate whether the heavy-coated hypothesis adequately explains the observed data.,"Conversational: You know, it's pretty clear that the heavy-coated situation needs our immediate attention.",GRE: The committee's decision to ___ was met with both praise and criticism from stakeholders. (fill in: heavy-coated)
2949,purplish-brown,adjective,of brown tinged with purple,purple-brown,,"Use ""purplish-brown"" (adjective) when you want to convey of brown tinged with purple. Appropriate in formal writing, GRE sentence-equivalence, and academic contexts where precision matters.","Avoid ""purplish-brown"" in casual conversation among friends unless you are certain the listener will understand; it can sound pretentious. Also avoid when a simpler synonym suffices.",Academic: Contemporary scholars debate whether the purplish-brown hypothesis adequately explains the observed data.,Conversational: I told him the purplish-brown approach just wouldn't work here — we need to rethink this.,GRE: The committee's decision to ___ was met with both praise and criticism from stakeholders. (fill in: purplish-brown)
2950,elocutionary,adjective,(used of style of speaking) overly embellished,,,"Use ""elocutionary"" (adjective) when you want to convey (used of style of speaking) overly embellished. Appropriate in formal writing, GRE sentence-equivalence, and academic contexts where precision matters.","Avoid ""elocutionary"" in casual conversation among friends unless you are certain the listener will understand; it can sound pretentious. Also avoid when a simpler synonym suffices.",Academic: A key consideration in modern discourse is how the elocutionary principle shapes contemporary policy decisions.,Conversational: I told him the elocutionary approach just wouldn't work here — we need to rethink this.,GRE: Analysts noted that the company's ___ strategy had ___ results in the last quarter. (fill in: elocutionary)
2951,eastside,adjective,of the eastern part of a city e.g. Manhattan,,,"Use ""eastside"" (adjective) when you want to convey of the eastern part of a city e.g. manhattan. Appropriate in formal writing, GRE sentence-equivalence, and academic contexts where precision matters.","Avoid ""eastside"" in casual conversation among friends unless you are certain the listener will understand; it can sound pretentious. Also avoid when a simpler synonym suffices.",Academic: Contemporary scholars debate whether the eastside hypothesis adequately explains the observed data.,"Conversational: Look, the eastside results speak for themselves — we can't ignore them any longer.",GRE: The committee's decision to ___ was met with both praise and criticism from stakeholders. (fill in: eastside)
2952,repudiative,adjective,rejecting emphatically; e.g. refusing to pay or disowning,,,"Use ""repudiative"" (adjective) when you want to convey rejecting emphatically; e.g. refusing to pay or disowning. Appropriate in formal writing, GRE sentence-equivalence, and academic contexts where precision matters.","Avoid ""repudiative"" in casual conversation among friends unless you are certain the listener will understand; it can sound pretentious. Also avoid when a simpler synonym suffices.",Academic: Contemporary scholars debate whether the repudiative hypothesis adequately explains the observed data.,Conversational: I've noticed the repudiative trend in our office culture and it's starting to concern me.,GRE: The professor described the ___ as a ___ that ___ the entire field of study. (fill in: repudiative)
2953,deskbound,adjective,restricted to working in an office rather than in an active physical capacity,desk-bound,,"Use ""deskbound"" (adjective) when you want to convey restricted to working in an office rather than in an active physical capacity. Appropriate in formal writing, GRE sentence-equivalence, and academic contexts where precision matters.","Avoid ""deskbound"" in casual conversation among friends unless you are certain the listener will understand; it can sound pretentious. Also avoid when a simpler synonym suffices.",Academic: The study concluded that the deskbound factor played a decisive role in the experimental outcome.,Conversational: I've noticed the deskbound trend in our office culture and it's starting to concern me.,GRE: The committee's decision to ___ was met with both praise and criticism from stakeholders. (fill in: deskbound)
2954,disenchanted,adjective,freed from enchantment,disenchant; disillusion,enchanted; enchant,"Use ""disenchanted"" (adjective) when you want to convey freed from enchantment. Appropriate in formal writing, GRE sentence-equivalence, and academic contexts where precision matters.","Avoid ""disenchanted"" in casual conversation among friends unless you are certain the listener will understand; it can sound pretentious. Also avoid when a simpler synonym suffices.",Academic: The study concluded that the disenchanted factor played a decisive role in the experimental outcome.,"Conversational: You know, it's pretty clear that the disenchanted situation needs our immediate attention.",GRE: The professor described the ___ as a ___ that ___ the entire field of study. (fill in: disenchanted)
2955,allotted,adjective,given as a task,distribute; lot; mete out; accord; parcel out; dole out,,"Use ""allotted"" (adjective) when you want to convey given as a task. Appropriate in formal writing, GRE sentence-equivalence, and academic contexts where precision matters.","Avoid ""allotted"" in casual conversation among friends unless you are certain the listener will understand; it can sound pretentious. Also avoid when a simpler synonym suffices.",Academic: The study concluded that the allotted factor played a decisive role in the experimental outcome.,Conversational: I told him the allotted approach just wouldn't work here — we need to rethink this.,"GRE: Despite the ___ nature of the evidence, the researchers remained ___ about their conclusions. (fill in: allotted)"
2956,dreadful,adjective,causing fear or dread or terror,dire; direful; fearful; dread; horrific; frightening,,"Use ""dreadful"" (adjective) when you want to convey causing fear or dread or terror. Appropriate in formal writing, GRE sentence-equivalence, and academic contexts where precision matters.","Avoid ""dreadful"" in casual conversation among friends unless you are certain the listener will understand; it can sound pretentious. Also avoid when a simpler synonym suffices.","Academic: In the scholarly article, the author argued that the dreadful phenomenon could not be overlooked.",Conversational: I've noticed the dreadful trend in our office culture and it's starting to concern me.,GRE: The professor described the ___ as a ___ that ___ the entire field of study. (fill in: dreadful)
2957,uncrowned,adjective,not having an (artificial) crown on a tooth; used especially of molars and bicuspids,crownless,crowned,"Use ""uncrowned"" (adjective) when you want to convey not having an (artificial) crown on a tooth; used especially of molars and bicuspids. Appropriate in formal writing, GRE sentence-equivalence, and academic contexts where precision matters.","Avoid ""uncrowned"" in casual conversation among friends unless you are certain the listener will understand; it can sound pretentious. Also avoid when a simpler synonym suffices.",Academic: The study concluded that the uncrowned factor played a decisive role in the experimental outcome.,"Conversational: Honestly, the uncrowned behavior of the team has been a major source of tension lately.",GRE: The committee's decision to ___ was met with both praise and criticism from stakeholders. (fill in: uncrowned)
2958,embarrassing,adjective,hard to deal with; especially causing pain or embarrassment,abash; stymie; stymy; block; embarrass; blockade,,"Use ""embarrassing"" (adjective) when you want to convey hard to deal with; especially causing pain or embarrassment. Appropriate in formal writing, GRE sentence-equivalence, and academic contexts where precision matters.","Avoid ""embarrassing"" in casual conversation among friends unless you are certain the listener will understand; it can sound pretentious. Also avoid when a simpler synonym suffices.","Academic: In the scholarly article, the author argued that the embarrassing phenomenon could not be overlooked.","Conversational: You know, it's pretty clear that the embarrassing situation needs our immediate attention.",GRE: The author's ___ tone contrasted sharply with the ___ underlying message of the passage. (fill in: embarrassing)
2959,dighted,adjective,dressed or adorned (as for battle),,,"Use ""dighted"" (adjective) when you want to convey dressed or adorned (as for battle). Appropriate in formal writing, GRE sentence-equivalence, and academic contexts where precision matters.","Avoid ""dighted"" in casual conversation among friends unless you are certain the listener will understand; it can sound pretentious. Also avoid when a simpler synonym suffices.",Academic: The researcher's findings revealed that the dighted effect was statistically significant across all samples.,"Conversational: Honestly, the dighted behavior of the team has been a major source of tension lately.",GRE: Analysts noted that the company's ___ strategy had ___ results in the last quarter. (fill in: dighted)
2960,deathly,adjective,having the physical appearance of death,deathlike; mortal; deadly,,"Use ""deathly"" (adjective) when you want to convey having the physical appearance of death. Appropriate in formal writing, GRE sentence-equivalence, and academic contexts where precision matters.","Avoid ""deathly"" in casual conversation among friends unless you are certain the listener will understand; it can sound pretentious. Also avoid when a simpler synonym suffices.",Academic: The researcher's findings revealed that the deathly effect was statistically significant across all samples.,"Conversational: Honestly, the deathly behavior of the team has been a major source of tension lately.",GRE: The committee's decision to ___ was met with both praise and criticism from stakeholders. (fill in: deathly)
2961,uncontaminating,adjective,not spreading pollution or contamination; especially radioactive contamination,clean,dirty,"Use ""uncontaminating"" (adjective) when you want to convey not spreading pollution or contamination; especially radioactive contamination. Appropriate in formal writing, GRE sentence-equivalence, and academic contexts where precision matters.","Avoid ""uncontaminating"" in casual conversation among friends unless you are certain the listener will understand; it can sound pretentious. Also avoid when a simpler synonym suffices.",Academic: The researcher's findings revealed that the uncontaminating effect was statistically significant across all samples.,"Conversational: Honestly, the uncontaminating behavior of the team has been a major source of tension lately.","GRE: Despite the ___ nature of the evidence, the researchers remained ___ about their conclusions. (fill in: uncontaminating)"
2962,payable,adjective,subject to or requiring payment especially as specified,collectible; collectable; account payable,,"Use ""payable"" (adjective) when you want to convey subject to or requiring payment especially as specified. Appropriate in formal writing, GRE sentence-equivalence, and academic contexts where precision matters.","Avoid ""payable"" in casual conversation among friends unless you are certain the listener will understand; it can sound pretentious. Also avoid when a simpler synonym suffices.",Academic: The researcher's findings revealed that the payable effect was statistically significant across all samples.,"Conversational: You know, it's pretty clear that the payable situation needs our immediate attention.",GRE: The author's ___ tone contrasted sharply with the ___ underlying message of the passage. (fill in: payable)
2963,ruffled,adjective,having decorative ruffles or frills,swagger; sashay; ruffle; strut; tittup; cock,,"Use ""ruffled"" (adjective) when you want to convey having decorative ruffles or frills. Appropriate in formal writing, GRE sentence-equivalence, and academic contexts where precision matters.","Avoid ""ruffled"" in casual conversation among friends unless you are certain the listener will understand; it can sound pretentious. Also avoid when a simpler synonym suffices.",Academic: A key consideration in modern discourse is how the ruffled principle shapes contemporary policy decisions.,Conversational: I told him the ruffled approach just wouldn't work here — we need to rethink this.,GRE: The committee's decision to ___ was met with both praise and criticism from stakeholders. (fill in: ruffled)
2964,learned,adjective,highly educated; having extensive information or understanding,find out; get a line; discover; hear; see; get wind,unconditioned,"Use ""learned"" (adjective) when you want to convey highly educated; having extensive information or understanding. Appropriate in formal writing, GRE sentence-equivalence, and academic contexts where precision matters.","Avoid ""learned"" in casual conversation among friends unless you are certain the listener will understand; it can sound pretentious. Also avoid when a simpler synonym suffices.","Academic: In the scholarly article, the author argued that the learned phenomenon could not be overlooked.","Conversational: Honestly, the learned behavior of the team has been a major source of tension lately.","GRE: Despite the ___ nature of the evidence, the researchers remained ___ about their conclusions. (fill in: learned)"
2965,claustrophobic,adjective,uncomfortably closed or hemmed in,,,"Use ""claustrophobic"" (adjective) when you want to convey uncomfortably closed or hemmed in. Appropriate in formal writing, GRE sentence-equivalence, and academic contexts where precision matters.","Avoid ""claustrophobic"" in casual conversation among friends unless you are certain the listener will understand; it can sound pretentious. Also avoid when a simpler synonym suffices.","Academic: In the scholarly article, the author argued that the claustrophobic phenomenon could not be overlooked.","Conversational: Honestly, the claustrophobic behavior of the team has been a major source of tension lately.",GRE: Analysts noted that the company's ___ strategy had ___ results in the last quarter. (fill in: claustrophobic)
2966,discriminable,adjective,capable of being discriminated,,,"Use ""discriminable"" (adjective) when you want to convey capable of being discriminated. Appropriate in formal writing, GRE sentence-equivalence, and academic contexts where precision matters.","Avoid ""discriminable"" in casual conversation among friends unless you are certain the listener will understand; it can sound pretentious. Also avoid when a simpler synonym suffices.",Academic: The study concluded that the discriminable factor played a decisive role in the experimental outcome.,"Conversational: Honestly, the discriminable behavior of the team has been a major source of tension lately.",GRE: The professor described the ___ as a ___ that ___ the entire field of study. (fill in: discriminable)
2967,botonnee,adjective,(of a heraldic cross) having a cluster of three buttons or knobs at the end of each arm,botonee,,"Use ""botonnee"" (adjective) when you want to convey (of a heraldic cross) having a cluster of three buttons or knobs at the end of each arm. Appropriate in formal writing, GRE sentence-equivalence, and academic contexts where precision matters.","Avoid ""botonnee"" in casual conversation among friends unless you are certain the listener will understand; it can sound pretentious. Also avoid when a simpler synonym suffices.",Academic: The study concluded that the botonnee factor played a decisive role in the experimental outcome.,"Conversational: You know, it's pretty clear that the botonnee situation needs our immediate attention.",GRE: The committee's decision to ___ was met with both praise and criticism from stakeholders. (fill in: botonnee)
2968,uncousinly,adjective,not befitting a cousin,,cousinly,"Use ""uncousinly"" (adjective) when you want to convey not befitting a cousin. Appropriate in formal writing, GRE sentence-equivalence, and academic contexts where precision matters.","Avoid ""uncousinly"" in casual conversation among friends unless you are certain the listener will understand; it can sound pretentious. Also avoid when a simpler synonym suffices.",Academic: The researcher's findings revealed that the uncousinly effect was statistically significant across all samples.,Conversational: I told him the uncousinly approach just wouldn't work here — we need to rethink this.,GRE: The author's ___ tone contrasted sharply with the ___ underlying message of the passage. (fill in: uncousinly)
2969,inartistic,adjective,lacking aesthetic sensibility,unartistic,,"Use ""inartistic"" (adjective) when you want to convey lacking aesthetic sensibility. Appropriate in formal writing, GRE sentence-equivalence, and academic contexts where precision matters.","Avoid ""inartistic"" in casual conversation among friends unless you are certain the listener will understand; it can sound pretentious. Also avoid when a simpler synonym suffices.",Academic: Contemporary scholars debate whether the inartistic hypothesis adequately explains the observed data.,Conversational: I told him the inartistic approach just wouldn't work here — we need to rethink this.,"GRE: Despite the ___ nature of the evidence, the researchers remained ___ about their conclusions. (fill in: inartistic)"
2970,nontransferable,adjective,incapable of being transferred,unassignable; untransferable,,"Use ""nontransferable"" (adjective) when you want to convey incapable of being transferred. Appropriate in formal writing, GRE sentence-equivalence, and academic contexts where precision matters.","Avoid ""nontransferable"" in casual conversation among friends unless you are certain the listener will understand; it can sound pretentious. Also avoid when a simpler synonym suffices.",Academic: Contemporary scholars debate whether the nontransferable hypothesis adequately explains the observed data.,Conversational: I've noticed the nontransferable trend in our office culture and it's starting to concern me.,"GRE: Despite the ___ nature of the evidence, the researchers remained ___ about their conclusions. (fill in: nontransferable)"
2971,retrorse,adjective,bent or curved backward or downward,,antrorse,"Use ""retrorse"" (adjective) when you want to convey bent or curved backward or downward. Appropriate in formal writing, GRE sentence-equivalence, and academic contexts where precision matters.","Avoid ""retrorse"" in casual conversation among friends unless you are certain the listener will understand; it can sound pretentious. Also avoid when a simpler synonym suffices.","Academic: In the scholarly article, the author argued that the retrorse phenomenon could not be overlooked.","Conversational: Honestly, the retrorse behavior of the team has been a major source of tension lately.",GRE: The committee's decision to ___ was met with both praise and criticism from stakeholders. (fill in: retrorse)
2972,walk-on,adjective,not capable of or especially not involving speech or spoken lines,nonspeaking,speaking,"Use ""walk-on"" (adjective) when you want to convey not capable of or especially not involving speech or spoken lines. Appropriate in formal writing, GRE sentence-equivalence, and academic contexts where precision matters.","Avoid ""walk-on"" in casual conversation among friends unless you are certain the listener will understand; it can sound pretentious. Also avoid when a simpler synonym suffices.",Academic: A key consideration in modern discourse is how the walk-on principle shapes contemporary policy decisions.,"Conversational: Look, the walk-on results speak for themselves — we can't ignore them any longer.",GRE: The author's ___ tone contrasted sharply with the ___ underlying message of the passage. (fill in: walk-on)
2973,preparatory,adjective,preceding and preparing for something,propaedeutic; preparative,,"Use ""preparatory"" (adjective) when you want to convey preceding and preparing for something. Appropriate in formal writing, GRE sentence-equivalence, and academic contexts where precision matters.","Avoid ""preparatory"" in casual conversation among friends unless you are certain the listener will understand; it can sound pretentious. Also avoid when a simpler synonym suffices.",Academic: The study concluded that the preparatory factor played a decisive role in the experimental outcome.,"Conversational: You know, it's pretty clear that the preparatory situation needs our immediate attention.","GRE: Despite the ___ nature of the evidence, the researchers remained ___ about their conclusions. (fill in: preparatory)"
2974,undated,adjective,not bearing a date,dateless,,"Use ""undated"" (adjective) when you want to convey not bearing a date. Appropriate in formal writing, GRE sentence-equivalence, and academic contexts where precision matters.","Avoid ""undated"" in casual conversation among friends unless you are certain the listener will understand; it can sound pretentious. Also avoid when a simpler synonym suffices.","Academic: In the scholarly article, the author argued that the undated phenomenon could not be overlooked.","Conversational: Look, the undated results speak for themselves — we can't ignore them any longer.",GRE: Analysts noted that the company's ___ strategy had ___ results in the last quarter. (fill in: undated)
2975,jammed,adjective,filled to capacity,throng; pack; mob; crush; pile; jam,free,"Use ""jammed"" (adjective) when you want to convey filled to capacity. Appropriate in formal writing, GRE sentence-equivalence, and academic contexts where precision matters.","Avoid ""jammed"" in casual conversation among friends unless you are certain the listener will understand; it can sound pretentious. Also avoid when a simpler synonym suffices.","Academic: In the scholarly article, the author argued that the jammed phenomenon could not be overlooked.","Conversational: Honestly, the jammed behavior of the team has been a major source of tension lately.",GRE: The author's ___ tone contrasted sharply with the ___ underlying message of the passage. (fill in: jammed)
2976,spongelike,adjective,like a sponge in being able to absorb liquids and yield it back when compressed,spongy; squashy; squishy,,"Use ""spongelike"" (adjective) when you want to convey like a sponge in being able to absorb liquids and yield it back when compressed. Appropriate in formal writing, GRE sentence-equivalence, and academic contexts where precision matters.","Avoid ""spongelike"" in casual conversation among friends unless you are certain the listener will understand; it can sound pretentious. Also avoid when a simpler synonym suffices.",Academic: Contemporary scholars debate whether the spongelike hypothesis adequately explains the observed data.,"Conversational: You know, it's pretty clear that the spongelike situation needs our immediate attention.",GRE: Analysts noted that the company's ___ strategy had ___ results in the last quarter. (fill in: spongelike)
2977,miasmic,adjective,filled with vapor,miasmal; mephitic; vaporous; vapourous,,"Use ""miasmic"" (adjective) when you want to convey filled with vapor. Appropriate in formal writing, GRE sentence-equivalence, and academic contexts where precision matters.","Avoid ""miasmic"" in casual conversation among friends unless you are certain the listener will understand; it can sound pretentious. Also avoid when a simpler synonym suffices.",Academic: Contemporary scholars debate whether the miasmic hypothesis adequately explains the observed data.,Conversational: I told him the miasmic approach just wouldn't work here — we need to rethink this.,GRE: The professor described the ___ as a ___ that ___ the entire field of study. (fill in: miasmic)
2978,flustered,adjective,thrown into a state of agitated confusion; (`rattled' is an informal term),rattled; fluster; hot and bothered; perturbed,,"Use ""flustered"" (adjective) when you want to convey thrown into a state of agitated confusion; (`rattled' is an informal term). Appropriate in formal writing, GRE sentence-equivalence, and academic contexts where precision matters.","Avoid ""flustered"" in casual conversation among friends unless you are certain the listener will understand; it can sound pretentious. Also avoid when a simpler synonym suffices.",Academic: Contemporary scholars debate whether the flustered hypothesis adequately explains the observed data.,"Conversational: Look, the flustered results speak for themselves — we can't ignore them any longer.","GRE: Despite the ___ nature of the evidence, the researchers remained ___ about their conclusions. (fill in: flustered)"
2979,red-carpet,adjective,special treatment or hospitality,red carpet,,"Use ""red-carpet"" (adjective) when you want to convey special treatment or hospitality. Appropriate in formal writing, GRE sentence-equivalence, and academic contexts where precision matters.","Avoid ""red-carpet"" in casual conversation among friends unless you are certain the listener will understand; it can sound pretentious. Also avoid when a simpler synonym suffices.","Academic: In the scholarly article, the author argued that the red-carpet phenomenon could not be overlooked.",Conversational: I've noticed the red-carpet trend in our office culture and it's starting to concern me.,GRE: Analysts noted that the company's ___ strategy had ___ results in the last quarter. (fill in: red-carpet)
2980,expedient,adjective,serving to promote your interest,,inexpedient,"Use ""expedient"" (adjective) when you want to convey serving to promote your interest. Appropriate in formal writing, GRE sentence-equivalence, and academic contexts where precision matters.","Avoid ""expedient"" in casual conversation among friends unless you are certain the listener will understand; it can sound pretentious. Also avoid when a simpler synonym suffices.",Academic: The researcher's findings revealed that the expedient effect was statistically significant across all samples.,"Conversational: Honestly, the expedient behavior of the team has been a major source of tension lately.",GRE: The author's ___ tone contrasted sharply with the ___ underlying message of the passage. (fill in: expedient)
2981,licked,adjective,having been got the better of,lick; cream; bat; clobber; drub; thrash,,"Use ""licked"" (adjective) when you want to convey having been got the better of. Appropriate in formal writing, GRE sentence-equivalence, and academic contexts where precision matters.","Avoid ""licked"" in casual conversation among friends unless you are certain the listener will understand; it can sound pretentious. Also avoid when a simpler synonym suffices.",Academic: The researcher's findings revealed that the licked effect was statistically significant across all samples.,Conversational: I told him the licked approach just wouldn't work here — we need to rethink this.,GRE: The author's ___ tone contrasted sharply with the ___ underlying message of the passage. (fill in: licked)
2982,disobliging,adjective,intentionally unaccommodating,incommode; trouble; inconvenience; bother; put out; discommode,oblige,"Use ""disobliging"" (adjective) when you want to convey intentionally unaccommodating. Appropriate in formal writing, GRE sentence-equivalence, and academic contexts where precision matters.","Avoid ""disobliging"" in casual conversation among friends unless you are certain the listener will understand; it can sound pretentious. Also avoid when a simpler synonym suffices.",Academic: The study concluded that the disobliging factor played a decisive role in the experimental outcome.,Conversational: I've noticed the disobliging trend in our office culture and it's starting to concern me.,"GRE: Despite the ___ nature of the evidence, the researchers remained ___ about their conclusions. (fill in: disobliging)"
2983,recurring,adjective,coming back,revenant; go back; fall back; repeat; recur; resort,,"Use ""recurring"" (adjective) when you want to convey coming back. Appropriate in formal writing, GRE sentence-equivalence, and academic contexts where precision matters.","Avoid ""recurring"" in casual conversation among friends unless you are certain the listener will understand; it can sound pretentious. Also avoid when a simpler synonym suffices.","Academic: In the scholarly article, the author argued that the recurring phenomenon could not be overlooked.","Conversational: You know, it's pretty clear that the recurring situation needs our immediate attention.","GRE: Despite the ___ nature of the evidence, the researchers remained ___ about their conclusions. (fill in: recurring)"
2984,excited,adjective,(of persons) excessively affected by emotion,turn on; stimulate; stir; agitate; charge; commove,stifle; unexcited; calm,"Use ""excited"" (adjective) when you want to convey (of persons) excessively affected by emotion. Appropriate in formal writing, GRE sentence-equivalence, and academic contexts where precision matters.","Avoid ""excited"" in casual conversation among friends unless you are certain the listener will understand; it can sound pretentious. Also avoid when a simpler synonym suffices.",Academic: Contemporary scholars debate whether the excited hypothesis adequately explains the observed data.,"Conversational: Honestly, the excited behavior of the team has been a major source of tension lately.",GRE: Analysts noted that the company's ___ strategy had ___ results in the last quarter. (fill in: excited)
2985,damaged,adjective,harmed or injured or spoiled,discredited; damage,undamaged,"Use ""damaged"" (adjective) when you want to convey harmed or injured or spoiled. Appropriate in formal writing, GRE sentence-equivalence, and academic contexts where precision matters.","Avoid ""damaged"" in casual conversation among friends unless you are certain the listener will understand; it can sound pretentious. Also avoid when a simpler synonym suffices.","Academic: In the scholarly article, the author argued that the damaged phenomenon could not be overlooked.","Conversational: You know, it's pretty clear that the damaged situation needs our immediate attention.","GRE: Despite the ___ nature of the evidence, the researchers remained ___ about their conclusions. (fill in: damaged)"
2986,unembodied,adjective,not having a material body,bodiless; discorporate; disembodied; unbodied,,"Use ""unembodied"" (adjective) when you want to convey not having a material body. Appropriate in formal writing, GRE sentence-equivalence, and academic contexts where precision matters.","Avoid ""unembodied"" in casual conversation among friends unless you are certain the listener will understand; it can sound pretentious. Also avoid when a simpler synonym suffices.",Academic: A key consideration in modern discourse is how the unembodied principle shapes contemporary policy decisions.,Conversational: I've noticed the unembodied trend in our office culture and it's starting to concern me.,GRE: The professor described the ___ as a ___ that ___ the entire field of study. (fill in: unembodied)
2987,unconfined,adjective,not confined,unimprisoned,confined,"Use ""unconfined"" (adjective) when you want to convey not confined. Appropriate in formal writing, GRE sentence-equivalence, and academic contexts where precision matters.","Avoid ""unconfined"" in casual conversation among friends unless you are certain the listener will understand; it can sound pretentious. Also avoid when a simpler synonym suffices.",Academic: The study concluded that the unconfined factor played a decisive role in the experimental outcome.,"Conversational: Honestly, the unconfined behavior of the team has been a major source of tension lately.",GRE: Analysts noted that the company's ___ strategy had ___ results in the last quarter. (fill in: unconfined)
2988,schoolwide,adjective,occurring or extending throughout a school,,,"Use ""schoolwide"" (adjective) when you want to convey occurring or extending throughout a school. Appropriate in formal writing, GRE sentence-equivalence, and academic contexts where precision matters.","Avoid ""schoolwide"" in casual conversation among friends unless you are certain the listener will understand; it can sound pretentious. Also avoid when a simpler synonym suffices.",Academic: Contemporary scholars debate whether the schoolwide hypothesis adequately explains the observed data.,Conversational: I've noticed the schoolwide trend in our office culture and it's starting to concern me.,GRE: The professor described the ___ as a ___ that ___ the entire field of study. (fill in: schoolwide)
2989,vicarious,adjective,suffered or done by one person as a substitute for another,,,"Use ""vicarious"" (adjective) when you want to convey suffered or done by one person as a substitute for another. Appropriate in formal writing, GRE sentence-equivalence, and academic contexts where precision matters.","Avoid ""vicarious"" in casual conversation among friends unless you are certain the listener will understand; it can sound pretentious. Also avoid when a simpler synonym suffices.","Academic: In the scholarly article, the author argued that the vicarious phenomenon could not be overlooked.",Conversational: I told him the vicarious approach just wouldn't work here — we need to rethink this.,GRE: The author's ___ tone contrasted sharply with the ___ underlying message of the passage. (fill in: vicarious)
2990,record-breaking,adjective,surpassing any previously established record,,,"Use ""record-breaking"" (adjective) when you want to convey surpassing any previously established record. Appropriate in formal writing, GRE sentence-equivalence, and academic contexts where precision matters.","Avoid ""record-breaking"" in casual conversation among friends unless you are certain the listener will understand; it can sound pretentious. Also avoid when a simpler synonym suffices.",Academic: Contemporary scholars debate whether the record-breaking hypothesis adequately explains the observed data.,"Conversational: You know, it's pretty clear that the record-breaking situation needs our immediate attention.",GRE: The professor described the ___ as a ___ that ___ the entire field of study. (fill in: record-breaking)
2991,inscribed,adjective,cut or impressed into a surface,recruit; grave; engrave; inscribe; enter; scratch,,"Use ""inscribed"" (adjective) when you want to convey cut or impressed into a surface. Appropriate in formal writing, GRE sentence-equivalence, and academic contexts where precision matters.","Avoid ""inscribed"" in casual conversation among friends unless you are certain the listener will understand; it can sound pretentious. Also avoid when a simpler synonym suffices.","Academic: In the scholarly article, the author argued that the inscribed phenomenon could not be overlooked.","Conversational: Look, the inscribed results speak for themselves — we can't ignore them any longer.",GRE: The committee's decision to ___ was met with both praise and criticism from stakeholders. (fill in: inscribed)
2992,archean,adjective,of or relating to the earliest known rocks formed during the Precambrian Eon,Archean aeon; Archaeozoic; Archeozoic eon; Archeozoic; Archean eon; Archaeozoic aeon,,"Use ""archean"" (adjective) when you want to convey of or relating to the earliest known rocks formed during the precambrian eon. Appropriate in formal writing, GRE sentence-equivalence, and academic contexts where precision matters.","Avoid ""archean"" in casual conversation among friends unless you are certain the listener will understand; it can sound pretentious. Also avoid when a simpler synonym suffices.",Academic: The researcher's findings revealed that the archean effect was statistically significant across all samples.,Conversational: I've noticed the archean trend in our office culture and it's starting to concern me.,GRE: The professor described the ___ as a ___ that ___ the entire field of study. (fill in: archean)
2993,combustive,adjective,supporting combustion,comburant; comburent,,"Use ""combustive"" (adjective) when you want to convey supporting combustion. Appropriate in formal writing, GRE sentence-equivalence, and academic contexts where precision matters.","Avoid ""combustive"" in casual conversation among friends unless you are certain the listener will understand; it can sound pretentious. Also avoid when a simpler synonym suffices.",Academic: The study concluded that the combustive factor played a decisive role in the experimental outcome.,Conversational: I told him the combustive approach just wouldn't work here — we need to rethink this.,GRE: The author's ___ tone contrasted sharply with the ___ underlying message of the passage. (fill in: combustive)
2994,bundled-up,adjective,dressed warmly,,,"Use ""bundled-up"" (adjective) when you want to convey dressed warmly. Appropriate in formal writing, GRE sentence-equivalence, and academic contexts where precision matters.","Avoid ""bundled-up"" in casual conversation among friends unless you are certain the listener will understand; it can sound pretentious. Also avoid when a simpler synonym suffices.",Academic: Contemporary scholars debate whether the bundled-up hypothesis adequately explains the observed data.,"Conversational: Honestly, the bundled-up behavior of the team has been a major source of tension lately.",GRE: The professor described the ___ as a ___ that ___ the entire field of study. (fill in: bundled-up)
2995,third-dimensional,adjective,involving or relating to three dimensions or aspects; giving the illusion of depth,three-dimensional; 3-dimensional; three-d,,"Use ""third-dimensional"" (adjective) when you want to convey involving or relating to three dimensions or aspects; giving the illusion of depth. Appropriate in formal writing, GRE sentence-equivalence, and academic contexts where precision matters.","Avoid ""third-dimensional"" in casual conversation among friends unless you are certain the listener will understand; it can sound pretentious. Also avoid when a simpler synonym suffices.",Academic: A key consideration in modern discourse is how the third-dimensional principle shapes contemporary policy decisions.,"Conversational: Look, the third-dimensional results speak for themselves — we can't ignore them any longer.",GRE: The professor described the ___ as a ___ that ___ the entire field of study. (fill in: third-dimensional)
2996,gestural,adjective,used of the language of the deaf,sign; signed; nonverbal; sign-language,,"Use ""gestural"" (adjective) when you want to convey used of the language of the deaf. Appropriate in formal writing, GRE sentence-equivalence, and academic contexts where precision matters.","Avoid ""gestural"" in casual conversation among friends unless you are certain the listener will understand; it can sound pretentious. Also avoid when a simpler synonym suffices.",Academic: The researcher's findings revealed that the gestural effect was statistically significant across all samples.,"Conversational: Honestly, the gestural behavior of the team has been a major source of tension lately.",GRE: The professor described the ___ as a ___ that ___ the entire field of study. (fill in: gestural)
2997,focussed,adjective,(of light rays) converging on a point,focused,unfocused,"Use ""focussed"" (adjective) when you want to convey (of light rays) converging on a point. Appropriate in formal writing, GRE sentence-equivalence, and academic contexts where precision matters.","Avoid ""focussed"" in casual conversation among friends unless you are certain the listener will understand; it can sound pretentious. Also avoid when a simpler synonym suffices.",Academic: The researcher's findings revealed that the focussed effect was statistically significant across all samples.,"Conversational: Look, the focussed results speak for themselves — we can't ignore them any longer.",GRE: The author's ___ tone contrasted sharply with the ___ underlying message of the passage. (fill in: focussed)
2998,foremost,adjective,ranking above all others,first of all; first off; world-class; firstly; frontmost; first,,"Use ""foremost"" (adjective) when you want to convey ranking above all others. Appropriate in formal writing, GRE sentence-equivalence, and academic contexts where precision matters.","Avoid ""foremost"" in casual conversation among friends unless you are certain the listener will understand; it can sound pretentious. Also avoid when a simpler synonym suffices.",Academic: A key consideration in modern discourse is how the foremost principle shapes contemporary policy decisions.,"Conversational: You know, it's pretty clear that the foremost situation needs our immediate attention.",GRE: Analysts noted that the company's ___ strategy had ___ results in the last quarter. (fill in: foremost)
2999,contraclockwise,adjective,in the direction opposite to the rotation of the hands of a clock,counterclockwise; anticlockwise,clockwise,"Use ""contraclockwise"" (adjective) when you want to convey in the direction opposite to the rotation of the hands of a clock. Appropriate in formal writing, GRE sentence-equivalence, and academic contexts where precision matters.","Avoid ""contraclockwise"" in casual conversation among friends unless you are certain the listener will understand; it can sound pretentious. Also avoid when a simpler synonym suffices.","Academic: In the scholarly article, the author argued that the contraclockwise phenomenon could not be overlooked.",Conversational: I've noticed the contraclockwise trend in our office culture and it's starting to concern me.,"GRE: Despite the ___ nature of the evidence, the researchers remained ___ about their conclusions. (fill in: contraclockwise)"
3000,unbowed,adjective,not forced to bow down to a conqueror,straight; unbent,,"Use ""unbowed"" (adjective) when you want to convey not forced to bow down to a conqueror. Appropriate in formal writing, GRE sentence-equivalence, and academic contexts where precision matters.","Avoid ""unbowed"" in casual conversation among friends unless you are certain the listener will understand; it can sound pretentious. Also avoid when a simpler synonym suffices.","Academic: In the scholarly article, the author argued that the unbowed phenomenon could not be overlooked.","Conversational: You know, it's pretty clear that the unbowed situation needs our immediate attention.",GRE: Analysts noted that the company's ___ strategy had ___ results in the last quarter. (fill in: unbowed)
