rank,word,pos,definition,synonyms,antonyms,usage_where,usage_where_not,example_1,example_2,example_3
1801,armored,adjective,used of animals; provided with protective covering,armour; armor; armoured; panoplied,unarmored,"Use ""armored"" (adjective) when you want to convey used of animals; provided with protective covering. Appropriate in formal writing, GRE sentence-equivalence, and academic contexts where precision matters.","Avoid ""armored"" in casual conversation among friends unless you are certain the listener will understand; it can sound pretentious. Also avoid when a simpler synonym suffices.",Academic: A key consideration in modern discourse is how the armored principle shapes contemporary policy decisions.,"Conversational: Look, the armored results speak for themselves — we can't ignore them any longer.",GRE: The professor described the ___ as a ___ that ___ the entire field of study. (fill in: armored)
1802,insurmountable,adjective,impossible to surmount,unsurmountable; insuperable,surmountable,"Use ""insurmountable"" (adjective) when you want to convey impossible to surmount. Appropriate in formal writing, GRE sentence-equivalence, and academic contexts where precision matters.","Avoid ""insurmountable"" in casual conversation among friends unless you are certain the listener will understand; it can sound pretentious. Also avoid when a simpler synonym suffices.",Academic: The researcher's findings revealed that the insurmountable effect was statistically significant across all samples.,"Conversational: Honestly, the insurmountable behavior of the team has been a major source of tension lately.",GRE: The committee's decision to ___ was met with both praise and criticism from stakeholders. (fill in: insurmountable)
1803,shifting,adjective,(of soil) unstable,shift; switch; change over; dislodge; transfer; reposition,,"Use ""shifting"" (adjective) when you want to convey (of soil) unstable. Appropriate in formal writing, GRE sentence-equivalence, and academic contexts where precision matters.","Avoid ""shifting"" in casual conversation among friends unless you are certain the listener will understand; it can sound pretentious. Also avoid when a simpler synonym suffices.","Academic: In the scholarly article, the author argued that the shifting phenomenon could not be overlooked.",Conversational: I've noticed the shifting trend in our office culture and it's starting to concern me.,GRE: Analysts noted that the company's ___ strategy had ___ results in the last quarter. (fill in: shifting)
1804,alcohol-dependent,adjective,addicted to alcohol; - Carl Van Doren,alcoholic,,"Use ""alcohol-dependent"" (adjective) when you want to convey addicted to alcohol; - carl van doren. Appropriate in formal writing, GRE sentence-equivalence, and academic contexts where precision matters.","Avoid ""alcohol-dependent"" in casual conversation among friends unless you are certain the listener will understand; it can sound pretentious. Also avoid when a simpler synonym suffices.",Academic: A key consideration in modern discourse is how the alcohol-dependent principle shapes contemporary policy decisions.,"Conversational: Honestly, the alcohol-dependent behavior of the team has been a major source of tension lately.","GRE: Despite the ___ nature of the evidence, the researchers remained ___ about their conclusions. (fill in: alcohol-dependent)"
1805,protective,adjective,(usually followed by `of') solicitously caring or mindful,,unprotective,"Use ""protective"" (adjective) when you want to convey (usually followed by `of') solicitously caring or mindful. Appropriate in formal writing, GRE sentence-equivalence, and academic contexts where precision matters.","Avoid ""protective"" in casual conversation among friends unless you are certain the listener will understand; it can sound pretentious. Also avoid when a simpler synonym suffices.",Academic: Contemporary scholars debate whether the protective hypothesis adequately explains the observed data.,"Conversational: You know, it's pretty clear that the protective situation needs our immediate attention.","GRE: Despite the ___ nature of the evidence, the researchers remained ___ about their conclusions. (fill in: protective)"
1806,undaunted,adjective,resolutely courageous,undismayed; unshaken,,"Use ""undaunted"" (adjective) when you want to convey resolutely courageous. Appropriate in formal writing, GRE sentence-equivalence, and academic contexts where precision matters.","Avoid ""undaunted"" in casual conversation among friends unless you are certain the listener will understand; it can sound pretentious. Also avoid when a simpler synonym suffices.",Academic: The study concluded that the undaunted factor played a decisive role in the experimental outcome.,"Conversational: Honestly, the undaunted behavior of the team has been a major source of tension lately.",GRE: The committee's decision to ___ was met with both praise and criticism from stakeholders. (fill in: undaunted)
1807,nonviable,adjective,not capable of living or developing successfully,,,"Use ""nonviable"" (adjective) when you want to convey not capable of living or developing successfully. Appropriate in formal writing, GRE sentence-equivalence, and academic contexts where precision matters.","Avoid ""nonviable"" in casual conversation among friends unless you are certain the listener will understand; it can sound pretentious. Also avoid when a simpler synonym suffices.",Academic: The study concluded that the nonviable factor played a decisive role in the experimental outcome.,"Conversational: Honestly, the nonviable behavior of the team has been a major source of tension lately.",GRE: The author's ___ tone contrasted sharply with the ___ underlying message of the passage. (fill in: nonviable)
1808,consolidative,adjective,tending to consolidate,unifying; integrative,,"Use ""consolidative"" (adjective) when you want to convey tending to consolidate. Appropriate in formal writing, GRE sentence-equivalence, and academic contexts where precision matters.","Avoid ""consolidative"" in casual conversation among friends unless you are certain the listener will understand; it can sound pretentious. Also avoid when a simpler synonym suffices.",Academic: The researcher's findings revealed that the consolidative effect was statistically significant across all samples.,"Conversational: You know, it's pretty clear that the consolidative situation needs our immediate attention.",GRE: The author's ___ tone contrasted sharply with the ___ underlying message of the passage. (fill in: consolidative)
1809,numberless,adjective,too numerous to be counted,countless; unnumberable; uncounted; multitudinous; unnumerable; innumerable,,"Use ""numberless"" (adjective) when you want to convey too numerous to be counted. Appropriate in formal writing, GRE sentence-equivalence, and academic contexts where precision matters.","Avoid ""numberless"" in casual conversation among friends unless you are certain the listener will understand; it can sound pretentious. Also avoid when a simpler synonym suffices.",Academic: A key consideration in modern discourse is how the numberless principle shapes contemporary policy decisions.,Conversational: I told him the numberless approach just wouldn't work here — we need to rethink this.,"GRE: Despite the ___ nature of the evidence, the researchers remained ___ about their conclusions. (fill in: numberless)"
1810,negroid,adjective,characteristic of people traditionally classified as the Negro race,Negro; blackamoor; Black person; Black,,"Use ""negroid"" (adjective) when you want to convey characteristic of people traditionally classified as the negro race. Appropriate in formal writing, GRE sentence-equivalence, and academic contexts where precision matters.","Avoid ""negroid"" in casual conversation among friends unless you are certain the listener will understand; it can sound pretentious. Also avoid when a simpler synonym suffices.",Academic: Contemporary scholars debate whether the negroid hypothesis adequately explains the observed data.,"Conversational: Look, the negroid results speak for themselves — we can't ignore them any longer.","GRE: Despite the ___ nature of the evidence, the researchers remained ___ about their conclusions. (fill in: negroid)"
1811,quadrupedal,adjective,having four feet,four-footed; quadruped,bipedal; biped,"Use ""quadrupedal"" (adjective) when you want to convey having four feet. Appropriate in formal writing, GRE sentence-equivalence, and academic contexts where precision matters.","Avoid ""quadrupedal"" in casual conversation among friends unless you are certain the listener will understand; it can sound pretentious. Also avoid when a simpler synonym suffices.",Academic: The researcher's findings revealed that the quadrupedal effect was statistically significant across all samples.,Conversational: I told him the quadrupedal approach just wouldn't work here — we need to rethink this.,"GRE: Despite the ___ nature of the evidence, the researchers remained ___ about their conclusions. (fill in: quadrupedal)"
1812,man-to-man,adjective,forthright and honest,one-on-one,,"Use ""man-to-man"" (adjective) when you want to convey forthright and honest. Appropriate in formal writing, GRE sentence-equivalence, and academic contexts where precision matters.","Avoid ""man-to-man"" in casual conversation among friends unless you are certain the listener will understand; it can sound pretentious. Also avoid when a simpler synonym suffices.",Academic: The study concluded that the man-to-man factor played a decisive role in the experimental outcome.,Conversational: I told him the man-to-man approach just wouldn't work here — we need to rethink this.,GRE: The professor described the ___ as a ___ that ___ the entire field of study. (fill in: man-to-man)
1813,shackled,adjective,bound by chains fastened around the ankles,fettered; shackle; fetter; pinion,,"Use ""shackled"" (adjective) when you want to convey bound by chains fastened around the ankles. Appropriate in formal writing, GRE sentence-equivalence, and academic contexts where precision matters.","Avoid ""shackled"" in casual conversation among friends unless you are certain the listener will understand; it can sound pretentious. Also avoid when a simpler synonym suffices.","Academic: In the scholarly article, the author argued that the shackled phenomenon could not be overlooked.","Conversational: Look, the shackled results speak for themselves — we can't ignore them any longer.",GRE: Analysts noted that the company's ___ strategy had ___ results in the last quarter. (fill in: shackled)
1814,caddish,adjective,offensively discourteous,ungallant; unchivalrous,,"Use ""caddish"" (adjective) when you want to convey offensively discourteous. Appropriate in formal writing, GRE sentence-equivalence, and academic contexts where precision matters.","Avoid ""caddish"" in casual conversation among friends unless you are certain the listener will understand; it can sound pretentious. Also avoid when a simpler synonym suffices.",Academic: Contemporary scholars debate whether the caddish hypothesis adequately explains the observed data.,Conversational: I've noticed the caddish trend in our office culture and it's starting to concern me.,GRE: The professor described the ___ as a ___ that ___ the entire field of study. (fill in: caddish)
1815,straggly,adjective,growing or spreading sparsely or irregularly,straggling; rambling; sprawling,,"Use ""straggly"" (adjective) when you want to convey growing or spreading sparsely or irregularly. Appropriate in formal writing, GRE sentence-equivalence, and academic contexts where precision matters.","Avoid ""straggly"" in casual conversation among friends unless you are certain the listener will understand; it can sound pretentious. Also avoid when a simpler synonym suffices.",Academic: A key consideration in modern discourse is how the straggly principle shapes contemporary policy decisions.,Conversational: I've noticed the straggly trend in our office culture and it's starting to concern me.,GRE: The professor described the ___ as a ___ that ___ the entire field of study. (fill in: straggly)
1816,unattired,adjective,having removed clothing,unappareled; unclad; ungarmented; undressed; ungarbed,,"Use ""unattired"" (adjective) when you want to convey having removed clothing. Appropriate in formal writing, GRE sentence-equivalence, and academic contexts where precision matters.","Avoid ""unattired"" in casual conversation among friends unless you are certain the listener will understand; it can sound pretentious. Also avoid when a simpler synonym suffices.",Academic: The study concluded that the unattired factor played a decisive role in the experimental outcome.,Conversational: I told him the unattired approach just wouldn't work here — we need to rethink this.,GRE: The committee's decision to ___ was met with both praise and criticism from stakeholders. (fill in: unattired)
1817,radiolucent,adjective,almost complete transparent to X-rays or other forms of radiation,,radiopaque,"Use ""radiolucent"" (adjective) when you want to convey almost complete transparent to x-rays or other forms of radiation. Appropriate in formal writing, GRE sentence-equivalence, and academic contexts where precision matters.","Avoid ""radiolucent"" in casual conversation among friends unless you are certain the listener will understand; it can sound pretentious. Also avoid when a simpler synonym suffices.",Academic: The researcher's findings revealed that the radiolucent effect was statistically significant across all samples.,Conversational: I told him the radiolucent approach just wouldn't work here — we need to rethink this.,GRE: The professor described the ___ as a ___ that ___ the entire field of study. (fill in: radiolucent)
1818,aliphatic,adjective,having carbon atoms linked in open chains,,,"Use ""aliphatic"" (adjective) when you want to convey having carbon atoms linked in open chains. Appropriate in formal writing, GRE sentence-equivalence, and academic contexts where precision matters.","Avoid ""aliphatic"" in casual conversation among friends unless you are certain the listener will understand; it can sound pretentious. Also avoid when a simpler synonym suffices.","Academic: In the scholarly article, the author argued that the aliphatic phenomenon could not be overlooked.","Conversational: Look, the aliphatic results speak for themselves — we can't ignore them any longer.",GRE: The author's ___ tone contrasted sharply with the ___ underlying message of the passage. (fill in: aliphatic)
1819,rosaceous,adjective,of something having a dusty purplish pink color,rose; roseate,,"Use ""rosaceous"" (adjective) when you want to convey of something having a dusty purplish pink color. Appropriate in formal writing, GRE sentence-equivalence, and academic contexts where precision matters.","Avoid ""rosaceous"" in casual conversation among friends unless you are certain the listener will understand; it can sound pretentious. Also avoid when a simpler synonym suffices.",Academic: The study concluded that the rosaceous factor played a decisive role in the experimental outcome.,"Conversational: Honestly, the rosaceous behavior of the team has been a major source of tension lately.",GRE: The author's ___ tone contrasted sharply with the ___ underlying message of the passage. (fill in: rosaceous)
1820,thoughtless,adjective,without care or thought for others,uncaring; unthinking,thoughtful,"Use ""thoughtless"" (adjective) when you want to convey without care or thought for others. Appropriate in formal writing, GRE sentence-equivalence, and academic contexts where precision matters.","Avoid ""thoughtless"" in casual conversation among friends unless you are certain the listener will understand; it can sound pretentious. Also avoid when a simpler synonym suffices.",Academic: The study concluded that the thoughtless factor played a decisive role in the experimental outcome.,Conversational: I told him the thoughtless approach just wouldn't work here — we need to rethink this.,GRE: The professor described the ___ as a ___ that ___ the entire field of study. (fill in: thoughtless)
1821,custom-made,adjective,made according to the specifications of an individual,custom-built; custom,ready-made,"Use ""custom-made"" (adjective) when you want to convey made according to the specifications of an individual. Appropriate in formal writing, GRE sentence-equivalence, and academic contexts where precision matters.","Avoid ""custom-made"" in casual conversation among friends unless you are certain the listener will understand; it can sound pretentious. Also avoid when a simpler synonym suffices.","Academic: In the scholarly article, the author argued that the custom-made phenomenon could not be overlooked.",Conversational: I told him the custom-made approach just wouldn't work here — we need to rethink this.,GRE: The committee's decision to ___ was met with both praise and criticism from stakeholders. (fill in: custom-made)
1822,cabalistic,adjective,having a secret or hidden meaning; ; ; - John Gunther,cryptical; kabbalistic; qabalistic; cryptic; sibylline,,"Use ""cabalistic"" (adjective) when you want to convey having a secret or hidden meaning; ; ; - john gunther. Appropriate in formal writing, GRE sentence-equivalence, and academic contexts where precision matters.","Avoid ""cabalistic"" in casual conversation among friends unless you are certain the listener will understand; it can sound pretentious. Also avoid when a simpler synonym suffices.",Academic: Contemporary scholars debate whether the cabalistic hypothesis adequately explains the observed data.,"Conversational: You know, it's pretty clear that the cabalistic situation needs our immediate attention.",GRE: Analysts noted that the company's ___ strategy had ___ results in the last quarter. (fill in: cabalistic)
1823,trinucleate,adjective,having three nuclei,trinucleated; trinuclear,binucleate; mononuclear,"Use ""trinucleate"" (adjective) when you want to convey having three nuclei. Appropriate in formal writing, GRE sentence-equivalence, and academic contexts where precision matters.","Avoid ""trinucleate"" in casual conversation among friends unless you are certain the listener will understand; it can sound pretentious. Also avoid when a simpler synonym suffices.","Academic: In the scholarly article, the author argued that the trinucleate phenomenon could not be overlooked.","Conversational: Honestly, the trinucleate behavior of the team has been a major source of tension lately.",GRE: The professor described the ___ as a ___ that ___ the entire field of study. (fill in: trinucleate)
1824,sycophantic,adjective,attempting to win favor by flattery,toadyish; obsequious; bootlicking; fawning,,"Use ""sycophantic"" (adjective) when you want to convey attempting to win favor by flattery. Appropriate in formal writing, GRE sentence-equivalence, and academic contexts where precision matters.","Avoid ""sycophantic"" in casual conversation among friends unless you are certain the listener will understand; it can sound pretentious. Also avoid when a simpler synonym suffices.",Academic: The researcher's findings revealed that the sycophantic effect was statistically significant across all samples.,"Conversational: Look, the sycophantic results speak for themselves — we can't ignore them any longer.",GRE: The committee's decision to ___ was met with both praise and criticism from stakeholders. (fill in: sycophantic)
1825,classless,adjective,favoring social equality,egalitarian,,"Use ""classless"" (adjective) when you want to convey favoring social equality. Appropriate in formal writing, GRE sentence-equivalence, and academic contexts where precision matters.","Avoid ""classless"" in casual conversation among friends unless you are certain the listener will understand; it can sound pretentious. Also avoid when a simpler synonym suffices.",Academic: The researcher's findings revealed that the classless effect was statistically significant across all samples.,"Conversational: You know, it's pretty clear that the classless situation needs our immediate attention.",GRE: Analysts noted that the company's ___ strategy had ___ results in the last quarter. (fill in: classless)
1826,nonenterprising,adjective,lacking in enterprise; not bold or venturesome,unenterprising,enterprising,"Use ""nonenterprising"" (adjective) when you want to convey lacking in enterprise; not bold or venturesome. Appropriate in formal writing, GRE sentence-equivalence, and academic contexts where precision matters.","Avoid ""nonenterprising"" in casual conversation among friends unless you are certain the listener will understand; it can sound pretentious. Also avoid when a simpler synonym suffices.","Academic: In the scholarly article, the author argued that the nonenterprising phenomenon could not be overlooked.","Conversational: Look, the nonenterprising results speak for themselves — we can't ignore them any longer.",GRE: Analysts noted that the company's ___ strategy had ___ results in the last quarter. (fill in: nonenterprising)
1827,derivational,adjective,characterized by inflections indicating a semantic relation between a word and its base,,inflectional,"Use ""derivational"" (adjective) when you want to convey characterized by inflections indicating a semantic relation between a word and its base. Appropriate in formal writing, GRE sentence-equivalence, and academic contexts where precision matters.","Avoid ""derivational"" in casual conversation among friends unless you are certain the listener will understand; it can sound pretentious. Also avoid when a simpler synonym suffices.",Academic: A key consideration in modern discourse is how the derivational principle shapes contemporary policy decisions.,"Conversational: Look, the derivational results speak for themselves — we can't ignore them any longer.",GRE: The professor described the ___ as a ___ that ___ the entire field of study. (fill in: derivational)
1828,non-profit-making,adjective,not commercially motivated,nonprofit,,"Use ""non-profit-making"" (adjective) when you want to convey not commercially motivated. Appropriate in formal writing, GRE sentence-equivalence, and academic contexts where precision matters.","Avoid ""non-profit-making"" in casual conversation among friends unless you are certain the listener will understand; it can sound pretentious. Also avoid when a simpler synonym suffices.",Academic: The study concluded that the non-profit-making factor played a decisive role in the experimental outcome.,"Conversational: Honestly, the non-profit-making behavior of the team has been a major source of tension lately.","GRE: Despite the ___ nature of the evidence, the researchers remained ___ about their conclusions. (fill in: non-profit-making)"
1829,bindable,adjective,capable of being fastened or secured with a rope or bond,bondable,,"Use ""bindable"" (adjective) when you want to convey capable of being fastened or secured with a rope or bond. Appropriate in formal writing, GRE sentence-equivalence, and academic contexts where precision matters.","Avoid ""bindable"" in casual conversation among friends unless you are certain the listener will understand; it can sound pretentious. Also avoid when a simpler synonym suffices.","Academic: In the scholarly article, the author argued that the bindable phenomenon could not be overlooked.","Conversational: Honestly, the bindable behavior of the team has been a major source of tension lately.",GRE: The committee's decision to ___ was met with both praise and criticism from stakeholders. (fill in: bindable)
1830,overeager,adjective,excessively eager,,,"Use ""overeager"" (adjective) when you want to convey excessively eager. Appropriate in formal writing, GRE sentence-equivalence, and academic contexts where precision matters.","Avoid ""overeager"" in casual conversation among friends unless you are certain the listener will understand; it can sound pretentious. Also avoid when a simpler synonym suffices.",Academic: The researcher's findings revealed that the overeager effect was statistically significant across all samples.,"Conversational: You know, it's pretty clear that the overeager situation needs our immediate attention.",GRE: The professor described the ___ as a ___ that ___ the entire field of study. (fill in: overeager)
1831,free-swimming,adjective,(of animals) able to swim about; not attached,unattached,,"Use ""free-swimming"" (adjective) when you want to convey (of animals) able to swim about; not attached. Appropriate in formal writing, GRE sentence-equivalence, and academic contexts where precision matters.","Avoid ""free-swimming"" in casual conversation among friends unless you are certain the listener will understand; it can sound pretentious. Also avoid when a simpler synonym suffices.",Academic: The study concluded that the free-swimming factor played a decisive role in the experimental outcome.,"Conversational: You know, it's pretty clear that the free-swimming situation needs our immediate attention.",GRE: The author's ___ tone contrasted sharply with the ___ underlying message of the passage. (fill in: free-swimming)
1832,uncolored,adjective,without color,unbleached; undyed; uncoloured,colored,"Use ""uncolored"" (adjective) when you want to convey without color. Appropriate in formal writing, GRE sentence-equivalence, and academic contexts where precision matters.","Avoid ""uncolored"" in casual conversation among friends unless you are certain the listener will understand; it can sound pretentious. Also avoid when a simpler synonym suffices.",Academic: The study concluded that the uncolored factor played a decisive role in the experimental outcome.,Conversational: I told him the uncolored approach just wouldn't work here — we need to rethink this.,GRE: Analysts noted that the company's ___ strategy had ___ results in the last quarter. (fill in: uncolored)
1833,drained,adjective,drained of electric charge; discharged,run out; debilitate; dead; knackered; drain; enfeeble,undrained,"Use ""drained"" (adjective) when you want to convey drained of electric charge; discharged. Appropriate in formal writing, GRE sentence-equivalence, and academic contexts where precision matters.","Avoid ""drained"" in casual conversation among friends unless you are certain the listener will understand; it can sound pretentious. Also avoid when a simpler synonym suffices.",Academic: A key consideration in modern discourse is how the drained principle shapes contemporary policy decisions.,"Conversational: Look, the drained results speak for themselves — we can't ignore them any longer.",GRE: The committee's decision to ___ was met with both praise and criticism from stakeholders. (fill in: drained)
1834,white-livered,adjective,easily frightened,yellow-bellied; chicken; yellow; chickenhearted; lily-livered,,"Use ""white-livered"" (adjective) when you want to convey easily frightened. Appropriate in formal writing, GRE sentence-equivalence, and academic contexts where precision matters.","Avoid ""white-livered"" in casual conversation among friends unless you are certain the listener will understand; it can sound pretentious. Also avoid when a simpler synonym suffices.","Academic: In the scholarly article, the author argued that the white-livered phenomenon could not be overlooked.",Conversational: I told him the white-livered approach just wouldn't work here — we need to rethink this.,"GRE: Despite the ___ nature of the evidence, the researchers remained ___ about their conclusions. (fill in: white-livered)"
1835,constitutive,adjective,constitutional in the structure of something (especially your physical makeup),constituent; organic; constitutional,,"Use ""constitutive"" (adjective) when you want to convey constitutional in the structure of something (especially your physical makeup). Appropriate in formal writing, GRE sentence-equivalence, and academic contexts where precision matters.","Avoid ""constitutive"" in casual conversation among friends unless you are certain the listener will understand; it can sound pretentious. Also avoid when a simpler synonym suffices.",Academic: The study concluded that the constitutive factor played a decisive role in the experimental outcome.,Conversational: I told him the constitutive approach just wouldn't work here — we need to rethink this.,GRE: The committee's decision to ___ was met with both praise and criticism from stakeholders. (fill in: constitutive)
1836,barehanded,adjective,with bare hands,,,"Use ""barehanded"" (adjective) when you want to convey with bare hands. Appropriate in formal writing, GRE sentence-equivalence, and academic contexts where precision matters.","Avoid ""barehanded"" in casual conversation among friends unless you are certain the listener will understand; it can sound pretentious. Also avoid when a simpler synonym suffices.",Academic: The researcher's findings revealed that the barehanded effect was statistically significant across all samples.,"Conversational: Look, the barehanded results speak for themselves — we can't ignore them any longer.",GRE: The committee's decision to ___ was met with both praise and criticism from stakeholders. (fill in: barehanded)
1837,brick-shaped,adjective,shaped like a brick,,,"Use ""brick-shaped"" (adjective) when you want to convey shaped like a brick. Appropriate in formal writing, GRE sentence-equivalence, and academic contexts where precision matters.","Avoid ""brick-shaped"" in casual conversation among friends unless you are certain the listener will understand; it can sound pretentious. Also avoid when a simpler synonym suffices.",Academic: Contemporary scholars debate whether the brick-shaped hypothesis adequately explains the observed data.,Conversational: I told him the brick-shaped approach just wouldn't work here — we need to rethink this.,"GRE: Despite the ___ nature of the evidence, the researchers remained ___ about their conclusions. (fill in: brick-shaped)"
1838,leftover,adjective,not used up,remnant; unexpended; odd; remaining; left; left over,,"Use ""leftover"" (adjective) when you want to convey not used up. Appropriate in formal writing, GRE sentence-equivalence, and academic contexts where precision matters.","Avoid ""leftover"" in casual conversation among friends unless you are certain the listener will understand; it can sound pretentious. Also avoid when a simpler synonym suffices.",Academic: The study concluded that the leftover factor played a decisive role in the experimental outcome.,"Conversational: Honestly, the leftover behavior of the team has been a major source of tension lately.",GRE: The professor described the ___ as a ___ that ___ the entire field of study. (fill in: leftover)
1839,spangly,adjective,covered with beads or jewels or sequins,jewelled; gemmed; sequined; spangled; beady; jeweled,,"Use ""spangly"" (adjective) when you want to convey covered with beads or jewels or sequins. Appropriate in formal writing, GRE sentence-equivalence, and academic contexts where precision matters.","Avoid ""spangly"" in casual conversation among friends unless you are certain the listener will understand; it can sound pretentious. Also avoid when a simpler synonym suffices.",Academic: The researcher's findings revealed that the spangly effect was statistically significant across all samples.,"Conversational: You know, it's pretty clear that the spangly situation needs our immediate attention.",GRE: The author's ___ tone contrasted sharply with the ___ underlying message of the passage. (fill in: spangly)
1840,unactable,adjective,not actable,,actable,"Use ""unactable"" (adjective) when you want to convey not actable. Appropriate in formal writing, GRE sentence-equivalence, and academic contexts where precision matters.","Avoid ""unactable"" in casual conversation among friends unless you are certain the listener will understand; it can sound pretentious. Also avoid when a simpler synonym suffices.",Academic: Contemporary scholars debate whether the unactable hypothesis adequately explains the observed data.,"Conversational: You know, it's pretty clear that the unactable situation needs our immediate attention.",GRE: The professor described the ___ as a ___ that ___ the entire field of study. (fill in: unactable)
1841,far-flung,adjective,distributed over a considerable extent,widespread,,"Use ""far-flung"" (adjective) when you want to convey distributed over a considerable extent. Appropriate in formal writing, GRE sentence-equivalence, and academic contexts where precision matters.","Avoid ""far-flung"" in casual conversation among friends unless you are certain the listener will understand; it can sound pretentious. Also avoid when a simpler synonym suffices.",Academic: The study concluded that the far-flung factor played a decisive role in the experimental outcome.,"Conversational: Honestly, the far-flung behavior of the team has been a major source of tension lately.",GRE: Analysts noted that the company's ___ strategy had ___ results in the last quarter. (fill in: far-flung)
1842,unalterable,adjective,not capable of being changed or altered,inalterable; changeless,alterable,"Use ""unalterable"" (adjective) when you want to convey not capable of being changed or altered. Appropriate in formal writing, GRE sentence-equivalence, and academic contexts where precision matters.","Avoid ""unalterable"" in casual conversation among friends unless you are certain the listener will understand; it can sound pretentious. Also avoid when a simpler synonym suffices.",Academic: A key consideration in modern discourse is how the unalterable principle shapes contemporary policy decisions.,"Conversational: You know, it's pretty clear that the unalterable situation needs our immediate attention.",GRE: Analysts noted that the company's ___ strategy had ___ results in the last quarter. (fill in: unalterable)
1843,extensional,adjective,defining a word by listing the class of entities to which the word correctly applies,,,"Use ""extensional"" (adjective) when you want to convey defining a word by listing the class of entities to which the word correctly applies. Appropriate in formal writing, GRE sentence-equivalence, and academic contexts where precision matters.","Avoid ""extensional"" in casual conversation among friends unless you are certain the listener will understand; it can sound pretentious. Also avoid when a simpler synonym suffices.","Academic: In the scholarly article, the author argued that the extensional phenomenon could not be overlooked.",Conversational: I told him the extensional approach just wouldn't work here — we need to rethink this.,"GRE: Despite the ___ nature of the evidence, the researchers remained ___ about their conclusions. (fill in: extensional)"
1844,lifeless,adjective,not having the capacity to support life,exanimate,,"Use ""lifeless"" (adjective) when you want to convey not having the capacity to support life. Appropriate in formal writing, GRE sentence-equivalence, and academic contexts where precision matters.","Avoid ""lifeless"" in casual conversation among friends unless you are certain the listener will understand; it can sound pretentious. Also avoid when a simpler synonym suffices.",Academic: A key consideration in modern discourse is how the lifeless principle shapes contemporary policy decisions.,"Conversational: You know, it's pretty clear that the lifeless situation needs our immediate attention.",GRE: Analysts noted that the company's ___ strategy had ___ results in the last quarter. (fill in: lifeless)
1845,autoloading,adjective,(of firearms) capable of automatic loading and firing continuously,semiautomatic; self-loading,,"Use ""autoloading"" (adjective) when you want to convey (of firearms) capable of automatic loading and firing continuously. Appropriate in formal writing, GRE sentence-equivalence, and academic contexts where precision matters.","Avoid ""autoloading"" in casual conversation among friends unless you are certain the listener will understand; it can sound pretentious. Also avoid when a simpler synonym suffices.",Academic: A key consideration in modern discourse is how the autoloading principle shapes contemporary policy decisions.,Conversational: I've noticed the autoloading trend in our office culture and it's starting to concern me.,GRE: The committee's decision to ___ was met with both praise and criticism from stakeholders. (fill in: autoloading)
1846,obsequious,adjective,attentive in an ingratiating or servile manner,sycophantic; toadyish; bootlicking; fawning,,"Use ""obsequious"" (adjective) when you want to convey attentive in an ingratiating or servile manner. Appropriate in formal writing, GRE sentence-equivalence, and academic contexts where precision matters.","Avoid ""obsequious"" in casual conversation among friends unless you are certain the listener will understand; it can sound pretentious. Also avoid when a simpler synonym suffices.",Academic: The study concluded that the obsequious factor played a decisive role in the experimental outcome.,Conversational: I told him the obsequious approach just wouldn't work here — we need to rethink this.,GRE: The committee's decision to ___ was met with both praise and criticism from stakeholders. (fill in: obsequious)
1847,reversed,adjective,turned about in order or relation,change by reversal; turn; overrule; overturn; override; invert,,"Use ""reversed"" (adjective) when you want to convey turned about in order or relation. Appropriate in formal writing, GRE sentence-equivalence, and academic contexts where precision matters.","Avoid ""reversed"" in casual conversation among friends unless you are certain the listener will understand; it can sound pretentious. Also avoid when a simpler synonym suffices.","Academic: In the scholarly article, the author argued that the reversed phenomenon could not be overlooked.",Conversational: I've noticed the reversed trend in our office culture and it's starting to concern me.,"GRE: Despite the ___ nature of the evidence, the researchers remained ___ about their conclusions. (fill in: reversed)"
1848,overconfident,adjective,marked by excessive confidence,positive; cocksure,,"Use ""overconfident"" (adjective) when you want to convey marked by excessive confidence. Appropriate in formal writing, GRE sentence-equivalence, and academic contexts where precision matters.","Avoid ""overconfident"" in casual conversation among friends unless you are certain the listener will understand; it can sound pretentious. Also avoid when a simpler synonym suffices.",Academic: Contemporary scholars debate whether the overconfident hypothesis adequately explains the observed data.,Conversational: I told him the overconfident approach just wouldn't work here — we need to rethink this.,GRE: The professor described the ___ as a ___ that ___ the entire field of study. (fill in: overconfident)
1849,deep-fried,adjective,cooked by frying in fat,fried; deep-fry; french-fry,,"Use ""deep-fried"" (adjective) when you want to convey cooked by frying in fat. Appropriate in formal writing, GRE sentence-equivalence, and academic contexts where precision matters.","Avoid ""deep-fried"" in casual conversation among friends unless you are certain the listener will understand; it can sound pretentious. Also avoid when a simpler synonym suffices.","Academic: In the scholarly article, the author argued that the deep-fried phenomenon could not be overlooked.",Conversational: I told him the deep-fried approach just wouldn't work here — we need to rethink this.,GRE: Analysts noted that the company's ___ strategy had ___ results in the last quarter. (fill in: deep-fried)
1850,mucilaginous,adjective,having the sticky properties of an adhesive,sticky; viscous; pasty; gummy; gluey; glutinous,,"Use ""mucilaginous"" (adjective) when you want to convey having the sticky properties of an adhesive. Appropriate in formal writing, GRE sentence-equivalence, and academic contexts where precision matters.","Avoid ""mucilaginous"" in casual conversation among friends unless you are certain the listener will understand; it can sound pretentious. Also avoid when a simpler synonym suffices.",Academic: The study concluded that the mucilaginous factor played a decisive role in the experimental outcome.,"Conversational: You know, it's pretty clear that the mucilaginous situation needs our immediate attention.",GRE: The author's ___ tone contrasted sharply with the ___ underlying message of the passage. (fill in: mucilaginous)
1851,silvery-grey,adjective,of grey resembling silver,silver-grey; silvery-gray; silver-gray,,"Use ""silvery-grey"" (adjective) when you want to convey of grey resembling silver. Appropriate in formal writing, GRE sentence-equivalence, and academic contexts where precision matters.","Avoid ""silvery-grey"" in casual conversation among friends unless you are certain the listener will understand; it can sound pretentious. Also avoid when a simpler synonym suffices.",Academic: A key consideration in modern discourse is how the silvery-grey principle shapes contemporary policy decisions.,"Conversational: You know, it's pretty clear that the silvery-grey situation needs our immediate attention.",GRE: The committee's decision to ___ was met with both praise and criticism from stakeholders. (fill in: silvery-grey)
1852,rose-mauve,adjective,of mauve tinged with rose,,,"Use ""rose-mauve"" (adjective) when you want to convey of mauve tinged with rose. Appropriate in formal writing, GRE sentence-equivalence, and academic contexts where precision matters.","Avoid ""rose-mauve"" in casual conversation among friends unless you are certain the listener will understand; it can sound pretentious. Also avoid when a simpler synonym suffices.",Academic: A key consideration in modern discourse is how the rose-mauve principle shapes contemporary policy decisions.,Conversational: I told him the rose-mauve approach just wouldn't work here — we need to rethink this.,GRE: The author's ___ tone contrasted sharply with the ___ underlying message of the passage. (fill in: rose-mauve)
1853,butcherly,adjective,accompanied by bloodshed,sanguineous; slaughterous; unskillful; botchy; sanguinary; gory,,"Use ""butcherly"" (adjective) when you want to convey accompanied by bloodshed. Appropriate in formal writing, GRE sentence-equivalence, and academic contexts where precision matters.","Avoid ""butcherly"" in casual conversation among friends unless you are certain the listener will understand; it can sound pretentious. Also avoid when a simpler synonym suffices.","Academic: In the scholarly article, the author argued that the butcherly phenomenon could not be overlooked.",Conversational: I told him the butcherly approach just wouldn't work here — we need to rethink this.,"GRE: Despite the ___ nature of the evidence, the researchers remained ___ about their conclusions. (fill in: butcherly)"
1854,errant,adjective,uncontrolled motion that is irregular or unpredictable,,,"Use ""errant"" (adjective) when you want to convey uncontrolled motion that is irregular or unpredictable. Appropriate in formal writing, GRE sentence-equivalence, and academic contexts where precision matters.","Avoid ""errant"" in casual conversation among friends unless you are certain the listener will understand; it can sound pretentious. Also avoid when a simpler synonym suffices.",Academic: The researcher's findings revealed that the errant effect was statistically significant across all samples.,"Conversational: Honestly, the errant behavior of the team has been a major source of tension lately.",GRE: The author's ___ tone contrasted sharply with the ___ underlying message of the passage. (fill in: errant)
1855,flesh-coloured,adjective,having a bright red or pinkish color,flesh-colored,,"Use ""flesh-coloured"" (adjective) when you want to convey having a bright red or pinkish color. Appropriate in formal writing, GRE sentence-equivalence, and academic contexts where precision matters.","Avoid ""flesh-coloured"" in casual conversation among friends unless you are certain the listener will understand; it can sound pretentious. Also avoid when a simpler synonym suffices.",Academic: A key consideration in modern discourse is how the flesh-coloured principle shapes contemporary policy decisions.,"Conversational: Look, the flesh-coloured results speak for themselves — we can't ignore them any longer.",GRE: Analysts noted that the company's ___ strategy had ___ results in the last quarter. (fill in: flesh-coloured)
1856,sawtoothed-edged,adjective,(of leaves) having an edged resembling a sawtooth,,,"Use ""sawtoothed-edged"" (adjective) when you want to convey (of leaves) having an edged resembling a sawtooth. Appropriate in formal writing, GRE sentence-equivalence, and academic contexts where precision matters.","Avoid ""sawtoothed-edged"" in casual conversation among friends unless you are certain the listener will understand; it can sound pretentious. Also avoid when a simpler synonym suffices.","Academic: In the scholarly article, the author argued that the sawtoothed-edged phenomenon could not be overlooked.","Conversational: Look, the sawtoothed-edged results speak for themselves — we can't ignore them any longer.",GRE: The professor described the ___ as a ___ that ___ the entire field of study. (fill in: sawtoothed-edged)
1857,foliate,adjective,(especially of metamorphic rock) having thin leaflike layers or strata,paginate; foliaceous; page; foliated,,"Use ""foliate"" (adjective) when you want to convey (especially of metamorphic rock) having thin leaflike layers or strata. Appropriate in formal writing, GRE sentence-equivalence, and academic contexts where precision matters.","Avoid ""foliate"" in casual conversation among friends unless you are certain the listener will understand; it can sound pretentious. Also avoid when a simpler synonym suffices.",Academic: The researcher's findings revealed that the foliate effect was statistically significant across all samples.,"Conversational: Honestly, the foliate behavior of the team has been a major source of tension lately.",GRE: The committee's decision to ___ was met with both praise and criticism from stakeholders. (fill in: foliate)
1858,hectic,adjective,marked by intense agitation or emotion,feverish,,"Use ""hectic"" (adjective) when you want to convey marked by intense agitation or emotion. Appropriate in formal writing, GRE sentence-equivalence, and academic contexts where precision matters.","Avoid ""hectic"" in casual conversation among friends unless you are certain the listener will understand; it can sound pretentious. Also avoid when a simpler synonym suffices.",Academic: The study concluded that the hectic factor played a decisive role in the experimental outcome.,"Conversational: Look, the hectic results speak for themselves — we can't ignore them any longer.",GRE: The author's ___ tone contrasted sharply with the ___ underlying message of the passage. (fill in: hectic)
1859,midwestern,adjective,of a region of the United States generally including Ohio; Indiana; Illinois; Iowa; Missouri; Kansas; Nebraska; and sometimes Michigan; Wisconsin; Minnesota,,,"Use ""midwestern"" (adjective) when you want to convey of a region of the united states generally including ohio; indiana; illinois; iowa; missouri; kansas; nebraska; and sometimes michigan; wisconsin; minnesota. Appropriate in formal writing, GRE sentence-equivalence, and academic contexts where precision matters.","Avoid ""midwestern"" in casual conversation among friends unless you are certain the listener will understand; it can sound pretentious. Also avoid when a simpler synonym suffices.",Academic: A key consideration in modern discourse is how the midwestern principle shapes contemporary policy decisions.,Conversational: I've noticed the midwestern trend in our office culture and it's starting to concern me.,"GRE: Despite the ___ nature of the evidence, the researchers remained ___ about their conclusions. (fill in: midwestern)"
1860,monaural,adjective,relating to or having or hearing with only one ear,,binaural,"Use ""monaural"" (adjective) when you want to convey relating to or having or hearing with only one ear. Appropriate in formal writing, GRE sentence-equivalence, and academic contexts where precision matters.","Avoid ""monaural"" in casual conversation among friends unless you are certain the listener will understand; it can sound pretentious. Also avoid when a simpler synonym suffices.",Academic: The researcher's findings revealed that the monaural effect was statistically significant across all samples.,Conversational: I've noticed the monaural trend in our office culture and it's starting to concern me.,GRE: Analysts noted that the company's ___ strategy had ___ results in the last quarter. (fill in: monaural)
1861,indiscrete,adjective,not divided or divisible into parts,,,"Use ""indiscrete"" (adjective) when you want to convey not divided or divisible into parts. Appropriate in formal writing, GRE sentence-equivalence, and academic contexts where precision matters.","Avoid ""indiscrete"" in casual conversation among friends unless you are certain the listener will understand; it can sound pretentious. Also avoid when a simpler synonym suffices.",Academic: Contemporary scholars debate whether the indiscrete hypothesis adequately explains the observed data.,"Conversational: Honestly, the indiscrete behavior of the team has been a major source of tension lately.",GRE: The professor described the ___ as a ___ that ___ the entire field of study. (fill in: indiscrete)
1862,supreme,adjective,greatest in status or authority or power,sovereign,,"Use ""supreme"" (adjective) when you want to convey greatest in status or authority or power. Appropriate in formal writing, GRE sentence-equivalence, and academic contexts where precision matters.","Avoid ""supreme"" in casual conversation among friends unless you are certain the listener will understand; it can sound pretentious. Also avoid when a simpler synonym suffices.",Academic: The study concluded that the supreme factor played a decisive role in the experimental outcome.,"Conversational: Honestly, the supreme behavior of the team has been a major source of tension lately.",GRE: The author's ___ tone contrasted sharply with the ___ underlying message of the passage. (fill in: supreme)
1863,accumulated,adjective,periodically accumulated over time,accumulate; pile up; hoard; collect; amass; compile,,"Use ""accumulated"" (adjective) when you want to convey periodically accumulated over time. Appropriate in formal writing, GRE sentence-equivalence, and academic contexts where precision matters.","Avoid ""accumulated"" in casual conversation among friends unless you are certain the listener will understand; it can sound pretentious. Also avoid when a simpler synonym suffices.",Academic: Contemporary scholars debate whether the accumulated hypothesis adequately explains the observed data.,Conversational: I told him the accumulated approach just wouldn't work here — we need to rethink this.,GRE: The committee's decision to ___ was met with both praise and criticism from stakeholders. (fill in: accumulated)
1864,dispirited,adjective,filled with melancholy and despondency,dismay; deject; demoralize; cast down; demoralise; get down,elate,"Use ""dispirited"" (adjective) when you want to convey filled with melancholy and despondency. Appropriate in formal writing, GRE sentence-equivalence, and academic contexts where precision matters.","Avoid ""dispirited"" in casual conversation among friends unless you are certain the listener will understand; it can sound pretentious. Also avoid when a simpler synonym suffices.",Academic: Contemporary scholars debate whether the dispirited hypothesis adequately explains the observed data.,Conversational: I told him the dispirited approach just wouldn't work here — we need to rethink this.,"GRE: Despite the ___ nature of the evidence, the researchers remained ___ about their conclusions. (fill in: dispirited)"
1865,denatured,adjective,changed in nature or natural quality,denaturized; denaturised; denature,,"Use ""denatured"" (adjective) when you want to convey changed in nature or natural quality. Appropriate in formal writing, GRE sentence-equivalence, and academic contexts where precision matters.","Avoid ""denatured"" in casual conversation among friends unless you are certain the listener will understand; it can sound pretentious. Also avoid when a simpler synonym suffices.",Academic: A key consideration in modern discourse is how the denatured principle shapes contemporary policy decisions.,"Conversational: Honestly, the denatured behavior of the team has been a major source of tension lately.",GRE: The author's ___ tone contrasted sharply with the ___ underlying message of the passage. (fill in: denatured)
1866,incongruent,adjective,not congruent,,congruent,"Use ""incongruent"" (adjective) when you want to convey not congruent. Appropriate in formal writing, GRE sentence-equivalence, and academic contexts where precision matters.","Avoid ""incongruent"" in casual conversation among friends unless you are certain the listener will understand; it can sound pretentious. Also avoid when a simpler synonym suffices.",Academic: A key consideration in modern discourse is how the incongruent principle shapes contemporary policy decisions.,"Conversational: Look, the incongruent results speak for themselves — we can't ignore them any longer.",GRE: The committee's decision to ___ was met with both praise and criticism from stakeholders. (fill in: incongruent)
1867,obliterable,adjective,able to be obliterated completely,removable,,"Use ""obliterable"" (adjective) when you want to convey able to be obliterated completely. Appropriate in formal writing, GRE sentence-equivalence, and academic contexts where precision matters.","Avoid ""obliterable"" in casual conversation among friends unless you are certain the listener will understand; it can sound pretentious. Also avoid when a simpler synonym suffices.",Academic: Contemporary scholars debate whether the obliterable hypothesis adequately explains the observed data.,"Conversational: Look, the obliterable results speak for themselves — we can't ignore them any longer.",GRE: Analysts noted that the company's ___ strategy had ___ results in the last quarter. (fill in: obliterable)
1868,banded,adjective,characterized by a band of especially white around the body,ring; band,unbanded,"Use ""banded"" (adjective) when you want to convey characterized by a band of especially white around the body. Appropriate in formal writing, GRE sentence-equivalence, and academic contexts where precision matters.","Avoid ""banded"" in casual conversation among friends unless you are certain the listener will understand; it can sound pretentious. Also avoid when a simpler synonym suffices.","Academic: In the scholarly article, the author argued that the banded phenomenon could not be overlooked.",Conversational: I've noticed the banded trend in our office culture and it's starting to concern me.,GRE: The professor described the ___ as a ___ that ___ the entire field of study. (fill in: banded)
1869,formal,adjective,refined or imposing in manner or appearance; befitting a royal court,ball; dinner dress; evening gown; conventional; dinner gown; schematic,informal,"Use ""formal"" (adjective) when you want to convey refined or imposing in manner or appearance; befitting a royal court. Appropriate in formal writing, GRE sentence-equivalence, and academic contexts where precision matters.","Avoid ""formal"" in casual conversation among friends unless you are certain the listener will understand; it can sound pretentious. Also avoid when a simpler synonym suffices.",Academic: Contemporary scholars debate whether the formal hypothesis adequately explains the observed data.,Conversational: I told him the formal approach just wouldn't work here — we need to rethink this.,GRE: The professor described the ___ as a ___ that ___ the entire field of study. (fill in: formal)
1870,antrorse,adjective,bent or curved forward or upward,,retrorse,"Use ""antrorse"" (adjective) when you want to convey bent or curved forward or upward. Appropriate in formal writing, GRE sentence-equivalence, and academic contexts where precision matters.","Avoid ""antrorse"" in casual conversation among friends unless you are certain the listener will understand; it can sound pretentious. Also avoid when a simpler synonym suffices.","Academic: In the scholarly article, the author argued that the antrorse phenomenon could not be overlooked.",Conversational: I've noticed the antrorse trend in our office culture and it's starting to concern me.,"GRE: Despite the ___ nature of the evidence, the researchers remained ___ about their conclusions. (fill in: antrorse)"
1871,piebald,adjective,having sections or patches colored differently and usually brightly,motley; multicolour; particolored; multi-colored; multi-coloured; pied,,"Use ""piebald"" (adjective) when you want to convey having sections or patches colored differently and usually brightly. Appropriate in formal writing, GRE sentence-equivalence, and academic contexts where precision matters.","Avoid ""piebald"" in casual conversation among friends unless you are certain the listener will understand; it can sound pretentious. Also avoid when a simpler synonym suffices.",Academic: The researcher's findings revealed that the piebald effect was statistically significant across all samples.,Conversational: I've noticed the piebald trend in our office culture and it's starting to concern me.,"GRE: Despite the ___ nature of the evidence, the researchers remained ___ about their conclusions. (fill in: piebald)"
1872,countywide,adjective,occurring or extending throughout a county,,,"Use ""countywide"" (adjective) when you want to convey occurring or extending throughout a county. Appropriate in formal writing, GRE sentence-equivalence, and academic contexts where precision matters.","Avoid ""countywide"" in casual conversation among friends unless you are certain the listener will understand; it can sound pretentious. Also avoid when a simpler synonym suffices.",Academic: Contemporary scholars debate whether the countywide hypothesis adequately explains the observed data.,Conversational: I told him the countywide approach just wouldn't work here — we need to rethink this.,GRE: The author's ___ tone contrasted sharply with the ___ underlying message of the passage. (fill in: countywide)
1873,anorthic,adjective,having three unequal crystal axes intersecting at oblique angles,triclinic,monoclinic,"Use ""anorthic"" (adjective) when you want to convey having three unequal crystal axes intersecting at oblique angles. Appropriate in formal writing, GRE sentence-equivalence, and academic contexts where precision matters.","Avoid ""anorthic"" in casual conversation among friends unless you are certain the listener will understand; it can sound pretentious. Also avoid when a simpler synonym suffices.",Academic: A key consideration in modern discourse is how the anorthic principle shapes contemporary policy decisions.,"Conversational: Honestly, the anorthic behavior of the team has been a major source of tension lately.","GRE: Despite the ___ nature of the evidence, the researchers remained ___ about their conclusions. (fill in: anorthic)"
1874,fissiparous,adjective,having separated or advocating separation from another entity or policy or attitude,breakaway; separatist,,"Use ""fissiparous"" (adjective) when you want to convey having separated or advocating separation from another entity or policy or attitude. Appropriate in formal writing, GRE sentence-equivalence, and academic contexts where precision matters.","Avoid ""fissiparous"" in casual conversation among friends unless you are certain the listener will understand; it can sound pretentious. Also avoid when a simpler synonym suffices.",Academic: A key consideration in modern discourse is how the fissiparous principle shapes contemporary policy decisions.,"Conversational: You know, it's pretty clear that the fissiparous situation needs our immediate attention.",GRE: The committee's decision to ___ was met with both praise and criticism from stakeholders. (fill in: fissiparous)
1875,spellbound,adjective,having your attention fixated as though by a spell,bewitch; mesmerise; fascinate; mesmerize; grip; transfix,,"Use ""spellbound"" (adjective) when you want to convey having your attention fixated as though by a spell. Appropriate in formal writing, GRE sentence-equivalence, and academic contexts where precision matters.","Avoid ""spellbound"" in casual conversation among friends unless you are certain the listener will understand; it can sound pretentious. Also avoid when a simpler synonym suffices.",Academic: Contemporary scholars debate whether the spellbound hypothesis adequately explains the observed data.,"Conversational: You know, it's pretty clear that the spellbound situation needs our immediate attention.",GRE: The committee's decision to ___ was met with both praise and criticism from stakeholders. (fill in: spellbound)
1876,guttural,adjective,like the sounds of frogs and crows,pharyngeal consonant; pharyngeal; guttural consonant; croaky,,"Use ""guttural"" (adjective) when you want to convey like the sounds of frogs and crows. Appropriate in formal writing, GRE sentence-equivalence, and academic contexts where precision matters.","Avoid ""guttural"" in casual conversation among friends unless you are certain the listener will understand; it can sound pretentious. Also avoid when a simpler synonym suffices.",Academic: The researcher's findings revealed that the guttural effect was statistically significant across all samples.,Conversational: I told him the guttural approach just wouldn't work here — we need to rethink this.,GRE: The committee's decision to ___ was met with both praise and criticism from stakeholders. (fill in: guttural)
1877,expressionless,adjective,deliberately impassive in manner,impassive; deadpan; unexpressive; poker-faced,,"Use ""expressionless"" (adjective) when you want to convey deliberately impassive in manner. Appropriate in formal writing, GRE sentence-equivalence, and academic contexts where precision matters.","Avoid ""expressionless"" in casual conversation among friends unless you are certain the listener will understand; it can sound pretentious. Also avoid when a simpler synonym suffices.",Academic: The researcher's findings revealed that the expressionless effect was statistically significant across all samples.,"Conversational: You know, it's pretty clear that the expressionless situation needs our immediate attention.","GRE: Despite the ___ nature of the evidence, the researchers remained ___ about their conclusions. (fill in: expressionless)"
1878,piggish,adjective,resembling swine; coarsely gluttonous or greedy,hoggish; swinish; piggy; porcine,,"Use ""piggish"" (adjective) when you want to convey resembling swine; coarsely gluttonous or greedy. Appropriate in formal writing, GRE sentence-equivalence, and academic contexts where precision matters.","Avoid ""piggish"" in casual conversation among friends unless you are certain the listener will understand; it can sound pretentious. Also avoid when a simpler synonym suffices.",Academic: The researcher's findings revealed that the piggish effect was statistically significant across all samples.,"Conversational: You know, it's pretty clear that the piggish situation needs our immediate attention.",GRE: The committee's decision to ___ was met with both praise and criticism from stakeholders. (fill in: piggish)
1879,tortuous,adjective,not straightforward,involved; voluminous; convoluted; tangled; knotty; Byzantine,,"Use ""tortuous"" (adjective) when you want to convey not straightforward. Appropriate in formal writing, GRE sentence-equivalence, and academic contexts where precision matters.","Avoid ""tortuous"" in casual conversation among friends unless you are certain the listener will understand; it can sound pretentious. Also avoid when a simpler synonym suffices.",Academic: Contemporary scholars debate whether the tortuous hypothesis adequately explains the observed data.,"Conversational: Look, the tortuous results speak for themselves — we can't ignore them any longer.","GRE: Despite the ___ nature of the evidence, the researchers remained ___ about their conclusions. (fill in: tortuous)"
1880,progressive,adjective,advancing in severity,imperfect; progressive tense; liberal; continuous tense; liberalist; imperfect tense,conservative; regressive,"Use ""progressive"" (adjective) when you want to convey advancing in severity. Appropriate in formal writing, GRE sentence-equivalence, and academic contexts where precision matters.","Avoid ""progressive"" in casual conversation among friends unless you are certain the listener will understand; it can sound pretentious. Also avoid when a simpler synonym suffices.",Academic: Contemporary scholars debate whether the progressive hypothesis adequately explains the observed data.,Conversational: I've noticed the progressive trend in our office culture and it's starting to concern me.,GRE: The author's ___ tone contrasted sharply with the ___ underlying message of the passage. (fill in: progressive)
1881,two-eared,adjective,having two ears,,,"Use ""two-eared"" (adjective) when you want to convey having two ears. Appropriate in formal writing, GRE sentence-equivalence, and academic contexts where precision matters.","Avoid ""two-eared"" in casual conversation among friends unless you are certain the listener will understand; it can sound pretentious. Also avoid when a simpler synonym suffices.",Academic: A key consideration in modern discourse is how the two-eared principle shapes contemporary policy decisions.,"Conversational: You know, it's pretty clear that the two-eared situation needs our immediate attention.",GRE: The professor described the ___ as a ___ that ___ the entire field of study. (fill in: two-eared)
1882,indignant,adjective,angered at something unjust or wrong,umbrageous; incensed; outraged,,"Use ""indignant"" (adjective) when you want to convey angered at something unjust or wrong. Appropriate in formal writing, GRE sentence-equivalence, and academic contexts where precision matters.","Avoid ""indignant"" in casual conversation among friends unless you are certain the listener will understand; it can sound pretentious. Also avoid when a simpler synonym suffices.",Academic: The researcher's findings revealed that the indignant effect was statistically significant across all samples.,Conversational: I've noticed the indignant trend in our office culture and it's starting to concern me.,GRE: The committee's decision to ___ was met with both praise and criticism from stakeholders. (fill in: indignant)
1883,blushing,adjective,having a red face from embarrassment or shame or agitation or emotional upset,blush; flush; blushful; crimson; redden; red-faced,,"Use ""blushing"" (adjective) when you want to convey having a red face from embarrassment or shame or agitation or emotional upset. Appropriate in formal writing, GRE sentence-equivalence, and academic contexts where precision matters.","Avoid ""blushing"" in casual conversation among friends unless you are certain the listener will understand; it can sound pretentious. Also avoid when a simpler synonym suffices.","Academic: In the scholarly article, the author argued that the blushing phenomenon could not be overlooked.",Conversational: I told him the blushing approach just wouldn't work here — we need to rethink this.,"GRE: Despite the ___ nature of the evidence, the researchers remained ___ about their conclusions. (fill in: blushing)"
1884,autoecious,adjective,of parasites especially rust fungi; completing the entire life cycle on a single host,homoecious,heteroecious,"Use ""autoecious"" (adjective) when you want to convey of parasites especially rust fungi; completing the entire life cycle on a single host. Appropriate in formal writing, GRE sentence-equivalence, and academic contexts where precision matters.","Avoid ""autoecious"" in casual conversation among friends unless you are certain the listener will understand; it can sound pretentious. Also avoid when a simpler synonym suffices.","Academic: In the scholarly article, the author argued that the autoecious phenomenon could not be overlooked.","Conversational: Look, the autoecious results speak for themselves — we can't ignore them any longer.",GRE: The committee's decision to ___ was met with both praise and criticism from stakeholders. (fill in: autoecious)
1885,lustreless,adjective,lacking luster or shine,lusterless; lacklustre; lackluster,,"Use ""lustreless"" (adjective) when you want to convey lacking luster or shine. Appropriate in formal writing, GRE sentence-equivalence, and academic contexts where precision matters.","Avoid ""lustreless"" in casual conversation among friends unless you are certain the listener will understand; it can sound pretentious. Also avoid when a simpler synonym suffices.",Academic: A key consideration in modern discourse is how the lustreless principle shapes contemporary policy decisions.,Conversational: I've noticed the lustreless trend in our office culture and it's starting to concern me.,"GRE: Despite the ___ nature of the evidence, the researchers remained ___ about their conclusions. (fill in: lustreless)"
1886,evil-looking,adjective,having an evil appearance,,,"Use ""evil-looking"" (adjective) when you want to convey having an evil appearance. Appropriate in formal writing, GRE sentence-equivalence, and academic contexts where precision matters.","Avoid ""evil-looking"" in casual conversation among friends unless you are certain the listener will understand; it can sound pretentious. Also avoid when a simpler synonym suffices.",Academic: A key consideration in modern discourse is how the evil-looking principle shapes contemporary policy decisions.,"Conversational: You know, it's pretty clear that the evil-looking situation needs our immediate attention.",GRE: The author's ___ tone contrasted sharply with the ___ underlying message of the passage. (fill in: evil-looking)
1887,deep-yellow,adjective,of something having the color of a pumpkin,,,"Use ""deep-yellow"" (adjective) when you want to convey of something having the color of a pumpkin. Appropriate in formal writing, GRE sentence-equivalence, and academic contexts where precision matters.","Avoid ""deep-yellow"" in casual conversation among friends unless you are certain the listener will understand; it can sound pretentious. Also avoid when a simpler synonym suffices.",Academic: A key consideration in modern discourse is how the deep-yellow principle shapes contemporary policy decisions.,Conversational: I've noticed the deep-yellow trend in our office culture and it's starting to concern me.,GRE: The committee's decision to ___ was met with both praise and criticism from stakeholders. (fill in: deep-yellow)
1888,elaborated,adjective,developed or executed with care and in minute detail; ; - John Buchan,lucubrate; expatiate; dilate; expand; flesh out; expound,contract,"Use ""elaborated"" (adjective) when you want to convey developed or executed with care and in minute detail; ; - john buchan. Appropriate in formal writing, GRE sentence-equivalence, and academic contexts where precision matters.","Avoid ""elaborated"" in casual conversation among friends unless you are certain the listener will understand; it can sound pretentious. Also avoid when a simpler synonym suffices.","Academic: In the scholarly article, the author argued that the elaborated phenomenon could not be overlooked.","Conversational: Honestly, the elaborated behavior of the team has been a major source of tension lately.",GRE: The committee's decision to ___ was met with both praise and criticism from stakeholders. (fill in: elaborated)
1889,two-party,adjective,supported by both sides,two-way; bipartisan; bipartizan,,"Use ""two-party"" (adjective) when you want to convey supported by both sides. Appropriate in formal writing, GRE sentence-equivalence, and academic contexts where precision matters.","Avoid ""two-party"" in casual conversation among friends unless you are certain the listener will understand; it can sound pretentious. Also avoid when a simpler synonym suffices.",Academic: The researcher's findings revealed that the two-party effect was statistically significant across all samples.,Conversational: I've noticed the two-party trend in our office culture and it's starting to concern me.,GRE: The committee's decision to ___ was met with both praise and criticism from stakeholders. (fill in: two-party)
1890,laboured,adjective,requiring or showing effort,travail; labor; fag; labour; moil; toil,,"Use ""laboured"" (adjective) when you want to convey requiring or showing effort. Appropriate in formal writing, GRE sentence-equivalence, and academic contexts where precision matters.","Avoid ""laboured"" in casual conversation among friends unless you are certain the listener will understand; it can sound pretentious. Also avoid when a simpler synonym suffices.","Academic: In the scholarly article, the author argued that the laboured phenomenon could not be overlooked.",Conversational: I told him the laboured approach just wouldn't work here — we need to rethink this.,GRE: The author's ___ tone contrasted sharply with the ___ underlying message of the passage. (fill in: laboured)
1891,jeweled,adjective,covered with beads or jewels or sequins,jewelled; gemmed; sequined; spangly; jewel; spangled,,"Use ""jeweled"" (adjective) when you want to convey covered with beads or jewels or sequins. Appropriate in formal writing, GRE sentence-equivalence, and academic contexts where precision matters.","Avoid ""jeweled"" in casual conversation among friends unless you are certain the listener will understand; it can sound pretentious. Also avoid when a simpler synonym suffices.",Academic: The study concluded that the jeweled factor played a decisive role in the experimental outcome.,Conversational: I told him the jeweled approach just wouldn't work here — we need to rethink this.,GRE: Analysts noted that the company's ___ strategy had ___ results in the last quarter. (fill in: jeweled)
1892,unapproachable,adjective,inaccessibly located or situated,unreachable; unreached; out of reach,approachable,"Use ""unapproachable"" (adjective) when you want to convey inaccessibly located or situated. Appropriate in formal writing, GRE sentence-equivalence, and academic contexts where precision matters.","Avoid ""unapproachable"" in casual conversation among friends unless you are certain the listener will understand; it can sound pretentious. Also avoid when a simpler synonym suffices.",Academic: Contemporary scholars debate whether the unapproachable hypothesis adequately explains the observed data.,Conversational: I told him the unapproachable approach just wouldn't work here — we need to rethink this.,GRE: The author's ___ tone contrasted sharply with the ___ underlying message of the passage. (fill in: unapproachable)
1893,exquisite,adjective,delicately beautiful,keen; dainty; recherche,,"Use ""exquisite"" (adjective) when you want to convey delicately beautiful. Appropriate in formal writing, GRE sentence-equivalence, and academic contexts where precision matters.","Avoid ""exquisite"" in casual conversation among friends unless you are certain the listener will understand; it can sound pretentious. Also avoid when a simpler synonym suffices.",Academic: The researcher's findings revealed that the exquisite effect was statistically significant across all samples.,Conversational: I've noticed the exquisite trend in our office culture and it's starting to concern me.,GRE: The author's ___ tone contrasted sharply with the ___ underlying message of the passage. (fill in: exquisite)
1894,frosted,adjective,(of glass) having a roughened coating resembling frost,frost; ice,,"Use ""frosted"" (adjective) when you want to convey (of glass) having a roughened coating resembling frost. Appropriate in formal writing, GRE sentence-equivalence, and academic contexts where precision matters.","Avoid ""frosted"" in casual conversation among friends unless you are certain the listener will understand; it can sound pretentious. Also avoid when a simpler synonym suffices.",Academic: The study concluded that the frosted factor played a decisive role in the experimental outcome.,"Conversational: You know, it's pretty clear that the frosted situation needs our immediate attention.",GRE: The author's ___ tone contrasted sharply with the ___ underlying message of the passage. (fill in: frosted)
1895,stuporous,adjective,stunned or confused and slow to react (as from blows or drunkenness or exhaustion),dazed; logy; foggy; groggy,,"Use ""stuporous"" (adjective) when you want to convey stunned or confused and slow to react (as from blows or drunkenness or exhaustion). Appropriate in formal writing, GRE sentence-equivalence, and academic contexts where precision matters.","Avoid ""stuporous"" in casual conversation among friends unless you are certain the listener will understand; it can sound pretentious. Also avoid when a simpler synonym suffices.",Academic: A key consideration in modern discourse is how the stuporous principle shapes contemporary policy decisions.,"Conversational: Look, the stuporous results speak for themselves — we can't ignore them any longer.","GRE: Despite the ___ nature of the evidence, the researchers remained ___ about their conclusions. (fill in: stuporous)"
1896,dogging,adjective,relentless and indefatigable in pursuit or as if in pursuit,tag; dog; trail; give chase; chase; tail,,"Use ""dogging"" (adjective) when you want to convey relentless and indefatigable in pursuit or as if in pursuit. Appropriate in formal writing, GRE sentence-equivalence, and academic contexts where precision matters.","Avoid ""dogging"" in casual conversation among friends unless you are certain the listener will understand; it can sound pretentious. Also avoid when a simpler synonym suffices.","Academic: In the scholarly article, the author argued that the dogging phenomenon could not be overlooked.",Conversational: I told him the dogging approach just wouldn't work here — we need to rethink this.,GRE: Analysts noted that the company's ___ strategy had ___ results in the last quarter. (fill in: dogging)
1897,monochrome,adjective,having or appearing to have only one color,black and white; monochromous; monochromic; monochromatic,,"Use ""monochrome"" (adjective) when you want to convey having or appearing to have only one color. Appropriate in formal writing, GRE sentence-equivalence, and academic contexts where precision matters.","Avoid ""monochrome"" in casual conversation among friends unless you are certain the listener will understand; it can sound pretentious. Also avoid when a simpler synonym suffices.",Academic: Contemporary scholars debate whether the monochrome hypothesis adequately explains the observed data.,"Conversational: Look, the monochrome results speak for themselves — we can't ignore them any longer.",GRE: The author's ___ tone contrasted sharply with the ___ underlying message of the passage. (fill in: monochrome)
1898,conducive,adjective,tending to bring about; being partly responsible for,tributary; contributive; contributory; contributing,,"Use ""conducive"" (adjective) when you want to convey tending to bring about; being partly responsible for. Appropriate in formal writing, GRE sentence-equivalence, and academic contexts where precision matters.","Avoid ""conducive"" in casual conversation among friends unless you are certain the listener will understand; it can sound pretentious. Also avoid when a simpler synonym suffices.",Academic: A key consideration in modern discourse is how the conducive principle shapes contemporary policy decisions.,Conversational: I told him the conducive approach just wouldn't work here — we need to rethink this.,GRE: The author's ___ tone contrasted sharply with the ___ underlying message of the passage. (fill in: conducive)
1899,dissenting,adjective,"disagreeing, especially with a majority",dissent; take issue; resist; disagree; differ; protest,assent; agree,"Use ""dissenting"" (adjective) when you want to convey disagreeing, especially with a majority. Appropriate in formal writing, GRE sentence-equivalence, and academic contexts where precision matters.","Avoid ""dissenting"" in casual conversation among friends unless you are certain the listener will understand; it can sound pretentious. Also avoid when a simpler synonym suffices.",Academic: Contemporary scholars debate whether the dissenting hypothesis adequately explains the observed data.,"Conversational: Look, the dissenting results speak for themselves — we can't ignore them any longer.",GRE: The professor described the ___ as a ___ that ___ the entire field of study. (fill in: dissenting)
1900,sinistrorse,adjective,spiraling upward from right to left,sinistrorsal,,"Use ""sinistrorse"" (adjective) when you want to convey spiraling upward from right to left. Appropriate in formal writing, GRE sentence-equivalence, and academic contexts where precision matters.","Avoid ""sinistrorse"" in casual conversation among friends unless you are certain the listener will understand; it can sound pretentious. Also avoid when a simpler synonym suffices.",Academic: A key consideration in modern discourse is how the sinistrorse principle shapes contemporary policy decisions.,Conversational: I've noticed the sinistrorse trend in our office culture and it's starting to concern me.,GRE: The professor described the ___ as a ___ that ___ the entire field of study. (fill in: sinistrorse)
1901,expectable,adjective,to be expected,,,"Use ""expectable"" (adjective) when you want to convey to be expected. Appropriate in formal writing, GRE sentence-equivalence, and academic contexts where precision matters.","Avoid ""expectable"" in casual conversation among friends unless you are certain the listener will understand; it can sound pretentious. Also avoid when a simpler synonym suffices.",Academic: A key consideration in modern discourse is how the expectable principle shapes contemporary policy decisions.,"Conversational: Look, the expectable results speak for themselves — we can't ignore them any longer.","GRE: Despite the ___ nature of the evidence, the researchers remained ___ about their conclusions. (fill in: expectable)"
1902,self-confessed,adjective,owned up to,,,"Use ""self-confessed"" (adjective) when you want to convey owned up to. Appropriate in formal writing, GRE sentence-equivalence, and academic contexts where precision matters.","Avoid ""self-confessed"" in casual conversation among friends unless you are certain the listener will understand; it can sound pretentious. Also avoid when a simpler synonym suffices.",Academic: A key consideration in modern discourse is how the self-confessed principle shapes contemporary policy decisions.,Conversational: I've noticed the self-confessed trend in our office culture and it's starting to concern me.,GRE: Analysts noted that the company's ___ strategy had ___ results in the last quarter. (fill in: self-confessed)
1903,reversive,adjective,tending to be turned back,returning,,"Use ""reversive"" (adjective) when you want to convey tending to be turned back. Appropriate in formal writing, GRE sentence-equivalence, and academic contexts where precision matters.","Avoid ""reversive"" in casual conversation among friends unless you are certain the listener will understand; it can sound pretentious. Also avoid when a simpler synonym suffices.",Academic: Contemporary scholars debate whether the reversive hypothesis adequately explains the observed data.,Conversational: I've noticed the reversive trend in our office culture and it's starting to concern me.,GRE: Analysts noted that the company's ___ strategy had ___ results in the last quarter. (fill in: reversive)
1904,jittering,adjective,undergoing small rapid variations,,,"Use ""jittering"" (adjective) when you want to convey undergoing small rapid variations. Appropriate in formal writing, GRE sentence-equivalence, and academic contexts where precision matters.","Avoid ""jittering"" in casual conversation among friends unless you are certain the listener will understand; it can sound pretentious. Also avoid when a simpler synonym suffices.",Academic: The study concluded that the jittering factor played a decisive role in the experimental outcome.,Conversational: I've noticed the jittering trend in our office culture and it's starting to concern me.,GRE: The professor described the ___ as a ___ that ___ the entire field of study. (fill in: jittering)
1905,temperamental,adjective,subject to sharply varying moods,erratic; moody,,"Use ""temperamental"" (adjective) when you want to convey subject to sharply varying moods. Appropriate in formal writing, GRE sentence-equivalence, and academic contexts where precision matters.","Avoid ""temperamental"" in casual conversation among friends unless you are certain the listener will understand; it can sound pretentious. Also avoid when a simpler synonym suffices.",Academic: A key consideration in modern discourse is how the temperamental principle shapes contemporary policy decisions.,"Conversational: Look, the temperamental results speak for themselves — we can't ignore them any longer.","GRE: Despite the ___ nature of the evidence, the researchers remained ___ about their conclusions. (fill in: temperamental)"
1906,air-to-air,adjective,operating between or launched from or involving rockets or aircraft in flight,,surface-to-air; air-to-surface,"Use ""air-to-air"" (adjective) when you want to convey operating between or launched from or involving rockets or aircraft in flight. Appropriate in formal writing, GRE sentence-equivalence, and academic contexts where precision matters.","Avoid ""air-to-air"" in casual conversation among friends unless you are certain the listener will understand; it can sound pretentious. Also avoid when a simpler synonym suffices.",Academic: The study concluded that the air-to-air factor played a decisive role in the experimental outcome.,"Conversational: You know, it's pretty clear that the air-to-air situation needs our immediate attention.",GRE: The committee's decision to ___ was met with both praise and criticism from stakeholders. (fill in: air-to-air)
1907,lineal,adjective,arranged in a line,direct,collateral,"Use ""lineal"" (adjective) when you want to convey arranged in a line. Appropriate in formal writing, GRE sentence-equivalence, and academic contexts where precision matters.","Avoid ""lineal"" in casual conversation among friends unless you are certain the listener will understand; it can sound pretentious. Also avoid when a simpler synonym suffices.",Academic: A key consideration in modern discourse is how the lineal principle shapes contemporary policy decisions.,Conversational: I've noticed the lineal trend in our office culture and it's starting to concern me.,GRE: The committee's decision to ___ was met with both praise and criticism from stakeholders. (fill in: lineal)
1908,nacreous,adjective,having a play of lustrous rainbow colors,iridescent; opalescent; opaline; pearlescent,,"Use ""nacreous"" (adjective) when you want to convey having a play of lustrous rainbow colors. Appropriate in formal writing, GRE sentence-equivalence, and academic contexts where precision matters.","Avoid ""nacreous"" in casual conversation among friends unless you are certain the listener will understand; it can sound pretentious. Also avoid when a simpler synonym suffices.",Academic: Contemporary scholars debate whether the nacreous hypothesis adequately explains the observed data.,Conversational: I told him the nacreous approach just wouldn't work here — we need to rethink this.,GRE: The professor described the ___ as a ___ that ___ the entire field of study. (fill in: nacreous)
1909,vulturine,adjective,living by preying on other animals especially by catching living prey,rapacious; vulturous; ravening; predatory; raptorial,,"Use ""vulturine"" (adjective) when you want to convey living by preying on other animals especially by catching living prey. Appropriate in formal writing, GRE sentence-equivalence, and academic contexts where precision matters.","Avoid ""vulturine"" in casual conversation among friends unless you are certain the listener will understand; it can sound pretentious. Also avoid when a simpler synonym suffices.","Academic: In the scholarly article, the author argued that the vulturine phenomenon could not be overlooked.","Conversational: Honestly, the vulturine behavior of the team has been a major source of tension lately.",GRE: Analysts noted that the company's ___ strategy had ___ results in the last quarter. (fill in: vulturine)
1910,lilac-blue,adjective,of blue tinged with lavender,violet-blue,,"Use ""lilac-blue"" (adjective) when you want to convey of blue tinged with lavender. Appropriate in formal writing, GRE sentence-equivalence, and academic contexts where precision matters.","Avoid ""lilac-blue"" in casual conversation among friends unless you are certain the listener will understand; it can sound pretentious. Also avoid when a simpler synonym suffices.",Academic: The researcher's findings revealed that the lilac-blue effect was statistically significant across all samples.,"Conversational: Honestly, the lilac-blue behavior of the team has been a major source of tension lately.",GRE: The committee's decision to ___ was met with both praise and criticism from stakeholders. (fill in: lilac-blue)
1911,multicellular,adjective,consisting of many cells,,,"Use ""multicellular"" (adjective) when you want to convey consisting of many cells. Appropriate in formal writing, GRE sentence-equivalence, and academic contexts where precision matters.","Avoid ""multicellular"" in casual conversation among friends unless you are certain the listener will understand; it can sound pretentious. Also avoid when a simpler synonym suffices.",Academic: A key consideration in modern discourse is how the multicellular principle shapes contemporary policy decisions.,Conversational: I've noticed the multicellular trend in our office culture and it's starting to concern me.,GRE: The author's ___ tone contrasted sharply with the ___ underlying message of the passage. (fill in: multicellular)
1912,particolored,adjective,having sections or patches colored differently and usually brightly,motley; multicolour; multi-colored; multi-coloured; pied; calico,,"Use ""particolored"" (adjective) when you want to convey having sections or patches colored differently and usually brightly. Appropriate in formal writing, GRE sentence-equivalence, and academic contexts where precision matters.","Avoid ""particolored"" in casual conversation among friends unless you are certain the listener will understand; it can sound pretentious. Also avoid when a simpler synonym suffices.",Academic: Contemporary scholars debate whether the particolored hypothesis adequately explains the observed data.,Conversational: I've noticed the particolored trend in our office culture and it's starting to concern me.,GRE: The author's ___ tone contrasted sharply with the ___ underlying message of the passage. (fill in: particolored)
1913,unreconstructed,adjective,adhering to an attitude or position widely held to be outmoded,,reconstructed,"Use ""unreconstructed"" (adjective) when you want to convey adhering to an attitude or position widely held to be outmoded. Appropriate in formal writing, GRE sentence-equivalence, and academic contexts where precision matters.","Avoid ""unreconstructed"" in casual conversation among friends unless you are certain the listener will understand; it can sound pretentious. Also avoid when a simpler synonym suffices.",Academic: The researcher's findings revealed that the unreconstructed effect was statistically significant across all samples.,"Conversational: You know, it's pretty clear that the unreconstructed situation needs our immediate attention.",GRE: The committee's decision to ___ was met with both praise and criticism from stakeholders. (fill in: unreconstructed)
1914,sizable,adjective,large in amount or extent or degree,hefty; respectable; sizeable; ample; goodly; healthy,,"Use ""sizable"" (adjective) when you want to convey large in amount or extent or degree. Appropriate in formal writing, GRE sentence-equivalence, and academic contexts where precision matters.","Avoid ""sizable"" in casual conversation among friends unless you are certain the listener will understand; it can sound pretentious. Also avoid when a simpler synonym suffices.",Academic: The study concluded that the sizable factor played a decisive role in the experimental outcome.,"Conversational: Honestly, the sizable behavior of the team has been a major source of tension lately.",GRE: Analysts noted that the company's ___ strategy had ___ results in the last quarter. (fill in: sizable)
1915,greenish-brown,adjective,of brown tinged with green,,,"Use ""greenish-brown"" (adjective) when you want to convey of brown tinged with green. Appropriate in formal writing, GRE sentence-equivalence, and academic contexts where precision matters.","Avoid ""greenish-brown"" in casual conversation among friends unless you are certain the listener will understand; it can sound pretentious. Also avoid when a simpler synonym suffices.",Academic: The researcher's findings revealed that the greenish-brown effect was statistically significant across all samples.,"Conversational: Honestly, the greenish-brown behavior of the team has been a major source of tension lately.",GRE: The professor described the ___ as a ___ that ___ the entire field of study. (fill in: greenish-brown)
1916,scabrous,adjective,dealing with salacious or indecent material,lepidote; scurfy; scaly; leprose,,"Use ""scabrous"" (adjective) when you want to convey dealing with salacious or indecent material. Appropriate in formal writing, GRE sentence-equivalence, and academic contexts where precision matters.","Avoid ""scabrous"" in casual conversation among friends unless you are certain the listener will understand; it can sound pretentious. Also avoid when a simpler synonym suffices.",Academic: Contemporary scholars debate whether the scabrous hypothesis adequately explains the observed data.,Conversational: I told him the scabrous approach just wouldn't work here — we need to rethink this.,GRE: Analysts noted that the company's ___ strategy had ___ results in the last quarter. (fill in: scabrous)
1917,black-grey,adjective,of dark grey,black-gray; blackish-gray; blackish-grey,,"Use ""black-grey"" (adjective) when you want to convey of dark grey. Appropriate in formal writing, GRE sentence-equivalence, and academic contexts where precision matters.","Avoid ""black-grey"" in casual conversation among friends unless you are certain the listener will understand; it can sound pretentious. Also avoid when a simpler synonym suffices.",Academic: A key consideration in modern discourse is how the black-grey principle shapes contemporary policy decisions.,"Conversational: Honestly, the black-grey behavior of the team has been a major source of tension lately.",GRE: The committee's decision to ___ was met with both praise and criticism from stakeholders. (fill in: black-grey)
1918,shredded,adjective,prepared by cutting,tear up; shred; chopped; sliced; rip up,,"Use ""shredded"" (adjective) when you want to convey prepared by cutting. Appropriate in formal writing, GRE sentence-equivalence, and academic contexts where precision matters.","Avoid ""shredded"" in casual conversation among friends unless you are certain the listener will understand; it can sound pretentious. Also avoid when a simpler synonym suffices.",Academic: Contemporary scholars debate whether the shredded hypothesis adequately explains the observed data.,"Conversational: Look, the shredded results speak for themselves — we can't ignore them any longer.",GRE: The author's ___ tone contrasted sharply with the ___ underlying message of the passage. (fill in: shredded)
1919,attenuated,adjective,reduced in strength,attenuate; rarefy; weakened; faded,,"Use ""attenuated"" (adjective) when you want to convey reduced in strength. Appropriate in formal writing, GRE sentence-equivalence, and academic contexts where precision matters.","Avoid ""attenuated"" in casual conversation among friends unless you are certain the listener will understand; it can sound pretentious. Also avoid when a simpler synonym suffices.",Academic: The researcher's findings revealed that the attenuated effect was statistically significant across all samples.,"Conversational: You know, it's pretty clear that the attenuated situation needs our immediate attention.",GRE: The professor described the ___ as a ___ that ___ the entire field of study. (fill in: attenuated)
1920,differentiable,adjective,capable of being perceived as different,,,"Use ""differentiable"" (adjective) when you want to convey capable of being perceived as different. Appropriate in formal writing, GRE sentence-equivalence, and academic contexts where precision matters.","Avoid ""differentiable"" in casual conversation among friends unless you are certain the listener will understand; it can sound pretentious. Also avoid when a simpler synonym suffices.",Academic: The study concluded that the differentiable factor played a decisive role in the experimental outcome.,Conversational: I told him the differentiable approach just wouldn't work here — we need to rethink this.,"GRE: Despite the ___ nature of the evidence, the researchers remained ___ about their conclusions. (fill in: differentiable)"
1921,exclusive,adjective,not divided among or brought to bear on more than one object or objective,sole; undivided; scoop; single,inclusive,"Use ""exclusive"" (adjective) when you want to convey not divided among or brought to bear on more than one object or objective. Appropriate in formal writing, GRE sentence-equivalence, and academic contexts where precision matters.","Avoid ""exclusive"" in casual conversation among friends unless you are certain the listener will understand; it can sound pretentious. Also avoid when a simpler synonym suffices.",Academic: Contemporary scholars debate whether the exclusive hypothesis adequately explains the observed data.,"Conversational: You know, it's pretty clear that the exclusive situation needs our immediate attention.",GRE: The author's ___ tone contrasted sharply with the ___ underlying message of the passage. (fill in: exclusive)
1922,bloodthirsty,adjective,marked by eagerness to resort to violence and bloodshed; ; ; -G.W.Johnson,bloody-minded; sanguinary,,"Use ""bloodthirsty"" (adjective) when you want to convey marked by eagerness to resort to violence and bloodshed; ; ; -g.w.johnson. Appropriate in formal writing, GRE sentence-equivalence, and academic contexts where precision matters.","Avoid ""bloodthirsty"" in casual conversation among friends unless you are certain the listener will understand; it can sound pretentious. Also avoid when a simpler synonym suffices.",Academic: A key consideration in modern discourse is how the bloodthirsty principle shapes contemporary policy decisions.,"Conversational: You know, it's pretty clear that the bloodthirsty situation needs our immediate attention.",GRE: The author's ___ tone contrasted sharply with the ___ underlying message of the passage. (fill in: bloodthirsty)
1923,vigorous,adjective,characterized by forceful and energetic action or activity,,,"Use ""vigorous"" (adjective) when you want to convey characterized by forceful and energetic action or activity. Appropriate in formal writing, GRE sentence-equivalence, and academic contexts where precision matters.","Avoid ""vigorous"" in casual conversation among friends unless you are certain the listener will understand; it can sound pretentious. Also avoid when a simpler synonym suffices.",Academic: The study concluded that the vigorous factor played a decisive role in the experimental outcome.,"Conversational: You know, it's pretty clear that the vigorous situation needs our immediate attention.",GRE: The committee's decision to ___ was met with both praise and criticism from stakeholders. (fill in: vigorous)
1924,emotive,adjective,characterized by emotion,affectional; affective,,"Use ""emotive"" (adjective) when you want to convey characterized by emotion. Appropriate in formal writing, GRE sentence-equivalence, and academic contexts where precision matters.","Avoid ""emotive"" in casual conversation among friends unless you are certain the listener will understand; it can sound pretentious. Also avoid when a simpler synonym suffices.",Academic: A key consideration in modern discourse is how the emotive principle shapes contemporary policy decisions.,"Conversational: Honestly, the emotive behavior of the team has been a major source of tension lately.","GRE: Despite the ___ nature of the evidence, the researchers remained ___ about their conclusions. (fill in: emotive)"
1925,untraditional,adjective,not conforming to or in accord with tradition,nontraditional,traditional,"Use ""untraditional"" (adjective) when you want to convey not conforming to or in accord with tradition. Appropriate in formal writing, GRE sentence-equivalence, and academic contexts where precision matters.","Avoid ""untraditional"" in casual conversation among friends unless you are certain the listener will understand; it can sound pretentious. Also avoid when a simpler synonym suffices.",Academic: The study concluded that the untraditional factor played a decisive role in the experimental outcome.,"Conversational: You know, it's pretty clear that the untraditional situation needs our immediate attention.",GRE: Analysts noted that the company's ___ strategy had ___ results in the last quarter. (fill in: untraditional)
1926,splinterproof,adjective,resistant to shattering or splintering,shatterproof; splinterless,,"Use ""splinterproof"" (adjective) when you want to convey resistant to shattering or splintering. Appropriate in formal writing, GRE sentence-equivalence, and academic contexts where precision matters.","Avoid ""splinterproof"" in casual conversation among friends unless you are certain the listener will understand; it can sound pretentious. Also avoid when a simpler synonym suffices.",Academic: Contemporary scholars debate whether the splinterproof hypothesis adequately explains the observed data.,"Conversational: You know, it's pretty clear that the splinterproof situation needs our immediate attention.","GRE: Despite the ___ nature of the evidence, the researchers remained ___ about their conclusions. (fill in: splinterproof)"
1927,rubberlike,adjective,having an elastic texture resembling rubber in flexibility or toughness,rubbery,,"Use ""rubberlike"" (adjective) when you want to convey having an elastic texture resembling rubber in flexibility or toughness. Appropriate in formal writing, GRE sentence-equivalence, and academic contexts where precision matters.","Avoid ""rubberlike"" in casual conversation among friends unless you are certain the listener will understand; it can sound pretentious. Also avoid when a simpler synonym suffices.","Academic: In the scholarly article, the author argued that the rubberlike phenomenon could not be overlooked.","Conversational: Honestly, the rubberlike behavior of the team has been a major source of tension lately.",GRE: The author's ___ tone contrasted sharply with the ___ underlying message of the passage. (fill in: rubberlike)
1928,uneffective,adjective,not producing an intended effect,ineffectual; ineffective,effective,"Use ""uneffective"" (adjective) when you want to convey not producing an intended effect. Appropriate in formal writing, GRE sentence-equivalence, and academic contexts where precision matters.","Avoid ""uneffective"" in casual conversation among friends unless you are certain the listener will understand; it can sound pretentious. Also avoid when a simpler synonym suffices.","Academic: In the scholarly article, the author argued that the uneffective phenomenon could not be overlooked.","Conversational: Honestly, the uneffective behavior of the team has been a major source of tension lately.",GRE: The author's ___ tone contrasted sharply with the ___ underlying message of the passage. (fill in: uneffective)
1929,considerable,adjective,large or relatively large in number or amount or extent or degree,,inconsiderable,"Use ""considerable"" (adjective) when you want to convey large or relatively large in number or amount or extent or degree. Appropriate in formal writing, GRE sentence-equivalence, and academic contexts where precision matters.","Avoid ""considerable"" in casual conversation among friends unless you are certain the listener will understand; it can sound pretentious. Also avoid when a simpler synonym suffices.",Academic: Contemporary scholars debate whether the considerable hypothesis adequately explains the observed data.,Conversational: I told him the considerable approach just wouldn't work here — we need to rethink this.,GRE: The professor described the ___ as a ___ that ___ the entire field of study. (fill in: considerable)
1930,blushful,adjective,having a red face from embarrassment or shame or agitation or emotional upset,blushing; rosy; red-faced,,"Use ""blushful"" (adjective) when you want to convey having a red face from embarrassment or shame or agitation or emotional upset. Appropriate in formal writing, GRE sentence-equivalence, and academic contexts where precision matters.","Avoid ""blushful"" in casual conversation among friends unless you are certain the listener will understand; it can sound pretentious. Also avoid when a simpler synonym suffices.",Academic: Contemporary scholars debate whether the blushful hypothesis adequately explains the observed data.,Conversational: I told him the blushful approach just wouldn't work here — we need to rethink this.,GRE: Analysts noted that the company's ___ strategy had ___ results in the last quarter. (fill in: blushful)
1931,chartreuse,adjective,of something having the yellowish green color of Chartreuse liqueur,pea green; yellowish green; Paris green; yellow green,,"Use ""chartreuse"" (adjective) when you want to convey of something having the yellowish green color of chartreuse liqueur. Appropriate in formal writing, GRE sentence-equivalence, and academic contexts where precision matters.","Avoid ""chartreuse"" in casual conversation among friends unless you are certain the listener will understand; it can sound pretentious. Also avoid when a simpler synonym suffices.","Academic: In the scholarly article, the author argued that the chartreuse phenomenon could not be overlooked.","Conversational: Look, the chartreuse results speak for themselves — we can't ignore them any longer.","GRE: Despite the ___ nature of the evidence, the researchers remained ___ about their conclusions. (fill in: chartreuse)"
1932,searing,adjective,severely critical,singe; sear; char; scorch; blacken; parch,,"Use ""searing"" (adjective) when you want to convey severely critical. Appropriate in formal writing, GRE sentence-equivalence, and academic contexts where precision matters.","Avoid ""searing"" in casual conversation among friends unless you are certain the listener will understand; it can sound pretentious. Also avoid when a simpler synonym suffices.",Academic: Contemporary scholars debate whether the searing hypothesis adequately explains the observed data.,Conversational: I've noticed the searing trend in our office culture and it's starting to concern me.,GRE: The author's ___ tone contrasted sharply with the ___ underlying message of the passage. (fill in: searing)
1933,insomniac,adjective,experiencing or accompanied by sleeplessness; ; ; ; - Shakespeare,watchful; sleepless person; sleepless,,"Use ""insomniac"" (adjective) when you want to convey experiencing or accompanied by sleeplessness; ; ; ; - shakespeare. Appropriate in formal writing, GRE sentence-equivalence, and academic contexts where precision matters.","Avoid ""insomniac"" in casual conversation among friends unless you are certain the listener will understand; it can sound pretentious. Also avoid when a simpler synonym suffices.","Academic: In the scholarly article, the author argued that the insomniac phenomenon could not be overlooked.",Conversational: I told him the insomniac approach just wouldn't work here — we need to rethink this.,"GRE: Despite the ___ nature of the evidence, the researchers remained ___ about their conclusions. (fill in: insomniac)"
1934,wedged,adjective,wedged or packed in together,lodge; stick; force; squeeze; deposit; wedge,dislodge,"Use ""wedged"" (adjective) when you want to convey wedged or packed in together. Appropriate in formal writing, GRE sentence-equivalence, and academic contexts where precision matters.","Avoid ""wedged"" in casual conversation among friends unless you are certain the listener will understand; it can sound pretentious. Also avoid when a simpler synonym suffices.",Academic: A key consideration in modern discourse is how the wedged principle shapes contemporary policy decisions.,"Conversational: Look, the wedged results speak for themselves — we can't ignore them any longer.",GRE: Analysts noted that the company's ___ strategy had ___ results in the last quarter. (fill in: wedged)
1935,educated,adjective,possessing an education (especially having more than average knowledge),educate; prepare; develop; train; civilise; school,uneducated,"Use ""educated"" (adjective) when you want to convey possessing an education (especially having more than average knowledge). Appropriate in formal writing, GRE sentence-equivalence, and academic contexts where precision matters.","Avoid ""educated"" in casual conversation among friends unless you are certain the listener will understand; it can sound pretentious. Also avoid when a simpler synonym suffices.",Academic: The researcher's findings revealed that the educated effect was statistically significant across all samples.,"Conversational: Honestly, the educated behavior of the team has been a major source of tension lately.",GRE: The committee's decision to ___ was met with both praise and criticism from stakeholders. (fill in: educated)
1936,catchy,adjective,having concealed difficulty,tricky; attention-getting,,"Use ""catchy"" (adjective) when you want to convey having concealed difficulty. Appropriate in formal writing, GRE sentence-equivalence, and academic contexts where precision matters.","Avoid ""catchy"" in casual conversation among friends unless you are certain the listener will understand; it can sound pretentious. Also avoid when a simpler synonym suffices.",Academic: The study concluded that the catchy factor played a decisive role in the experimental outcome.,Conversational: I've noticed the catchy trend in our office culture and it's starting to concern me.,GRE: The committee's decision to ___ was met with both praise and criticism from stakeholders. (fill in: catchy)
1937,identical,adjective,coinciding exactly when superimposed,monovular; very; selfsame; superposable; indistinguishable,fraternal,"Use ""identical"" (adjective) when you want to convey coinciding exactly when superimposed. Appropriate in formal writing, GRE sentence-equivalence, and academic contexts where precision matters.","Avoid ""identical"" in casual conversation among friends unless you are certain the listener will understand; it can sound pretentious. Also avoid when a simpler synonym suffices.",Academic: Contemporary scholars debate whether the identical hypothesis adequately explains the observed data.,"Conversational: Look, the identical results speak for themselves — we can't ignore them any longer.",GRE: The professor described the ___ as a ___ that ___ the entire field of study. (fill in: identical)
1938,incurious,adjective,showing absence of intellectual inquisitiveness or natural curiosity,,curious,"Use ""incurious"" (adjective) when you want to convey showing absence of intellectual inquisitiveness or natural curiosity. Appropriate in formal writing, GRE sentence-equivalence, and academic contexts where precision matters.","Avoid ""incurious"" in casual conversation among friends unless you are certain the listener will understand; it can sound pretentious. Also avoid when a simpler synonym suffices.","Academic: In the scholarly article, the author argued that the incurious phenomenon could not be overlooked.","Conversational: Look, the incurious results speak for themselves — we can't ignore them any longer.",GRE: The author's ___ tone contrasted sharply with the ___ underlying message of the passage. (fill in: incurious)
1939,woolly,adjective,covered with dense often matted or curly hairs,muddled; befuddled; woolly-headed; flocculent; muzzy; wooly,,"Use ""woolly"" (adjective) when you want to convey covered with dense often matted or curly hairs. Appropriate in formal writing, GRE sentence-equivalence, and academic contexts where precision matters.","Avoid ""woolly"" in casual conversation among friends unless you are certain the listener will understand; it can sound pretentious. Also avoid when a simpler synonym suffices.",Academic: The study concluded that the woolly factor played a decisive role in the experimental outcome.,Conversational: I told him the woolly approach just wouldn't work here — we need to rethink this.,GRE: Analysts noted that the company's ___ strategy had ___ results in the last quarter. (fill in: woolly)
1940,challenging,adjective,requiring full use of your abilities or resources,challenge; gainsay; thought-provoking; dispute; ambitious; take exception,,"Use ""challenging"" (adjective) when you want to convey requiring full use of your abilities or resources. Appropriate in formal writing, GRE sentence-equivalence, and academic contexts where precision matters.","Avoid ""challenging"" in casual conversation among friends unless you are certain the listener will understand; it can sound pretentious. Also avoid when a simpler synonym suffices.",Academic: The study concluded that the challenging factor played a decisive role in the experimental outcome.,Conversational: I've noticed the challenging trend in our office culture and it's starting to concern me.,GRE: Analysts noted that the company's ___ strategy had ___ results in the last quarter. (fill in: challenging)
1941,devoted,adjective,zealous in devotion or affection,pay; commit; give; consecrate; dedicate; devote,,"Use ""devoted"" (adjective) when you want to convey zealous in devotion or affection. Appropriate in formal writing, GRE sentence-equivalence, and academic contexts where precision matters.","Avoid ""devoted"" in casual conversation among friends unless you are certain the listener will understand; it can sound pretentious. Also avoid when a simpler synonym suffices.",Academic: The study concluded that the devoted factor played a decisive role in the experimental outcome.,"Conversational: Look, the devoted results speak for themselves — we can't ignore them any longer.",GRE: The author's ___ tone contrasted sharply with the ___ underlying message of the passage. (fill in: devoted)
1942,undefinable,adjective,not capable of being precisely or readily described; not easily put into words,indefinable,,"Use ""undefinable"" (adjective) when you want to convey not capable of being precisely or readily described; not easily put into words. Appropriate in formal writing, GRE sentence-equivalence, and academic contexts where precision matters.","Avoid ""undefinable"" in casual conversation among friends unless you are certain the listener will understand; it can sound pretentious. Also avoid when a simpler synonym suffices.",Academic: The researcher's findings revealed that the undefinable effect was statistically significant across all samples.,Conversational: I've noticed the undefinable trend in our office culture and it's starting to concern me.,GRE: The author's ___ tone contrasted sharply with the ___ underlying message of the passage. (fill in: undefinable)
1943,dissatisfied,adjective,in a state of sulky dissatisfaction,dissatisfy; disgruntled,satisfy,"Use ""dissatisfied"" (adjective) when you want to convey in a state of sulky dissatisfaction. Appropriate in formal writing, GRE sentence-equivalence, and academic contexts where precision matters.","Avoid ""dissatisfied"" in casual conversation among friends unless you are certain the listener will understand; it can sound pretentious. Also avoid when a simpler synonym suffices.",Academic: Contemporary scholars debate whether the dissatisfied hypothesis adequately explains the observed data.,Conversational: I told him the dissatisfied approach just wouldn't work here — we need to rethink this.,GRE: Analysts noted that the company's ___ strategy had ___ results in the last quarter. (fill in: dissatisfied)
1944,unconvinced,adjective,lacking conviction,,convinced,"Use ""unconvinced"" (adjective) when you want to convey lacking conviction. Appropriate in formal writing, GRE sentence-equivalence, and academic contexts where precision matters.","Avoid ""unconvinced"" in casual conversation among friends unless you are certain the listener will understand; it can sound pretentious. Also avoid when a simpler synonym suffices.","Academic: In the scholarly article, the author argued that the unconvinced phenomenon could not be overlooked.","Conversational: Honestly, the unconvinced behavior of the team has been a major source of tension lately.","GRE: Despite the ___ nature of the evidence, the researchers remained ___ about their conclusions. (fill in: unconvinced)"
1945,slothful,adjective,disinclined to work or exertion,otiose; indolent; work-shy; faineant; lazy,,"Use ""slothful"" (adjective) when you want to convey disinclined to work or exertion. Appropriate in formal writing, GRE sentence-equivalence, and academic contexts where precision matters.","Avoid ""slothful"" in casual conversation among friends unless you are certain the listener will understand; it can sound pretentious. Also avoid when a simpler synonym suffices.",Academic: A key consideration in modern discourse is how the slothful principle shapes contemporary policy decisions.,Conversational: I've noticed the slothful trend in our office culture and it's starting to concern me.,GRE: The committee's decision to ___ was met with both praise and criticism from stakeholders. (fill in: slothful)
1946,suited,adjective,outfitted or supplied with clothing,befit; beseem; fit; become; suit; accommodate,,"Use ""suited"" (adjective) when you want to convey outfitted or supplied with clothing. Appropriate in formal writing, GRE sentence-equivalence, and academic contexts where precision matters.","Avoid ""suited"" in casual conversation among friends unless you are certain the listener will understand; it can sound pretentious. Also avoid when a simpler synonym suffices.","Academic: In the scholarly article, the author argued that the suited phenomenon could not be overlooked.","Conversational: Look, the suited results speak for themselves — we can't ignore them any longer.","GRE: Despite the ___ nature of the evidence, the researchers remained ___ about their conclusions. (fill in: suited)"
1947,diagnostic,adjective,characteristic or indicative of a disease,symptomatic,,"Use ""diagnostic"" (adjective) when you want to convey characteristic or indicative of a disease. Appropriate in formal writing, GRE sentence-equivalence, and academic contexts where precision matters.","Avoid ""diagnostic"" in casual conversation among friends unless you are certain the listener will understand; it can sound pretentious. Also avoid when a simpler synonym suffices.",Academic: A key consideration in modern discourse is how the diagnostic principle shapes contemporary policy decisions.,"Conversational: Honestly, the diagnostic behavior of the team has been a major source of tension lately.",GRE: Analysts noted that the company's ___ strategy had ___ results in the last quarter. (fill in: diagnostic)
1948,deadly,adjective,(of a disease) having a rapid course and violent effect,pernicious; virulent; lethal; baneful; pestilent; mortal,,"Use ""deadly"" (adjective) when you want to convey (of a disease) having a rapid course and violent effect. Appropriate in formal writing, GRE sentence-equivalence, and academic contexts where precision matters.","Avoid ""deadly"" in casual conversation among friends unless you are certain the listener will understand; it can sound pretentious. Also avoid when a simpler synonym suffices.",Academic: A key consideration in modern discourse is how the deadly principle shapes contemporary policy decisions.,"Conversational: Honestly, the deadly behavior of the team has been a major source of tension lately.",GRE: The author's ___ tone contrasted sharply with the ___ underlying message of the passage. (fill in: deadly)
1949,self-conscious,adjective,aware of yourself as an individual or of your own being and actions and thoughts; ; - D.M.Potter,self-aware,,"Use ""self-conscious"" (adjective) when you want to convey aware of yourself as an individual or of your own being and actions and thoughts; ; - d.m.potter. Appropriate in formal writing, GRE sentence-equivalence, and academic contexts where precision matters.","Avoid ""self-conscious"" in casual conversation among friends unless you are certain the listener will understand; it can sound pretentious. Also avoid when a simpler synonym suffices.","Academic: In the scholarly article, the author argued that the self-conscious phenomenon could not be overlooked.","Conversational: Honestly, the self-conscious behavior of the team has been a major source of tension lately.",GRE: Analysts noted that the company's ___ strategy had ___ results in the last quarter. (fill in: self-conscious)
1950,commercialized,adjective,organized principally for financial gain,commercialise; commercialize; commercialised; market,,"Use ""commercialized"" (adjective) when you want to convey organized principally for financial gain. Appropriate in formal writing, GRE sentence-equivalence, and academic contexts where precision matters.","Avoid ""commercialized"" in casual conversation among friends unless you are certain the listener will understand; it can sound pretentious. Also avoid when a simpler synonym suffices.",Academic: A key consideration in modern discourse is how the commercialized principle shapes contemporary policy decisions.,Conversational: I've noticed the commercialized trend in our office culture and it's starting to concern me.,"GRE: Despite the ___ nature of the evidence, the researchers remained ___ about their conclusions. (fill in: commercialized)"
1951,concurring,adjective,being of the same opinion,agree; coincide; concordant; hold; concord; concur,disagree,"Use ""concurring"" (adjective) when you want to convey being of the same opinion. Appropriate in formal writing, GRE sentence-equivalence, and academic contexts where precision matters.","Avoid ""concurring"" in casual conversation among friends unless you are certain the listener will understand; it can sound pretentious. Also avoid when a simpler synonym suffices.",Academic: Contemporary scholars debate whether the concurring hypothesis adequately explains the observed data.,Conversational: I told him the concurring approach just wouldn't work here — we need to rethink this.,"GRE: Despite the ___ nature of the evidence, the researchers remained ___ about their conclusions. (fill in: concurring)"
1952,rebellious,adjective,discontented as toward authority,disaffected; ill-affected; malcontent,,"Use ""rebellious"" (adjective) when you want to convey discontented as toward authority. Appropriate in formal writing, GRE sentence-equivalence, and academic contexts where precision matters.","Avoid ""rebellious"" in casual conversation among friends unless you are certain the listener will understand; it can sound pretentious. Also avoid when a simpler synonym suffices.","Academic: In the scholarly article, the author argued that the rebellious phenomenon could not be overlooked.",Conversational: I told him the rebellious approach just wouldn't work here — we need to rethink this.,GRE: Analysts noted that the company's ___ strategy had ___ results in the last quarter. (fill in: rebellious)
1953,allover,adjective,covering the entire surface,,,"Use ""allover"" (adjective) when you want to convey covering the entire surface. Appropriate in formal writing, GRE sentence-equivalence, and academic contexts where precision matters.","Avoid ""allover"" in casual conversation among friends unless you are certain the listener will understand; it can sound pretentious. Also avoid when a simpler synonym suffices.",Academic: A key consideration in modern discourse is how the allover principle shapes contemporary policy decisions.,Conversational: I told him the allover approach just wouldn't work here — we need to rethink this.,GRE: The committee's decision to ___ was met with both praise and criticism from stakeholders. (fill in: allover)
1954,basifixed,adjective,attached by its base (as certain anthers to their filaments or stalks),,,"Use ""basifixed"" (adjective) when you want to convey attached by its base (as certain anthers to their filaments or stalks). Appropriate in formal writing, GRE sentence-equivalence, and academic contexts where precision matters.","Avoid ""basifixed"" in casual conversation among friends unless you are certain the listener will understand; it can sound pretentious. Also avoid when a simpler synonym suffices.","Academic: In the scholarly article, the author argued that the basifixed phenomenon could not be overlooked.","Conversational: You know, it's pretty clear that the basifixed situation needs our immediate attention.",GRE: Analysts noted that the company's ___ strategy had ___ results in the last quarter. (fill in: basifixed)
1955,bicyclic,adjective,having molecules consisting of two fused rings,,,"Use ""bicyclic"" (adjective) when you want to convey having molecules consisting of two fused rings. Appropriate in formal writing, GRE sentence-equivalence, and academic contexts where precision matters.","Avoid ""bicyclic"" in casual conversation among friends unless you are certain the listener will understand; it can sound pretentious. Also avoid when a simpler synonym suffices.",Academic: Contemporary scholars debate whether the bicyclic hypothesis adequately explains the observed data.,Conversational: I told him the bicyclic approach just wouldn't work here — we need to rethink this.,GRE: The professor described the ___ as a ___ that ___ the entire field of study. (fill in: bicyclic)
1956,polychromic,adjective,having or exhibiting many colors,polychromatic; polychrome,,"Use ""polychromic"" (adjective) when you want to convey having or exhibiting many colors. Appropriate in formal writing, GRE sentence-equivalence, and academic contexts where precision matters.","Avoid ""polychromic"" in casual conversation among friends unless you are certain the listener will understand; it can sound pretentious. Also avoid when a simpler synonym suffices.","Academic: In the scholarly article, the author argued that the polychromic phenomenon could not be overlooked.","Conversational: Honestly, the polychromic behavior of the team has been a major source of tension lately.",GRE: The committee's decision to ___ was met with both praise and criticism from stakeholders. (fill in: polychromic)
1957,execrable,adjective,deserving a curse,wretched; woeful; detestable; odious; miserable; deplorable,,"Use ""execrable"" (adjective) when you want to convey deserving a curse. Appropriate in formal writing, GRE sentence-equivalence, and academic contexts where precision matters.","Avoid ""execrable"" in casual conversation among friends unless you are certain the listener will understand; it can sound pretentious. Also avoid when a simpler synonym suffices.",Academic: A key consideration in modern discourse is how the execrable principle shapes contemporary policy decisions.,"Conversational: Look, the execrable results speak for themselves — we can't ignore them any longer.","GRE: Despite the ___ nature of the evidence, the researchers remained ___ about their conclusions. (fill in: execrable)"
1958,stereotypical,adjective,lacking spontaneity or originality or individuality,stereotyped; unimaginative; stereotypic,,"Use ""stereotypical"" (adjective) when you want to convey lacking spontaneity or originality or individuality. Appropriate in formal writing, GRE sentence-equivalence, and academic contexts where precision matters.","Avoid ""stereotypical"" in casual conversation among friends unless you are certain the listener will understand; it can sound pretentious. Also avoid when a simpler synonym suffices.","Academic: In the scholarly article, the author argued that the stereotypical phenomenon could not be overlooked.","Conversational: Honestly, the stereotypical behavior of the team has been a major source of tension lately.",GRE: Analysts noted that the company's ___ strategy had ___ results in the last quarter. (fill in: stereotypical)
1959,golden-yellow,adjective,of yellow tinged with gold,,,"Use ""golden-yellow"" (adjective) when you want to convey of yellow tinged with gold. Appropriate in formal writing, GRE sentence-equivalence, and academic contexts where precision matters.","Avoid ""golden-yellow"" in casual conversation among friends unless you are certain the listener will understand; it can sound pretentious. Also avoid when a simpler synonym suffices.",Academic: Contemporary scholars debate whether the golden-yellow hypothesis adequately explains the observed data.,Conversational: I told him the golden-yellow approach just wouldn't work here — we need to rethink this.,GRE: Analysts noted that the company's ___ strategy had ___ results in the last quarter. (fill in: golden-yellow)
1960,importunate,adjective,expressing earnest entreaty,,,"Use ""importunate"" (adjective) when you want to convey expressing earnest entreaty. Appropriate in formal writing, GRE sentence-equivalence, and academic contexts where precision matters.","Avoid ""importunate"" in casual conversation among friends unless you are certain the listener will understand; it can sound pretentious. Also avoid when a simpler synonym suffices.",Academic: Contemporary scholars debate whether the importunate hypothesis adequately explains the observed data.,Conversational: I've noticed the importunate trend in our office culture and it's starting to concern me.,GRE: The professor described the ___ as a ___ that ___ the entire field of study. (fill in: importunate)
1961,unavoidable,adjective,impossible to avoid or evade:,inescapable; ineluctable,,"Use ""unavoidable"" (adjective) when you want to convey impossible to avoid or evade:. Appropriate in formal writing, GRE sentence-equivalence, and academic contexts where precision matters.","Avoid ""unavoidable"" in casual conversation among friends unless you are certain the listener will understand; it can sound pretentious. Also avoid when a simpler synonym suffices.",Academic: Contemporary scholars debate whether the unavoidable hypothesis adequately explains the observed data.,"Conversational: Look, the unavoidable results speak for themselves — we can't ignore them any longer.",GRE: The author's ___ tone contrasted sharply with the ___ underlying message of the passage. (fill in: unavoidable)
1962,unendowed,adjective,not equipped or provided; - J.L.Lowes,,endowed,"Use ""unendowed"" (adjective) when you want to convey not equipped or provided; - j.l.lowes. Appropriate in formal writing, GRE sentence-equivalence, and academic contexts where precision matters.","Avoid ""unendowed"" in casual conversation among friends unless you are certain the listener will understand; it can sound pretentious. Also avoid when a simpler synonym suffices.",Academic: The researcher's findings revealed that the unendowed effect was statistically significant across all samples.,"Conversational: You know, it's pretty clear that the unendowed situation needs our immediate attention.","GRE: Despite the ___ nature of the evidence, the researchers remained ___ about their conclusions. (fill in: unendowed)"
1963,conquerable,adjective,subject to being conquered or overcome,superable,unconquerable,"Use ""conquerable"" (adjective) when you want to convey subject to being conquered or overcome. Appropriate in formal writing, GRE sentence-equivalence, and academic contexts where precision matters.","Avoid ""conquerable"" in casual conversation among friends unless you are certain the listener will understand; it can sound pretentious. Also avoid when a simpler synonym suffices.",Academic: Contemporary scholars debate whether the conquerable hypothesis adequately explains the observed data.,Conversational: I've noticed the conquerable trend in our office culture and it's starting to concern me.,GRE: The committee's decision to ___ was met with both praise and criticism from stakeholders. (fill in: conquerable)
1964,tinseled,adjective,glittering with gold or silver,tinsel; clinquant; tinselly,,"Use ""tinseled"" (adjective) when you want to convey glittering with gold or silver. Appropriate in formal writing, GRE sentence-equivalence, and academic contexts where precision matters.","Avoid ""tinseled"" in casual conversation among friends unless you are certain the listener will understand; it can sound pretentious. Also avoid when a simpler synonym suffices.",Academic: A key consideration in modern discourse is how the tinseled principle shapes contemporary policy decisions.,Conversational: I told him the tinseled approach just wouldn't work here — we need to rethink this.,GRE: The committee's decision to ___ was met with both praise and criticism from stakeholders. (fill in: tinseled)
1965,stolid,adjective,having or revealing little emotion or sensibility; not easily aroused or excited; ; - Nordhoff & Hall; -Virginia Woolf,impassive,,"Use ""stolid"" (adjective) when you want to convey having or revealing little emotion or sensibility; not easily aroused or excited; ; - nordhoff & hall; -virginia woolf. Appropriate in formal writing, GRE sentence-equivalence, and academic contexts where precision matters.","Avoid ""stolid"" in casual conversation among friends unless you are certain the listener will understand; it can sound pretentious. Also avoid when a simpler synonym suffices.",Academic: A key consideration in modern discourse is how the stolid principle shapes contemporary policy decisions.,Conversational: I told him the stolid approach just wouldn't work here — we need to rethink this.,GRE: The author's ___ tone contrasted sharply with the ___ underlying message of the passage. (fill in: stolid)
1966,adequate,adjective,having the requisite qualities or resources to meet a task,equal; enough; decent; tolerable; passable; fair to middling,inadequate,"Use ""adequate"" (adjective) when you want to convey having the requisite qualities or resources to meet a task. Appropriate in formal writing, GRE sentence-equivalence, and academic contexts where precision matters.","Avoid ""adequate"" in casual conversation among friends unless you are certain the listener will understand; it can sound pretentious. Also avoid when a simpler synonym suffices.",Academic: A key consideration in modern discourse is how the adequate principle shapes contemporary policy decisions.,"Conversational: You know, it's pretty clear that the adequate situation needs our immediate attention.","GRE: Despite the ___ nature of the evidence, the researchers remained ___ about their conclusions. (fill in: adequate)"
1967,inverse,adjective,reversed (turned backward) in order or nature or effect,opposite; reverse,direct,"Use ""inverse"" (adjective) when you want to convey reversed (turned backward) in order or nature or effect. Appropriate in formal writing, GRE sentence-equivalence, and academic contexts where precision matters.","Avoid ""inverse"" in casual conversation among friends unless you are certain the listener will understand; it can sound pretentious. Also avoid when a simpler synonym suffices.","Academic: In the scholarly article, the author argued that the inverse phenomenon could not be overlooked.","Conversational: You know, it's pretty clear that the inverse situation needs our immediate attention.","GRE: Despite the ___ nature of the evidence, the researchers remained ___ about their conclusions. (fill in: inverse)"
1968,eye-catching,adjective,seizing the attention,attention-getting,,"Use ""eye-catching"" (adjective) when you want to convey seizing the attention. Appropriate in formal writing, GRE sentence-equivalence, and academic contexts where precision matters.","Avoid ""eye-catching"" in casual conversation among friends unless you are certain the listener will understand; it can sound pretentious. Also avoid when a simpler synonym suffices.",Academic: A key consideration in modern discourse is how the eye-catching principle shapes contemporary policy decisions.,"Conversational: Honestly, the eye-catching behavior of the team has been a major source of tension lately.",GRE: The committee's decision to ___ was met with both praise and criticism from stakeholders. (fill in: eye-catching)
1969,obliging,adjective,showing a cheerful willingness to do favors for others,compel; obligate; hold; oblige; bind; accommodate,disoblige,"Use ""obliging"" (adjective) when you want to convey showing a cheerful willingness to do favors for others. Appropriate in formal writing, GRE sentence-equivalence, and academic contexts where precision matters.","Avoid ""obliging"" in casual conversation among friends unless you are certain the listener will understand; it can sound pretentious. Also avoid when a simpler synonym suffices.","Academic: In the scholarly article, the author argued that the obliging phenomenon could not be overlooked.","Conversational: Honestly, the obliging behavior of the team has been a major source of tension lately.","GRE: Despite the ___ nature of the evidence, the researchers remained ___ about their conclusions. (fill in: obliging)"
1970,yellowish-gray,adjective,of grey tinged with yellow,yellow-grey; yellowish-grey; yellow-gray,,"Use ""yellowish-gray"" (adjective) when you want to convey of grey tinged with yellow. Appropriate in formal writing, GRE sentence-equivalence, and academic contexts where precision matters.","Avoid ""yellowish-gray"" in casual conversation among friends unless you are certain the listener will understand; it can sound pretentious. Also avoid when a simpler synonym suffices.",Academic: The researcher's findings revealed that the yellowish-gray effect was statistically significant across all samples.,"Conversational: Look, the yellowish-gray results speak for themselves — we can't ignore them any longer.",GRE: The author's ___ tone contrasted sharply with the ___ underlying message of the passage. (fill in: yellowish-gray)
1971,destroyed,adjective,spoiled or ruined or demolished,ruined; demolish; destroy; ruin; destruct; put down,preserved,"Use ""destroyed"" (adjective) when you want to convey spoiled or ruined or demolished. Appropriate in formal writing, GRE sentence-equivalence, and academic contexts where precision matters.","Avoid ""destroyed"" in casual conversation among friends unless you are certain the listener will understand; it can sound pretentious. Also avoid when a simpler synonym suffices.","Academic: In the scholarly article, the author argued that the destroyed phenomenon could not be overlooked.","Conversational: Honestly, the destroyed behavior of the team has been a major source of tension lately.","GRE: Despite the ___ nature of the evidence, the researchers remained ___ about their conclusions. (fill in: destroyed)"
1972,wishful,adjective,having or expressing desire for something,aspirant; desirous; aspiring,undesirous,"Use ""wishful"" (adjective) when you want to convey having or expressing desire for something. Appropriate in formal writing, GRE sentence-equivalence, and academic contexts where precision matters.","Avoid ""wishful"" in casual conversation among friends unless you are certain the listener will understand; it can sound pretentious. Also avoid when a simpler synonym suffices.",Academic: Contemporary scholars debate whether the wishful hypothesis adequately explains the observed data.,Conversational: I've noticed the wishful trend in our office culture and it's starting to concern me.,GRE: The committee's decision to ___ was met with both praise and criticism from stakeholders. (fill in: wishful)
1973,disrupted,adjective,marked by breaks or gaps,cut off; disrupt; interrupt; break up,,"Use ""disrupted"" (adjective) when you want to convey marked by breaks or gaps. Appropriate in formal writing, GRE sentence-equivalence, and academic contexts where precision matters.","Avoid ""disrupted"" in casual conversation among friends unless you are certain the listener will understand; it can sound pretentious. Also avoid when a simpler synonym suffices.",Academic: The researcher's findings revealed that the disrupted effect was statistically significant across all samples.,Conversational: I told him the disrupted approach just wouldn't work here — we need to rethink this.,GRE: The author's ___ tone contrasted sharply with the ___ underlying message of the passage. (fill in: disrupted)
1974,dysphemistic,adjective,substitute a harsher or distasteful term for a mild one,offensive,euphemistic,"Use ""dysphemistic"" (adjective) when you want to convey substitute a harsher or distasteful term for a mild one. Appropriate in formal writing, GRE sentence-equivalence, and academic contexts where precision matters.","Avoid ""dysphemistic"" in casual conversation among friends unless you are certain the listener will understand; it can sound pretentious. Also avoid when a simpler synonym suffices.",Academic: The study concluded that the dysphemistic factor played a decisive role in the experimental outcome.,Conversational: I've noticed the dysphemistic trend in our office culture and it's starting to concern me.,GRE: The committee's decision to ___ was met with both praise and criticism from stakeholders. (fill in: dysphemistic)
1975,underdone,adjective,insufficiently cooked,half-baked,,"Use ""underdone"" (adjective) when you want to convey insufficiently cooked. Appropriate in formal writing, GRE sentence-equivalence, and academic contexts where precision matters.","Avoid ""underdone"" in casual conversation among friends unless you are certain the listener will understand; it can sound pretentious. Also avoid when a simpler synonym suffices.","Academic: In the scholarly article, the author argued that the underdone phenomenon could not be overlooked.",Conversational: I told him the underdone approach just wouldn't work here — we need to rethink this.,GRE: The author's ___ tone contrasted sharply with the ___ underlying message of the passage. (fill in: underdone)
1976,astringent,adjective,tending to draw together or constrict soft organic tissue,acerbic; astringent drug; styptic; acerb,nonastringent,"Use ""astringent"" (adjective) when you want to convey tending to draw together or constrict soft organic tissue. Appropriate in formal writing, GRE sentence-equivalence, and academic contexts where precision matters.","Avoid ""astringent"" in casual conversation among friends unless you are certain the listener will understand; it can sound pretentious. Also avoid when a simpler synonym suffices.",Academic: A key consideration in modern discourse is how the astringent principle shapes contemporary policy decisions.,"Conversational: Honestly, the astringent behavior of the team has been a major source of tension lately.","GRE: Despite the ___ nature of the evidence, the researchers remained ___ about their conclusions. (fill in: astringent)"
1977,low-spirited,adjective,filled with melancholy and despondency,dispirited; down in the mouth; grim; down; low; depressed,,"Use ""low-spirited"" (adjective) when you want to convey filled with melancholy and despondency. Appropriate in formal writing, GRE sentence-equivalence, and academic contexts where precision matters.","Avoid ""low-spirited"" in casual conversation among friends unless you are certain the listener will understand; it can sound pretentious. Also avoid when a simpler synonym suffices.",Academic: The study concluded that the low-spirited factor played a decisive role in the experimental outcome.,Conversational: I told him the low-spirited approach just wouldn't work here — we need to rethink this.,GRE: The committee's decision to ___ was met with both praise and criticism from stakeholders. (fill in: low-spirited)
1978,squint,adjective,(used especially of glances) directed to one side with or as if with doubt or suspicion or envy; - Elizabeth Bowen,strabismus; askant; squinch; askance; sidelong; asquint,,"Use ""squint"" (adjective) when you want to convey (used especially of glances) directed to one side with or as if with doubt or suspicion or envy; - elizabeth bowen. Appropriate in formal writing, GRE sentence-equivalence, and academic contexts where precision matters.","Avoid ""squint"" in casual conversation among friends unless you are certain the listener will understand; it can sound pretentious. Also avoid when a simpler synonym suffices.",Academic: A key consideration in modern discourse is how the squint principle shapes contemporary policy decisions.,"Conversational: Honestly, the squint behavior of the team has been a major source of tension lately.",GRE: The professor described the ___ as a ___ that ___ the entire field of study. (fill in: squint)
1979,weak-stemmed,adjective,having a weak stem,,,"Use ""weak-stemmed"" (adjective) when you want to convey having a weak stem. Appropriate in formal writing, GRE sentence-equivalence, and academic contexts where precision matters.","Avoid ""weak-stemmed"" in casual conversation among friends unless you are certain the listener will understand; it can sound pretentious. Also avoid when a simpler synonym suffices.",Academic: A key consideration in modern discourse is how the weak-stemmed principle shapes contemporary policy decisions.,Conversational: I told him the weak-stemmed approach just wouldn't work here — we need to rethink this.,GRE: The author's ___ tone contrasted sharply with the ___ underlying message of the passage. (fill in: weak-stemmed)
1980,melancholy,adjective,grave or even gloomy in character,black bile; somber; sombre; melancholic,,"Use ""melancholy"" (adjective) when you want to convey grave or even gloomy in character. Appropriate in formal writing, GRE sentence-equivalence, and academic contexts where precision matters.","Avoid ""melancholy"" in casual conversation among friends unless you are certain the listener will understand; it can sound pretentious. Also avoid when a simpler synonym suffices.",Academic: A key consideration in modern discourse is how the melancholy principle shapes contemporary policy decisions.,"Conversational: You know, it's pretty clear that the melancholy situation needs our immediate attention.",GRE: The professor described the ___ as a ___ that ___ the entire field of study. (fill in: melancholy)
1981,undemocratic,adjective,not in agreement with or according to democratic doctrine or practice or ideals,,democratic,"Use ""undemocratic"" (adjective) when you want to convey not in agreement with or according to democratic doctrine or practice or ideals. Appropriate in formal writing, GRE sentence-equivalence, and academic contexts where precision matters.","Avoid ""undemocratic"" in casual conversation among friends unless you are certain the listener will understand; it can sound pretentious. Also avoid when a simpler synonym suffices.",Academic: The study concluded that the undemocratic factor played a decisive role in the experimental outcome.,"Conversational: You know, it's pretty clear that the undemocratic situation needs our immediate attention.",GRE: The author's ___ tone contrasted sharply with the ___ underlying message of the passage. (fill in: undemocratic)
1982,restrained,adjective,cool and formal in manner,keep back; keep; hold back; restrain; limit; bound,unrestrained,"Use ""restrained"" (adjective) when you want to convey cool and formal in manner. Appropriate in formal writing, GRE sentence-equivalence, and academic contexts where precision matters.","Avoid ""restrained"" in casual conversation among friends unless you are certain the listener will understand; it can sound pretentious. Also avoid when a simpler synonym suffices.",Academic: A key consideration in modern discourse is how the restrained principle shapes contemporary policy decisions.,Conversational: I told him the restrained approach just wouldn't work here — we need to rethink this.,GRE: Analysts noted that the company's ___ strategy had ___ results in the last quarter. (fill in: restrained)
1983,published,adjective,formally made public,bring out; print; put out; issue; publish; release,unpublished,"Use ""published"" (adjective) when you want to convey formally made public. Appropriate in formal writing, GRE sentence-equivalence, and academic contexts where precision matters.","Avoid ""published"" in casual conversation among friends unless you are certain the listener will understand; it can sound pretentious. Also avoid when a simpler synonym suffices.",Academic: A key consideration in modern discourse is how the published principle shapes contemporary policy decisions.,"Conversational: Look, the published results speak for themselves — we can't ignore them any longer.",GRE: Analysts noted that the company's ___ strategy had ___ results in the last quarter. (fill in: published)
1984,hand-to-mouth,adjective,providing only bare essentials,,,"Use ""hand-to-mouth"" (adjective) when you want to convey providing only bare essentials. Appropriate in formal writing, GRE sentence-equivalence, and academic contexts where precision matters.","Avoid ""hand-to-mouth"" in casual conversation among friends unless you are certain the listener will understand; it can sound pretentious. Also avoid when a simpler synonym suffices.","Academic: In the scholarly article, the author argued that the hand-to-mouth phenomenon could not be overlooked.","Conversational: Look, the hand-to-mouth results speak for themselves — we can't ignore them any longer.",GRE: The author's ___ tone contrasted sharply with the ___ underlying message of the passage. (fill in: hand-to-mouth)
1985,brazen,adjective,unrestrained by convention or propriety; ; ; - Los Angeles Times; ; ; - Bertrand Russell,brazen-faced; bodacious; barefaced; insolent; brassy; bald-faced,,"Use ""brazen"" (adjective) when you want to convey unrestrained by convention or propriety; ; ; - los angeles times; ; ; - bertrand russell. Appropriate in formal writing, GRE sentence-equivalence, and academic contexts where precision matters.","Avoid ""brazen"" in casual conversation among friends unless you are certain the listener will understand; it can sound pretentious. Also avoid when a simpler synonym suffices.",Academic: Contemporary scholars debate whether the brazen hypothesis adequately explains the observed data.,Conversational: I told him the brazen approach just wouldn't work here — we need to rethink this.,"GRE: Despite the ___ nature of the evidence, the researchers remained ___ about their conclusions. (fill in: brazen)"
1986,thick-stemmed,adjective,having a thick stem,,,"Use ""thick-stemmed"" (adjective) when you want to convey having a thick stem. Appropriate in formal writing, GRE sentence-equivalence, and academic contexts where precision matters.","Avoid ""thick-stemmed"" in casual conversation among friends unless you are certain the listener will understand; it can sound pretentious. Also avoid when a simpler synonym suffices.",Academic: The researcher's findings revealed that the thick-stemmed effect was statistically significant across all samples.,Conversational: I've noticed the thick-stemmed trend in our office culture and it's starting to concern me.,GRE: Analysts noted that the company's ___ strategy had ___ results in the last quarter. (fill in: thick-stemmed)
1987,brown-black,adjective,of black tinged with brown,brownish-black,,"Use ""brown-black"" (adjective) when you want to convey of black tinged with brown. Appropriate in formal writing, GRE sentence-equivalence, and academic contexts where precision matters.","Avoid ""brown-black"" in casual conversation among friends unless you are certain the listener will understand; it can sound pretentious. Also avoid when a simpler synonym suffices.",Academic: The study concluded that the brown-black factor played a decisive role in the experimental outcome.,"Conversational: Honestly, the brown-black behavior of the team has been a major source of tension lately.",GRE: The author's ___ tone contrasted sharply with the ___ underlying message of the passage. (fill in: brown-black)
1988,surging,adjective,characterized by great swelling waves or surges,heave; surge; zoom; soar up; soar upwards; soar,ebb,"Use ""surging"" (adjective) when you want to convey characterized by great swelling waves or surges. Appropriate in formal writing, GRE sentence-equivalence, and academic contexts where precision matters.","Avoid ""surging"" in casual conversation among friends unless you are certain the listener will understand; it can sound pretentious. Also avoid when a simpler synonym suffices.",Academic: A key consideration in modern discourse is how the surging principle shapes contemporary policy decisions.,"Conversational: Look, the surging results speak for themselves — we can't ignore them any longer.",GRE: The author's ___ tone contrasted sharply with the ___ underlying message of the passage. (fill in: surging)
1989,wakeful,adjective,marked by full consciousness or alertness,vigilant; light; open-eyed; waking; argus-eyed,,"Use ""wakeful"" (adjective) when you want to convey marked by full consciousness or alertness. Appropriate in formal writing, GRE sentence-equivalence, and academic contexts where precision matters.","Avoid ""wakeful"" in casual conversation among friends unless you are certain the listener will understand; it can sound pretentious. Also avoid when a simpler synonym suffices.",Academic: The researcher's findings revealed that the wakeful effect was statistically significant across all samples.,Conversational: I told him the wakeful approach just wouldn't work here — we need to rethink this.,GRE: Analysts noted that the company's ___ strategy had ___ results in the last quarter. (fill in: wakeful)
1990,efficient,adjective,being effective without wasting time or effort or expense,effective,inefficient,"Use ""efficient"" (adjective) when you want to convey being effective without wasting time or effort or expense. Appropriate in formal writing, GRE sentence-equivalence, and academic contexts where precision matters.","Avoid ""efficient"" in casual conversation among friends unless you are certain the listener will understand; it can sound pretentious. Also avoid when a simpler synonym suffices.",Academic: Contemporary scholars debate whether the efficient hypothesis adequately explains the observed data.,Conversational: I've noticed the efficient trend in our office culture and it's starting to concern me.,GRE: Analysts noted that the company's ___ strategy had ___ results in the last quarter. (fill in: efficient)
1991,full-dress,adjective,complete in every respect,dress,,"Use ""full-dress"" (adjective) when you want to convey complete in every respect. Appropriate in formal writing, GRE sentence-equivalence, and academic contexts where precision matters.","Avoid ""full-dress"" in casual conversation among friends unless you are certain the listener will understand; it can sound pretentious. Also avoid when a simpler synonym suffices.",Academic: The researcher's findings revealed that the full-dress effect was statistically significant across all samples.,"Conversational: Honestly, the full-dress behavior of the team has been a major source of tension lately.",GRE: The author's ___ tone contrasted sharply with the ___ underlying message of the passage. (fill in: full-dress)
1992,lyonnaise,adjective,cooked with onions,,,"Use ""lyonnaise"" (adjective) when you want to convey cooked with onions. Appropriate in formal writing, GRE sentence-equivalence, and academic contexts where precision matters.","Avoid ""lyonnaise"" in casual conversation among friends unless you are certain the listener will understand; it can sound pretentious. Also avoid when a simpler synonym suffices.",Academic: The researcher's findings revealed that the lyonnaise effect was statistically significant across all samples.,"Conversational: Look, the lyonnaise results speak for themselves — we can't ignore them any longer.",GRE: Analysts noted that the company's ___ strategy had ___ results in the last quarter. (fill in: lyonnaise)
1993,fruit-eating,adjective,feeding on fruit,carpophagous,,"Use ""fruit-eating"" (adjective) when you want to convey feeding on fruit. Appropriate in formal writing, GRE sentence-equivalence, and academic contexts where precision matters.","Avoid ""fruit-eating"" in casual conversation among friends unless you are certain the listener will understand; it can sound pretentious. Also avoid when a simpler synonym suffices.",Academic: Contemporary scholars debate whether the fruit-eating hypothesis adequately explains the observed data.,Conversational: I told him the fruit-eating approach just wouldn't work here — we need to rethink this.,GRE: The professor described the ___ as a ___ that ___ the entire field of study. (fill in: fruit-eating)
1994,unalarming,adjective,not alarming; assuaging alarm,,alarming,"Use ""unalarming"" (adjective) when you want to convey not alarming; assuaging alarm. Appropriate in formal writing, GRE sentence-equivalence, and academic contexts where precision matters.","Avoid ""unalarming"" in casual conversation among friends unless you are certain the listener will understand; it can sound pretentious. Also avoid when a simpler synonym suffices.","Academic: In the scholarly article, the author argued that the unalarming phenomenon could not be overlooked.",Conversational: I've noticed the unalarming trend in our office culture and it's starting to concern me.,GRE: The author's ___ tone contrasted sharply with the ___ underlying message of the passage. (fill in: unalarming)
1995,hypercritical,adjective,inclined to judge too severely,overcritical,,"Use ""hypercritical"" (adjective) when you want to convey inclined to judge too severely. Appropriate in formal writing, GRE sentence-equivalence, and academic contexts where precision matters.","Avoid ""hypercritical"" in casual conversation among friends unless you are certain the listener will understand; it can sound pretentious. Also avoid when a simpler synonym suffices.","Academic: In the scholarly article, the author argued that the hypercritical phenomenon could not be overlooked.",Conversational: I told him the hypercritical approach just wouldn't work here — we need to rethink this.,GRE: The professor described the ___ as a ___ that ___ the entire field of study. (fill in: hypercritical)
1996,rugged,adjective,sturdy and strong in constitution or construction; enduring,broken; furrowed; tough,unfurrowed; delicate,"Use ""rugged"" (adjective) when you want to convey sturdy and strong in constitution or construction; enduring. Appropriate in formal writing, GRE sentence-equivalence, and academic contexts where precision matters.","Avoid ""rugged"" in casual conversation among friends unless you are certain the listener will understand; it can sound pretentious. Also avoid when a simpler synonym suffices.",Academic: The researcher's findings revealed that the rugged effect was statistically significant across all samples.,"Conversational: You know, it's pretty clear that the rugged situation needs our immediate attention.",GRE: The professor described the ___ as a ___ that ___ the entire field of study. (fill in: rugged)
1997,cataclysmic,adjective,severely destructive,cataclysmal,,"Use ""cataclysmic"" (adjective) when you want to convey severely destructive. Appropriate in formal writing, GRE sentence-equivalence, and academic contexts where precision matters.","Avoid ""cataclysmic"" in casual conversation among friends unless you are certain the listener will understand; it can sound pretentious. Also avoid when a simpler synonym suffices.",Academic: The study concluded that the cataclysmic factor played a decisive role in the experimental outcome.,"Conversational: Look, the cataclysmic results speak for themselves — we can't ignore them any longer.",GRE: The professor described the ___ as a ___ that ___ the entire field of study. (fill in: cataclysmic)
1998,dispersed,adjective,distributed or spread over a considerable extent,break up; dissipate; dispel; dust; sprinkle; disperse,,"Use ""dispersed"" (adjective) when you want to convey distributed or spread over a considerable extent. Appropriate in formal writing, GRE sentence-equivalence, and academic contexts where precision matters.","Avoid ""dispersed"" in casual conversation among friends unless you are certain the listener will understand; it can sound pretentious. Also avoid when a simpler synonym suffices.",Academic: The study concluded that the dispersed factor played a decisive role in the experimental outcome.,"Conversational: Honestly, the dispersed behavior of the team has been a major source of tension lately.",GRE: Analysts noted that the company's ___ strategy had ___ results in the last quarter. (fill in: dispersed)
1999,would-be,adjective,unfulfilled or frustrated in realizing an ambition,manque,,"Use ""would-be"" (adjective) when you want to convey unfulfilled or frustrated in realizing an ambition. Appropriate in formal writing, GRE sentence-equivalence, and academic contexts where precision matters.","Avoid ""would-be"" in casual conversation among friends unless you are certain the listener will understand; it can sound pretentious. Also avoid when a simpler synonym suffices.",Academic: The researcher's findings revealed that the would-be effect was statistically significant across all samples.,"Conversational: You know, it's pretty clear that the would-be situation needs our immediate attention.",GRE: Analysts noted that the company's ___ strategy had ___ results in the last quarter. (fill in: would-be)
2000,contingent,adjective,determined by conditions or circumstances that follow,dependent on; dependant on; depending on; contingent upon; dependent upon; dependant upon,,"Use ""contingent"" (adjective) when you want to convey determined by conditions or circumstances that follow. Appropriate in formal writing, GRE sentence-equivalence, and academic contexts where precision matters.","Avoid ""contingent"" in casual conversation among friends unless you are certain the listener will understand; it can sound pretentious. Also avoid when a simpler synonym suffices.",Academic: The researcher's findings revealed that the contingent effect was statistically significant across all samples.,"Conversational: You know, it's pretty clear that the contingent situation needs our immediate attention.",GRE: The author's ___ tone contrasted sharply with the ___ underlying message of the passage. (fill in: contingent)
2001,diacritic,adjective,capable of distinguishing; ; - S.F.Nadel,diacritical mark; diacritical,,"Use ""diacritic"" (adjective) when you want to convey capable of distinguishing; ; - s.f.nadel. Appropriate in formal writing, GRE sentence-equivalence, and academic contexts where precision matters.","Avoid ""diacritic"" in casual conversation among friends unless you are certain the listener will understand; it can sound pretentious. Also avoid when a simpler synonym suffices.",Academic: Contemporary scholars debate whether the diacritic hypothesis adequately explains the observed data.,"Conversational: Honestly, the diacritic behavior of the team has been a major source of tension lately.",GRE: The author's ___ tone contrasted sharply with the ___ underlying message of the passage. (fill in: diacritic)
2002,impressive,adjective,producing a strong effect,telling,unimpressive,"Use ""impressive"" (adjective) when you want to convey producing a strong effect. Appropriate in formal writing, GRE sentence-equivalence, and academic contexts where precision matters.","Avoid ""impressive"" in casual conversation among friends unless you are certain the listener will understand; it can sound pretentious. Also avoid when a simpler synonym suffices.",Academic: Contemporary scholars debate whether the impressive hypothesis adequately explains the observed data.,Conversational: I've noticed the impressive trend in our office culture and it's starting to concern me.,GRE: Analysts noted that the company's ___ strategy had ___ results in the last quarter. (fill in: impressive)
2003,projectile,adjective,impelling or impelled forward,missile; rocket,,"Use ""projectile"" (adjective) when you want to convey impelling or impelled forward. Appropriate in formal writing, GRE sentence-equivalence, and academic contexts where precision matters.","Avoid ""projectile"" in casual conversation among friends unless you are certain the listener will understand; it can sound pretentious. Also avoid when a simpler synonym suffices.",Academic: Contemporary scholars debate whether the projectile hypothesis adequately explains the observed data.,Conversational: I told him the projectile approach just wouldn't work here — we need to rethink this.,GRE: Analysts noted that the company's ___ strategy had ___ results in the last quarter. (fill in: projectile)
2004,terrific,adjective,causing extreme terror,fantastic; howling; grand; rattling; wondrous; marvellous,,"Use ""terrific"" (adjective) when you want to convey causing extreme terror. Appropriate in formal writing, GRE sentence-equivalence, and academic contexts where precision matters.","Avoid ""terrific"" in casual conversation among friends unless you are certain the listener will understand; it can sound pretentious. Also avoid when a simpler synonym suffices.","Academic: In the scholarly article, the author argued that the terrific phenomenon could not be overlooked.","Conversational: Honestly, the terrific behavior of the team has been a major source of tension lately.",GRE: The committee's decision to ___ was met with both praise and criticism from stakeholders. (fill in: terrific)
2005,go-as-you-please,adjective,not bound by rule or law or convention; - George Saintsbury,,,"Use ""go-as-you-please"" (adjective) when you want to convey not bound by rule or law or convention; - george saintsbury. Appropriate in formal writing, GRE sentence-equivalence, and academic contexts where precision matters.","Avoid ""go-as-you-please"" in casual conversation among friends unless you are certain the listener will understand; it can sound pretentious. Also avoid when a simpler synonym suffices.",Academic: The study concluded that the go-as-you-please factor played a decisive role in the experimental outcome.,Conversational: I told him the go-as-you-please approach just wouldn't work here — we need to rethink this.,GRE: The author's ___ tone contrasted sharply with the ___ underlying message of the passage. (fill in: go-as-you-please)
2006,isoclinic,adjective,having equal magnetic inclinations,isoclinal,,"Use ""isoclinic"" (adjective) when you want to convey having equal magnetic inclinations. Appropriate in formal writing, GRE sentence-equivalence, and academic contexts where precision matters.","Avoid ""isoclinic"" in casual conversation among friends unless you are certain the listener will understand; it can sound pretentious. Also avoid when a simpler synonym suffices.",Academic: Contemporary scholars debate whether the isoclinic hypothesis adequately explains the observed data.,"Conversational: Look, the isoclinic results speak for themselves — we can't ignore them any longer.",GRE: The professor described the ___ as a ___ that ___ the entire field of study. (fill in: isoclinic)
2007,parched,adjective,toasted or roasted slightly,sear; scorched; adust; sunbaked; parch; baked,,"Use ""parched"" (adjective) when you want to convey toasted or roasted slightly. Appropriate in formal writing, GRE sentence-equivalence, and academic contexts where precision matters.","Avoid ""parched"" in casual conversation among friends unless you are certain the listener will understand; it can sound pretentious. Also avoid when a simpler synonym suffices.",Academic: The researcher's findings revealed that the parched effect was statistically significant across all samples.,"Conversational: Look, the parched results speak for themselves — we can't ignore them any longer.","GRE: Despite the ___ nature of the evidence, the researchers remained ___ about their conclusions. (fill in: parched)"
2008,organic,adjective,constitutional in the structure of something (especially your physical makeup),constitutive; organic fertiliser; constitutional; constituent; organic fertilizer,functional; inorganic,"Use ""organic"" (adjective) when you want to convey constitutional in the structure of something (especially your physical makeup). Appropriate in formal writing, GRE sentence-equivalence, and academic contexts where precision matters.","Avoid ""organic"" in casual conversation among friends unless you are certain the listener will understand; it can sound pretentious. Also avoid when a simpler synonym suffices.",Academic: The study concluded that the organic factor played a decisive role in the experimental outcome.,Conversational: I told him the organic approach just wouldn't work here — we need to rethink this.,GRE: Analysts noted that the company's ___ strategy had ___ results in the last quarter. (fill in: organic)
2009,quadrilateral,adjective,having four sides,quadrangle; tetragon; four-sided,,"Use ""quadrilateral"" (adjective) when you want to convey having four sides. Appropriate in formal writing, GRE sentence-equivalence, and academic contexts where precision matters.","Avoid ""quadrilateral"" in casual conversation among friends unless you are certain the listener will understand; it can sound pretentious. Also avoid when a simpler synonym suffices.",Academic: The researcher's findings revealed that the quadrilateral effect was statistically significant across all samples.,Conversational: I told him the quadrilateral approach just wouldn't work here — we need to rethink this.,GRE: The committee's decision to ___ was met with both praise and criticism from stakeholders. (fill in: quadrilateral)
2010,unintelligible,adjective,not clearly understood or expressed,opaque,intelligible,"Use ""unintelligible"" (adjective) when you want to convey not clearly understood or expressed. Appropriate in formal writing, GRE sentence-equivalence, and academic contexts where precision matters.","Avoid ""unintelligible"" in casual conversation among friends unless you are certain the listener will understand; it can sound pretentious. Also avoid when a simpler synonym suffices.",Academic: The study concluded that the unintelligible factor played a decisive role in the experimental outcome.,"Conversational: You know, it's pretty clear that the unintelligible situation needs our immediate attention.",GRE: The professor described the ___ as a ___ that ___ the entire field of study. (fill in: unintelligible)
2011,tiddly,adjective,slightly intoxicated,tipsy; potty,,"Use ""tiddly"" (adjective) when you want to convey slightly intoxicated. Appropriate in formal writing, GRE sentence-equivalence, and academic contexts where precision matters.","Avoid ""tiddly"" in casual conversation among friends unless you are certain the listener will understand; it can sound pretentious. Also avoid when a simpler synonym suffices.",Academic: The study concluded that the tiddly factor played a decisive role in the experimental outcome.,Conversational: I told him the tiddly approach just wouldn't work here — we need to rethink this.,GRE: Analysts noted that the company's ___ strategy had ___ results in the last quarter. (fill in: tiddly)
2012,adsorbent,adjective,having capacity or tendency to adsorb or cause to accumulate on a surface,surface-assimilative; adsorbent material; adsorptive,nonadsorbent,"Use ""adsorbent"" (adjective) when you want to convey having capacity or tendency to adsorb or cause to accumulate on a surface. Appropriate in formal writing, GRE sentence-equivalence, and academic contexts where precision matters.","Avoid ""adsorbent"" in casual conversation among friends unless you are certain the listener will understand; it can sound pretentious. Also avoid when a simpler synonym suffices.",Academic: The researcher's findings revealed that the adsorbent effect was statistically significant across all samples.,"Conversational: You know, it's pretty clear that the adsorbent situation needs our immediate attention.",GRE: Analysts noted that the company's ___ strategy had ___ results in the last quarter. (fill in: adsorbent)
2013,naming,adjective,inclined to or serving for the giving of names,call; name; appointment; assignment; designation; identify,,"Use ""naming"" (adjective) when you want to convey inclined to or serving for the giving of names. Appropriate in formal writing, GRE sentence-equivalence, and academic contexts where precision matters.","Avoid ""naming"" in casual conversation among friends unless you are certain the listener will understand; it can sound pretentious. Also avoid when a simpler synonym suffices.",Academic: The study concluded that the naming factor played a decisive role in the experimental outcome.,Conversational: I've noticed the naming trend in our office culture and it's starting to concern me.,"GRE: Despite the ___ nature of the evidence, the researchers remained ___ about their conclusions. (fill in: naming)"
2014,cubiform,adjective,shaped like a cube,cube-shaped; cuboid; cuboidal; cubelike; cubical,,"Use ""cubiform"" (adjective) when you want to convey shaped like a cube. Appropriate in formal writing, GRE sentence-equivalence, and academic contexts where precision matters.","Avoid ""cubiform"" in casual conversation among friends unless you are certain the listener will understand; it can sound pretentious. Also avoid when a simpler synonym suffices.",Academic: A key consideration in modern discourse is how the cubiform principle shapes contemporary policy decisions.,"Conversational: Look, the cubiform results speak for themselves — we can't ignore them any longer.",GRE: Analysts noted that the company's ___ strategy had ___ results in the last quarter. (fill in: cubiform)
2015,undiluted,adjective,not diluted,,diluted,"Use ""undiluted"" (adjective) when you want to convey not diluted. Appropriate in formal writing, GRE sentence-equivalence, and academic contexts where precision matters.","Avoid ""undiluted"" in casual conversation among friends unless you are certain the listener will understand; it can sound pretentious. Also avoid when a simpler synonym suffices.",Academic: The study concluded that the undiluted factor played a decisive role in the experimental outcome.,"Conversational: Look, the undiluted results speak for themselves — we can't ignore them any longer.",GRE: The committee's decision to ___ was met with both praise and criticism from stakeholders. (fill in: undiluted)
2016,unknown,adjective,being or having an unknown or unnamed source,unknown region; alien; unidentified; nameless; unnamed; unknown quantity,known; acquaintance,"Use ""unknown"" (adjective) when you want to convey being or having an unknown or unnamed source. Appropriate in formal writing, GRE sentence-equivalence, and academic contexts where precision matters.","Avoid ""unknown"" in casual conversation among friends unless you are certain the listener will understand; it can sound pretentious. Also avoid when a simpler synonym suffices.",Academic: Contemporary scholars debate whether the unknown hypothesis adequately explains the observed data.,"Conversational: Look, the unknown results speak for themselves — we can't ignore them any longer.",GRE: The professor described the ___ as a ___ that ___ the entire field of study. (fill in: unknown)
2017,afferent,adjective,of nerves and nerve impulses; conveying sensory information from the sense organs to the CNS,sensory nerve; afferent nerve,efferent,"Use ""afferent"" (adjective) when you want to convey of nerves and nerve impulses; conveying sensory information from the sense organs to the cns. Appropriate in formal writing, GRE sentence-equivalence, and academic contexts where precision matters.","Avoid ""afferent"" in casual conversation among friends unless you are certain the listener will understand; it can sound pretentious. Also avoid when a simpler synonym suffices.",Academic: The study concluded that the afferent factor played a decisive role in the experimental outcome.,Conversational: I've noticed the afferent trend in our office culture and it's starting to concern me.,GRE: The author's ___ tone contrasted sharply with the ___ underlying message of the passage. (fill in: afferent)
2018,fearsome,adjective,causing fear or dread or terror,dire; direful; fearful; dread; horrific; frightening,,"Use ""fearsome"" (adjective) when you want to convey causing fear or dread or terror. Appropriate in formal writing, GRE sentence-equivalence, and academic contexts where precision matters.","Avoid ""fearsome"" in casual conversation among friends unless you are certain the listener will understand; it can sound pretentious. Also avoid when a simpler synonym suffices.",Academic: Contemporary scholars debate whether the fearsome hypothesis adequately explains the observed data.,Conversational: I've noticed the fearsome trend in our office culture and it's starting to concern me.,GRE: The author's ___ tone contrasted sharply with the ___ underlying message of the passage. (fill in: fearsome)
2019,outward-developing,adjective,"away from an axis, as in a flower cluster in which the oldest flowers are in the center, the youngest near the edge",,,"Use ""outward-developing"" (adjective) when you want to convey away from an axis, as in a flower cluster in which the oldest flowers are in the center, the youngest near the edge. Appropriate in formal writing, GRE sentence-equivalence, and academic contexts where precision matters.","Avoid ""outward-developing"" in casual conversation among friends unless you are certain the listener will understand; it can sound pretentious. Also avoid when a simpler synonym suffices.","Academic: In the scholarly article, the author argued that the outward-developing phenomenon could not be overlooked.",Conversational: I've noticed the outward-developing trend in our office culture and it's starting to concern me.,GRE: The committee's decision to ___ was met with both praise and criticism from stakeholders. (fill in: outward-developing)
2020,open-eyed,adjective,carefully observant or attentive; on the lookout for possible danger,wakeful; vigilant; argus-eyed,,"Use ""open-eyed"" (adjective) when you want to convey carefully observant or attentive; on the lookout for possible danger. Appropriate in formal writing, GRE sentence-equivalence, and academic contexts where precision matters.","Avoid ""open-eyed"" in casual conversation among friends unless you are certain the listener will understand; it can sound pretentious. Also avoid when a simpler synonym suffices.",Academic: The study concluded that the open-eyed factor played a decisive role in the experimental outcome.,"Conversational: Look, the open-eyed results speak for themselves — we can't ignore them any longer.",GRE: The committee's decision to ___ was met with both praise and criticism from stakeholders. (fill in: open-eyed)
2021,well-favoured,adjective,pleasing in appearance especially by reason of conformity to ideals of form and proportion; ; ; ; - Thackeray; - Lillian Hellman,well-favored; better-looking; handsome; fine-looking; good-looking,,"Use ""well-favoured"" (adjective) when you want to convey pleasing in appearance especially by reason of conformity to ideals of form and proportion; ; ; ; - thackeray; - lillian hellman. Appropriate in formal writing, GRE sentence-equivalence, and academic contexts where precision matters.","Avoid ""well-favoured"" in casual conversation among friends unless you are certain the listener will understand; it can sound pretentious. Also avoid when a simpler synonym suffices.",Academic: The researcher's findings revealed that the well-favoured effect was statistically significant across all samples.,Conversational: I've noticed the well-favoured trend in our office culture and it's starting to concern me.,GRE: The author's ___ tone contrasted sharply with the ___ underlying message of the passage. (fill in: well-favoured)
2022,pleonastic,adjective,repetition of same sense in different words; ; ; - J.B.Conant,tautological; tautologic; redundant,,"Use ""pleonastic"" (adjective) when you want to convey repetition of same sense in different words; ; ; - j.b.conant. Appropriate in formal writing, GRE sentence-equivalence, and academic contexts where precision matters.","Avoid ""pleonastic"" in casual conversation among friends unless you are certain the listener will understand; it can sound pretentious. Also avoid when a simpler synonym suffices.",Academic: The study concluded that the pleonastic factor played a decisive role in the experimental outcome.,"Conversational: You know, it's pretty clear that the pleonastic situation needs our immediate attention.",GRE: The author's ___ tone contrasted sharply with the ___ underlying message of the passage. (fill in: pleonastic)
2023,gingerly,adjective,with extreme care or delicacy; ; - W.S.White,,,"Use ""gingerly"" (adjective) when you want to convey with extreme care or delicacy; ; - w.s.white. Appropriate in formal writing, GRE sentence-equivalence, and academic contexts where precision matters.","Avoid ""gingerly"" in casual conversation among friends unless you are certain the listener will understand; it can sound pretentious. Also avoid when a simpler synonym suffices.",Academic: The study concluded that the gingerly factor played a decisive role in the experimental outcome.,Conversational: I've noticed the gingerly trend in our office culture and it's starting to concern me.,GRE: The committee's decision to ___ was met with both praise and criticism from stakeholders. (fill in: gingerly)
2024,unenlivened,adjective,not made lively or brightened,,enlivened,"Use ""unenlivened"" (adjective) when you want to convey not made lively or brightened. Appropriate in formal writing, GRE sentence-equivalence, and academic contexts where precision matters.","Avoid ""unenlivened"" in casual conversation among friends unless you are certain the listener will understand; it can sound pretentious. Also avoid when a simpler synonym suffices.",Academic: The researcher's findings revealed that the unenlivened effect was statistically significant across all samples.,"Conversational: Honestly, the unenlivened behavior of the team has been a major source of tension lately.","GRE: Despite the ___ nature of the evidence, the researchers remained ___ about their conclusions. (fill in: unenlivened)"
2025,beatable,adjective,susceptible to being defeated,vanquishable; vincible,,"Use ""beatable"" (adjective) when you want to convey susceptible to being defeated. Appropriate in formal writing, GRE sentence-equivalence, and academic contexts where precision matters.","Avoid ""beatable"" in casual conversation among friends unless you are certain the listener will understand; it can sound pretentious. Also avoid when a simpler synonym suffices.",Academic: The study concluded that the beatable factor played a decisive role in the experimental outcome.,"Conversational: Honestly, the beatable behavior of the team has been a major source of tension lately.",GRE: The professor described the ___ as a ___ that ___ the entire field of study. (fill in: beatable)
2026,bluish-gray,adjective,of grey tinged with blue,bluish-grey; blue-grey; blue-gray,,"Use ""bluish-gray"" (adjective) when you want to convey of grey tinged with blue. Appropriate in formal writing, GRE sentence-equivalence, and academic contexts where precision matters.","Avoid ""bluish-gray"" in casual conversation among friends unless you are certain the listener will understand; it can sound pretentious. Also avoid when a simpler synonym suffices.",Academic: The study concluded that the bluish-gray factor played a decisive role in the experimental outcome.,Conversational: I told him the bluish-gray approach just wouldn't work here — we need to rethink this.,"GRE: Despite the ___ nature of the evidence, the researchers remained ___ about their conclusions. (fill in: bluish-gray)"
2027,callable,adjective,subject to a demand for payment before due date,,,"Use ""callable"" (adjective) when you want to convey subject to a demand for payment before due date. Appropriate in formal writing, GRE sentence-equivalence, and academic contexts where precision matters.","Avoid ""callable"" in casual conversation among friends unless you are certain the listener will understand; it can sound pretentious. Also avoid when a simpler synonym suffices.",Academic: A key consideration in modern discourse is how the callable principle shapes contemporary policy decisions.,Conversational: I've noticed the callable trend in our office culture and it's starting to concern me.,GRE: The committee's decision to ___ was met with both praise and criticism from stakeholders. (fill in: callable)
2028,heterogeneous,adjective,originating outside the body,heterogenous,homogeneous; autogenous,"Use ""heterogeneous"" (adjective) when you want to convey originating outside the body. Appropriate in formal writing, GRE sentence-equivalence, and academic contexts where precision matters.","Avoid ""heterogeneous"" in casual conversation among friends unless you are certain the listener will understand; it can sound pretentious. Also avoid when a simpler synonym suffices.",Academic: Contemporary scholars debate whether the heterogeneous hypothesis adequately explains the observed data.,Conversational: I told him the heterogeneous approach just wouldn't work here — we need to rethink this.,"GRE: Despite the ___ nature of the evidence, the researchers remained ___ about their conclusions. (fill in: heterogeneous)"
2029,proterozoic,adjective,formed in the later of two divisions of the Precambrian era,Proterozoic eon; Proterozoic aeon,,"Use ""proterozoic"" (adjective) when you want to convey formed in the later of two divisions of the precambrian era. Appropriate in formal writing, GRE sentence-equivalence, and academic contexts where precision matters.","Avoid ""proterozoic"" in casual conversation among friends unless you are certain the listener will understand; it can sound pretentious. Also avoid when a simpler synonym suffices.",Academic: The study concluded that the proterozoic factor played a decisive role in the experimental outcome.,"Conversational: You know, it's pretty clear that the proterozoic situation needs our immediate attention.",GRE: The author's ___ tone contrasted sharply with the ___ underlying message of the passage. (fill in: proterozoic)
2030,bare-assed,adjective,(used informally) completely unclothed,bare-ass; in the buff; naked as a jaybird; in the raw; raw; stark naked,,"Use ""bare-assed"" (adjective) when you want to convey (used informally) completely unclothed. Appropriate in formal writing, GRE sentence-equivalence, and academic contexts where precision matters.","Avoid ""bare-assed"" in casual conversation among friends unless you are certain the listener will understand; it can sound pretentious. Also avoid when a simpler synonym suffices.","Academic: In the scholarly article, the author argued that the bare-assed phenomenon could not be overlooked.",Conversational: I told him the bare-assed approach just wouldn't work here — we need to rethink this.,GRE: The author's ___ tone contrasted sharply with the ___ underlying message of the passage. (fill in: bare-assed)
2031,egoistical,adjective,limited to or caring only about yourself and your own needs,self-centered; egocentric; egoistic; self-centred,altruistic,"Use ""egoistical"" (adjective) when you want to convey limited to or caring only about yourself and your own needs. Appropriate in formal writing, GRE sentence-equivalence, and academic contexts where precision matters.","Avoid ""egoistical"" in casual conversation among friends unless you are certain the listener will understand; it can sound pretentious. Also avoid when a simpler synonym suffices.",Academic: Contemporary scholars debate whether the egoistical hypothesis adequately explains the observed data.,Conversational: I told him the egoistical approach just wouldn't work here — we need to rethink this.,"GRE: Despite the ___ nature of the evidence, the researchers remained ___ about their conclusions. (fill in: egoistical)"
2032,platinum-blonde,adjective,of hair color; whitish,towheaded; ash-blonde,,"Use ""platinum-blonde"" (adjective) when you want to convey of hair color; whitish. Appropriate in formal writing, GRE sentence-equivalence, and academic contexts where precision matters.","Avoid ""platinum-blonde"" in casual conversation among friends unless you are certain the listener will understand; it can sound pretentious. Also avoid when a simpler synonym suffices.",Academic: The study concluded that the platinum-blonde factor played a decisive role in the experimental outcome.,"Conversational: Honestly, the platinum-blonde behavior of the team has been a major source of tension lately.","GRE: Despite the ___ nature of the evidence, the researchers remained ___ about their conclusions. (fill in: platinum-blonde)"
2033,spiritless,adjective,evidencing little spirit or courage; overly submissive or compliant; ; - Orville Prescott,meek,spirited,"Use ""spiritless"" (adjective) when you want to convey evidencing little spirit or courage; overly submissive or compliant; ; - orville prescott. Appropriate in formal writing, GRE sentence-equivalence, and academic contexts where precision matters.","Avoid ""spiritless"" in casual conversation among friends unless you are certain the listener will understand; it can sound pretentious. Also avoid when a simpler synonym suffices.","Academic: In the scholarly article, the author argued that the spiritless phenomenon could not be overlooked.",Conversational: I told him the spiritless approach just wouldn't work here — we need to rethink this.,"GRE: Despite the ___ nature of the evidence, the researchers remained ___ about their conclusions. (fill in: spiritless)"
2034,classified,adjective,official classification of information or documents; withheld from general circulation,classified advertisement; classify; sort out; separate; sort; class,unclassified; declassify,"Use ""classified"" (adjective) when you want to convey official classification of information or documents; withheld from general circulation. Appropriate in formal writing, GRE sentence-equivalence, and academic contexts where precision matters.","Avoid ""classified"" in casual conversation among friends unless you are certain the listener will understand; it can sound pretentious. Also avoid when a simpler synonym suffices.",Academic: Contemporary scholars debate whether the classified hypothesis adequately explains the observed data.,Conversational: I told him the classified approach just wouldn't work here — we need to rethink this.,"GRE: Despite the ___ nature of the evidence, the researchers remained ___ about their conclusions. (fill in: classified)"
2035,laissez-faire,adjective,with minimally restricted freedom in commerce,individualistic,,"Use ""laissez-faire"" (adjective) when you want to convey with minimally restricted freedom in commerce. Appropriate in formal writing, GRE sentence-equivalence, and academic contexts where precision matters.","Avoid ""laissez-faire"" in casual conversation among friends unless you are certain the listener will understand; it can sound pretentious. Also avoid when a simpler synonym suffices.","Academic: In the scholarly article, the author argued that the laissez-faire phenomenon could not be overlooked.","Conversational: Honestly, the laissez-faire behavior of the team has been a major source of tension lately.",GRE: The professor described the ___ as a ___ that ___ the entire field of study. (fill in: laissez-faire)
2036,two-footed,adjective,having two feet,bipedal; biped,quadrupedal; quadruped,"Use ""two-footed"" (adjective) when you want to convey having two feet. Appropriate in formal writing, GRE sentence-equivalence, and academic contexts where precision matters.","Avoid ""two-footed"" in casual conversation among friends unless you are certain the listener will understand; it can sound pretentious. Also avoid when a simpler synonym suffices.",Academic: The researcher's findings revealed that the two-footed effect was statistically significant across all samples.,"Conversational: You know, it's pretty clear that the two-footed situation needs our immediate attention.",GRE: The committee's decision to ___ was met with both praise and criticism from stakeholders. (fill in: two-footed)
2037,analyzed,adjective,examined carefully and methodically; broken down for consideration of constituent parts,examine; analyze; canvass; analyse; canvas; study,synthesize; unanalyzed,"Use ""analyzed"" (adjective) when you want to convey examined carefully and methodically; broken down for consideration of constituent parts. Appropriate in formal writing, GRE sentence-equivalence, and academic contexts where precision matters.","Avoid ""analyzed"" in casual conversation among friends unless you are certain the listener will understand; it can sound pretentious. Also avoid when a simpler synonym suffices.","Academic: In the scholarly article, the author argued that the analyzed phenomenon could not be overlooked.","Conversational: Look, the analyzed results speak for themselves — we can't ignore them any longer.",GRE: The professor described the ___ as a ___ that ___ the entire field of study. (fill in: analyzed)
2038,chestnut-colored,adjective,having the brown color of chestnuts,chestnut-coloured,,"Use ""chestnut-colored"" (adjective) when you want to convey having the brown color of chestnuts. Appropriate in formal writing, GRE sentence-equivalence, and academic contexts where precision matters.","Avoid ""chestnut-colored"" in casual conversation among friends unless you are certain the listener will understand; it can sound pretentious. Also avoid when a simpler synonym suffices.","Academic: In the scholarly article, the author argued that the chestnut-colored phenomenon could not be overlooked.",Conversational: I've noticed the chestnut-colored trend in our office culture and it's starting to concern me.,"GRE: Despite the ___ nature of the evidence, the researchers remained ___ about their conclusions. (fill in: chestnut-colored)"
2039,panegyrical,adjective,formally expressing praise,panegyric; encomiastic; eulogistic,,"Use ""panegyrical"" (adjective) when you want to convey formally expressing praise. Appropriate in formal writing, GRE sentence-equivalence, and academic contexts where precision matters.","Avoid ""panegyrical"" in casual conversation among friends unless you are certain the listener will understand; it can sound pretentious. Also avoid when a simpler synonym suffices.",Academic: Contemporary scholars debate whether the panegyrical hypothesis adequately explains the observed data.,Conversational: I've noticed the panegyrical trend in our office culture and it's starting to concern me.,GRE: Analysts noted that the company's ___ strategy had ___ results in the last quarter. (fill in: panegyrical)
2040,conciliatory,adjective,intended to placate,flexible; conciliative; compromising,antagonistic; uncompromising,"Use ""conciliatory"" (adjective) when you want to convey intended to placate. Appropriate in formal writing, GRE sentence-equivalence, and academic contexts where precision matters.","Avoid ""conciliatory"" in casual conversation among friends unless you are certain the listener will understand; it can sound pretentious. Also avoid when a simpler synonym suffices.",Academic: The study concluded that the conciliatory factor played a decisive role in the experimental outcome.,Conversational: I've noticed the conciliatory trend in our office culture and it's starting to concern me.,"GRE: Despite the ___ nature of the evidence, the researchers remained ___ about their conclusions. (fill in: conciliatory)"
2041,agonistic,adjective,struggling for effect,strained; agonistical; combative,,"Use ""agonistic"" (adjective) when you want to convey struggling for effect. Appropriate in formal writing, GRE sentence-equivalence, and academic contexts where precision matters.","Avoid ""agonistic"" in casual conversation among friends unless you are certain the listener will understand; it can sound pretentious. Also avoid when a simpler synonym suffices.","Academic: In the scholarly article, the author argued that the agonistic phenomenon could not be overlooked.",Conversational: I told him the agonistic approach just wouldn't work here — we need to rethink this.,GRE: The professor described the ___ as a ___ that ___ the entire field of study. (fill in: agonistic)
2042,unarmored,adjective,used of animals; without protective covering,unarmoured,armored,"Use ""unarmored"" (adjective) when you want to convey used of animals; without protective covering. Appropriate in formal writing, GRE sentence-equivalence, and academic contexts where precision matters.","Avoid ""unarmored"" in casual conversation among friends unless you are certain the listener will understand; it can sound pretentious. Also avoid when a simpler synonym suffices.",Academic: Contemporary scholars debate whether the unarmored hypothesis adequately explains the observed data.,Conversational: I told him the unarmored approach just wouldn't work here — we need to rethink this.,GRE: Analysts noted that the company's ___ strategy had ___ results in the last quarter. (fill in: unarmored)
2043,delinquent,adjective,past due; not paid at the scheduled time,overdue; remiss; juvenile delinquent; derelict; neglectful,,"Use ""delinquent"" (adjective) when you want to convey past due; not paid at the scheduled time. Appropriate in formal writing, GRE sentence-equivalence, and academic contexts where precision matters.","Avoid ""delinquent"" in casual conversation among friends unless you are certain the listener will understand; it can sound pretentious. Also avoid when a simpler synonym suffices.",Academic: The researcher's findings revealed that the delinquent effect was statistically significant across all samples.,Conversational: I told him the delinquent approach just wouldn't work here — we need to rethink this.,GRE: The committee's decision to ___ was met with both praise and criticism from stakeholders. (fill in: delinquent)
2044,probationary,adjective,under terms not final or fully worked out or agreed upon,provisionary; tentative; provisional,,"Use ""probationary"" (adjective) when you want to convey under terms not final or fully worked out or agreed upon. Appropriate in formal writing, GRE sentence-equivalence, and academic contexts where precision matters.","Avoid ""probationary"" in casual conversation among friends unless you are certain the listener will understand; it can sound pretentious. Also avoid when a simpler synonym suffices.",Academic: The study concluded that the probationary factor played a decisive role in the experimental outcome.,"Conversational: Honestly, the probationary behavior of the team has been a major source of tension lately.",GRE: The professor described the ___ as a ___ that ___ the entire field of study. (fill in: probationary)
2045,unconsolidated,adjective,loose and unstratified,,,"Use ""unconsolidated"" (adjective) when you want to convey loose and unstratified. Appropriate in formal writing, GRE sentence-equivalence, and academic contexts where precision matters.","Avoid ""unconsolidated"" in casual conversation among friends unless you are certain the listener will understand; it can sound pretentious. Also avoid when a simpler synonym suffices.",Academic: The study concluded that the unconsolidated factor played a decisive role in the experimental outcome.,"Conversational: Honestly, the unconsolidated behavior of the team has been a major source of tension lately.",GRE: Analysts noted that the company's ___ strategy had ___ results in the last quarter. (fill in: unconsolidated)
2046,esthetical,adjective,concerning or characterized by an appreciation of beauty or good taste,aesthetic; esthetic; aesthetical,inaesthetic,"Use ""esthetical"" (adjective) when you want to convey concerning or characterized by an appreciation of beauty or good taste. Appropriate in formal writing, GRE sentence-equivalence, and academic contexts where precision matters.","Avoid ""esthetical"" in casual conversation among friends unless you are certain the listener will understand; it can sound pretentious. Also avoid when a simpler synonym suffices.","Academic: In the scholarly article, the author argued that the esthetical phenomenon could not be overlooked.",Conversational: I told him the esthetical approach just wouldn't work here — we need to rethink this.,GRE: Analysts noted that the company's ___ strategy had ___ results in the last quarter. (fill in: esthetical)
2047,discreet,adjective,marked by prudence or modesty and wise self-restraint,discerning; circumspect,indiscreet,"Use ""discreet"" (adjective) when you want to convey marked by prudence or modesty and wise self-restraint. Appropriate in formal writing, GRE sentence-equivalence, and academic contexts where precision matters.","Avoid ""discreet"" in casual conversation among friends unless you are certain the listener will understand; it can sound pretentious. Also avoid when a simpler synonym suffices.","Academic: In the scholarly article, the author argued that the discreet phenomenon could not be overlooked.",Conversational: I've noticed the discreet trend in our office culture and it's starting to concern me.,GRE: The professor described the ___ as a ___ that ___ the entire field of study. (fill in: discreet)
2048,isometric,adjective,of or involving muscular contraction in which tension increases while length remains constant,isometrical; isometric line,isotonic,"Use ""isometric"" (adjective) when you want to convey of or involving muscular contraction in which tension increases while length remains constant. Appropriate in formal writing, GRE sentence-equivalence, and academic contexts where precision matters.","Avoid ""isometric"" in casual conversation among friends unless you are certain the listener will understand; it can sound pretentious. Also avoid when a simpler synonym suffices.","Academic: In the scholarly article, the author argued that the isometric phenomenon could not be overlooked.","Conversational: Look, the isometric results speak for themselves — we can't ignore them any longer.","GRE: Despite the ___ nature of the evidence, the researchers remained ___ about their conclusions. (fill in: isometric)"
2049,manipulative,adjective,skillful in influencing or controlling others to your own advantage,,,"Use ""manipulative"" (adjective) when you want to convey skillful in influencing or controlling others to your own advantage. Appropriate in formal writing, GRE sentence-equivalence, and academic contexts where precision matters.","Avoid ""manipulative"" in casual conversation among friends unless you are certain the listener will understand; it can sound pretentious. Also avoid when a simpler synonym suffices.",Academic: The study concluded that the manipulative factor played a decisive role in the experimental outcome.,Conversational: I've noticed the manipulative trend in our office culture and it's starting to concern me.,GRE: The committee's decision to ___ was met with both praise and criticism from stakeholders. (fill in: manipulative)
2050,worrisome,adjective,not reassuring; tending to cause anxiety,distressing; perturbing; disturbing; worrying; troubling; distressful,reassuring,"Use ""worrisome"" (adjective) when you want to convey not reassuring; tending to cause anxiety. Appropriate in formal writing, GRE sentence-equivalence, and academic contexts where precision matters.","Avoid ""worrisome"" in casual conversation among friends unless you are certain the listener will understand; it can sound pretentious. Also avoid when a simpler synonym suffices.",Academic: Contemporary scholars debate whether the worrisome hypothesis adequately explains the observed data.,"Conversational: Look, the worrisome results speak for themselves — we can't ignore them any longer.",GRE: Analysts noted that the company's ___ strategy had ___ results in the last quarter. (fill in: worrisome)
2051,snake-haired,adjective,(of monsters) having snakes for hair,,,"Use ""snake-haired"" (adjective) when you want to convey (of monsters) having snakes for hair. Appropriate in formal writing, GRE sentence-equivalence, and academic contexts where precision matters.","Avoid ""snake-haired"" in casual conversation among friends unless you are certain the listener will understand; it can sound pretentious. Also avoid when a simpler synonym suffices.",Academic: The researcher's findings revealed that the snake-haired effect was statistically significant across all samples.,Conversational: I've noticed the snake-haired trend in our office culture and it's starting to concern me.,"GRE: Despite the ___ nature of the evidence, the researchers remained ___ about their conclusions. (fill in: snake-haired)"
2052,obsolete,adjective,no longer in use,disused,,"Use ""obsolete"" (adjective) when you want to convey no longer in use. Appropriate in formal writing, GRE sentence-equivalence, and academic contexts where precision matters.","Avoid ""obsolete"" in casual conversation among friends unless you are certain the listener will understand; it can sound pretentious. Also avoid when a simpler synonym suffices.",Academic: The study concluded that the obsolete factor played a decisive role in the experimental outcome.,"Conversational: Look, the obsolete results speak for themselves — we can't ignore them any longer.","GRE: Despite the ___ nature of the evidence, the researchers remained ___ about their conclusions. (fill in: obsolete)"
2053,ravening,adjective,living by preying on other animals especially by catching living prey,guttle; devour; prey; pig; raven; predate,,"Use ""ravening"" (adjective) when you want to convey living by preying on other animals especially by catching living prey. Appropriate in formal writing, GRE sentence-equivalence, and academic contexts where precision matters.","Avoid ""ravening"" in casual conversation among friends unless you are certain the listener will understand; it can sound pretentious. Also avoid when a simpler synonym suffices.","Academic: In the scholarly article, the author argued that the ravening phenomenon could not be overlooked.",Conversational: I've noticed the ravening trend in our office culture and it's starting to concern me.,GRE: The author's ___ tone contrasted sharply with the ___ underlying message of the passage. (fill in: ravening)
2054,broadleaf,adjective,having relatively broad rather than needlelike or scalelike leaves,broad-leafed; broad-leaved,,"Use ""broadleaf"" (adjective) when you want to convey having relatively broad rather than needlelike or scalelike leaves. Appropriate in formal writing, GRE sentence-equivalence, and academic contexts where precision matters.","Avoid ""broadleaf"" in casual conversation among friends unless you are certain the listener will understand; it can sound pretentious. Also avoid when a simpler synonym suffices.","Academic: In the scholarly article, the author argued that the broadleaf phenomenon could not be overlooked.",Conversational: I told him the broadleaf approach just wouldn't work here — we need to rethink this.,GRE: The author's ___ tone contrasted sharply with the ___ underlying message of the passage. (fill in: broadleaf)
2055,isotonic,adjective,(used of solutions) having the same or equal osmotic pressure,isosmotic,isometric; hypotonic; hypertonic,"Use ""isotonic"" (adjective) when you want to convey (used of solutions) having the same or equal osmotic pressure. Appropriate in formal writing, GRE sentence-equivalence, and academic contexts where precision matters.","Avoid ""isotonic"" in casual conversation among friends unless you are certain the listener will understand; it can sound pretentious. Also avoid when a simpler synonym suffices.",Academic: A key consideration in modern discourse is how the isotonic principle shapes contemporary policy decisions.,Conversational: I've noticed the isotonic trend in our office culture and it's starting to concern me.,GRE: The author's ___ tone contrasted sharply with the ___ underlying message of the passage. (fill in: isotonic)
2056,constrained,adjective,lacking spontaneity; not natural,constrain; stiffen; restrain; tighten; encumber; cumber,,"Use ""constrained"" (adjective) when you want to convey lacking spontaneity; not natural. Appropriate in formal writing, GRE sentence-equivalence, and academic contexts where precision matters.","Avoid ""constrained"" in casual conversation among friends unless you are certain the listener will understand; it can sound pretentious. Also avoid when a simpler synonym suffices.",Academic: The researcher's findings revealed that the constrained effect was statistically significant across all samples.,"Conversational: You know, it's pretty clear that the constrained situation needs our immediate attention.",GRE: Analysts noted that the company's ___ strategy had ___ results in the last quarter. (fill in: constrained)
2057,operant,adjective,having influence or producing an effect,,,"Use ""operant"" (adjective) when you want to convey having influence or producing an effect. Appropriate in formal writing, GRE sentence-equivalence, and academic contexts where precision matters.","Avoid ""operant"" in casual conversation among friends unless you are certain the listener will understand; it can sound pretentious. Also avoid when a simpler synonym suffices.",Academic: The researcher's findings revealed that the operant effect was statistically significant across all samples.,"Conversational: You know, it's pretty clear that the operant situation needs our immediate attention.",GRE: The professor described the ___ as a ___ that ___ the entire field of study. (fill in: operant)
2058,bald-faced,adjective,(of animals) having white markings on the face,brazen-faced; bodacious; barefaced; brazen; insolent; brassy,,"Use ""bald-faced"" (adjective) when you want to convey (of animals) having white markings on the face. Appropriate in formal writing, GRE sentence-equivalence, and academic contexts where precision matters.","Avoid ""bald-faced"" in casual conversation among friends unless you are certain the listener will understand; it can sound pretentious. Also avoid when a simpler synonym suffices.","Academic: In the scholarly article, the author argued that the bald-faced phenomenon could not be overlooked.",Conversational: I told him the bald-faced approach just wouldn't work here — we need to rethink this.,GRE: The committee's decision to ___ was met with both praise and criticism from stakeholders. (fill in: bald-faced)
2059,incommutable,adjective,not subject to alteration or change,,commutable,"Use ""incommutable"" (adjective) when you want to convey not subject to alteration or change. Appropriate in formal writing, GRE sentence-equivalence, and academic contexts where precision matters.","Avoid ""incommutable"" in casual conversation among friends unless you are certain the listener will understand; it can sound pretentious. Also avoid when a simpler synonym suffices.",Academic: Contemporary scholars debate whether the incommutable hypothesis adequately explains the observed data.,Conversational: I've noticed the incommutable trend in our office culture and it's starting to concern me.,GRE: The professor described the ___ as a ___ that ___ the entire field of study. (fill in: incommutable)
2060,adoptable,adjective,suitable or eligible for adoption,,unadoptable,"Use ""adoptable"" (adjective) when you want to convey suitable or eligible for adoption. Appropriate in formal writing, GRE sentence-equivalence, and academic contexts where precision matters.","Avoid ""adoptable"" in casual conversation among friends unless you are certain the listener will understand; it can sound pretentious. Also avoid when a simpler synonym suffices.",Academic: A key consideration in modern discourse is how the adoptable principle shapes contemporary policy decisions.,"Conversational: You know, it's pretty clear that the adoptable situation needs our immediate attention.",GRE: The committee's decision to ___ was met with both praise and criticism from stakeholders. (fill in: adoptable)
2061,cooperative,adjective,willing to adjust to differences in order to obtain agreement,conjunct; accommodative; conjunctive; co-op; concerted,uncooperative,"Use ""cooperative"" (adjective) when you want to convey willing to adjust to differences in order to obtain agreement. Appropriate in formal writing, GRE sentence-equivalence, and academic contexts where precision matters.","Avoid ""cooperative"" in casual conversation among friends unless you are certain the listener will understand; it can sound pretentious. Also avoid when a simpler synonym suffices.","Academic: In the scholarly article, the author argued that the cooperative phenomenon could not be overlooked.","Conversational: Look, the cooperative results speak for themselves — we can't ignore them any longer.",GRE: Analysts noted that the company's ___ strategy had ___ results in the last quarter. (fill in: cooperative)
2062,watertight,adjective,without flaws or loopholes,unassailable; bulletproof; unshakable,,"Use ""watertight"" (adjective) when you want to convey without flaws or loopholes. Appropriate in formal writing, GRE sentence-equivalence, and academic contexts where precision matters.","Avoid ""watertight"" in casual conversation among friends unless you are certain the listener will understand; it can sound pretentious. Also avoid when a simpler synonym suffices.",Academic: The researcher's findings revealed that the watertight effect was statistically significant across all samples.,"Conversational: Honestly, the watertight behavior of the team has been a major source of tension lately.",GRE: The author's ___ tone contrasted sharply with the ___ underlying message of the passage. (fill in: watertight)
2063,denaturised,adjective,changed in nature or natural quality,denaturized; denatured,,"Use ""denaturised"" (adjective) when you want to convey changed in nature or natural quality. Appropriate in formal writing, GRE sentence-equivalence, and academic contexts where precision matters.","Avoid ""denaturised"" in casual conversation among friends unless you are certain the listener will understand; it can sound pretentious. Also avoid when a simpler synonym suffices.",Academic: Contemporary scholars debate whether the denaturised hypothesis adequately explains the observed data.,Conversational: I've noticed the denaturised trend in our office culture and it's starting to concern me.,GRE: The author's ___ tone contrasted sharply with the ___ underlying message of the passage. (fill in: denaturised)
2064,armlike,adjective,resembling an arm,,,"Use ""armlike"" (adjective) when you want to convey resembling an arm. Appropriate in formal writing, GRE sentence-equivalence, and academic contexts where precision matters.","Avoid ""armlike"" in casual conversation among friends unless you are certain the listener will understand; it can sound pretentious. Also avoid when a simpler synonym suffices.",Academic: The researcher's findings revealed that the armlike effect was statistically significant across all samples.,"Conversational: Look, the armlike results speak for themselves — we can't ignore them any longer.",GRE: The author's ___ tone contrasted sharply with the ___ underlying message of the passage. (fill in: armlike)
2065,offbeat,adjective,informal terms; strikingly unconventional,way-out; upbeat; quirky; kinky; far-out,,"Use ""offbeat"" (adjective) when you want to convey informal terms; strikingly unconventional. Appropriate in formal writing, GRE sentence-equivalence, and academic contexts where precision matters.","Avoid ""offbeat"" in casual conversation among friends unless you are certain the listener will understand; it can sound pretentious. Also avoid when a simpler synonym suffices.",Academic: A key consideration in modern discourse is how the offbeat principle shapes contemporary policy decisions.,"Conversational: You know, it's pretty clear that the offbeat situation needs our immediate attention.",GRE: The committee's decision to ___ was met with both praise and criticism from stakeholders. (fill in: offbeat)
2066,maladjusted,adjective,poorly adjusted to demands and stresses of daily living,disturbed,adjusted,"Use ""maladjusted"" (adjective) when you want to convey poorly adjusted to demands and stresses of daily living. Appropriate in formal writing, GRE sentence-equivalence, and academic contexts where precision matters.","Avoid ""maladjusted"" in casual conversation among friends unless you are certain the listener will understand; it can sound pretentious. Also avoid when a simpler synonym suffices.",Academic: A key consideration in modern discourse is how the maladjusted principle shapes contemporary policy decisions.,"Conversational: Honestly, the maladjusted behavior of the team has been a major source of tension lately.",GRE: The professor described the ___ as a ___ that ___ the entire field of study. (fill in: maladjusted)
2067,fainthearted,adjective,lacking conviction or boldness or courage,faint-hearted; faint; timid,,"Use ""fainthearted"" (adjective) when you want to convey lacking conviction or boldness or courage. Appropriate in formal writing, GRE sentence-equivalence, and academic contexts where precision matters.","Avoid ""fainthearted"" in casual conversation among friends unless you are certain the listener will understand; it can sound pretentious. Also avoid when a simpler synonym suffices.",Academic: The study concluded that the fainthearted factor played a decisive role in the experimental outcome.,"Conversational: You know, it's pretty clear that the fainthearted situation needs our immediate attention.","GRE: Despite the ___ nature of the evidence, the researchers remained ___ about their conclusions. (fill in: fainthearted)"
2068,darned,adjective,expletives used informally as intensifiers,damn; blame; goddam; blamed; goddamn; goddamned,,"Use ""darned"" (adjective) when you want to convey expletives used informally as intensifiers. Appropriate in formal writing, GRE sentence-equivalence, and academic contexts where precision matters.","Avoid ""darned"" in casual conversation among friends unless you are certain the listener will understand; it can sound pretentious. Also avoid when a simpler synonym suffices.",Academic: Contemporary scholars debate whether the darned hypothesis adequately explains the observed data.,"Conversational: You know, it's pretty clear that the darned situation needs our immediate attention.",GRE: The professor described the ___ as a ___ that ___ the entire field of study. (fill in: darned)
2069,fuzzed,adjective,covering with fine light hairs,fuzzy,,"Use ""fuzzed"" (adjective) when you want to convey covering with fine light hairs. Appropriate in formal writing, GRE sentence-equivalence, and academic contexts where precision matters.","Avoid ""fuzzed"" in casual conversation among friends unless you are certain the listener will understand; it can sound pretentious. Also avoid when a simpler synonym suffices.",Academic: The study concluded that the fuzzed factor played a decisive role in the experimental outcome.,Conversational: I told him the fuzzed approach just wouldn't work here — we need to rethink this.,GRE: The committee's decision to ___ was met with both praise and criticism from stakeholders. (fill in: fuzzed)
2070,supercritical,adjective,(especially of fissionable material) able to sustain a chain reaction in such a manner that the rate of reaction increases,,,"Use ""supercritical"" (adjective) when you want to convey (especially of fissionable material) able to sustain a chain reaction in such a manner that the rate of reaction increases. Appropriate in formal writing, GRE sentence-equivalence, and academic contexts where precision matters.","Avoid ""supercritical"" in casual conversation among friends unless you are certain the listener will understand; it can sound pretentious. Also avoid when a simpler synonym suffices.",Academic: A key consideration in modern discourse is how the supercritical principle shapes contemporary policy decisions.,"Conversational: Honestly, the supercritical behavior of the team has been a major source of tension lately.",GRE: The author's ___ tone contrasted sharply with the ___ underlying message of the passage. (fill in: supercritical)
2071,deductible,adjective,acceptable as a deduction (especially as a tax deduction),,nondeductible,"Use ""deductible"" (adjective) when you want to convey acceptable as a deduction (especially as a tax deduction). Appropriate in formal writing, GRE sentence-equivalence, and academic contexts where precision matters.","Avoid ""deductible"" in casual conversation among friends unless you are certain the listener will understand; it can sound pretentious. Also avoid when a simpler synonym suffices.",Academic: The study concluded that the deductible factor played a decisive role in the experimental outcome.,Conversational: I've noticed the deductible trend in our office culture and it's starting to concern me.,GRE: Analysts noted that the company's ___ strategy had ___ results in the last quarter. (fill in: deductible)
2072,buried,adjective,placed in a grave,eat up; immerse; swallow up; entomb; inter; bury,remember; unburied,"Use ""buried"" (adjective) when you want to convey placed in a grave. Appropriate in formal writing, GRE sentence-equivalence, and academic contexts where precision matters.","Avoid ""buried"" in casual conversation among friends unless you are certain the listener will understand; it can sound pretentious. Also avoid when a simpler synonym suffices.",Academic: The researcher's findings revealed that the buried effect was statistically significant across all samples.,Conversational: I've noticed the buried trend in our office culture and it's starting to concern me.,GRE: The committee's decision to ___ was met with both praise and criticism from stakeholders. (fill in: buried)
2073,economic,adjective,using the minimum of time or resources necessary for effectiveness,economical,,"Use ""economic"" (adjective) when you want to convey using the minimum of time or resources necessary for effectiveness. Appropriate in formal writing, GRE sentence-equivalence, and academic contexts where precision matters.","Avoid ""economic"" in casual conversation among friends unless you are certain the listener will understand; it can sound pretentious. Also avoid when a simpler synonym suffices.","Academic: In the scholarly article, the author argued that the economic phenomenon could not be overlooked.",Conversational: I've noticed the economic trend in our office culture and it's starting to concern me.,GRE: The author's ___ tone contrasted sharply with the ___ underlying message of the passage. (fill in: economic)
2074,embarrassed,adjective,feeling or caused to feel uneasy and self-conscious,abash; stymie; stymy; block; embarrass; blockade,,"Use ""embarrassed"" (adjective) when you want to convey feeling or caused to feel uneasy and self-conscious. Appropriate in formal writing, GRE sentence-equivalence, and academic contexts where precision matters.","Avoid ""embarrassed"" in casual conversation among friends unless you are certain the listener will understand; it can sound pretentious. Also avoid when a simpler synonym suffices.","Academic: In the scholarly article, the author argued that the embarrassed phenomenon could not be overlooked.","Conversational: Look, the embarrassed results speak for themselves — we can't ignore them any longer.",GRE: The author's ___ tone contrasted sharply with the ___ underlying message of the passage. (fill in: embarrassed)
2075,bibulous,adjective,given to or marked by the consumption of alcohol,sottish; boozy; drunken,,"Use ""bibulous"" (adjective) when you want to convey given to or marked by the consumption of alcohol. Appropriate in formal writing, GRE sentence-equivalence, and academic contexts where precision matters.","Avoid ""bibulous"" in casual conversation among friends unless you are certain the listener will understand; it can sound pretentious. Also avoid when a simpler synonym suffices.",Academic: A key consideration in modern discourse is how the bibulous principle shapes contemporary policy decisions.,"Conversational: Look, the bibulous results speak for themselves — we can't ignore them any longer.",GRE: The author's ___ tone contrasted sharply with the ___ underlying message of the passage. (fill in: bibulous)
2076,foul-mouthed,adjective,using foul or obscene language,foul-spoken,,"Use ""foul-mouthed"" (adjective) when you want to convey using foul or obscene language. Appropriate in formal writing, GRE sentence-equivalence, and academic contexts where precision matters.","Avoid ""foul-mouthed"" in casual conversation among friends unless you are certain the listener will understand; it can sound pretentious. Also avoid when a simpler synonym suffices.",Academic: A key consideration in modern discourse is how the foul-mouthed principle shapes contemporary policy decisions.,"Conversational: Honestly, the foul-mouthed behavior of the team has been a major source of tension lately.",GRE: The author's ___ tone contrasted sharply with the ___ underlying message of the passage. (fill in: foul-mouthed)
2077,ambitious,adjective,requiring full use of your abilities or resources,challenging,unambitious,"Use ""ambitious"" (adjective) when you want to convey requiring full use of your abilities or resources. Appropriate in formal writing, GRE sentence-equivalence, and academic contexts where precision matters.","Avoid ""ambitious"" in casual conversation among friends unless you are certain the listener will understand; it can sound pretentious. Also avoid when a simpler synonym suffices.",Academic: Contemporary scholars debate whether the ambitious hypothesis adequately explains the observed data.,Conversational: I've noticed the ambitious trend in our office culture and it's starting to concern me.,GRE: The professor described the ___ as a ___ that ___ the entire field of study. (fill in: ambitious)
2078,compartmental,adjective,divided up into compartments or categories,compartmentalised; compartmentalized,,"Use ""compartmental"" (adjective) when you want to convey divided up into compartments or categories. Appropriate in formal writing, GRE sentence-equivalence, and academic contexts where precision matters.","Avoid ""compartmental"" in casual conversation among friends unless you are certain the listener will understand; it can sound pretentious. Also avoid when a simpler synonym suffices.",Academic: The researcher's findings revealed that the compartmental effect was statistically significant across all samples.,Conversational: I've noticed the compartmental trend in our office culture and it's starting to concern me.,GRE: The author's ___ tone contrasted sharply with the ___ underlying message of the passage. (fill in: compartmental)
2079,unsaddled,adjective,with no saddle,unsaddle; offsaddle,saddled; saddle,"Use ""unsaddled"" (adjective) when you want to convey with no saddle. Appropriate in formal writing, GRE sentence-equivalence, and academic contexts where precision matters.","Avoid ""unsaddled"" in casual conversation among friends unless you are certain the listener will understand; it can sound pretentious. Also avoid when a simpler synonym suffices.",Academic: The study concluded that the unsaddled factor played a decisive role in the experimental outcome.,Conversational: I've noticed the unsaddled trend in our office culture and it's starting to concern me.,"GRE: Despite the ___ nature of the evidence, the researchers remained ___ about their conclusions. (fill in: unsaddled)"
2080,classical,adjective,of or relating to the most highly developed stage of an earlier civilisation and its culture,Graeco-Roman; serious music; authoritative; classic; Hellenic; definitive,nonclassical,"Use ""classical"" (adjective) when you want to convey of or relating to the most highly developed stage of an earlier civilisation and its culture. Appropriate in formal writing, GRE sentence-equivalence, and academic contexts where precision matters.","Avoid ""classical"" in casual conversation among friends unless you are certain the listener will understand; it can sound pretentious. Also avoid when a simpler synonym suffices.",Academic: The study concluded that the classical factor played a decisive role in the experimental outcome.,Conversational: I told him the classical approach just wouldn't work here — we need to rethink this.,GRE: The author's ___ tone contrasted sharply with the ___ underlying message of the passage. (fill in: classical)
2081,dimensional,adjective,having dimension--the quality or character or stature proper to a person; - Norman Cousins,,,"Use ""dimensional"" (adjective) when you want to convey having dimension--the quality or character or stature proper to a person; - norman cousins. Appropriate in formal writing, GRE sentence-equivalence, and academic contexts where precision matters.","Avoid ""dimensional"" in casual conversation among friends unless you are certain the listener will understand; it can sound pretentious. Also avoid when a simpler synonym suffices.",Academic: The researcher's findings revealed that the dimensional effect was statistically significant across all samples.,"Conversational: Honestly, the dimensional behavior of the team has been a major source of tension lately.",GRE: Analysts noted that the company's ___ strategy had ___ results in the last quarter. (fill in: dimensional)
2082,provisional,adjective,under terms not final or fully worked out or agreed upon,tentative; probationary; provisionary,,"Use ""provisional"" (adjective) when you want to convey under terms not final or fully worked out or agreed upon. Appropriate in formal writing, GRE sentence-equivalence, and academic contexts where precision matters.","Avoid ""provisional"" in casual conversation among friends unless you are certain the listener will understand; it can sound pretentious. Also avoid when a simpler synonym suffices.","Academic: In the scholarly article, the author argued that the provisional phenomenon could not be overlooked.","Conversational: You know, it's pretty clear that the provisional situation needs our immediate attention.",GRE: The committee's decision to ___ was met with both praise and criticism from stakeholders. (fill in: provisional)
2083,medial,adjective,relating to or situated in or extending toward the middle,median,,"Use ""medial"" (adjective) when you want to convey relating to or situated in or extending toward the middle. Appropriate in formal writing, GRE sentence-equivalence, and academic contexts where precision matters.","Avoid ""medial"" in casual conversation among friends unless you are certain the listener will understand; it can sound pretentious. Also avoid when a simpler synonym suffices.",Academic: The study concluded that the medial factor played a decisive role in the experimental outcome.,"Conversational: You know, it's pretty clear that the medial situation needs our immediate attention.",GRE: Analysts noted that the company's ___ strategy had ___ results in the last quarter. (fill in: medial)
2084,expeditious,adjective,marked by speed and efficiency,,,"Use ""expeditious"" (adjective) when you want to convey marked by speed and efficiency. Appropriate in formal writing, GRE sentence-equivalence, and academic contexts where precision matters.","Avoid ""expeditious"" in casual conversation among friends unless you are certain the listener will understand; it can sound pretentious. Also avoid when a simpler synonym suffices.",Academic: Contemporary scholars debate whether the expeditious hypothesis adequately explains the observed data.,"Conversational: Look, the expeditious results speak for themselves — we can't ignore them any longer.","GRE: Despite the ___ nature of the evidence, the researchers remained ___ about their conclusions. (fill in: expeditious)"
2085,saclike,adjective,shaped like a pouch,bursiform; pouchlike; pouch-shaped,,"Use ""saclike"" (adjective) when you want to convey shaped like a pouch. Appropriate in formal writing, GRE sentence-equivalence, and academic contexts where precision matters.","Avoid ""saclike"" in casual conversation among friends unless you are certain the listener will understand; it can sound pretentious. Also avoid when a simpler synonym suffices.","Academic: In the scholarly article, the author argued that the saclike phenomenon could not be overlooked.","Conversational: Honestly, the saclike behavior of the team has been a major source of tension lately.",GRE: The professor described the ___ as a ___ that ___ the entire field of study. (fill in: saclike)
2086,disbelieving,adjective,denying or questioning the tenets of especially a religion,disbelieve; sceptical; skeptical; discredit; unbelieving,believe,"Use ""disbelieving"" (adjective) when you want to convey denying or questioning the tenets of especially a religion. Appropriate in formal writing, GRE sentence-equivalence, and academic contexts where precision matters.","Avoid ""disbelieving"" in casual conversation among friends unless you are certain the listener will understand; it can sound pretentious. Also avoid when a simpler synonym suffices.",Academic: Contemporary scholars debate whether the disbelieving hypothesis adequately explains the observed data.,Conversational: I told him the disbelieving approach just wouldn't work here — we need to rethink this.,GRE: The committee's decision to ___ was met with both praise and criticism from stakeholders. (fill in: disbelieving)
2087,associate,adjective,having partial rights and privileges or subordinate status,associate degree; link up; relate; colligate; tie in; connect,dissociate,"Use ""associate"" (adjective) when you want to convey having partial rights and privileges or subordinate status. Appropriate in formal writing, GRE sentence-equivalence, and academic contexts where precision matters.","Avoid ""associate"" in casual conversation among friends unless you are certain the listener will understand; it can sound pretentious. Also avoid when a simpler synonym suffices.",Academic: The researcher's findings revealed that the associate effect was statistically significant across all samples.,"Conversational: Honestly, the associate behavior of the team has been a major source of tension lately.",GRE: The professor described the ___ as a ___ that ___ the entire field of study. (fill in: associate)
2088,lionhearted,adjective,extraordinarily courageous,,,"Use ""lionhearted"" (adjective) when you want to convey extraordinarily courageous. Appropriate in formal writing, GRE sentence-equivalence, and academic contexts where precision matters.","Avoid ""lionhearted"" in casual conversation among friends unless you are certain the listener will understand; it can sound pretentious. Also avoid when a simpler synonym suffices.","Academic: In the scholarly article, the author argued that the lionhearted phenomenon could not be overlooked.","Conversational: Honestly, the lionhearted behavior of the team has been a major source of tension lately.",GRE: The professor described the ___ as a ___ that ___ the entire field of study. (fill in: lionhearted)
2089,mismatched,adjective,(of a contest or contestants) not fairly matched as opponents,mismatch; uneven,matched,"Use ""mismatched"" (adjective) when you want to convey (of a contest or contestants) not fairly matched as opponents. Appropriate in formal writing, GRE sentence-equivalence, and academic contexts where precision matters.","Avoid ""mismatched"" in casual conversation among friends unless you are certain the listener will understand; it can sound pretentious. Also avoid when a simpler synonym suffices.",Academic: Contemporary scholars debate whether the mismatched hypothesis adequately explains the observed data.,Conversational: I've noticed the mismatched trend in our office culture and it's starting to concern me.,GRE: The professor described the ___ as a ___ that ___ the entire field of study. (fill in: mismatched)
2090,outlying,adjective,relatively far from a center or middle,,,"Use ""outlying"" (adjective) when you want to convey relatively far from a center or middle. Appropriate in formal writing, GRE sentence-equivalence, and academic contexts where precision matters.","Avoid ""outlying"" in casual conversation among friends unless you are certain the listener will understand; it can sound pretentious. Also avoid when a simpler synonym suffices.","Academic: In the scholarly article, the author argued that the outlying phenomenon could not be overlooked.","Conversational: You know, it's pretty clear that the outlying situation needs our immediate attention.",GRE: The professor described the ___ as a ___ that ___ the entire field of study. (fill in: outlying)
2091,inward-developing,adjective,"toward an axis, as in a sunflower; the oldest flowers are near the edge, the youngest in the center",,,"Use ""inward-developing"" (adjective) when you want to convey toward an axis, as in a sunflower; the oldest flowers are near the edge, the youngest in the center. Appropriate in formal writing, GRE sentence-equivalence, and academic contexts where precision matters.","Avoid ""inward-developing"" in casual conversation among friends unless you are certain the listener will understand; it can sound pretentious. Also avoid when a simpler synonym suffices.",Academic: A key consideration in modern discourse is how the inward-developing principle shapes contemporary policy decisions.,"Conversational: Look, the inward-developing results speak for themselves — we can't ignore them any longer.",GRE: The author's ___ tone contrasted sharply with the ___ underlying message of the passage. (fill in: inward-developing)
2092,suppressed,adjective,kept from public knowledge by various means,subdue; stamp down; suppress; conquer; curb; inhibit,publicized,"Use ""suppressed"" (adjective) when you want to convey kept from public knowledge by various means. Appropriate in formal writing, GRE sentence-equivalence, and academic contexts where precision matters.","Avoid ""suppressed"" in casual conversation among friends unless you are certain the listener will understand; it can sound pretentious. Also avoid when a simpler synonym suffices.",Academic: Contemporary scholars debate whether the suppressed hypothesis adequately explains the observed data.,"Conversational: You know, it's pretty clear that the suppressed situation needs our immediate attention.",GRE: Analysts noted that the company's ___ strategy had ___ results in the last quarter. (fill in: suppressed)
2093,collectible,adjective,subject to or requiring payment especially as specified,payable; collectable,,"Use ""collectible"" (adjective) when you want to convey subject to or requiring payment especially as specified. Appropriate in formal writing, GRE sentence-equivalence, and academic contexts where precision matters.","Avoid ""collectible"" in casual conversation among friends unless you are certain the listener will understand; it can sound pretentious. Also avoid when a simpler synonym suffices.",Academic: The researcher's findings revealed that the collectible effect was statistically significant across all samples.,"Conversational: Honestly, the collectible behavior of the team has been a major source of tension lately.",GRE: The professor described the ___ as a ___ that ___ the entire field of study. (fill in: collectible)
2094,integrative,adjective,tending to consolidate,consolidative,disintegrative,"Use ""integrative"" (adjective) when you want to convey tending to consolidate. Appropriate in formal writing, GRE sentence-equivalence, and academic contexts where precision matters.","Avoid ""integrative"" in casual conversation among friends unless you are certain the listener will understand; it can sound pretentious. Also avoid when a simpler synonym suffices.",Academic: The study concluded that the integrative factor played a decisive role in the experimental outcome.,"Conversational: Look, the integrative results speak for themselves — we can't ignore them any longer.",GRE: The committee's decision to ___ was met with both praise and criticism from stakeholders. (fill in: integrative)
2095,polite,adjective,not rude; marked by satisfactory (or especially minimal) adherence to social usages and sufficient but not noteworthy consideration for others; - W.S. Maugham,cultured; civil; genteel; cultivated; civilized; civilised,uncivil; impolite,"Use ""polite"" (adjective) when you want to convey not rude; marked by satisfactory (or especially minimal) adherence to social usages and sufficient but not noteworthy consideration for others; - w.s. maugham. Appropriate in formal writing, GRE sentence-equivalence, and academic contexts where precision matters.","Avoid ""polite"" in casual conversation among friends unless you are certain the listener will understand; it can sound pretentious. Also avoid when a simpler synonym suffices.",Academic: The researcher's findings revealed that the polite effect was statistically significant across all samples.,"Conversational: Look, the polite results speak for themselves — we can't ignore them any longer.",GRE: Analysts noted that the company's ___ strategy had ___ results in the last quarter. (fill in: polite)
2096,releasing,adjective,emotionally purging (of e.g. art),let go of; liberate; relinquish; unloosen; free; let go,confine; block; hold; freeze,"Use ""releasing"" (adjective) when you want to convey emotionally purging (of e.g. art). Appropriate in formal writing, GRE sentence-equivalence, and academic contexts where precision matters.","Avoid ""releasing"" in casual conversation among friends unless you are certain the listener will understand; it can sound pretentious. Also avoid when a simpler synonym suffices.",Academic: The study concluded that the releasing factor played a decisive role in the experimental outcome.,Conversational: I've noticed the releasing trend in our office culture and it's starting to concern me.,GRE: The professor described the ___ as a ___ that ___ the entire field of study. (fill in: releasing)
2097,flat-bellied,adjective,lacking a prominent belly,bellyless,bellied,"Use ""flat-bellied"" (adjective) when you want to convey lacking a prominent belly. Appropriate in formal writing, GRE sentence-equivalence, and academic contexts where precision matters.","Avoid ""flat-bellied"" in casual conversation among friends unless you are certain the listener will understand; it can sound pretentious. Also avoid when a simpler synonym suffices.",Academic: The study concluded that the flat-bellied factor played a decisive role in the experimental outcome.,"Conversational: Look, the flat-bellied results speak for themselves — we can't ignore them any longer.",GRE: The committee's decision to ___ was met with both praise and criticism from stakeholders. (fill in: flat-bellied)
2098,deliquescent,adjective,(especially of certain salts) becoming liquid by absorbing moisture from the air,,,"Use ""deliquescent"" (adjective) when you want to convey (especially of certain salts) becoming liquid by absorbing moisture from the air. Appropriate in formal writing, GRE sentence-equivalence, and academic contexts where precision matters.","Avoid ""deliquescent"" in casual conversation among friends unless you are certain the listener will understand; it can sound pretentious. Also avoid when a simpler synonym suffices.",Academic: Contemporary scholars debate whether the deliquescent hypothesis adequately explains the observed data.,"Conversational: Honestly, the deliquescent behavior of the team has been a major source of tension lately.",GRE: The author's ___ tone contrasted sharply with the ___ underlying message of the passage. (fill in: deliquescent)
2099,saltlike,adjective,resembling a compound formed by replacing hydrogen in an acid by a metal,,,"Use ""saltlike"" (adjective) when you want to convey resembling a compound formed by replacing hydrogen in an acid by a metal. Appropriate in formal writing, GRE sentence-equivalence, and academic contexts where precision matters.","Avoid ""saltlike"" in casual conversation among friends unless you are certain the listener will understand; it can sound pretentious. Also avoid when a simpler synonym suffices.",Academic: A key consideration in modern discourse is how the saltlike principle shapes contemporary policy decisions.,Conversational: I've noticed the saltlike trend in our office culture and it's starting to concern me.,GRE: The author's ___ tone contrasted sharply with the ___ underlying message of the passage. (fill in: saltlike)
2100,sagittal,adjective,located in a plane that is parallel to the central plane of the sagittal suture,,,"Use ""sagittal"" (adjective) when you want to convey located in a plane that is parallel to the central plane of the sagittal suture. Appropriate in formal writing, GRE sentence-equivalence, and academic contexts where precision matters.","Avoid ""sagittal"" in casual conversation among friends unless you are certain the listener will understand; it can sound pretentious. Also avoid when a simpler synonym suffices.","Academic: In the scholarly article, the author argued that the sagittal phenomenon could not be overlooked.",Conversational: I told him the sagittal approach just wouldn't work here — we need to rethink this.,GRE: The author's ___ tone contrasted sharply with the ___ underlying message of the passage. (fill in: sagittal)
