rank,word,pos,definition,synonyms,antonyms,usage_where,usage_where_not,example_1,example_2,example_3
1501,supersaturated,adjective,being more concentrated than normally possible and therefore not in equilibrium,,,"Use ""supersaturated"" (adjective) when you want to convey being more concentrated than normally possible and therefore not in equilibrium. Appropriate in formal writing, GRE sentence-equivalence, and academic contexts where precision matters.","Avoid ""supersaturated"" in casual conversation among friends unless you are certain the listener will understand; it can sound pretentious. Also avoid when a simpler synonym suffices.",Academic: The researcher's findings revealed that the supersaturated effect was statistically significant across all samples.,Conversational: I've noticed the supersaturated trend in our office culture and it's starting to concern me.,GRE: The committee's decision to ___ was met with both praise and criticism from stakeholders. (fill in: supersaturated)
1502,silver-gray,adjective,of grey resembling silver,silver-grey; silvery-gray; silvery-grey,,"Use ""silver-gray"" (adjective) when you want to convey of grey resembling silver. Appropriate in formal writing, GRE sentence-equivalence, and academic contexts where precision matters.","Avoid ""silver-gray"" in casual conversation among friends unless you are certain the listener will understand; it can sound pretentious. Also avoid when a simpler synonym suffices.",Academic: A key consideration in modern discourse is how the silver-gray principle shapes contemporary policy decisions.,"Conversational: Look, the silver-gray results speak for themselves — we can't ignore them any longer.",GRE: The committee's decision to ___ was met with both praise and criticism from stakeholders. (fill in: silver-gray)
1503,artistic,adjective,satisfying aesthetic standards and sensibilities,aesthetic; esthetic,,"Use ""artistic"" (adjective) when you want to convey satisfying aesthetic standards and sensibilities. Appropriate in formal writing, GRE sentence-equivalence, and academic contexts where precision matters.","Avoid ""artistic"" in casual conversation among friends unless you are certain the listener will understand; it can sound pretentious. Also avoid when a simpler synonym suffices.",Academic: Contemporary scholars debate whether the artistic hypothesis adequately explains the observed data.,Conversational: I've noticed the artistic trend in our office culture and it's starting to concern me.,GRE: Analysts noted that the company's ___ strategy had ___ results in the last quarter. (fill in: artistic)
1504,nettlesome,adjective,causing irritation or annoyance,annoying; pestering; plaguy; teasing; plaguey; bothersome,,"Use ""nettlesome"" (adjective) when you want to convey causing irritation or annoyance. Appropriate in formal writing, GRE sentence-equivalence, and academic contexts where precision matters.","Avoid ""nettlesome"" in casual conversation among friends unless you are certain the listener will understand; it can sound pretentious. Also avoid when a simpler synonym suffices.",Academic: Contemporary scholars debate whether the nettlesome hypothesis adequately explains the observed data.,"Conversational: Look, the nettlesome results speak for themselves — we can't ignore them any longer.",GRE: Analysts noted that the company's ___ strategy had ___ results in the last quarter. (fill in: nettlesome)
1505,tongueless,adjective,expressed without speech; ; ; - Emily Dickinson; ; ; - Thomas Wolfe,wordless; unspoken; mute,tongued,"Use ""tongueless"" (adjective) when you want to convey expressed without speech; ; ; - emily dickinson; ; ; - thomas wolfe. Appropriate in formal writing, GRE sentence-equivalence, and academic contexts where precision matters.","Avoid ""tongueless"" in casual conversation among friends unless you are certain the listener will understand; it can sound pretentious. Also avoid when a simpler synonym suffices.",Academic: Contemporary scholars debate whether the tongueless hypothesis adequately explains the observed data.,"Conversational: Honestly, the tongueless behavior of the team has been a major source of tension lately.",GRE: The committee's decision to ___ was met with both praise and criticism from stakeholders. (fill in: tongueless)
1506,boiled,adjective,cooked in hot water,churn; seethe; boil; roil; stewed; moil,freeze,"Use ""boiled"" (adjective) when you want to convey cooked in hot water. Appropriate in formal writing, GRE sentence-equivalence, and academic contexts where precision matters.","Avoid ""boiled"" in casual conversation among friends unless you are certain the listener will understand; it can sound pretentious. Also avoid when a simpler synonym suffices.",Academic: The study concluded that the boiled factor played a decisive role in the experimental outcome.,"Conversational: Look, the boiled results speak for themselves — we can't ignore them any longer.","GRE: Despite the ___ nature of the evidence, the researchers remained ___ about their conclusions. (fill in: boiled)"
1507,slavish,adjective,abjectly submissive; characteristic of a slave or servant; ; - S.H.Adams,subservient; submissive,,"Use ""slavish"" (adjective) when you want to convey abjectly submissive; characteristic of a slave or servant; ; - s.h.adams. Appropriate in formal writing, GRE sentence-equivalence, and academic contexts where precision matters.","Avoid ""slavish"" in casual conversation among friends unless you are certain the listener will understand; it can sound pretentious. Also avoid when a simpler synonym suffices.",Academic: A key consideration in modern discourse is how the slavish principle shapes contemporary policy decisions.,Conversational: I've noticed the slavish trend in our office culture and it's starting to concern me.,GRE: The committee's decision to ___ was met with both praise and criticism from stakeholders. (fill in: slavish)
1508,disfigured,adjective,having the appearance spoiled,deface; disfigure; blemish,,"Use ""disfigured"" (adjective) when you want to convey having the appearance spoiled. Appropriate in formal writing, GRE sentence-equivalence, and academic contexts where precision matters.","Avoid ""disfigured"" in casual conversation among friends unless you are certain the listener will understand; it can sound pretentious. Also avoid when a simpler synonym suffices.","Academic: In the scholarly article, the author argued that the disfigured phenomenon could not be overlooked.","Conversational: Honestly, the disfigured behavior of the team has been a major source of tension lately.",GRE: Analysts noted that the company's ___ strategy had ___ results in the last quarter. (fill in: disfigured)
1509,acquisitive,adjective,eager to acquire and possess things especially material possessions or ideas,,unacquisitive,"Use ""acquisitive"" (adjective) when you want to convey eager to acquire and possess things especially material possessions or ideas. Appropriate in formal writing, GRE sentence-equivalence, and academic contexts where precision matters.","Avoid ""acquisitive"" in casual conversation among friends unless you are certain the listener will understand; it can sound pretentious. Also avoid when a simpler synonym suffices.",Academic: Contemporary scholars debate whether the acquisitive hypothesis adequately explains the observed data.,"Conversational: Look, the acquisitive results speak for themselves — we can't ignore them any longer.",GRE: Analysts noted that the company's ___ strategy had ___ results in the last quarter. (fill in: acquisitive)
1510,stained,adjective,marked or dyed or discolored with foreign matter,varnished; sully; tarnish; defile; maculate; stain,unstained,"Use ""stained"" (adjective) when you want to convey marked or dyed or discolored with foreign matter. Appropriate in formal writing, GRE sentence-equivalence, and academic contexts where precision matters.","Avoid ""stained"" in casual conversation among friends unless you are certain the listener will understand; it can sound pretentious. Also avoid when a simpler synonym suffices.",Academic: A key consideration in modern discourse is how the stained principle shapes contemporary policy decisions.,Conversational: I've noticed the stained trend in our office culture and it's starting to concern me.,GRE: The author's ___ tone contrasted sharply with the ___ underlying message of the passage. (fill in: stained)
1511,unshadowed,adjective,not darkened or obscured by shadow; - Vilhjalmur Stefansson,,,"Use ""unshadowed"" (adjective) when you want to convey not darkened or obscured by shadow; - vilhjalmur stefansson. Appropriate in formal writing, GRE sentence-equivalence, and academic contexts where precision matters.","Avoid ""unshadowed"" in casual conversation among friends unless you are certain the listener will understand; it can sound pretentious. Also avoid when a simpler synonym suffices.",Academic: Contemporary scholars debate whether the unshadowed hypothesis adequately explains the observed data.,Conversational: I told him the unshadowed approach just wouldn't work here — we need to rethink this.,GRE: Analysts noted that the company's ___ strategy had ___ results in the last quarter. (fill in: unshadowed)
1512,overvaliant,adjective,having or showing undue valor or boldness,,,"Use ""overvaliant"" (adjective) when you want to convey having or showing undue valor or boldness. Appropriate in formal writing, GRE sentence-equivalence, and academic contexts where precision matters.","Avoid ""overvaliant"" in casual conversation among friends unless you are certain the listener will understand; it can sound pretentious. Also avoid when a simpler synonym suffices.",Academic: A key consideration in modern discourse is how the overvaliant principle shapes contemporary policy decisions.,"Conversational: Look, the overvaliant results speak for themselves — we can't ignore them any longer.",GRE: Analysts noted that the company's ___ strategy had ___ results in the last quarter. (fill in: overvaliant)
1513,shuddery,adjective,provoking fear terror,scary; chilling; shivery; scarey,,"Use ""shuddery"" (adjective) when you want to convey provoking fear terror. Appropriate in formal writing, GRE sentence-equivalence, and academic contexts where precision matters.","Avoid ""shuddery"" in casual conversation among friends unless you are certain the listener will understand; it can sound pretentious. Also avoid when a simpler synonym suffices.","Academic: In the scholarly article, the author argued that the shuddery phenomenon could not be overlooked.",Conversational: I told him the shuddery approach just wouldn't work here — we need to rethink this.,GRE: Analysts noted that the company's ___ strategy had ___ results in the last quarter. (fill in: shuddery)
1514,unreported,adjective,not reported,,reported,"Use ""unreported"" (adjective) when you want to convey not reported. Appropriate in formal writing, GRE sentence-equivalence, and academic contexts where precision matters.","Avoid ""unreported"" in casual conversation among friends unless you are certain the listener will understand; it can sound pretentious. Also avoid when a simpler synonym suffices.",Academic: Contemporary scholars debate whether the unreported hypothesis adequately explains the observed data.,"Conversational: You know, it's pretty clear that the unreported situation needs our immediate attention.","GRE: Despite the ___ nature of the evidence, the researchers remained ___ about their conclusions. (fill in: unreported)"
1515,crimson,adjective,of a color at the end of the color spectrum (next to orange); resembling the color of blood or cherries or tomatoes or rubies,blush; flush; cherry; cerise; deep red; cherry-red,,"Use ""crimson"" (adjective) when you want to convey of a color at the end of the color spectrum (next to orange); resembling the color of blood or cherries or tomatoes or rubies. Appropriate in formal writing, GRE sentence-equivalence, and academic contexts where precision matters.","Avoid ""crimson"" in casual conversation among friends unless you are certain the listener will understand; it can sound pretentious. Also avoid when a simpler synonym suffices.","Academic: In the scholarly article, the author argued that the crimson phenomenon could not be overlooked.","Conversational: Look, the crimson results speak for themselves — we can't ignore them any longer.",GRE: The professor described the ___ as a ___ that ___ the entire field of study. (fill in: crimson)
1516,philosophical,adjective,characterized by the attitude of a philosopher; meeting trouble with level-headed detachment,philosophic,,"Use ""philosophical"" (adjective) when you want to convey characterized by the attitude of a philosopher; meeting trouble with level-headed detachment. Appropriate in formal writing, GRE sentence-equivalence, and academic contexts where precision matters.","Avoid ""philosophical"" in casual conversation among friends unless you are certain the listener will understand; it can sound pretentious. Also avoid when a simpler synonym suffices.",Academic: Contemporary scholars debate whether the philosophical hypothesis adequately explains the observed data.,"Conversational: Honestly, the philosophical behavior of the team has been a major source of tension lately.",GRE: Analysts noted that the company's ___ strategy had ___ results in the last quarter. (fill in: philosophical)
1517,eyes-only,adjective,official classification for documents; meant to be seen by only the person to whom it is directed,,,"Use ""eyes-only"" (adjective) when you want to convey official classification for documents; meant to be seen by only the person to whom it is directed. Appropriate in formal writing, GRE sentence-equivalence, and academic contexts where precision matters.","Avoid ""eyes-only"" in casual conversation among friends unless you are certain the listener will understand; it can sound pretentious. Also avoid when a simpler synonym suffices.",Academic: The researcher's findings revealed that the eyes-only effect was statistically significant across all samples.,Conversational: I've noticed the eyes-only trend in our office culture and it's starting to concern me.,GRE: The professor described the ___ as a ___ that ___ the entire field of study. (fill in: eyes-only)
1518,symmetrical,adjective,exhibiting equivalence or correspondence among constituents of an entity or between different entities,harmonious; symmetric; proportionate,asymmetrical,"Use ""symmetrical"" (adjective) when you want to convey exhibiting equivalence or correspondence among constituents of an entity or between different entities. Appropriate in formal writing, GRE sentence-equivalence, and academic contexts where precision matters.","Avoid ""symmetrical"" in casual conversation among friends unless you are certain the listener will understand; it can sound pretentious. Also avoid when a simpler synonym suffices.","Academic: In the scholarly article, the author argued that the symmetrical phenomenon could not be overlooked.","Conversational: Honestly, the symmetrical behavior of the team has been a major source of tension lately.","GRE: Despite the ___ nature of the evidence, the researchers remained ___ about their conclusions. (fill in: symmetrical)"
1519,unpriestly,adjective,not priestly; unbefitting a priest,,priestly,"Use ""unpriestly"" (adjective) when you want to convey not priestly; unbefitting a priest. Appropriate in formal writing, GRE sentence-equivalence, and academic contexts where precision matters.","Avoid ""unpriestly"" in casual conversation among friends unless you are certain the listener will understand; it can sound pretentious. Also avoid when a simpler synonym suffices.",Academic: The researcher's findings revealed that the unpriestly effect was statistically significant across all samples.,"Conversational: You know, it's pretty clear that the unpriestly situation needs our immediate attention.",GRE: Analysts noted that the company's ___ strategy had ___ results in the last quarter. (fill in: unpriestly)
1520,mathematical,adjective,characterized by the exactness or precision of mathematics,numerical,verbal,"Use ""mathematical"" (adjective) when you want to convey characterized by the exactness or precision of mathematics. Appropriate in formal writing, GRE sentence-equivalence, and academic contexts where precision matters.","Avoid ""mathematical"" in casual conversation among friends unless you are certain the listener will understand; it can sound pretentious. Also avoid when a simpler synonym suffices.",Academic: A key consideration in modern discourse is how the mathematical principle shapes contemporary policy decisions.,Conversational: I've noticed the mathematical trend in our office culture and it's starting to concern me.,GRE: The committee's decision to ___ was met with both praise and criticism from stakeholders. (fill in: mathematical)
1521,expandable,adjective,(of gases) capable of expansion,expandible; expansible; expansile,,"Use ""expandable"" (adjective) when you want to convey (of gases) capable of expansion. Appropriate in formal writing, GRE sentence-equivalence, and academic contexts where precision matters.","Avoid ""expandable"" in casual conversation among friends unless you are certain the listener will understand; it can sound pretentious. Also avoid when a simpler synonym suffices.",Academic: Contemporary scholars debate whether the expandable hypothesis adequately explains the observed data.,"Conversational: Honestly, the expandable behavior of the team has been a major source of tension lately.","GRE: Despite the ___ nature of the evidence, the researchers remained ___ about their conclusions. (fill in: expandable)"
1522,orange-brown,adjective,of brown tinged with orange,,,"Use ""orange-brown"" (adjective) when you want to convey of brown tinged with orange. Appropriate in formal writing, GRE sentence-equivalence, and academic contexts where precision matters.","Avoid ""orange-brown"" in casual conversation among friends unless you are certain the listener will understand; it can sound pretentious. Also avoid when a simpler synonym suffices.",Academic: Contemporary scholars debate whether the orange-brown hypothesis adequately explains the observed data.,Conversational: I've noticed the orange-brown trend in our office culture and it's starting to concern me.,GRE: The professor described the ___ as a ___ that ___ the entire field of study. (fill in: orange-brown)
1523,coherent,adjective,sticking together,tenacious; consistent; lucid; logical; ordered,incoherent,"Use ""coherent"" (adjective) when you want to convey sticking together. Appropriate in formal writing, GRE sentence-equivalence, and academic contexts where precision matters.","Avoid ""coherent"" in casual conversation among friends unless you are certain the listener will understand; it can sound pretentious. Also avoid when a simpler synonym suffices.","Academic: In the scholarly article, the author argued that the coherent phenomenon could not be overlooked.","Conversational: Honestly, the coherent behavior of the team has been a major source of tension lately.",GRE: The author's ___ tone contrasted sharply with the ___ underlying message of the passage. (fill in: coherent)
1524,dulled,adjective,made dull or blunt,dull; mute; tone down; muffle; dampen; damp,sharpen,"Use ""dulled"" (adjective) when you want to convey made dull or blunt. Appropriate in formal writing, GRE sentence-equivalence, and academic contexts where precision matters.","Avoid ""dulled"" in casual conversation among friends unless you are certain the listener will understand; it can sound pretentious. Also avoid when a simpler synonym suffices.",Academic: The researcher's findings revealed that the dulled effect was statistically significant across all samples.,Conversational: I told him the dulled approach just wouldn't work here — we need to rethink this.,GRE: The author's ___ tone contrasted sharply with the ___ underlying message of the passage. (fill in: dulled)
1525,emerging,adjective,coming into existence,emerge; come forth; egress; come out; issue; go forth,,"Use ""emerging"" (adjective) when you want to convey coming into existence. Appropriate in formal writing, GRE sentence-equivalence, and academic contexts where precision matters.","Avoid ""emerging"" in casual conversation among friends unless you are certain the listener will understand; it can sound pretentious. Also avoid when a simpler synonym suffices.","Academic: In the scholarly article, the author argued that the emerging phenomenon could not be overlooked.",Conversational: I've noticed the emerging trend in our office culture and it's starting to concern me.,GRE: Analysts noted that the company's ___ strategy had ___ results in the last quarter. (fill in: emerging)
1526,rambling,adjective,of a path e.g.,jog; roam; wander; cast; drift; stray,,"Use ""rambling"" (adjective) when you want to convey of a path e.g.. Appropriate in formal writing, GRE sentence-equivalence, and academic contexts where precision matters.","Avoid ""rambling"" in casual conversation among friends unless you are certain the listener will understand; it can sound pretentious. Also avoid when a simpler synonym suffices.",Academic: The study concluded that the rambling factor played a decisive role in the experimental outcome.,Conversational: I've noticed the rambling trend in our office culture and it's starting to concern me.,GRE: The author's ___ tone contrasted sharply with the ___ underlying message of the passage. (fill in: rambling)
1527,in-your-face,adjective,blatantly aggressive,,,"Use ""in-your-face"" (adjective) when you want to convey blatantly aggressive. Appropriate in formal writing, GRE sentence-equivalence, and academic contexts where precision matters.","Avoid ""in-your-face"" in casual conversation among friends unless you are certain the listener will understand; it can sound pretentious. Also avoid when a simpler synonym suffices.",Academic: The study concluded that the in-your-face factor played a decisive role in the experimental outcome.,"Conversational: You know, it's pretty clear that the in-your-face situation needs our immediate attention.",GRE: The professor described the ___ as a ___ that ___ the entire field of study. (fill in: in-your-face)
1528,entitled,adjective,qualified for by right according to law,gentle; entitle; title; ennoble,,"Use ""entitled"" (adjective) when you want to convey qualified for by right according to law. Appropriate in formal writing, GRE sentence-equivalence, and academic contexts where precision matters.","Avoid ""entitled"" in casual conversation among friends unless you are certain the listener will understand; it can sound pretentious. Also avoid when a simpler synonym suffices.",Academic: The researcher's findings revealed that the entitled effect was statistically significant across all samples.,Conversational: I told him the entitled approach just wouldn't work here — we need to rethink this.,GRE: The professor described the ___ as a ___ that ___ the entire field of study. (fill in: entitled)
1529,nonverbal,adjective,lacking verbal skill,gestural,,"Use ""nonverbal"" (adjective) when you want to convey lacking verbal skill. Appropriate in formal writing, GRE sentence-equivalence, and academic contexts where precision matters.","Avoid ""nonverbal"" in casual conversation among friends unless you are certain the listener will understand; it can sound pretentious. Also avoid when a simpler synonym suffices.",Academic: A key consideration in modern discourse is how the nonverbal principle shapes contemporary policy decisions.,"Conversational: Honestly, the nonverbal behavior of the team has been a major source of tension lately.",GRE: The professor described the ___ as a ___ that ___ the entire field of study. (fill in: nonverbal)
1530,clayey,adjective,(used of soil) compact and fine-grained,argillaceous; heavy; cloggy,arenaceous,"Use ""clayey"" (adjective) when you want to convey (used of soil) compact and fine-grained. Appropriate in formal writing, GRE sentence-equivalence, and academic contexts where precision matters.","Avoid ""clayey"" in casual conversation among friends unless you are certain the listener will understand; it can sound pretentious. Also avoid when a simpler synonym suffices.",Academic: The researcher's findings revealed that the clayey effect was statistically significant across all samples.,Conversational: I've noticed the clayey trend in our office culture and it's starting to concern me.,GRE: The author's ___ tone contrasted sharply with the ___ underlying message of the passage. (fill in: clayey)
1531,engaged,adjective,having services contracted for,prosecute; pursue; absorb; occupy; engross; engage,fire; disengage,"Use ""engaged"" (adjective) when you want to convey having services contracted for. Appropriate in formal writing, GRE sentence-equivalence, and academic contexts where precision matters.","Avoid ""engaged"" in casual conversation among friends unless you are certain the listener will understand; it can sound pretentious. Also avoid when a simpler synonym suffices.",Academic: The study concluded that the engaged factor played a decisive role in the experimental outcome.,Conversational: I've noticed the engaged trend in our office culture and it's starting to concern me.,GRE: The committee's decision to ___ was met with both praise and criticism from stakeholders. (fill in: engaged)
1532,adscititious,adjective,supplemental; not part of the real or essential nature of a thing,,,"Use ""adscititious"" (adjective) when you want to convey supplemental; not part of the real or essential nature of a thing. Appropriate in formal writing, GRE sentence-equivalence, and academic contexts where precision matters.","Avoid ""adscititious"" in casual conversation among friends unless you are certain the listener will understand; it can sound pretentious. Also avoid when a simpler synonym suffices.","Academic: In the scholarly article, the author argued that the adscititious phenomenon could not be overlooked.","Conversational: Honestly, the adscititious behavior of the team has been a major source of tension lately.","GRE: Despite the ___ nature of the evidence, the researchers remained ___ about their conclusions. (fill in: adscititious)"
1533,sloppy,adjective,marked by great carelessness,marshy; muddy; mucky; miry; soggy; squashy,,"Use ""sloppy"" (adjective) when you want to convey marked by great carelessness. Appropriate in formal writing, GRE sentence-equivalence, and academic contexts where precision matters.","Avoid ""sloppy"" in casual conversation among friends unless you are certain the listener will understand; it can sound pretentious. Also avoid when a simpler synonym suffices.",Academic: The researcher's findings revealed that the sloppy effect was statistically significant across all samples.,Conversational: I've noticed the sloppy trend in our office culture and it's starting to concern me.,GRE: The author's ___ tone contrasted sharply with the ___ underlying message of the passage. (fill in: sloppy)
1534,razor-sharp,adjective,as sharp as a razor,,,"Use ""razor-sharp"" (adjective) when you want to convey as sharp as a razor. Appropriate in formal writing, GRE sentence-equivalence, and academic contexts where precision matters.","Avoid ""razor-sharp"" in casual conversation among friends unless you are certain the listener will understand; it can sound pretentious. Also avoid when a simpler synonym suffices.",Academic: The researcher's findings revealed that the razor-sharp effect was statistically significant across all samples.,"Conversational: You know, it's pretty clear that the razor-sharp situation needs our immediate attention.",GRE: The professor described the ___ as a ___ that ___ the entire field of study. (fill in: razor-sharp)
1535,luminescent,adjective,emitting light not caused by heat,,,"Use ""luminescent"" (adjective) when you want to convey emitting light not caused by heat. Appropriate in formal writing, GRE sentence-equivalence, and academic contexts where precision matters.","Avoid ""luminescent"" in casual conversation among friends unless you are certain the listener will understand; it can sound pretentious. Also avoid when a simpler synonym suffices.",Academic: The study concluded that the luminescent factor played a decisive role in the experimental outcome.,"Conversational: You know, it's pretty clear that the luminescent situation needs our immediate attention.","GRE: Despite the ___ nature of the evidence, the researchers remained ___ about their conclusions. (fill in: luminescent)"
1536,reconstructed,adjective,adapted to social or economic change,retrace; remodel; rebuild; redo; construct; restore,unreconstructed,"Use ""reconstructed"" (adjective) when you want to convey adapted to social or economic change. Appropriate in formal writing, GRE sentence-equivalence, and academic contexts where precision matters.","Avoid ""reconstructed"" in casual conversation among friends unless you are certain the listener will understand; it can sound pretentious. Also avoid when a simpler synonym suffices.",Academic: A key consideration in modern discourse is how the reconstructed principle shapes contemporary policy decisions.,Conversational: I've noticed the reconstructed trend in our office culture and it's starting to concern me.,GRE: The professor described the ___ as a ___ that ___ the entire field of study. (fill in: reconstructed)
1537,semiliterate,adjective,literate but poorly informed,,,"Use ""semiliterate"" (adjective) when you want to convey literate but poorly informed. Appropriate in formal writing, GRE sentence-equivalence, and academic contexts where precision matters.","Avoid ""semiliterate"" in casual conversation among friends unless you are certain the listener will understand; it can sound pretentious. Also avoid when a simpler synonym suffices.","Academic: In the scholarly article, the author argued that the semiliterate phenomenon could not be overlooked.",Conversational: I've noticed the semiliterate trend in our office culture and it's starting to concern me.,GRE: The professor described the ___ as a ___ that ___ the entire field of study. (fill in: semiliterate)
1538,purple-tinged,adjective,of a color tinged with purple,purple-tinted,,"Use ""purple-tinged"" (adjective) when you want to convey of a color tinged with purple. Appropriate in formal writing, GRE sentence-equivalence, and academic contexts where precision matters.","Avoid ""purple-tinged"" in casual conversation among friends unless you are certain the listener will understand; it can sound pretentious. Also avoid when a simpler synonym suffices.",Academic: Contemporary scholars debate whether the purple-tinged hypothesis adequately explains the observed data.,Conversational: I've noticed the purple-tinged trend in our office culture and it's starting to concern me.,"GRE: Despite the ___ nature of the evidence, the researchers remained ___ about their conclusions. (fill in: purple-tinged)"
1539,ameliorating,adjective,tending to ameliorate,improve; ameliorate; meliorate; better; meliorative; amend,worsen,"Use ""ameliorating"" (adjective) when you want to convey tending to ameliorate. Appropriate in formal writing, GRE sentence-equivalence, and academic contexts where precision matters.","Avoid ""ameliorating"" in casual conversation among friends unless you are certain the listener will understand; it can sound pretentious. Also avoid when a simpler synonym suffices.",Academic: The study concluded that the ameliorating factor played a decisive role in the experimental outcome.,"Conversational: You know, it's pretty clear that the ameliorating situation needs our immediate attention.",GRE: The professor described the ___ as a ___ that ___ the entire field of study. (fill in: ameliorating)
1540,oxford-grey,adjective,of a dark shade of grey,dark-gray; oxford-gray; dark-grey,,"Use ""oxford-grey"" (adjective) when you want to convey of a dark shade of grey. Appropriate in formal writing, GRE sentence-equivalence, and academic contexts where precision matters.","Avoid ""oxford-grey"" in casual conversation among friends unless you are certain the listener will understand; it can sound pretentious. Also avoid when a simpler synonym suffices.",Academic: The researcher's findings revealed that the oxford-grey effect was statistically significant across all samples.,"Conversational: Honestly, the oxford-grey behavior of the team has been a major source of tension lately.",GRE: The author's ___ tone contrasted sharply with the ___ underlying message of the passage. (fill in: oxford-grey)
1541,capricious,adjective,determined by chance or impulse or whim rather than by necessity or reason,whimsical; freakish; impulsive,,"Use ""capricious"" (adjective) when you want to convey determined by chance or impulse or whim rather than by necessity or reason. Appropriate in formal writing, GRE sentence-equivalence, and academic contexts where precision matters.","Avoid ""capricious"" in casual conversation among friends unless you are certain the listener will understand; it can sound pretentious. Also avoid when a simpler synonym suffices.","Academic: In the scholarly article, the author argued that the capricious phenomenon could not be overlooked.","Conversational: You know, it's pretty clear that the capricious situation needs our immediate attention.",GRE: Analysts noted that the company's ___ strategy had ___ results in the last quarter. (fill in: capricious)
1542,asserting,adjective,relating to the use of or having the nature of a declaration,affirm; aver; assert; verify; asseverate; swear,interrogative; interrogatory,"Use ""asserting"" (adjective) when you want to convey relating to the use of or having the nature of a declaration. Appropriate in formal writing, GRE sentence-equivalence, and academic contexts where precision matters.","Avoid ""asserting"" in casual conversation among friends unless you are certain the listener will understand; it can sound pretentious. Also avoid when a simpler synonym suffices.",Academic: Contemporary scholars debate whether the asserting hypothesis adequately explains the observed data.,Conversational: I've noticed the asserting trend in our office culture and it's starting to concern me.,GRE: The committee's decision to ___ was met with both praise and criticism from stakeholders. (fill in: asserting)
1543,rallying,adjective,rousing or recalling to unity and renewed effort,beat up; rally; mobilize; drum up; mobilise; call up,demobilize,"Use ""rallying"" (adjective) when you want to convey rousing or recalling to unity and renewed effort. Appropriate in formal writing, GRE sentence-equivalence, and academic contexts where precision matters.","Avoid ""rallying"" in casual conversation among friends unless you are certain the listener will understand; it can sound pretentious. Also avoid when a simpler synonym suffices.","Academic: In the scholarly article, the author argued that the rallying phenomenon could not be overlooked.",Conversational: I told him the rallying approach just wouldn't work here — we need to rethink this.,GRE: Analysts noted that the company's ___ strategy had ___ results in the last quarter. (fill in: rallying)
1544,cleavable,adjective,capable of being cleaved,,,"Use ""cleavable"" (adjective) when you want to convey capable of being cleaved. Appropriate in formal writing, GRE sentence-equivalence, and academic contexts where precision matters.","Avoid ""cleavable"" in casual conversation among friends unless you are certain the listener will understand; it can sound pretentious. Also avoid when a simpler synonym suffices.",Academic: The study concluded that the cleavable factor played a decisive role in the experimental outcome.,"Conversational: You know, it's pretty clear that the cleavable situation needs our immediate attention.",GRE: Analysts noted that the company's ___ strategy had ___ results in the last quarter. (fill in: cleavable)
1545,toasted,adjective,browned over by exposure to heat,wassail; salute; toast; crisp; drink; crispen,,"Use ""toasted"" (adjective) when you want to convey browned over by exposure to heat. Appropriate in formal writing, GRE sentence-equivalence, and academic contexts where precision matters.","Avoid ""toasted"" in casual conversation among friends unless you are certain the listener will understand; it can sound pretentious. Also avoid when a simpler synonym suffices.",Academic: Contemporary scholars debate whether the toasted hypothesis adequately explains the observed data.,"Conversational: Look, the toasted results speak for themselves — we can't ignore them any longer.",GRE: The committee's decision to ___ was met with both praise and criticism from stakeholders. (fill in: toasted)
1546,emergent,adjective,coming into existence,emerging,,"Use ""emergent"" (adjective) when you want to convey coming into existence. Appropriate in formal writing, GRE sentence-equivalence, and academic contexts where precision matters.","Avoid ""emergent"" in casual conversation among friends unless you are certain the listener will understand; it can sound pretentious. Also avoid when a simpler synonym suffices.",Academic: The researcher's findings revealed that the emergent effect was statistically significant across all samples.,"Conversational: You know, it's pretty clear that the emergent situation needs our immediate attention.","GRE: Despite the ___ nature of the evidence, the researchers remained ___ about their conclusions. (fill in: emergent)"
1547,waist-length,adjective,(of clothing) extending only to the waist,,,"Use ""waist-length"" (adjective) when you want to convey (of clothing) extending only to the waist. Appropriate in formal writing, GRE sentence-equivalence, and academic contexts where precision matters.","Avoid ""waist-length"" in casual conversation among friends unless you are certain the listener will understand; it can sound pretentious. Also avoid when a simpler synonym suffices.",Academic: A key consideration in modern discourse is how the waist-length principle shapes contemporary policy decisions.,"Conversational: You know, it's pretty clear that the waist-length situation needs our immediate attention.",GRE: The committee's decision to ___ was met with both praise and criticism from stakeholders. (fill in: waist-length)
1548,glooming,adjective,depressingly dark,sulky; gloomy; gloomful,,"Use ""glooming"" (adjective) when you want to convey depressingly dark. Appropriate in formal writing, GRE sentence-equivalence, and academic contexts where precision matters.","Avoid ""glooming"" in casual conversation among friends unless you are certain the listener will understand; it can sound pretentious. Also avoid when a simpler synonym suffices.","Academic: In the scholarly article, the author argued that the glooming phenomenon could not be overlooked.","Conversational: You know, it's pretty clear that the glooming situation needs our immediate attention.",GRE: Analysts noted that the company's ___ strategy had ___ results in the last quarter. (fill in: glooming)
1549,disjoined,adjective,have the connection undone; having become separate,disjoin; disjoint; separate,join,"Use ""disjoined"" (adjective) when you want to convey have the connection undone; having become separate. Appropriate in formal writing, GRE sentence-equivalence, and academic contexts where precision matters.","Avoid ""disjoined"" in casual conversation among friends unless you are certain the listener will understand; it can sound pretentious. Also avoid when a simpler synonym suffices.",Academic: A key consideration in modern discourse is how the disjoined principle shapes contemporary policy decisions.,Conversational: I've noticed the disjoined trend in our office culture and it's starting to concern me.,GRE: The committee's decision to ___ was met with both praise and criticism from stakeholders. (fill in: disjoined)
1550,piercing,adjective,painful as if caused by a sharp instrument,discriminating; pierce; penetrative; thrust; acute; penetrating,,"Use ""piercing"" (adjective) when you want to convey painful as if caused by a sharp instrument. Appropriate in formal writing, GRE sentence-equivalence, and academic contexts where precision matters.","Avoid ""piercing"" in casual conversation among friends unless you are certain the listener will understand; it can sound pretentious. Also avoid when a simpler synonym suffices.",Academic: Contemporary scholars debate whether the piercing hypothesis adequately explains the observed data.,Conversational: I told him the piercing approach just wouldn't work here — we need to rethink this.,GRE: The professor described the ___ as a ___ that ___ the entire field of study. (fill in: piercing)
1551,uttermost,adjective,(comparatives of `far') most remote in space or time or order,utmost; farthermost; furthermost; maximum; extreme; farthest,,"Use ""uttermost"" (adjective) when you want to convey (comparatives of `far') most remote in space or time or order. Appropriate in formal writing, GRE sentence-equivalence, and academic contexts where precision matters.","Avoid ""uttermost"" in casual conversation among friends unless you are certain the listener will understand; it can sound pretentious. Also avoid when a simpler synonym suffices.",Academic: The study concluded that the uttermost factor played a decisive role in the experimental outcome.,"Conversational: Look, the uttermost results speak for themselves — we can't ignore them any longer.","GRE: Despite the ___ nature of the evidence, the researchers remained ___ about their conclusions. (fill in: uttermost)"
1552,aquatic,adjective,operating or living or growing in water,,terrestrial; amphibious,"Use ""aquatic"" (adjective) when you want to convey operating or living or growing in water. Appropriate in formal writing, GRE sentence-equivalence, and academic contexts where precision matters.","Avoid ""aquatic"" in casual conversation among friends unless you are certain the listener will understand; it can sound pretentious. Also avoid when a simpler synonym suffices.",Academic: The study concluded that the aquatic factor played a decisive role in the experimental outcome.,"Conversational: Look, the aquatic results speak for themselves — we can't ignore them any longer.",GRE: The professor described the ___ as a ___ that ___ the entire field of study. (fill in: aquatic)
1553,pockmarked,adjective,marked by or as if by smallpox or acne or other eruptive skin disease,pockmark; pocked; potholed,,"Use ""pockmarked"" (adjective) when you want to convey marked by or as if by smallpox or acne or other eruptive skin disease. Appropriate in formal writing, GRE sentence-equivalence, and academic contexts where precision matters.","Avoid ""pockmarked"" in casual conversation among friends unless you are certain the listener will understand; it can sound pretentious. Also avoid when a simpler synonym suffices.","Academic: In the scholarly article, the author argued that the pockmarked phenomenon could not be overlooked.","Conversational: Look, the pockmarked results speak for themselves — we can't ignore them any longer.",GRE: The committee's decision to ___ was met with both praise and criticism from stakeholders. (fill in: pockmarked)
1554,glamorous,adjective,"having an air of allure, romance and excitement",glamourous,,"Use ""glamorous"" (adjective) when you want to convey having an air of allure, romance and excitement. Appropriate in formal writing, GRE sentence-equivalence, and academic contexts where precision matters.","Avoid ""glamorous"" in casual conversation among friends unless you are certain the listener will understand; it can sound pretentious. Also avoid when a simpler synonym suffices.",Academic: Contemporary scholars debate whether the glamorous hypothesis adequately explains the observed data.,"Conversational: You know, it's pretty clear that the glamorous situation needs our immediate attention.",GRE: The author's ___ tone contrasted sharply with the ___ underlying message of the passage. (fill in: glamorous)
1555,maudlin,adjective,effusively or insincerely emotional,slushy; schmaltzy; drippy; soupy; mushy; hokey,,"Use ""maudlin"" (adjective) when you want to convey effusively or insincerely emotional. Appropriate in formal writing, GRE sentence-equivalence, and academic contexts where precision matters.","Avoid ""maudlin"" in casual conversation among friends unless you are certain the listener will understand; it can sound pretentious. Also avoid when a simpler synonym suffices.","Academic: In the scholarly article, the author argued that the maudlin phenomenon could not be overlooked.",Conversational: I've noticed the maudlin trend in our office culture and it's starting to concern me.,GRE: The committee's decision to ___ was met with both praise and criticism from stakeholders. (fill in: maudlin)
1556,precative,adjective,expressing entreaty or supplication,precatory,,"Use ""precative"" (adjective) when you want to convey expressing entreaty or supplication. Appropriate in formal writing, GRE sentence-equivalence, and academic contexts where precision matters.","Avoid ""precative"" in casual conversation among friends unless you are certain the listener will understand; it can sound pretentious. Also avoid when a simpler synonym suffices.","Academic: In the scholarly article, the author argued that the precative phenomenon could not be overlooked.","Conversational: Honestly, the precative behavior of the team has been a major source of tension lately.",GRE: The author's ___ tone contrasted sharply with the ___ underlying message of the passage. (fill in: precative)
1557,adversative,adjective,expressing antithesis or opposition,oppositive,,"Use ""adversative"" (adjective) when you want to convey expressing antithesis or opposition. Appropriate in formal writing, GRE sentence-equivalence, and academic contexts where precision matters.","Avoid ""adversative"" in casual conversation among friends unless you are certain the listener will understand; it can sound pretentious. Also avoid when a simpler synonym suffices.","Academic: In the scholarly article, the author argued that the adversative phenomenon could not be overlooked.","Conversational: Honestly, the adversative behavior of the team has been a major source of tension lately.",GRE: The professor described the ___ as a ___ that ___ the entire field of study. (fill in: adversative)
1558,philosophic,adjective,characterized by the attitude of a philosopher; meeting trouble with level-headed detachment,philosophical,,"Use ""philosophic"" (adjective) when you want to convey characterized by the attitude of a philosopher; meeting trouble with level-headed detachment. Appropriate in formal writing, GRE sentence-equivalence, and academic contexts where precision matters.","Avoid ""philosophic"" in casual conversation among friends unless you are certain the listener will understand; it can sound pretentious. Also avoid when a simpler synonym suffices.",Academic: Contemporary scholars debate whether the philosophic hypothesis adequately explains the observed data.,"Conversational: You know, it's pretty clear that the philosophic situation needs our immediate attention.",GRE: The professor described the ___ as a ___ that ___ the entire field of study. (fill in: philosophic)
1559,additive,adjective,characterized or produced by addition,linear,nonlinear; subtractive,"Use ""additive"" (adjective) when you want to convey characterized or produced by addition. Appropriate in formal writing, GRE sentence-equivalence, and academic contexts where precision matters.","Avoid ""additive"" in casual conversation among friends unless you are certain the listener will understand; it can sound pretentious. Also avoid when a simpler synonym suffices.",Academic: The study concluded that the additive factor played a decisive role in the experimental outcome.,"Conversational: Look, the additive results speak for themselves — we can't ignore them any longer.","GRE: Despite the ___ nature of the evidence, the researchers remained ___ about their conclusions. (fill in: additive)"
1560,woolly-stemmed,adjective,having a woolly stem,,,"Use ""woolly-stemmed"" (adjective) when you want to convey having a woolly stem. Appropriate in formal writing, GRE sentence-equivalence, and academic contexts where precision matters.","Avoid ""woolly-stemmed"" in casual conversation among friends unless you are certain the listener will understand; it can sound pretentious. Also avoid when a simpler synonym suffices.","Academic: In the scholarly article, the author argued that the woolly-stemmed phenomenon could not be overlooked.","Conversational: Look, the woolly-stemmed results speak for themselves — we can't ignore them any longer.",GRE: Analysts noted that the company's ___ strategy had ___ results in the last quarter. (fill in: woolly-stemmed)
1561,cross-eyed,adjective,having convergent strabismus,,walleyed,"Use ""cross-eyed"" (adjective) when you want to convey having convergent strabismus. Appropriate in formal writing, GRE sentence-equivalence, and academic contexts where precision matters.","Avoid ""cross-eyed"" in casual conversation among friends unless you are certain the listener will understand; it can sound pretentious. Also avoid when a simpler synonym suffices.",Academic: Contemporary scholars debate whether the cross-eyed hypothesis adequately explains the observed data.,Conversational: I told him the cross-eyed approach just wouldn't work here — we need to rethink this.,GRE: Analysts noted that the company's ___ strategy had ___ results in the last quarter. (fill in: cross-eyed)
1562,antepartum,adjective,occurring or existing before birth,prenatal; antenatal,postnatal; perinatal,"Use ""antepartum"" (adjective) when you want to convey occurring or existing before birth. Appropriate in formal writing, GRE sentence-equivalence, and academic contexts where precision matters.","Avoid ""antepartum"" in casual conversation among friends unless you are certain the listener will understand; it can sound pretentious. Also avoid when a simpler synonym suffices.",Academic: The study concluded that the antepartum factor played a decisive role in the experimental outcome.,Conversational: I've noticed the antepartum trend in our office culture and it's starting to concern me.,GRE: The professor described the ___ as a ___ that ___ the entire field of study. (fill in: antepartum)
1563,fernlike,adjective,resembling ferns especially in leaf shape,ferny,,"Use ""fernlike"" (adjective) when you want to convey resembling ferns especially in leaf shape. Appropriate in formal writing, GRE sentence-equivalence, and academic contexts where precision matters.","Avoid ""fernlike"" in casual conversation among friends unless you are certain the listener will understand; it can sound pretentious. Also avoid when a simpler synonym suffices.",Academic: The researcher's findings revealed that the fernlike effect was statistically significant across all samples.,"Conversational: Honestly, the fernlike behavior of the team has been a major source of tension lately.",GRE: The professor described the ___ as a ___ that ___ the entire field of study. (fill in: fernlike)
1564,beaklike,adjective,resembling the beak of a bird,,,"Use ""beaklike"" (adjective) when you want to convey resembling the beak of a bird. Appropriate in formal writing, GRE sentence-equivalence, and academic contexts where precision matters.","Avoid ""beaklike"" in casual conversation among friends unless you are certain the listener will understand; it can sound pretentious. Also avoid when a simpler synonym suffices.","Academic: In the scholarly article, the author argued that the beaklike phenomenon could not be overlooked.",Conversational: I've noticed the beaklike trend in our office culture and it's starting to concern me.,GRE: The author's ___ tone contrasted sharply with the ___ underlying message of the passage. (fill in: beaklike)
1565,sinister,adjective,threatening or foreshadowing evil or tragic developments,forbidding; threatening; ominous; menacing; baleful; minacious,,"Use ""sinister"" (adjective) when you want to convey threatening or foreshadowing evil or tragic developments. Appropriate in formal writing, GRE sentence-equivalence, and academic contexts where precision matters.","Avoid ""sinister"" in casual conversation among friends unless you are certain the listener will understand; it can sound pretentious. Also avoid when a simpler synonym suffices.",Academic: The researcher's findings revealed that the sinister effect was statistically significant across all samples.,"Conversational: You know, it's pretty clear that the sinister situation needs our immediate attention.",GRE: The committee's decision to ___ was met with both praise and criticism from stakeholders. (fill in: sinister)
1566,shelvy,adjective,full of submerged reefs or sandbanks or shoals,shelfy; reefy; shoaly,,"Use ""shelvy"" (adjective) when you want to convey full of submerged reefs or sandbanks or shoals. Appropriate in formal writing, GRE sentence-equivalence, and academic contexts where precision matters.","Avoid ""shelvy"" in casual conversation among friends unless you are certain the listener will understand; it can sound pretentious. Also avoid when a simpler synonym suffices.","Academic: In the scholarly article, the author argued that the shelvy phenomenon could not be overlooked.",Conversational: I've noticed the shelvy trend in our office culture and it's starting to concern me.,GRE: The author's ___ tone contrasted sharply with the ___ underlying message of the passage. (fill in: shelvy)
1567,diffident,adjective,lacking self-confidence,unsure; shy; timid,confident,"Use ""diffident"" (adjective) when you want to convey lacking self-confidence. Appropriate in formal writing, GRE sentence-equivalence, and academic contexts where precision matters.","Avoid ""diffident"" in casual conversation among friends unless you are certain the listener will understand; it can sound pretentious. Also avoid when a simpler synonym suffices.",Academic: The study concluded that the diffident factor played a decisive role in the experimental outcome.,Conversational: I've noticed the diffident trend in our office culture and it's starting to concern me.,GRE: The author's ___ tone contrasted sharply with the ___ underlying message of the passage. (fill in: diffident)
1568,attentive,adjective,(often followed by `to') giving care or attention,thoughtful; heedful; paying attention,inattentive; heedless,"Use ""attentive"" (adjective) when you want to convey (often followed by `to') giving care or attention. Appropriate in formal writing, GRE sentence-equivalence, and academic contexts where precision matters.","Avoid ""attentive"" in casual conversation among friends unless you are certain the listener will understand; it can sound pretentious. Also avoid when a simpler synonym suffices.","Academic: In the scholarly article, the author argued that the attentive phenomenon could not be overlooked.","Conversational: Honestly, the attentive behavior of the team has been a major source of tension lately.",GRE: Analysts noted that the company's ___ strategy had ___ results in the last quarter. (fill in: attentive)
1569,elastic,adjective,capable of resuming original shape after stretching or compression; springy,pliant; pliable; rubber band; elastic band; flexible,inelastic,"Use ""elastic"" (adjective) when you want to convey capable of resuming original shape after stretching or compression; springy. Appropriate in formal writing, GRE sentence-equivalence, and academic contexts where precision matters.","Avoid ""elastic"" in casual conversation among friends unless you are certain the listener will understand; it can sound pretentious. Also avoid when a simpler synonym suffices.",Academic: A key consideration in modern discourse is how the elastic principle shapes contemporary policy decisions.,Conversational: I told him the elastic approach just wouldn't work here — we need to rethink this.,"GRE: Despite the ___ nature of the evidence, the researchers remained ___ about their conclusions. (fill in: elastic)"
1570,many-sided,adjective,having many parts or sides,miscellaneous; multifarious; multifaceted; multilateral,unilateral,"Use ""many-sided"" (adjective) when you want to convey having many parts or sides. Appropriate in formal writing, GRE sentence-equivalence, and academic contexts where precision matters.","Avoid ""many-sided"" in casual conversation among friends unless you are certain the listener will understand; it can sound pretentious. Also avoid when a simpler synonym suffices.",Academic: Contemporary scholars debate whether the many-sided hypothesis adequately explains the observed data.,Conversational: I told him the many-sided approach just wouldn't work here — we need to rethink this.,GRE: Analysts noted that the company's ___ strategy had ___ results in the last quarter. (fill in: many-sided)
1571,tailless,adjective,not having a tail,anurous,,"Use ""tailless"" (adjective) when you want to convey not having a tail. Appropriate in formal writing, GRE sentence-equivalence, and academic contexts where precision matters.","Avoid ""tailless"" in casual conversation among friends unless you are certain the listener will understand; it can sound pretentious. Also avoid when a simpler synonym suffices.",Academic: The researcher's findings revealed that the tailless effect was statistically significant across all samples.,Conversational: I told him the tailless approach just wouldn't work here — we need to rethink this.,GRE: The author's ___ tone contrasted sharply with the ___ underlying message of the passage. (fill in: tailless)
1572,round-the-clock,adjective,at all times,nonstop; around-the-clock; day-and-night,,"Use ""round-the-clock"" (adjective) when you want to convey at all times. Appropriate in formal writing, GRE sentence-equivalence, and academic contexts where precision matters.","Avoid ""round-the-clock"" in casual conversation among friends unless you are certain the listener will understand; it can sound pretentious. Also avoid when a simpler synonym suffices.",Academic: A key consideration in modern discourse is how the round-the-clock principle shapes contemporary policy decisions.,Conversational: I told him the round-the-clock approach just wouldn't work here — we need to rethink this.,GRE: The committee's decision to ___ was met with both praise and criticism from stakeholders. (fill in: round-the-clock)
1573,grayish-blue,adjective,of blue tinged with grey,gray-blue; greyish-blue; grey-blue,,"Use ""grayish-blue"" (adjective) when you want to convey of blue tinged with grey. Appropriate in formal writing, GRE sentence-equivalence, and academic contexts where precision matters.","Avoid ""grayish-blue"" in casual conversation among friends unless you are certain the listener will understand; it can sound pretentious. Also avoid when a simpler synonym suffices.",Academic: The researcher's findings revealed that the grayish-blue effect was statistically significant across all samples.,Conversational: I've noticed the grayish-blue trend in our office culture and it's starting to concern me.,GRE: The committee's decision to ___ was met with both praise and criticism from stakeholders. (fill in: grayish-blue)
1574,alternating,adjective,(of a current) reversing direction,flip; flip-flop; interchange; jump; switch; alternate,direct,"Use ""alternating"" (adjective) when you want to convey (of a current) reversing direction. Appropriate in formal writing, GRE sentence-equivalence, and academic contexts where precision matters.","Avoid ""alternating"" in casual conversation among friends unless you are certain the listener will understand; it can sound pretentious. Also avoid when a simpler synonym suffices.",Academic: Contemporary scholars debate whether the alternating hypothesis adequately explains the observed data.,"Conversational: Look, the alternating results speak for themselves — we can't ignore them any longer.",GRE: The author's ___ tone contrasted sharply with the ___ underlying message of the passage. (fill in: alternating)
1575,uncarpeted,adjective,not carpeted,,carpeted,"Use ""uncarpeted"" (adjective) when you want to convey not carpeted. Appropriate in formal writing, GRE sentence-equivalence, and academic contexts where precision matters.","Avoid ""uncarpeted"" in casual conversation among friends unless you are certain the listener will understand; it can sound pretentious. Also avoid when a simpler synonym suffices.","Academic: In the scholarly article, the author argued that the uncarpeted phenomenon could not be overlooked.","Conversational: Honestly, the uncarpeted behavior of the team has been a major source of tension lately.",GRE: The committee's decision to ___ was met with both praise and criticism from stakeholders. (fill in: uncarpeted)
1576,dastardly,adjective,despicably cowardly; - F.D. Roosevelt,dastard,,"Use ""dastardly"" (adjective) when you want to convey despicably cowardly; - f.d. roosevelt. Appropriate in formal writing, GRE sentence-equivalence, and academic contexts where precision matters.","Avoid ""dastardly"" in casual conversation among friends unless you are certain the listener will understand; it can sound pretentious. Also avoid when a simpler synonym suffices.",Academic: A key consideration in modern discourse is how the dastardly principle shapes contemporary policy decisions.,"Conversational: You know, it's pretty clear that the dastardly situation needs our immediate attention.",GRE: Analysts noted that the company's ___ strategy had ___ results in the last quarter. (fill in: dastardly)
1577,remiss,adjective,failing in what duty requires,derelict; delinquent; neglectful,,"Use ""remiss"" (adjective) when you want to convey failing in what duty requires. Appropriate in formal writing, GRE sentence-equivalence, and academic contexts where precision matters.","Avoid ""remiss"" in casual conversation among friends unless you are certain the listener will understand; it can sound pretentious. Also avoid when a simpler synonym suffices.",Academic: Contemporary scholars debate whether the remiss hypothesis adequately explains the observed data.,"Conversational: Look, the remiss results speak for themselves — we can't ignore them any longer.",GRE: The professor described the ___ as a ___ that ___ the entire field of study. (fill in: remiss)
1578,briery,adjective,having or covered with protective barbs or quills or spines or thorns or setae etc.,setaceous; burred; bristly; burry; barbellate; spiny,,"Use ""briery"" (adjective) when you want to convey having or covered with protective barbs or quills or spines or thorns or setae etc.. Appropriate in formal writing, GRE sentence-equivalence, and academic contexts where precision matters.","Avoid ""briery"" in casual conversation among friends unless you are certain the listener will understand; it can sound pretentious. Also avoid when a simpler synonym suffices.",Academic: A key consideration in modern discourse is how the briery principle shapes contemporary policy decisions.,Conversational: I told him the briery approach just wouldn't work here — we need to rethink this.,GRE: Analysts noted that the company's ___ strategy had ___ results in the last quarter. (fill in: briery)
1579,odds-on,adjective,having a better than even chance of success,,,"Use ""odds-on"" (adjective) when you want to convey having a better than even chance of success. Appropriate in formal writing, GRE sentence-equivalence, and academic contexts where precision matters.","Avoid ""odds-on"" in casual conversation among friends unless you are certain the listener will understand; it can sound pretentious. Also avoid when a simpler synonym suffices.","Academic: In the scholarly article, the author argued that the odds-on phenomenon could not be overlooked.","Conversational: Honestly, the odds-on behavior of the team has been a major source of tension lately.",GRE: The author's ___ tone contrasted sharply with the ___ underlying message of the passage. (fill in: odds-on)
1580,matter-of-course,adjective,expected or depended upon as a natural or logical outcome,,,"Use ""matter-of-course"" (adjective) when you want to convey expected or depended upon as a natural or logical outcome. Appropriate in formal writing, GRE sentence-equivalence, and academic contexts where precision matters.","Avoid ""matter-of-course"" in casual conversation among friends unless you are certain the listener will understand; it can sound pretentious. Also avoid when a simpler synonym suffices.","Academic: In the scholarly article, the author argued that the matter-of-course phenomenon could not be overlooked.",Conversational: I told him the matter-of-course approach just wouldn't work here — we need to rethink this.,GRE: The professor described the ___ as a ___ that ___ the entire field of study. (fill in: matter-of-course)
1581,knightly,adjective,being attentive to women like an ideal knight,chivalrous; chivalric; medieval; gallant,,"Use ""knightly"" (adjective) when you want to convey being attentive to women like an ideal knight. Appropriate in formal writing, GRE sentence-equivalence, and academic contexts where precision matters.","Avoid ""knightly"" in casual conversation among friends unless you are certain the listener will understand; it can sound pretentious. Also avoid when a simpler synonym suffices.",Academic: The study concluded that the knightly factor played a decisive role in the experimental outcome.,"Conversational: Look, the knightly results speak for themselves — we can't ignore them any longer.",GRE: The professor described the ___ as a ___ that ___ the entire field of study. (fill in: knightly)
1582,bibless,adjective,lacking a bib,,bibbed,"Use ""bibless"" (adjective) when you want to convey lacking a bib. Appropriate in formal writing, GRE sentence-equivalence, and academic contexts where precision matters.","Avoid ""bibless"" in casual conversation among friends unless you are certain the listener will understand; it can sound pretentious. Also avoid when a simpler synonym suffices.",Academic: Contemporary scholars debate whether the bibless hypothesis adequately explains the observed data.,"Conversational: Honestly, the bibless behavior of the team has been a major source of tension lately.",GRE: The author's ___ tone contrasted sharply with the ___ underlying message of the passage. (fill in: bibless)
1583,disabused,adjective,freed of a mistaken or misguided notion,undeceived; disabuse,,"Use ""disabused"" (adjective) when you want to convey freed of a mistaken or misguided notion. Appropriate in formal writing, GRE sentence-equivalence, and academic contexts where precision matters.","Avoid ""disabused"" in casual conversation among friends unless you are certain the listener will understand; it can sound pretentious. Also avoid when a simpler synonym suffices.",Academic: The researcher's findings revealed that the disabused effect was statistically significant across all samples.,Conversational: I've noticed the disabused trend in our office culture and it's starting to concern me.,GRE: The author's ___ tone contrasted sharply with the ___ underlying message of the passage. (fill in: disabused)
1584,ventral,adjective,nearest to or facing toward the axis of an organ or organism,adaxial,abaxial; dorsal,"Use ""ventral"" (adjective) when you want to convey nearest to or facing toward the axis of an organ or organism. Appropriate in formal writing, GRE sentence-equivalence, and academic contexts where precision matters.","Avoid ""ventral"" in casual conversation among friends unless you are certain the listener will understand; it can sound pretentious. Also avoid when a simpler synonym suffices.",Academic: A key consideration in modern discourse is how the ventral principle shapes contemporary policy decisions.,"Conversational: Honestly, the ventral behavior of the team has been a major source of tension lately.","GRE: Despite the ___ nature of the evidence, the researchers remained ___ about their conclusions. (fill in: ventral)"
1585,forced,adjective,lacking spontaneity; not natural,impel; pressure; coerce; force; squeeze; hale,pull; push,"Use ""forced"" (adjective) when you want to convey lacking spontaneity; not natural. Appropriate in formal writing, GRE sentence-equivalence, and academic contexts where precision matters.","Avoid ""forced"" in casual conversation among friends unless you are certain the listener will understand; it can sound pretentious. Also avoid when a simpler synonym suffices.",Academic: The researcher's findings revealed that the forced effect was statistically significant across all samples.,"Conversational: You know, it's pretty clear that the forced situation needs our immediate attention.",GRE: The professor described the ___ as a ___ that ___ the entire field of study. (fill in: forced)
1586,canonized,adjective,accorded sacrosanct or authoritative standing,saint; canonise; canonised; glorified; canonize,,"Use ""canonized"" (adjective) when you want to convey accorded sacrosanct or authoritative standing. Appropriate in formal writing, GRE sentence-equivalence, and academic contexts where precision matters.","Avoid ""canonized"" in casual conversation among friends unless you are certain the listener will understand; it can sound pretentious. Also avoid when a simpler synonym suffices.",Academic: The researcher's findings revealed that the canonized effect was statistically significant across all samples.,Conversational: I told him the canonized approach just wouldn't work here — we need to rethink this.,"GRE: Despite the ___ nature of the evidence, the researchers remained ___ about their conclusions. (fill in: canonized)"
1587,getatable,adjective,capable of being reached or attained,come-at-able; get-at-able,,"Use ""getatable"" (adjective) when you want to convey capable of being reached or attained. Appropriate in formal writing, GRE sentence-equivalence, and academic contexts where precision matters.","Avoid ""getatable"" in casual conversation among friends unless you are certain the listener will understand; it can sound pretentious. Also avoid when a simpler synonym suffices.",Academic: A key consideration in modern discourse is how the getatable principle shapes contemporary policy decisions.,"Conversational: Honestly, the getatable behavior of the team has been a major source of tension lately.",GRE: Analysts noted that the company's ___ strategy had ___ results in the last quarter. (fill in: getatable)
1588,homochromatic,adjective,(of light or other electromagnetic radiation) having only one wavelength,monochromatic,polychromatic,"Use ""homochromatic"" (adjective) when you want to convey (of light or other electromagnetic radiation) having only one wavelength. Appropriate in formal writing, GRE sentence-equivalence, and academic contexts where precision matters.","Avoid ""homochromatic"" in casual conversation among friends unless you are certain the listener will understand; it can sound pretentious. Also avoid when a simpler synonym suffices.",Academic: A key consideration in modern discourse is how the homochromatic principle shapes contemporary policy decisions.,"Conversational: Look, the homochromatic results speak for themselves — we can't ignore them any longer.","GRE: Despite the ___ nature of the evidence, the researchers remained ___ about their conclusions. (fill in: homochromatic)"
1589,convertible,adjective,capable of being exchanged for or replaced by something of equal value,convertible security; transmutable; transformable; translatable; sofa bed; exchangeable,inconvertible,"Use ""convertible"" (adjective) when you want to convey capable of being exchanged for or replaced by something of equal value. Appropriate in formal writing, GRE sentence-equivalence, and academic contexts where precision matters.","Avoid ""convertible"" in casual conversation among friends unless you are certain the listener will understand; it can sound pretentious. Also avoid when a simpler synonym suffices.",Academic: The study concluded that the convertible factor played a decisive role in the experimental outcome.,"Conversational: Honestly, the convertible behavior of the team has been a major source of tension lately.",GRE: The professor described the ___ as a ___ that ___ the entire field of study. (fill in: convertible)
1590,unrivalled,adjective,eminent beyond or above comparison,nonpareil; peerless; unrivaled; one; unmatched; matchless,,"Use ""unrivalled"" (adjective) when you want to convey eminent beyond or above comparison. Appropriate in formal writing, GRE sentence-equivalence, and academic contexts where precision matters.","Avoid ""unrivalled"" in casual conversation among friends unless you are certain the listener will understand; it can sound pretentious. Also avoid when a simpler synonym suffices.",Academic: The study concluded that the unrivalled factor played a decisive role in the experimental outcome.,Conversational: I've noticed the unrivalled trend in our office culture and it's starting to concern me.,GRE: The committee's decision to ___ was met with both praise and criticism from stakeholders. (fill in: unrivalled)
1591,depressed,adjective,filled with melancholy and despondency,dismay; deject; demoralize; cast down; demoralise; get down,elate,"Use ""depressed"" (adjective) when you want to convey filled with melancholy and despondency. Appropriate in formal writing, GRE sentence-equivalence, and academic contexts where precision matters.","Avoid ""depressed"" in casual conversation among friends unless you are certain the listener will understand; it can sound pretentious. Also avoid when a simpler synonym suffices.",Academic: The researcher's findings revealed that the depressed effect was statistically significant across all samples.,Conversational: I've noticed the depressed trend in our office culture and it's starting to concern me.,GRE: The committee's decision to ___ was met with both praise and criticism from stakeholders. (fill in: depressed)
1592,dendroidal,adjective,resembling a tree in form and branching structure,treelike; arboresque; dendriform; arboreous; dendroid; arboriform,,"Use ""dendroidal"" (adjective) when you want to convey resembling a tree in form and branching structure. Appropriate in formal writing, GRE sentence-equivalence, and academic contexts where precision matters.","Avoid ""dendroidal"" in casual conversation among friends unless you are certain the listener will understand; it can sound pretentious. Also avoid when a simpler synonym suffices.",Academic: A key consideration in modern discourse is how the dendroidal principle shapes contemporary policy decisions.,Conversational: I told him the dendroidal approach just wouldn't work here — we need to rethink this.,GRE: The author's ___ tone contrasted sharply with the ___ underlying message of the passage. (fill in: dendroidal)
1593,crimson-yellow,adjective,yellow tinged with crimson,,,"Use ""crimson-yellow"" (adjective) when you want to convey yellow tinged with crimson. Appropriate in formal writing, GRE sentence-equivalence, and academic contexts where precision matters.","Avoid ""crimson-yellow"" in casual conversation among friends unless you are certain the listener will understand; it can sound pretentious. Also avoid when a simpler synonym suffices.",Academic: The researcher's findings revealed that the crimson-yellow effect was statistically significant across all samples.,"Conversational: Honestly, the crimson-yellow behavior of the team has been a major source of tension lately.",GRE: The committee's decision to ___ was met with both praise and criticism from stakeholders. (fill in: crimson-yellow)
1594,nonprogressive,adjective,old-fashioned and out of date,unprogressive; fusty; standpat,,"Use ""nonprogressive"" (adjective) when you want to convey old-fashioned and out of date. Appropriate in formal writing, GRE sentence-equivalence, and academic contexts where precision matters.","Avoid ""nonprogressive"" in casual conversation among friends unless you are certain the listener will understand; it can sound pretentious. Also avoid when a simpler synonym suffices.","Academic: In the scholarly article, the author argued that the nonprogressive phenomenon could not be overlooked.","Conversational: You know, it's pretty clear that the nonprogressive situation needs our immediate attention.",GRE: The author's ___ tone contrasted sharply with the ___ underlying message of the passage. (fill in: nonprogressive)
1595,bronzed,adjective,(of skin) having a tan color from exposure to the sun,bronze; tanned; tan; suntanned,,"Use ""bronzed"" (adjective) when you want to convey (of skin) having a tan color from exposure to the sun. Appropriate in formal writing, GRE sentence-equivalence, and academic contexts where precision matters.","Avoid ""bronzed"" in casual conversation among friends unless you are certain the listener will understand; it can sound pretentious. Also avoid when a simpler synonym suffices.","Academic: In the scholarly article, the author argued that the bronzed phenomenon could not be overlooked.",Conversational: I've noticed the bronzed trend in our office culture and it's starting to concern me.,GRE: The author's ___ tone contrasted sharply with the ___ underlying message of the passage. (fill in: bronzed)
1596,rostrate,adjective,having a beak or beaklike snout or proboscis,,,"Use ""rostrate"" (adjective) when you want to convey having a beak or beaklike snout or proboscis. Appropriate in formal writing, GRE sentence-equivalence, and academic contexts where precision matters.","Avoid ""rostrate"" in casual conversation among friends unless you are certain the listener will understand; it can sound pretentious. Also avoid when a simpler synonym suffices.",Academic: The study concluded that the rostrate factor played a decisive role in the experimental outcome.,Conversational: I've noticed the rostrate trend in our office culture and it's starting to concern me.,GRE: Analysts noted that the company's ___ strategy had ___ results in the last quarter. (fill in: rostrate)
1597,pensionable,adjective,entitled to receive a pension,,,"Use ""pensionable"" (adjective) when you want to convey entitled to receive a pension. Appropriate in formal writing, GRE sentence-equivalence, and academic contexts where precision matters.","Avoid ""pensionable"" in casual conversation among friends unless you are certain the listener will understand; it can sound pretentious. Also avoid when a simpler synonym suffices.","Academic: In the scholarly article, the author argued that the pensionable phenomenon could not be overlooked.",Conversational: I've noticed the pensionable trend in our office culture and it's starting to concern me.,GRE: The professor described the ___ as a ___ that ___ the entire field of study. (fill in: pensionable)
1598,exploded,adjective,showing the parts of something separated but in positions that show their correct relation to one another,explode; blow up; burst; burst forth; break loose; set off,implode,"Use ""exploded"" (adjective) when you want to convey showing the parts of something separated but in positions that show their correct relation to one another. Appropriate in formal writing, GRE sentence-equivalence, and academic contexts where precision matters.","Avoid ""exploded"" in casual conversation among friends unless you are certain the listener will understand; it can sound pretentious. Also avoid when a simpler synonym suffices.",Academic: Contemporary scholars debate whether the exploded hypothesis adequately explains the observed data.,Conversational: I've noticed the exploded trend in our office culture and it's starting to concern me.,"GRE: Despite the ___ nature of the evidence, the researchers remained ___ about their conclusions. (fill in: exploded)"
1599,beaten-up,adjective,damaged by blows or hard usage,battered; beat-up,,"Use ""beaten-up"" (adjective) when you want to convey damaged by blows or hard usage. Appropriate in formal writing, GRE sentence-equivalence, and academic contexts where precision matters.","Avoid ""beaten-up"" in casual conversation among friends unless you are certain the listener will understand; it can sound pretentious. Also avoid when a simpler synonym suffices.",Academic: The researcher's findings revealed that the beaten-up effect was statistically significant across all samples.,"Conversational: Honestly, the beaten-up behavior of the team has been a major source of tension lately.","GRE: Despite the ___ nature of the evidence, the researchers remained ___ about their conclusions. (fill in: beaten-up)"
1600,unservile,adjective,not servile or submissive,unsubmissive,servile,"Use ""unservile"" (adjective) when you want to convey not servile or submissive. Appropriate in formal writing, GRE sentence-equivalence, and academic contexts where precision matters.","Avoid ""unservile"" in casual conversation among friends unless you are certain the listener will understand; it can sound pretentious. Also avoid when a simpler synonym suffices.",Academic: The researcher's findings revealed that the unservile effect was statistically significant across all samples.,Conversational: I've noticed the unservile trend in our office culture and it's starting to concern me.,GRE: The professor described the ___ as a ___ that ___ the entire field of study. (fill in: unservile)
1601,extenuating,adjective,partially excusing or justifying,palliate; mitigate; extenuate,,"Use ""extenuating"" (adjective) when you want to convey partially excusing or justifying. Appropriate in formal writing, GRE sentence-equivalence, and academic contexts where precision matters.","Avoid ""extenuating"" in casual conversation among friends unless you are certain the listener will understand; it can sound pretentious. Also avoid when a simpler synonym suffices.",Academic: The researcher's findings revealed that the extenuating effect was statistically significant across all samples.,"Conversational: Look, the extenuating results speak for themselves — we can't ignore them any longer.",GRE: The author's ___ tone contrasted sharply with the ___ underlying message of the passage. (fill in: extenuating)
1602,whitish,adjective,resembling milk in color not clear,milklike; milky; off-white,,"Use ""whitish"" (adjective) when you want to convey resembling milk in color not clear. Appropriate in formal writing, GRE sentence-equivalence, and academic contexts where precision matters.","Avoid ""whitish"" in casual conversation among friends unless you are certain the listener will understand; it can sound pretentious. Also avoid when a simpler synonym suffices.",Academic: Contemporary scholars debate whether the whitish hypothesis adequately explains the observed data.,"Conversational: You know, it's pretty clear that the whitish situation needs our immediate attention.","GRE: Despite the ___ nature of the evidence, the researchers remained ___ about their conclusions. (fill in: whitish)"
1603,lap-strake,adjective,having overlapping hull planks,clincher-built; lap-streaked; lap-streak; lap-straked; clinker-built,carvel-built,"Use ""lap-strake"" (adjective) when you want to convey having overlapping hull planks. Appropriate in formal writing, GRE sentence-equivalence, and academic contexts where precision matters.","Avoid ""lap-strake"" in casual conversation among friends unless you are certain the listener will understand; it can sound pretentious. Also avoid when a simpler synonym suffices.",Academic: A key consideration in modern discourse is how the lap-strake principle shapes contemporary policy decisions.,Conversational: I've noticed the lap-strake trend in our office culture and it's starting to concern me.,GRE: The committee's decision to ___ was met with both praise and criticism from stakeholders. (fill in: lap-strake)
1604,self-educated,adjective,educated by your own efforts rather than by formal instruction,,,"Use ""self-educated"" (adjective) when you want to convey educated by your own efforts rather than by formal instruction. Appropriate in formal writing, GRE sentence-equivalence, and academic contexts where precision matters.","Avoid ""self-educated"" in casual conversation among friends unless you are certain the listener will understand; it can sound pretentious. Also avoid when a simpler synonym suffices.",Academic: The researcher's findings revealed that the self-educated effect was statistically significant across all samples.,Conversational: I've noticed the self-educated trend in our office culture and it's starting to concern me.,GRE: Analysts noted that the company's ___ strategy had ___ results in the last quarter. (fill in: self-educated)
1605,noncombining,adjective,not able to combine,,,"Use ""noncombining"" (adjective) when you want to convey not able to combine. Appropriate in formal writing, GRE sentence-equivalence, and academic contexts where precision matters.","Avoid ""noncombining"" in casual conversation among friends unless you are certain the listener will understand; it can sound pretentious. Also avoid when a simpler synonym suffices.",Academic: Contemporary scholars debate whether the noncombining hypothesis adequately explains the observed data.,Conversational: I told him the noncombining approach just wouldn't work here — we need to rethink this.,"GRE: Despite the ___ nature of the evidence, the researchers remained ___ about their conclusions. (fill in: noncombining)"
1606,drippy,adjective,effusively or insincerely emotional,maudlin; schmaltzy; soupy; slushy; drizzly; mushy,,"Use ""drippy"" (adjective) when you want to convey effusively or insincerely emotional. Appropriate in formal writing, GRE sentence-equivalence, and academic contexts where precision matters.","Avoid ""drippy"" in casual conversation among friends unless you are certain the listener will understand; it can sound pretentious. Also avoid when a simpler synonym suffices.",Academic: The researcher's findings revealed that the drippy effect was statistically significant across all samples.,Conversational: I told him the drippy approach just wouldn't work here — we need to rethink this.,GRE: The author's ___ tone contrasted sharply with the ___ underlying message of the passage. (fill in: drippy)
1607,unqualified,adjective,having no right or entitlement,incompetent; unentitled,qualified; competent,"Use ""unqualified"" (adjective) when you want to convey having no right or entitlement. Appropriate in formal writing, GRE sentence-equivalence, and academic contexts where precision matters.","Avoid ""unqualified"" in casual conversation among friends unless you are certain the listener will understand; it can sound pretentious. Also avoid when a simpler synonym suffices.",Academic: Contemporary scholars debate whether the unqualified hypothesis adequately explains the observed data.,Conversational: I told him the unqualified approach just wouldn't work here — we need to rethink this.,"GRE: Despite the ___ nature of the evidence, the researchers remained ___ about their conclusions. (fill in: unqualified)"
1608,spasmodic,adjective,occurring in spells and often abruptly,convulsive; spastic; fitful,,"Use ""spasmodic"" (adjective) when you want to convey occurring in spells and often abruptly. Appropriate in formal writing, GRE sentence-equivalence, and academic contexts where precision matters.","Avoid ""spasmodic"" in casual conversation among friends unless you are certain the listener will understand; it can sound pretentious. Also avoid when a simpler synonym suffices.",Academic: A key consideration in modern discourse is how the spasmodic principle shapes contemporary policy decisions.,"Conversational: You know, it's pretty clear that the spasmodic situation needs our immediate attention.",GRE: Analysts noted that the company's ___ strategy had ___ results in the last quarter. (fill in: spasmodic)
1609,fabulous,adjective,barely credible,mythological; mythologic; mythic; fab; mythical,,"Use ""fabulous"" (adjective) when you want to convey barely credible. Appropriate in formal writing, GRE sentence-equivalence, and academic contexts where precision matters.","Avoid ""fabulous"" in casual conversation among friends unless you are certain the listener will understand; it can sound pretentious. Also avoid when a simpler synonym suffices.",Academic: The study concluded that the fabulous factor played a decisive role in the experimental outcome.,Conversational: I told him the fabulous approach just wouldn't work here — we need to rethink this.,GRE: The committee's decision to ___ was met with both praise and criticism from stakeholders. (fill in: fabulous)
1610,plucky,adjective,marked by courage and determination in the face of difficulties or danger; robust and uninhibited; ; -Judith Crist,spunky; feisty; gutsy,gutless,"Use ""plucky"" (adjective) when you want to convey marked by courage and determination in the face of difficulties or danger; robust and uninhibited; ; -judith crist. Appropriate in formal writing, GRE sentence-equivalence, and academic contexts where precision matters.","Avoid ""plucky"" in casual conversation among friends unless you are certain the listener will understand; it can sound pretentious. Also avoid when a simpler synonym suffices.",Academic: A key consideration in modern discourse is how the plucky principle shapes contemporary policy decisions.,"Conversational: Honestly, the plucky behavior of the team has been a major source of tension lately.",GRE: Analysts noted that the company's ___ strategy had ___ results in the last quarter. (fill in: plucky)
1611,unbloody,adjective,achieved without bloodshed,nonviolent,,"Use ""unbloody"" (adjective) when you want to convey achieved without bloodshed. Appropriate in formal writing, GRE sentence-equivalence, and academic contexts where precision matters.","Avoid ""unbloody"" in casual conversation among friends unless you are certain the listener will understand; it can sound pretentious. Also avoid when a simpler synonym suffices.","Academic: In the scholarly article, the author argued that the unbloody phenomenon could not be overlooked.",Conversational: I told him the unbloody approach just wouldn't work here — we need to rethink this.,GRE: The author's ___ tone contrasted sharply with the ___ underlying message of the passage. (fill in: unbloody)
1612,traditionalist,adjective,stubbornly conservative and narrow-minded,diehard; hidebound,,"Use ""traditionalist"" (adjective) when you want to convey stubbornly conservative and narrow-minded. Appropriate in formal writing, GRE sentence-equivalence, and academic contexts where precision matters.","Avoid ""traditionalist"" in casual conversation among friends unless you are certain the listener will understand; it can sound pretentious. Also avoid when a simpler synonym suffices.",Academic: A key consideration in modern discourse is how the traditionalist principle shapes contemporary policy decisions.,"Conversational: Look, the traditionalist results speak for themselves — we can't ignore them any longer.","GRE: Despite the ___ nature of the evidence, the researchers remained ___ about their conclusions. (fill in: traditionalist)"
1613,nonionised,adjective,not converted into ions,nonionized; unionised; nonionic; unionized,ionized,"Use ""nonionised"" (adjective) when you want to convey not converted into ions. Appropriate in formal writing, GRE sentence-equivalence, and academic contexts where precision matters.","Avoid ""nonionised"" in casual conversation among friends unless you are certain the listener will understand; it can sound pretentious. Also avoid when a simpler synonym suffices.",Academic: The study concluded that the nonionised factor played a decisive role in the experimental outcome.,"Conversational: You know, it's pretty clear that the nonionised situation needs our immediate attention.",GRE: The committee's decision to ___ was met with both praise and criticism from stakeholders. (fill in: nonionised)
1614,sociable,adjective,friendly and pleasant,social; mixer,unsociable,"Use ""sociable"" (adjective) when you want to convey friendly and pleasant. Appropriate in formal writing, GRE sentence-equivalence, and academic contexts where precision matters.","Avoid ""sociable"" in casual conversation among friends unless you are certain the listener will understand; it can sound pretentious. Also avoid when a simpler synonym suffices.",Academic: A key consideration in modern discourse is how the sociable principle shapes contemporary policy decisions.,"Conversational: You know, it's pretty clear that the sociable situation needs our immediate attention.",GRE: The author's ___ tone contrasted sharply with the ___ underlying message of the passage. (fill in: sociable)
1615,indeterminate,adjective,not leading to a definite ending or result,undetermined,determinate,"Use ""indeterminate"" (adjective) when you want to convey not leading to a definite ending or result. Appropriate in formal writing, GRE sentence-equivalence, and academic contexts where precision matters.","Avoid ""indeterminate"" in casual conversation among friends unless you are certain the listener will understand; it can sound pretentious. Also avoid when a simpler synonym suffices.",Academic: A key consideration in modern discourse is how the indeterminate principle shapes contemporary policy decisions.,"Conversational: Honestly, the indeterminate behavior of the team has been a major source of tension lately.",GRE: The author's ___ tone contrasted sharply with the ___ underlying message of the passage. (fill in: indeterminate)
1616,uncooperative,adjective,intentionally unaccommodating,disobliging,cooperative,"Use ""uncooperative"" (adjective) when you want to convey intentionally unaccommodating. Appropriate in formal writing, GRE sentence-equivalence, and academic contexts where precision matters.","Avoid ""uncooperative"" in casual conversation among friends unless you are certain the listener will understand; it can sound pretentious. Also avoid when a simpler synonym suffices.",Academic: Contemporary scholars debate whether the uncooperative hypothesis adequately explains the observed data.,Conversational: I've noticed the uncooperative trend in our office culture and it's starting to concern me.,GRE: Analysts noted that the company's ___ strategy had ___ results in the last quarter. (fill in: uncooperative)
1617,obligatory,adjective,morally or legally constraining or binding,,optional,"Use ""obligatory"" (adjective) when you want to convey morally or legally constraining or binding. Appropriate in formal writing, GRE sentence-equivalence, and academic contexts where precision matters.","Avoid ""obligatory"" in casual conversation among friends unless you are certain the listener will understand; it can sound pretentious. Also avoid when a simpler synonym suffices.",Academic: The study concluded that the obligatory factor played a decisive role in the experimental outcome.,"Conversational: Look, the obligatory results speak for themselves — we can't ignore them any longer.",GRE: The professor described the ___ as a ___ that ___ the entire field of study. (fill in: obligatory)
1618,unsymmetrical,adjective,having unsymmetrical parts or unequal dimensions or measurements,anisometric; unsymmetric,,"Use ""unsymmetrical"" (adjective) when you want to convey having unsymmetrical parts or unequal dimensions or measurements. Appropriate in formal writing, GRE sentence-equivalence, and academic contexts where precision matters.","Avoid ""unsymmetrical"" in casual conversation among friends unless you are certain the listener will understand; it can sound pretentious. Also avoid when a simpler synonym suffices.",Academic: Contemporary scholars debate whether the unsymmetrical hypothesis adequately explains the observed data.,"Conversational: You know, it's pretty clear that the unsymmetrical situation needs our immediate attention.",GRE: The author's ___ tone contrasted sharply with the ___ underlying message of the passage. (fill in: unsymmetrical)
1619,springless,adjective,lacking in elasticity or vitality,,,"Use ""springless"" (adjective) when you want to convey lacking in elasticity or vitality. Appropriate in formal writing, GRE sentence-equivalence, and academic contexts where precision matters.","Avoid ""springless"" in casual conversation among friends unless you are certain the listener will understand; it can sound pretentious. Also avoid when a simpler synonym suffices.",Academic: A key consideration in modern discourse is how the springless principle shapes contemporary policy decisions.,"Conversational: Look, the springless results speak for themselves — we can't ignore them any longer.",GRE: Analysts noted that the company's ___ strategy had ___ results in the last quarter. (fill in: springless)
1620,energy-releasing,adjective,of or relating to catabolism,destructive-metabolic; exoergic,endoergic,"Use ""energy-releasing"" (adjective) when you want to convey of or relating to catabolism. Appropriate in formal writing, GRE sentence-equivalence, and academic contexts where precision matters.","Avoid ""energy-releasing"" in casual conversation among friends unless you are certain the listener will understand; it can sound pretentious. Also avoid when a simpler synonym suffices.",Academic: Contemporary scholars debate whether the energy-releasing hypothesis adequately explains the observed data.,"Conversational: Look, the energy-releasing results speak for themselves — we can't ignore them any longer.",GRE: The professor described the ___ as a ___ that ___ the entire field of study. (fill in: energy-releasing)
1621,reprobate,adjective,deviating from what is considered moral or right or proper or good,depraved; perverse; condemn; decry; objurgate; perverted,approbate,"Use ""reprobate"" (adjective) when you want to convey deviating from what is considered moral or right or proper or good. Appropriate in formal writing, GRE sentence-equivalence, and academic contexts where precision matters.","Avoid ""reprobate"" in casual conversation among friends unless you are certain the listener will understand; it can sound pretentious. Also avoid when a simpler synonym suffices.",Academic: A key consideration in modern discourse is how the reprobate principle shapes contemporary policy decisions.,"Conversational: Look, the reprobate results speak for themselves — we can't ignore them any longer.","GRE: Despite the ___ nature of the evidence, the researchers remained ___ about their conclusions. (fill in: reprobate)"
1622,short-winded,adjective,breathing laboriously or convulsively,blown; winded; pursy,,"Use ""short-winded"" (adjective) when you want to convey breathing laboriously or convulsively. Appropriate in formal writing, GRE sentence-equivalence, and academic contexts where precision matters.","Avoid ""short-winded"" in casual conversation among friends unless you are certain the listener will understand; it can sound pretentious. Also avoid when a simpler synonym suffices.",Academic: Contemporary scholars debate whether the short-winded hypothesis adequately explains the observed data.,"Conversational: You know, it's pretty clear that the short-winded situation needs our immediate attention.",GRE: The author's ___ tone contrasted sharply with the ___ underlying message of the passage. (fill in: short-winded)
1623,hard-boiled,adjective,(eggs) cooked until the yolk is solid,hard-bitten; hardened; pugnacious; case-hardened,,"Use ""hard-boiled"" (adjective) when you want to convey (eggs) cooked until the yolk is solid. Appropriate in formal writing, GRE sentence-equivalence, and academic contexts where precision matters.","Avoid ""hard-boiled"" in casual conversation among friends unless you are certain the listener will understand; it can sound pretentious. Also avoid when a simpler synonym suffices.",Academic: The researcher's findings revealed that the hard-boiled effect was statistically significant across all samples.,"Conversational: Look, the hard-boiled results speak for themselves — we can't ignore them any longer.",GRE: Analysts noted that the company's ___ strategy had ___ results in the last quarter. (fill in: hard-boiled)
1624,flush-seamed,adjective,laid edge to edge (not overlapping),,,"Use ""flush-seamed"" (adjective) when you want to convey laid edge to edge (not overlapping). Appropriate in formal writing, GRE sentence-equivalence, and academic contexts where precision matters.","Avoid ""flush-seamed"" in casual conversation among friends unless you are certain the listener will understand; it can sound pretentious. Also avoid when a simpler synonym suffices.",Academic: The researcher's findings revealed that the flush-seamed effect was statistically significant across all samples.,"Conversational: You know, it's pretty clear that the flush-seamed situation needs our immediate attention.",GRE: The author's ___ tone contrasted sharply with the ___ underlying message of the passage. (fill in: flush-seamed)
1625,blanket,adjective,broad in scope or content; ; ; ; ; - T.G.Winner,extensive; mantle; across-the-board; cover; all-embracing; all-inclusive,,"Use ""blanket"" (adjective) when you want to convey broad in scope or content; ; ; ; ; - t.g.winner. Appropriate in formal writing, GRE sentence-equivalence, and academic contexts where precision matters.","Avoid ""blanket"" in casual conversation among friends unless you are certain the listener will understand; it can sound pretentious. Also avoid when a simpler synonym suffices.",Academic: A key consideration in modern discourse is how the blanket principle shapes contemporary policy decisions.,Conversational: I told him the blanket approach just wouldn't work here — we need to rethink this.,GRE: Analysts noted that the company's ___ strategy had ___ results in the last quarter. (fill in: blanket)
1626,unconvincing,adjective,not convincing,unbelievable; flimsy; improbable; unlikely,convincing,"Use ""unconvincing"" (adjective) when you want to convey not convincing. Appropriate in formal writing, GRE sentence-equivalence, and academic contexts where precision matters.","Avoid ""unconvincing"" in casual conversation among friends unless you are certain the listener will understand; it can sound pretentious. Also avoid when a simpler synonym suffices.",Academic: The researcher's findings revealed that the unconvincing effect was statistically significant across all samples.,Conversational: I told him the unconvincing approach just wouldn't work here — we need to rethink this.,GRE: The professor described the ___ as a ___ that ___ the entire field of study. (fill in: unconvincing)
1627,nonjudgmental,adjective,refraining from making judgments especially ones based on personal opinions or standards,,judgmental,"Use ""nonjudgmental"" (adjective) when you want to convey refraining from making judgments especially ones based on personal opinions or standards. Appropriate in formal writing, GRE sentence-equivalence, and academic contexts where precision matters.","Avoid ""nonjudgmental"" in casual conversation among friends unless you are certain the listener will understand; it can sound pretentious. Also avoid when a simpler synonym suffices.",Academic: Contemporary scholars debate whether the nonjudgmental hypothesis adequately explains the observed data.,"Conversational: You know, it's pretty clear that the nonjudgmental situation needs our immediate attention.",GRE: Analysts noted that the company's ___ strategy had ___ results in the last quarter. (fill in: nonjudgmental)
1628,unattractive,adjective,lacking power to arouse interest,untempting,attractive,"Use ""unattractive"" (adjective) when you want to convey lacking power to arouse interest. Appropriate in formal writing, GRE sentence-equivalence, and academic contexts where precision matters.","Avoid ""unattractive"" in casual conversation among friends unless you are certain the listener will understand; it can sound pretentious. Also avoid when a simpler synonym suffices.",Academic: The study concluded that the unattractive factor played a decisive role in the experimental outcome.,"Conversational: Honestly, the unattractive behavior of the team has been a major source of tension lately.",GRE: The committee's decision to ___ was met with both praise and criticism from stakeholders. (fill in: unattractive)
1629,charitable,adjective,full of love and generosity,sympathetic; benevolent; openhearted; kindly; good-hearted; large-hearted,uncharitable,"Use ""charitable"" (adjective) when you want to convey full of love and generosity. Appropriate in formal writing, GRE sentence-equivalence, and academic contexts where precision matters.","Avoid ""charitable"" in casual conversation among friends unless you are certain the listener will understand; it can sound pretentious. Also avoid when a simpler synonym suffices.",Academic: The study concluded that the charitable factor played a decisive role in the experimental outcome.,"Conversational: Look, the charitable results speak for themselves — we can't ignore them any longer.","GRE: Despite the ___ nature of the evidence, the researchers remained ___ about their conclusions. (fill in: charitable)"
1630,hypercatalectic,adjective,(verse) having an extra syllable or syllables at the end of a metrically complete verse or in a metrical foot,,catalectic; acatalectic,"Use ""hypercatalectic"" (adjective) when you want to convey (verse) having an extra syllable or syllables at the end of a metrically complete verse or in a metrical foot. Appropriate in formal writing, GRE sentence-equivalence, and academic contexts where precision matters.","Avoid ""hypercatalectic"" in casual conversation among friends unless you are certain the listener will understand; it can sound pretentious. Also avoid when a simpler synonym suffices.",Academic: The researcher's findings revealed that the hypercatalectic effect was statistically significant across all samples.,Conversational: I've noticed the hypercatalectic trend in our office culture and it's starting to concern me.,GRE: Analysts noted that the company's ___ strategy had ___ results in the last quarter. (fill in: hypercatalectic)
1631,improvable,adjective,susceptible of improvement,,,"Use ""improvable"" (adjective) when you want to convey susceptible of improvement. Appropriate in formal writing, GRE sentence-equivalence, and academic contexts where precision matters.","Avoid ""improvable"" in casual conversation among friends unless you are certain the listener will understand; it can sound pretentious. Also avoid when a simpler synonym suffices.",Academic: The study concluded that the improvable factor played a decisive role in the experimental outcome.,"Conversational: You know, it's pretty clear that the improvable situation needs our immediate attention.",GRE: Analysts noted that the company's ___ strategy had ___ results in the last quarter. (fill in: improvable)
1632,discombobulated,adjective,having self-possession upset; thrown into confusion; ; - G.B.Shaw,befuddle; confound; bedevil; bewilder; fox; confuse,,"Use ""discombobulated"" (adjective) when you want to convey having self-possession upset; thrown into confusion; ; - g.b.shaw. Appropriate in formal writing, GRE sentence-equivalence, and academic contexts where precision matters.","Avoid ""discombobulated"" in casual conversation among friends unless you are certain the listener will understand; it can sound pretentious. Also avoid when a simpler synonym suffices.","Academic: In the scholarly article, the author argued that the discombobulated phenomenon could not be overlooked.",Conversational: I told him the discombobulated approach just wouldn't work here — we need to rethink this.,GRE: The author's ___ tone contrasted sharply with the ___ underlying message of the passage. (fill in: discombobulated)
1633,unstable,adjective,affording no ease or reassurance,precarious; unsound; mentally ill; fluid,stable,"Use ""unstable"" (adjective) when you want to convey affording no ease or reassurance. Appropriate in formal writing, GRE sentence-equivalence, and academic contexts where precision matters.","Avoid ""unstable"" in casual conversation among friends unless you are certain the listener will understand; it can sound pretentious. Also avoid when a simpler synonym suffices.",Academic: Contemporary scholars debate whether the unstable hypothesis adequately explains the observed data.,Conversational: I told him the unstable approach just wouldn't work here — we need to rethink this.,GRE: Analysts noted that the company's ___ strategy had ___ results in the last quarter. (fill in: unstable)
1634,neutral,adjective,having no hue,indifferent; achromatic; inert; impersonal; electroneutral,negative; positive; chromatic,"Use ""neutral"" (adjective) when you want to convey having no hue. Appropriate in formal writing, GRE sentence-equivalence, and academic contexts where precision matters.","Avoid ""neutral"" in casual conversation among friends unless you are certain the listener will understand; it can sound pretentious. Also avoid when a simpler synonym suffices.",Academic: Contemporary scholars debate whether the neutral hypothesis adequately explains the observed data.,"Conversational: You know, it's pretty clear that the neutral situation needs our immediate attention.",GRE: The author's ___ tone contrasted sharply with the ___ underlying message of the passage. (fill in: neutral)
1635,diadromous,adjective,(used of fish) migratory between fresh and salt waters,,anadromous; catadromous,"Use ""diadromous"" (adjective) when you want to convey (used of fish) migratory between fresh and salt waters. Appropriate in formal writing, GRE sentence-equivalence, and academic contexts where precision matters.","Avoid ""diadromous"" in casual conversation among friends unless you are certain the listener will understand; it can sound pretentious. Also avoid when a simpler synonym suffices.",Academic: The researcher's findings revealed that the diadromous effect was statistically significant across all samples.,"Conversational: You know, it's pretty clear that the diadromous situation needs our immediate attention.",GRE: Analysts noted that the company's ___ strategy had ___ results in the last quarter. (fill in: diadromous)
1636,epideictic,adjective,designed primarily for rhetorical display,epideictical,,"Use ""epideictic"" (adjective) when you want to convey designed primarily for rhetorical display. Appropriate in formal writing, GRE sentence-equivalence, and academic contexts where precision matters.","Avoid ""epideictic"" in casual conversation among friends unless you are certain the listener will understand; it can sound pretentious. Also avoid when a simpler synonym suffices.",Academic: A key consideration in modern discourse is how the epideictic principle shapes contemporary policy decisions.,Conversational: I told him the epideictic approach just wouldn't work here — we need to rethink this.,GRE: The author's ___ tone contrasted sharply with the ___ underlying message of the passage. (fill in: epideictic)
1637,ablaze,adjective,resembling flame in brilliance or color,on fire; aflare; aflame; afire; aroused; alight,,"Use ""ablaze"" (adjective) when you want to convey resembling flame in brilliance or color. Appropriate in formal writing, GRE sentence-equivalence, and academic contexts where precision matters.","Avoid ""ablaze"" in casual conversation among friends unless you are certain the listener will understand; it can sound pretentious. Also avoid when a simpler synonym suffices.",Academic: The study concluded that the ablaze factor played a decisive role in the experimental outcome.,Conversational: I've noticed the ablaze trend in our office culture and it's starting to concern me.,GRE: The author's ___ tone contrasted sharply with the ___ underlying message of the passage. (fill in: ablaze)
1638,impatient,adjective,(usually followed by `to') full of eagerness,raring,patient,"Use ""impatient"" (adjective) when you want to convey (usually followed by `to') full of eagerness. Appropriate in formal writing, GRE sentence-equivalence, and academic contexts where precision matters.","Avoid ""impatient"" in casual conversation among friends unless you are certain the listener will understand; it can sound pretentious. Also avoid when a simpler synonym suffices.","Academic: In the scholarly article, the author argued that the impatient phenomenon could not be overlooked.","Conversational: Honestly, the impatient behavior of the team has been a major source of tension lately.",GRE: The committee's decision to ___ was met with both praise and criticism from stakeholders. (fill in: impatient)
1639,inanimate,adjective,belonging to the class of nouns denoting nonliving things,pulseless; non-living; breathless; nonliving,animate,"Use ""inanimate"" (adjective) when you want to convey belonging to the class of nouns denoting nonliving things. Appropriate in formal writing, GRE sentence-equivalence, and academic contexts where precision matters.","Avoid ""inanimate"" in casual conversation among friends unless you are certain the listener will understand; it can sound pretentious. Also avoid when a simpler synonym suffices.",Academic: The researcher's findings revealed that the inanimate effect was statistically significant across all samples.,"Conversational: Look, the inanimate results speak for themselves — we can't ignore them any longer.",GRE: The author's ___ tone contrasted sharply with the ___ underlying message of the passage. (fill in: inanimate)
1640,hardbound,adjective,having a hard back or cover,hardbacked; hardcover; hardback,,"Use ""hardbound"" (adjective) when you want to convey having a hard back or cover. Appropriate in formal writing, GRE sentence-equivalence, and academic contexts where precision matters.","Avoid ""hardbound"" in casual conversation among friends unless you are certain the listener will understand; it can sound pretentious. Also avoid when a simpler synonym suffices.",Academic: The study concluded that the hardbound factor played a decisive role in the experimental outcome.,"Conversational: Look, the hardbound results speak for themselves — we can't ignore them any longer.",GRE: Analysts noted that the company's ___ strategy had ___ results in the last quarter. (fill in: hardbound)
1641,sweet-faced,adjective,having a pleasing face or one showing a sweet disposition,,,"Use ""sweet-faced"" (adjective) when you want to convey having a pleasing face or one showing a sweet disposition. Appropriate in formal writing, GRE sentence-equivalence, and academic contexts where precision matters.","Avoid ""sweet-faced"" in casual conversation among friends unless you are certain the listener will understand; it can sound pretentious. Also avoid when a simpler synonym suffices.",Academic: The researcher's findings revealed that the sweet-faced effect was statistically significant across all samples.,"Conversational: Look, the sweet-faced results speak for themselves — we can't ignore them any longer.",GRE: The author's ___ tone contrasted sharply with the ___ underlying message of the passage. (fill in: sweet-faced)
1642,on-line,adjective,being in progress now,online,off-line,"Use ""on-line"" (adjective) when you want to convey being in progress now. Appropriate in formal writing, GRE sentence-equivalence, and academic contexts where precision matters.","Avoid ""on-line"" in casual conversation among friends unless you are certain the listener will understand; it can sound pretentious. Also avoid when a simpler synonym suffices.",Academic: The researcher's findings revealed that the on-line effect was statistically significant across all samples.,Conversational: I've noticed the on-line trend in our office culture and it's starting to concern me.,GRE: Analysts noted that the company's ___ strategy had ___ results in the last quarter. (fill in: on-line)
1643,focused,adjective,of an optical system (e.g. eye or opera glasses) adjusted to produce a clear image,center; centre; concentrate; pore; focus; rivet,blur; unfocused,"Use ""focused"" (adjective) when you want to convey of an optical system (e.g. eye or opera glasses) adjusted to produce a clear image. Appropriate in formal writing, GRE sentence-equivalence, and academic contexts where precision matters.","Avoid ""focused"" in casual conversation among friends unless you are certain the listener will understand; it can sound pretentious. Also avoid when a simpler synonym suffices.",Academic: Contemporary scholars debate whether the focused hypothesis adequately explains the observed data.,Conversational: I've noticed the focused trend in our office culture and it's starting to concern me.,GRE: The professor described the ___ as a ___ that ___ the entire field of study. (fill in: focused)
1644,reflexive,adjective,referring back to itself,reflex; automatic; self-referent; reflexive pronoun,,"Use ""reflexive"" (adjective) when you want to convey referring back to itself. Appropriate in formal writing, GRE sentence-equivalence, and academic contexts where precision matters.","Avoid ""reflexive"" in casual conversation among friends unless you are certain the listener will understand; it can sound pretentious. Also avoid when a simpler synonym suffices.",Academic: The researcher's findings revealed that the reflexive effect was statistically significant across all samples.,"Conversational: Honestly, the reflexive behavior of the team has been a major source of tension lately.","GRE: Despite the ___ nature of the evidence, the researchers remained ___ about their conclusions. (fill in: reflexive)"
1645,static,adjective,showing little if any change,still; electrostatic; inactive; atmospherics; motionless; atmospheric static,,"Use ""static"" (adjective) when you want to convey showing little if any change. Appropriate in formal writing, GRE sentence-equivalence, and academic contexts where precision matters.","Avoid ""static"" in casual conversation among friends unless you are certain the listener will understand; it can sound pretentious. Also avoid when a simpler synonym suffices.",Academic: Contemporary scholars debate whether the static hypothesis adequately explains the observed data.,Conversational: I've noticed the static trend in our office culture and it's starting to concern me.,GRE: The committee's decision to ___ was met with both praise and criticism from stakeholders. (fill in: static)
1646,undecided,adjective,characterized by indecision,undetermined; unresolved; on the fence; open,,"Use ""undecided"" (adjective) when you want to convey characterized by indecision. Appropriate in formal writing, GRE sentence-equivalence, and academic contexts where precision matters.","Avoid ""undecided"" in casual conversation among friends unless you are certain the listener will understand; it can sound pretentious. Also avoid when a simpler synonym suffices.",Academic: The researcher's findings revealed that the undecided effect was statistically significant across all samples.,"Conversational: Look, the undecided results speak for themselves — we can't ignore them any longer.","GRE: Despite the ___ nature of the evidence, the researchers remained ___ about their conclusions. (fill in: undecided)"
1647,lackluster,adjective,lacking brilliance or vitality,lacklustre; lusterless; lustreless,,"Use ""lackluster"" (adjective) when you want to convey lacking brilliance or vitality. Appropriate in formal writing, GRE sentence-equivalence, and academic contexts where precision matters.","Avoid ""lackluster"" in casual conversation among friends unless you are certain the listener will understand; it can sound pretentious. Also avoid when a simpler synonym suffices.",Academic: The researcher's findings revealed that the lackluster effect was statistically significant across all samples.,"Conversational: You know, it's pretty clear that the lackluster situation needs our immediate attention.",GRE: The committee's decision to ___ was met with both praise and criticism from stakeholders. (fill in: lackluster)
1648,elusive,adjective,skillful at eluding capture; - David Kline,problematical; tough; problematic; subtle; baffling; knotty,,"Use ""elusive"" (adjective) when you want to convey skillful at eluding capture; - david kline. Appropriate in formal writing, GRE sentence-equivalence, and academic contexts where precision matters.","Avoid ""elusive"" in casual conversation among friends unless you are certain the listener will understand; it can sound pretentious. Also avoid when a simpler synonym suffices.",Academic: The researcher's findings revealed that the elusive effect was statistically significant across all samples.,Conversational: I've noticed the elusive trend in our office culture and it's starting to concern me.,GRE: The author's ___ tone contrasted sharply with the ___ underlying message of the passage. (fill in: elusive)
1649,uninspired,adjective,having no intellectual or emotional or spiritual excitement,uninventive; sterile; unimaginative,,"Use ""uninspired"" (adjective) when you want to convey having no intellectual or emotional or spiritual excitement. Appropriate in formal writing, GRE sentence-equivalence, and academic contexts where precision matters.","Avoid ""uninspired"" in casual conversation among friends unless you are certain the listener will understand; it can sound pretentious. Also avoid when a simpler synonym suffices.",Academic: The study concluded that the uninspired factor played a decisive role in the experimental outcome.,Conversational: I told him the uninspired approach just wouldn't work here — we need to rethink this.,GRE: The author's ___ tone contrasted sharply with the ___ underlying message of the passage. (fill in: uninspired)
1650,cramped,adjective,constricted in size,strangle; cramp; halter; hamper,,"Use ""cramped"" (adjective) when you want to convey constricted in size. Appropriate in formal writing, GRE sentence-equivalence, and academic contexts where precision matters.","Avoid ""cramped"" in casual conversation among friends unless you are certain the listener will understand; it can sound pretentious. Also avoid when a simpler synonym suffices.","Academic: In the scholarly article, the author argued that the cramped phenomenon could not be overlooked.",Conversational: I told him the cramped approach just wouldn't work here — we need to rethink this.,"GRE: Despite the ___ nature of the evidence, the researchers remained ___ about their conclusions. (fill in: cramped)"
1651,high-octane,adjective,vigorously energetic or forceful,high-power; high-energy; high-voltage; high-powered,,"Use ""high-octane"" (adjective) when you want to convey vigorously energetic or forceful. Appropriate in formal writing, GRE sentence-equivalence, and academic contexts where precision matters.","Avoid ""high-octane"" in casual conversation among friends unless you are certain the listener will understand; it can sound pretentious. Also avoid when a simpler synonym suffices.",Academic: Contemporary scholars debate whether the high-octane hypothesis adequately explains the observed data.,Conversational: I've noticed the high-octane trend in our office culture and it's starting to concern me.,GRE: The committee's decision to ___ was met with both praise and criticism from stakeholders. (fill in: high-octane)
1652,spellbinding,adjective,attracting and holding interest as if by a spell,bewitch; mesmerise; fascinate; mesmerize; grip; transfix,,"Use ""spellbinding"" (adjective) when you want to convey attracting and holding interest as if by a spell. Appropriate in formal writing, GRE sentence-equivalence, and academic contexts where precision matters.","Avoid ""spellbinding"" in casual conversation among friends unless you are certain the listener will understand; it can sound pretentious. Also avoid when a simpler synonym suffices.",Academic: Contemporary scholars debate whether the spellbinding hypothesis adequately explains the observed data.,Conversational: I've noticed the spellbinding trend in our office culture and it's starting to concern me.,GRE: The committee's decision to ___ was met with both praise and criticism from stakeholders. (fill in: spellbinding)
1653,uncomplicated,adjective,easy and not involved or complicated,unsophisticated; elementary; unproblematic; simple,,"Use ""uncomplicated"" (adjective) when you want to convey easy and not involved or complicated. Appropriate in formal writing, GRE sentence-equivalence, and academic contexts where precision matters.","Avoid ""uncomplicated"" in casual conversation among friends unless you are certain the listener will understand; it can sound pretentious. Also avoid when a simpler synonym suffices.","Academic: In the scholarly article, the author argued that the uncomplicated phenomenon could not be overlooked.","Conversational: Look, the uncomplicated results speak for themselves — we can't ignore them any longer.",GRE: Analysts noted that the company's ___ strategy had ___ results in the last quarter. (fill in: uncomplicated)
1654,roundabout,adjective,marked by obliqueness or indirection in speech or conduct,carrousel; merry-go-round; carousel; circle; whirligig; traffic circle,,"Use ""roundabout"" (adjective) when you want to convey marked by obliqueness or indirection in speech or conduct. Appropriate in formal writing, GRE sentence-equivalence, and academic contexts where precision matters.","Avoid ""roundabout"" in casual conversation among friends unless you are certain the listener will understand; it can sound pretentious. Also avoid when a simpler synonym suffices.",Academic: Contemporary scholars debate whether the roundabout hypothesis adequately explains the observed data.,Conversational: I've noticed the roundabout trend in our office culture and it's starting to concern me.,GRE: The committee's decision to ___ was met with both praise and criticism from stakeholders. (fill in: roundabout)
1655,dreamy,adjective,lacking spirit or liveliness,languorous; languid; lackadaisical; woolgathering; moony,,"Use ""dreamy"" (adjective) when you want to convey lacking spirit or liveliness. Appropriate in formal writing, GRE sentence-equivalence, and academic contexts where precision matters.","Avoid ""dreamy"" in casual conversation among friends unless you are certain the listener will understand; it can sound pretentious. Also avoid when a simpler synonym suffices.",Academic: The study concluded that the dreamy factor played a decisive role in the experimental outcome.,Conversational: I've noticed the dreamy trend in our office culture and it's starting to concern me.,"GRE: Despite the ___ nature of the evidence, the researchers remained ___ about their conclusions. (fill in: dreamy)"
1656,hyaloid,adjective,resembling glass in transparency or translucency; -Sacheverell Sitwell,hyaloid membrane; hyaline,,"Use ""hyaloid"" (adjective) when you want to convey resembling glass in transparency or translucency; -sacheverell sitwell. Appropriate in formal writing, GRE sentence-equivalence, and academic contexts where precision matters.","Avoid ""hyaloid"" in casual conversation among friends unless you are certain the listener will understand; it can sound pretentious. Also avoid when a simpler synonym suffices.",Academic: A key consideration in modern discourse is how the hyaloid principle shapes contemporary policy decisions.,"Conversational: You know, it's pretty clear that the hyaloid situation needs our immediate attention.",GRE: The author's ___ tone contrasted sharply with the ___ underlying message of the passage. (fill in: hyaloid)
1657,wanton,adjective,casual and unrestrained in sexual behavior,trifle away; piddle away; wanton away; trifle; luxuriate; piddle,,"Use ""wanton"" (adjective) when you want to convey casual and unrestrained in sexual behavior. Appropriate in formal writing, GRE sentence-equivalence, and academic contexts where precision matters.","Avoid ""wanton"" in casual conversation among friends unless you are certain the listener will understand; it can sound pretentious. Also avoid when a simpler synonym suffices.",Academic: The study concluded that the wanton factor played a decisive role in the experimental outcome.,Conversational: I told him the wanton approach just wouldn't work here — we need to rethink this.,"GRE: Despite the ___ nature of the evidence, the researchers remained ___ about their conclusions. (fill in: wanton)"
1658,bright-red,adjective,of the red of fresh raspberries,raspberry-red,,"Use ""bright-red"" (adjective) when you want to convey of the red of fresh raspberries. Appropriate in formal writing, GRE sentence-equivalence, and academic contexts where precision matters.","Avoid ""bright-red"" in casual conversation among friends unless you are certain the listener will understand; it can sound pretentious. Also avoid when a simpler synonym suffices.",Academic: The study concluded that the bright-red factor played a decisive role in the experimental outcome.,"Conversational: Honestly, the bright-red behavior of the team has been a major source of tension lately.",GRE: The author's ___ tone contrasted sharply with the ___ underlying message of the passage. (fill in: bright-red)
1659,sublime,adjective,lifted up or set high; - Milton,grand; empyreal; elevated; lofty; rarefied; rarified,,"Use ""sublime"" (adjective) when you want to convey lifted up or set high; - milton. Appropriate in formal writing, GRE sentence-equivalence, and academic contexts where precision matters.","Avoid ""sublime"" in casual conversation among friends unless you are certain the listener will understand; it can sound pretentious. Also avoid when a simpler synonym suffices.",Academic: Contemporary scholars debate whether the sublime hypothesis adequately explains the observed data.,"Conversational: You know, it's pretty clear that the sublime situation needs our immediate attention.","GRE: Despite the ___ nature of the evidence, the researchers remained ___ about their conclusions. (fill in: sublime)"
1660,churned-up,adjective,moving with or producing or produced by vigorous agitation,churning,,"Use ""churned-up"" (adjective) when you want to convey moving with or producing or produced by vigorous agitation. Appropriate in formal writing, GRE sentence-equivalence, and academic contexts where precision matters.","Avoid ""churned-up"" in casual conversation among friends unless you are certain the listener will understand; it can sound pretentious. Also avoid when a simpler synonym suffices.",Academic: The researcher's findings revealed that the churned-up effect was statistically significant across all samples.,"Conversational: Honestly, the churned-up behavior of the team has been a major source of tension lately.","GRE: Despite the ___ nature of the evidence, the researchers remained ___ about their conclusions. (fill in: churned-up)"
1661,stiff-haired,adjective,having stiff hair,,,"Use ""stiff-haired"" (adjective) when you want to convey having stiff hair. Appropriate in formal writing, GRE sentence-equivalence, and academic contexts where precision matters.","Avoid ""stiff-haired"" in casual conversation among friends unless you are certain the listener will understand; it can sound pretentious. Also avoid when a simpler synonym suffices.",Academic: The researcher's findings revealed that the stiff-haired effect was statistically significant across all samples.,"Conversational: You know, it's pretty clear that the stiff-haired situation needs our immediate attention.",GRE: The professor described the ___ as a ___ that ___ the entire field of study. (fill in: stiff-haired)
1662,mousey,adjective,of something having a drab pale brown color resembling a mouse,mouse-colored; mouselike; mousy,,"Use ""mousey"" (adjective) when you want to convey of something having a drab pale brown color resembling a mouse. Appropriate in formal writing, GRE sentence-equivalence, and academic contexts where precision matters.","Avoid ""mousey"" in casual conversation among friends unless you are certain the listener will understand; it can sound pretentious. Also avoid when a simpler synonym suffices.",Academic: Contemporary scholars debate whether the mousey hypothesis adequately explains the observed data.,Conversational: I've noticed the mousey trend in our office culture and it's starting to concern me.,"GRE: Despite the ___ nature of the evidence, the researchers remained ___ about their conclusions. (fill in: mousey)"
1663,inland,adjective,situated away from an area's coast or border,,coastal,"Use ""inland"" (adjective) when you want to convey situated away from an area's coast or border. Appropriate in formal writing, GRE sentence-equivalence, and academic contexts where precision matters.","Avoid ""inland"" in casual conversation among friends unless you are certain the listener will understand; it can sound pretentious. Also avoid when a simpler synonym suffices.",Academic: A key consideration in modern discourse is how the inland principle shapes contemporary policy decisions.,Conversational: I told him the inland approach just wouldn't work here — we need to rethink this.,GRE: The committee's decision to ___ was met with both praise and criticism from stakeholders. (fill in: inland)
1664,prepossessing,adjective,creating a favorable impression,prejudice; prepossess,,"Use ""prepossessing"" (adjective) when you want to convey creating a favorable impression. Appropriate in formal writing, GRE sentence-equivalence, and academic contexts where precision matters.","Avoid ""prepossessing"" in casual conversation among friends unless you are certain the listener will understand; it can sound pretentious. Also avoid when a simpler synonym suffices.","Academic: In the scholarly article, the author argued that the prepossessing phenomenon could not be overlooked.",Conversational: I've noticed the prepossessing trend in our office culture and it's starting to concern me.,GRE: The author's ___ tone contrasted sharply with the ___ underlying message of the passage. (fill in: prepossessing)
1665,broken-down,adjective,in deplorable condition,tatterdemalion; bedraggled; dilapidated; derelict; ramshackle; tumble-down,,"Use ""broken-down"" (adjective) when you want to convey in deplorable condition. Appropriate in formal writing, GRE sentence-equivalence, and academic contexts where precision matters.","Avoid ""broken-down"" in casual conversation among friends unless you are certain the listener will understand; it can sound pretentious. Also avoid when a simpler synonym suffices.","Academic: In the scholarly article, the author argued that the broken-down phenomenon could not be overlooked.",Conversational: I've noticed the broken-down trend in our office culture and it's starting to concern me.,GRE: The committee's decision to ___ was met with both praise and criticism from stakeholders. (fill in: broken-down)
1666,tip-up,adjective,constructed so as to tip up or out of the way,,,"Use ""tip-up"" (adjective) when you want to convey constructed so as to tip up or out of the way. Appropriate in formal writing, GRE sentence-equivalence, and academic contexts where precision matters.","Avoid ""tip-up"" in casual conversation among friends unless you are certain the listener will understand; it can sound pretentious. Also avoid when a simpler synonym suffices.",Academic: The study concluded that the tip-up factor played a decisive role in the experimental outcome.,Conversational: I told him the tip-up approach just wouldn't work here — we need to rethink this.,GRE: The professor described the ___ as a ___ that ___ the entire field of study. (fill in: tip-up)
1667,jaundiced,adjective,showing or affected by prejudice or envy or distaste,yellow; icteric; jaundice,,"Use ""jaundiced"" (adjective) when you want to convey showing or affected by prejudice or envy or distaste. Appropriate in formal writing, GRE sentence-equivalence, and academic contexts where precision matters.","Avoid ""jaundiced"" in casual conversation among friends unless you are certain the listener will understand; it can sound pretentious. Also avoid when a simpler synonym suffices.",Academic: The study concluded that the jaundiced factor played a decisive role in the experimental outcome.,"Conversational: Honestly, the jaundiced behavior of the team has been a major source of tension lately.",GRE: The committee's decision to ___ was met with both praise and criticism from stakeholders. (fill in: jaundiced)
1668,palish,adjective,slightly pale,,,"Use ""palish"" (adjective) when you want to convey slightly pale. Appropriate in formal writing, GRE sentence-equivalence, and academic contexts where precision matters.","Avoid ""palish"" in casual conversation among friends unless you are certain the listener will understand; it can sound pretentious. Also avoid when a simpler synonym suffices.",Academic: The researcher's findings revealed that the palish effect was statistically significant across all samples.,"Conversational: Look, the palish results speak for themselves — we can't ignore them any longer.",GRE: The author's ___ tone contrasted sharply with the ___ underlying message of the passage. (fill in: palish)
1669,beadlike,adjective,small and round and shiny like a shiny bead or button,buttonlike; beady; buttony,,"Use ""beadlike"" (adjective) when you want to convey small and round and shiny like a shiny bead or button. Appropriate in formal writing, GRE sentence-equivalence, and academic contexts where precision matters.","Avoid ""beadlike"" in casual conversation among friends unless you are certain the listener will understand; it can sound pretentious. Also avoid when a simpler synonym suffices.",Academic: A key consideration in modern discourse is how the beadlike principle shapes contemporary policy decisions.,"Conversational: Honestly, the beadlike behavior of the team has been a major source of tension lately.",GRE: The author's ___ tone contrasted sharply with the ___ underlying message of the passage. (fill in: beadlike)
1670,straightforward,adjective,free from ambiguity,straight; square; aboveboard,,"Use ""straightforward"" (adjective) when you want to convey free from ambiguity. Appropriate in formal writing, GRE sentence-equivalence, and academic contexts where precision matters.","Avoid ""straightforward"" in casual conversation among friends unless you are certain the listener will understand; it can sound pretentious. Also avoid when a simpler synonym suffices.",Academic: The study concluded that the straightforward factor played a decisive role in the experimental outcome.,Conversational: I've noticed the straightforward trend in our office culture and it's starting to concern me.,GRE: The professor described the ___ as a ___ that ___ the entire field of study. (fill in: straightforward)
1671,coextensive,adjective,being of equal extent or scope or duration,coterminous; conterminous,,"Use ""coextensive"" (adjective) when you want to convey being of equal extent or scope or duration. Appropriate in formal writing, GRE sentence-equivalence, and academic contexts where precision matters.","Avoid ""coextensive"" in casual conversation among friends unless you are certain the listener will understand; it can sound pretentious. Also avoid when a simpler synonym suffices.",Academic: Contemporary scholars debate whether the coextensive hypothesis adequately explains the observed data.,"Conversational: Honestly, the coextensive behavior of the team has been a major source of tension lately.","GRE: Despite the ___ nature of the evidence, the researchers remained ___ about their conclusions. (fill in: coextensive)"
1672,middle,adjective,of a stage in the development of a language or literature between earlier and later stages,eye; center; centre; midsection; heart; midriff,early; end; late; beginning,"Use ""middle"" (adjective) when you want to convey of a stage in the development of a language or literature between earlier and later stages. Appropriate in formal writing, GRE sentence-equivalence, and academic contexts where precision matters.","Avoid ""middle"" in casual conversation among friends unless you are certain the listener will understand; it can sound pretentious. Also avoid when a simpler synonym suffices.",Academic: The researcher's findings revealed that the middle effect was statistically significant across all samples.,"Conversational: Look, the middle results speak for themselves — we can't ignore them any longer.",GRE: The author's ___ tone contrasted sharply with the ___ underlying message of the passage. (fill in: middle)
1673,coincident,adjective,matching point for point,coincidental; co-occurrent; simultaneous; concurrent; coinciding; cooccurring,,"Use ""coincident"" (adjective) when you want to convey matching point for point. Appropriate in formal writing, GRE sentence-equivalence, and academic contexts where precision matters.","Avoid ""coincident"" in casual conversation among friends unless you are certain the listener will understand; it can sound pretentious. Also avoid when a simpler synonym suffices.",Academic: Contemporary scholars debate whether the coincident hypothesis adequately explains the observed data.,"Conversational: Look, the coincident results speak for themselves — we can't ignore them any longer.",GRE: Analysts noted that the company's ___ strategy had ___ results in the last quarter. (fill in: coincident)
1674,innumerate,adjective,lacking knowledge and understanding of mathematical concepts and methods,,numerate,"Use ""innumerate"" (adjective) when you want to convey lacking knowledge and understanding of mathematical concepts and methods. Appropriate in formal writing, GRE sentence-equivalence, and academic contexts where precision matters.","Avoid ""innumerate"" in casual conversation among friends unless you are certain the listener will understand; it can sound pretentious. Also avoid when a simpler synonym suffices.",Academic: A key consideration in modern discourse is how the innumerate principle shapes contemporary policy decisions.,Conversational: I've noticed the innumerate trend in our office culture and it's starting to concern me.,GRE: The author's ___ tone contrasted sharply with the ___ underlying message of the passage. (fill in: innumerate)
1675,unimagined,adjective,not imagined even in a dream,undreamed of; undreamt; undreamt of; undreamed,,"Use ""unimagined"" (adjective) when you want to convey not imagined even in a dream. Appropriate in formal writing, GRE sentence-equivalence, and academic contexts where precision matters.","Avoid ""unimagined"" in casual conversation among friends unless you are certain the listener will understand; it can sound pretentious. Also avoid when a simpler synonym suffices.",Academic: The study concluded that the unimagined factor played a decisive role in the experimental outcome.,"Conversational: Honestly, the unimagined behavior of the team has been a major source of tension lately.",GRE: The professor described the ___ as a ___ that ___ the entire field of study. (fill in: unimagined)
1676,bespoken,adjective,pledged to be married,call for; point; indicate; quest; bespeak; request,,"Use ""bespoken"" (adjective) when you want to convey pledged to be married. Appropriate in formal writing, GRE sentence-equivalence, and academic contexts where precision matters.","Avoid ""bespoken"" in casual conversation among friends unless you are certain the listener will understand; it can sound pretentious. Also avoid when a simpler synonym suffices.",Academic: Contemporary scholars debate whether the bespoken hypothesis adequately explains the observed data.,"Conversational: Honestly, the bespoken behavior of the team has been a major source of tension lately.","GRE: Despite the ___ nature of the evidence, the researchers remained ___ about their conclusions. (fill in: bespoken)"
1677,drill-like,adjective,resembling a drill,,,"Use ""drill-like"" (adjective) when you want to convey resembling a drill. Appropriate in formal writing, GRE sentence-equivalence, and academic contexts where precision matters.","Avoid ""drill-like"" in casual conversation among friends unless you are certain the listener will understand; it can sound pretentious. Also avoid when a simpler synonym suffices.",Academic: The researcher's findings revealed that the drill-like effect was statistically significant across all samples.,"Conversational: You know, it's pretty clear that the drill-like situation needs our immediate attention.",GRE: Analysts noted that the company's ___ strategy had ___ results in the last quarter. (fill in: drill-like)
1678,primary,adjective,not derived from or reducible to something else; basic,chief; main; principal; primary election; primary feather; primary coil,secondary,"Use ""primary"" (adjective) when you want to convey not derived from or reducible to something else; basic. Appropriate in formal writing, GRE sentence-equivalence, and academic contexts where precision matters.","Avoid ""primary"" in casual conversation among friends unless you are certain the listener will understand; it can sound pretentious. Also avoid when a simpler synonym suffices.",Academic: The study concluded that the primary factor played a decisive role in the experimental outcome.,Conversational: I told him the primary approach just wouldn't work here — we need to rethink this.,GRE: The committee's decision to ___ was met with both praise and criticism from stakeholders. (fill in: primary)
1679,stodgy,adjective,excessively conventional and unimaginative and hence dull,mossy; fogyish; stick-in-the-mud; stuffy; moss-grown,,"Use ""stodgy"" (adjective) when you want to convey excessively conventional and unimaginative and hence dull. Appropriate in formal writing, GRE sentence-equivalence, and academic contexts where precision matters.","Avoid ""stodgy"" in casual conversation among friends unless you are certain the listener will understand; it can sound pretentious. Also avoid when a simpler synonym suffices.",Academic: The researcher's findings revealed that the stodgy effect was statistically significant across all samples.,Conversational: I've noticed the stodgy trend in our office culture and it's starting to concern me.,"GRE: Despite the ___ nature of the evidence, the researchers remained ___ about their conclusions. (fill in: stodgy)"
1680,floating,adjective,not definitely committed to a party or policy,blow; drift; be adrift; swim; float; natation,sink,"Use ""floating"" (adjective) when you want to convey not definitely committed to a party or policy. Appropriate in formal writing, GRE sentence-equivalence, and academic contexts where precision matters.","Avoid ""floating"" in casual conversation among friends unless you are certain the listener will understand; it can sound pretentious. Also avoid when a simpler synonym suffices.",Academic: A key consideration in modern discourse is how the floating principle shapes contemporary policy decisions.,Conversational: I've noticed the floating trend in our office culture and it's starting to concern me.,GRE: The author's ___ tone contrasted sharply with the ___ underlying message of the passage. (fill in: floating)
1681,inebriated,adjective,stupefied or excited by a chemical substance (especially alcohol),thrill; inebriate; exhilarate; exalt; beatify; tickle pink,sober,"Use ""inebriated"" (adjective) when you want to convey stupefied or excited by a chemical substance (especially alcohol). Appropriate in formal writing, GRE sentence-equivalence, and academic contexts where precision matters.","Avoid ""inebriated"" in casual conversation among friends unless you are certain the listener will understand; it can sound pretentious. Also avoid when a simpler synonym suffices.","Academic: In the scholarly article, the author argued that the inebriated phenomenon could not be overlooked.",Conversational: I told him the inebriated approach just wouldn't work here — we need to rethink this.,"GRE: Despite the ___ nature of the evidence, the researchers remained ___ about their conclusions. (fill in: inebriated)"
1682,merging,adjective,flowing together,merge; meeting; confluence; unite; conflux; unify,disunify,"Use ""merging"" (adjective) when you want to convey flowing together. Appropriate in formal writing, GRE sentence-equivalence, and academic contexts where precision matters.","Avoid ""merging"" in casual conversation among friends unless you are certain the listener will understand; it can sound pretentious. Also avoid when a simpler synonym suffices.","Academic: In the scholarly article, the author argued that the merging phenomenon could not be overlooked.","Conversational: You know, it's pretty clear that the merging situation needs our immediate attention.",GRE: Analysts noted that the company's ___ strategy had ___ results in the last quarter. (fill in: merging)
1683,appealing,adjective,able to attract interest or draw favorable attention; - Vincent Starrett,likeable; sympathetic; likable; attract; appeal; invoke,unappealing; unsympathetic; repel,"Use ""appealing"" (adjective) when you want to convey able to attract interest or draw favorable attention; - vincent starrett. Appropriate in formal writing, GRE sentence-equivalence, and academic contexts where precision matters.","Avoid ""appealing"" in casual conversation among friends unless you are certain the listener will understand; it can sound pretentious. Also avoid when a simpler synonym suffices.",Academic: The study concluded that the appealing factor played a decisive role in the experimental outcome.,Conversational: I've noticed the appealing trend in our office culture and it's starting to concern me.,"GRE: Despite the ___ nature of the evidence, the researchers remained ___ about their conclusions. (fill in: appealing)"
1684,impendent,adjective,close in time; about to occur,imminent; impending; close at hand; at hand,,"Use ""impendent"" (adjective) when you want to convey close in time; about to occur. Appropriate in formal writing, GRE sentence-equivalence, and academic contexts where precision matters.","Avoid ""impendent"" in casual conversation among friends unless you are certain the listener will understand; it can sound pretentious. Also avoid when a simpler synonym suffices.","Academic: In the scholarly article, the author argued that the impendent phenomenon could not be overlooked.","Conversational: You know, it's pretty clear that the impendent situation needs our immediate attention.",GRE: The professor described the ___ as a ___ that ___ the entire field of study. (fill in: impendent)
1685,transonic,adjective,(of speed) having or caused by speed approximately equal to that of sound in air at sea level,sonic,supersonic; subsonic,"Use ""transonic"" (adjective) when you want to convey (of speed) having or caused by speed approximately equal to that of sound in air at sea level. Appropriate in formal writing, GRE sentence-equivalence, and academic contexts where precision matters.","Avoid ""transonic"" in casual conversation among friends unless you are certain the listener will understand; it can sound pretentious. Also avoid when a simpler synonym suffices.",Academic: The researcher's findings revealed that the transonic effect was statistically significant across all samples.,"Conversational: Honestly, the transonic behavior of the team has been a major source of tension lately.",GRE: The committee's decision to ___ was met with both praise and criticism from stakeholders. (fill in: transonic)
1686,self-appointed,adjective,designated or chosen by yourself,,,"Use ""self-appointed"" (adjective) when you want to convey designated or chosen by yourself. Appropriate in formal writing, GRE sentence-equivalence, and academic contexts where precision matters.","Avoid ""self-appointed"" in casual conversation among friends unless you are certain the listener will understand; it can sound pretentious. Also avoid when a simpler synonym suffices.",Academic: Contemporary scholars debate whether the self-appointed hypothesis adequately explains the observed data.,"Conversational: You know, it's pretty clear that the self-appointed situation needs our immediate attention.","GRE: Despite the ___ nature of the evidence, the researchers remained ___ about their conclusions. (fill in: self-appointed)"
1687,inexhaustible,adjective,incapable of being entirely consumed or used up,unlimited,exhaustible,"Use ""inexhaustible"" (adjective) when you want to convey incapable of being entirely consumed or used up. Appropriate in formal writing, GRE sentence-equivalence, and academic contexts where precision matters.","Avoid ""inexhaustible"" in casual conversation among friends unless you are certain the listener will understand; it can sound pretentious. Also avoid when a simpler synonym suffices.",Academic: The study concluded that the inexhaustible factor played a decisive role in the experimental outcome.,Conversational: I've noticed the inexhaustible trend in our office culture and it's starting to concern me.,GRE: The author's ___ tone contrasted sharply with the ___ underlying message of the passage. (fill in: inexhaustible)
1688,slate-gray,adjective,of the color of slate or granite,stone-grey; slaty; slaty-grey; slatey; stone-gray; slaty-gray,,"Use ""slate-gray"" (adjective) when you want to convey of the color of slate or granite. Appropriate in formal writing, GRE sentence-equivalence, and academic contexts where precision matters.","Avoid ""slate-gray"" in casual conversation among friends unless you are certain the listener will understand; it can sound pretentious. Also avoid when a simpler synonym suffices.",Academic: A key consideration in modern discourse is how the slate-gray principle shapes contemporary policy decisions.,Conversational: I've noticed the slate-gray trend in our office culture and it's starting to concern me.,GRE: The committee's decision to ___ was met with both praise and criticism from stakeholders. (fill in: slate-gray)
1689,general,adjective,not specialized or limited to one class of things,worldwide; universal; world-wide; full general; cosmopolitan; ecumenical,local; specific; particular,"Use ""general"" (adjective) when you want to convey not specialized or limited to one class of things. Appropriate in formal writing, GRE sentence-equivalence, and academic contexts where precision matters.","Avoid ""general"" in casual conversation among friends unless you are certain the listener will understand; it can sound pretentious. Also avoid when a simpler synonym suffices.",Academic: The researcher's findings revealed that the general effect was statistically significant across all samples.,"Conversational: Look, the general results speak for themselves — we can't ignore them any longer.","GRE: Despite the ___ nature of the evidence, the researchers remained ___ about their conclusions. (fill in: general)"
1690,spread-out,adjective,especially spread in a fan shape,fanned,,"Use ""spread-out"" (adjective) when you want to convey especially spread in a fan shape. Appropriate in formal writing, GRE sentence-equivalence, and academic contexts where precision matters.","Avoid ""spread-out"" in casual conversation among friends unless you are certain the listener will understand; it can sound pretentious. Also avoid when a simpler synonym suffices.","Academic: In the scholarly article, the author argued that the spread-out phenomenon could not be overlooked.",Conversational: I told him the spread-out approach just wouldn't work here — we need to rethink this.,GRE: The author's ___ tone contrasted sharply with the ___ underlying message of the passage. (fill in: spread-out)
1691,alienating,adjective,causing hostility or loss of friendliness,disaffect; alien; estrange; alienate,,"Use ""alienating"" (adjective) when you want to convey causing hostility or loss of friendliness. Appropriate in formal writing, GRE sentence-equivalence, and academic contexts where precision matters.","Avoid ""alienating"" in casual conversation among friends unless you are certain the listener will understand; it can sound pretentious. Also avoid when a simpler synonym suffices.",Academic: A key consideration in modern discourse is how the alienating principle shapes contemporary policy decisions.,Conversational: I told him the alienating approach just wouldn't work here — we need to rethink this.,GRE: The committee's decision to ___ was met with both praise and criticism from stakeholders. (fill in: alienating)
1692,sentient,adjective,endowed with feeling and unstructured consciousness; - T.E.Lawrence,animate,insentient,"Use ""sentient"" (adjective) when you want to convey endowed with feeling and unstructured consciousness; - t.e.lawrence. Appropriate in formal writing, GRE sentence-equivalence, and academic contexts where precision matters.","Avoid ""sentient"" in casual conversation among friends unless you are certain the listener will understand; it can sound pretentious. Also avoid when a simpler synonym suffices.",Academic: Contemporary scholars debate whether the sentient hypothesis adequately explains the observed data.,Conversational: I've noticed the sentient trend in our office culture and it's starting to concern me.,GRE: The author's ___ tone contrasted sharply with the ___ underlying message of the passage. (fill in: sentient)
1693,pellucid,adjective,transmitting light; able to be seen through with clarity,perspicuous; crystalline; lucid; luculent; limpid; crystal clear,,"Use ""pellucid"" (adjective) when you want to convey transmitting light; able to be seen through with clarity. Appropriate in formal writing, GRE sentence-equivalence, and academic contexts where precision matters.","Avoid ""pellucid"" in casual conversation among friends unless you are certain the listener will understand; it can sound pretentious. Also avoid when a simpler synonym suffices.",Academic: The researcher's findings revealed that the pellucid effect was statistically significant across all samples.,Conversational: I've noticed the pellucid trend in our office culture and it's starting to concern me.,GRE: Analysts noted that the company's ___ strategy had ___ results in the last quarter. (fill in: pellucid)
1694,nonsensitive,adjective,never having had security classification,unrestricted,,"Use ""nonsensitive"" (adjective) when you want to convey never having had security classification. Appropriate in formal writing, GRE sentence-equivalence, and academic contexts where precision matters.","Avoid ""nonsensitive"" in casual conversation among friends unless you are certain the listener will understand; it can sound pretentious. Also avoid when a simpler synonym suffices.","Academic: In the scholarly article, the author argued that the nonsensitive phenomenon could not be overlooked.","Conversational: Honestly, the nonsensitive behavior of the team has been a major source of tension lately.",GRE: Analysts noted that the company's ___ strategy had ___ results in the last quarter. (fill in: nonsensitive)
1695,salacious,adjective,suggestive of or tending to moral looseness,lubricious; lustful; obscene; raunchy; lewd; prurient,,"Use ""salacious"" (adjective) when you want to convey suggestive of or tending to moral looseness. Appropriate in formal writing, GRE sentence-equivalence, and academic contexts where precision matters.","Avoid ""salacious"" in casual conversation among friends unless you are certain the listener will understand; it can sound pretentious. Also avoid when a simpler synonym suffices.","Academic: In the scholarly article, the author argued that the salacious phenomenon could not be overlooked.",Conversational: I told him the salacious approach just wouldn't work here — we need to rethink this.,GRE: The committee's decision to ___ was met with both praise and criticism from stakeholders. (fill in: salacious)
1696,heraldic,adjective,indicative of or announcing something to come,heraldist,,"Use ""heraldic"" (adjective) when you want to convey indicative of or announcing something to come. Appropriate in formal writing, GRE sentence-equivalence, and academic contexts where precision matters.","Avoid ""heraldic"" in casual conversation among friends unless you are certain the listener will understand; it can sound pretentious. Also avoid when a simpler synonym suffices.",Academic: A key consideration in modern discourse is how the heraldic principle shapes contemporary policy decisions.,"Conversational: Look, the heraldic results speak for themselves — we can't ignore them any longer.",GRE: The professor described the ___ as a ___ that ___ the entire field of study. (fill in: heraldic)
1697,sorted,adjective,arranged into groups,classify; sort out; screen; separate; sort; sieve,,"Use ""sorted"" (adjective) when you want to convey arranged into groups. Appropriate in formal writing, GRE sentence-equivalence, and academic contexts where precision matters.","Avoid ""sorted"" in casual conversation among friends unless you are certain the listener will understand; it can sound pretentious. Also avoid when a simpler synonym suffices.",Academic: The study concluded that the sorted factor played a decisive role in the experimental outcome.,"Conversational: Look, the sorted results speak for themselves — we can't ignore them any longer.",GRE: The author's ___ tone contrasted sharply with the ___ underlying message of the passage. (fill in: sorted)
1698,peach-colored,adjective,having the color of a ripe peach,,,"Use ""peach-colored"" (adjective) when you want to convey having the color of a ripe peach. Appropriate in formal writing, GRE sentence-equivalence, and academic contexts where precision matters.","Avoid ""peach-colored"" in casual conversation among friends unless you are certain the listener will understand; it can sound pretentious. Also avoid when a simpler synonym suffices.",Academic: The researcher's findings revealed that the peach-colored effect was statistically significant across all samples.,Conversational: I've noticed the peach-colored trend in our office culture and it's starting to concern me.,GRE: The committee's decision to ___ was met with both praise and criticism from stakeholders. (fill in: peach-colored)
1699,uncheerful,adjective,causing sad feelings of gloom and inadequacy,cheerless; depressing,cheerful,"Use ""uncheerful"" (adjective) when you want to convey causing sad feelings of gloom and inadequacy. Appropriate in formal writing, GRE sentence-equivalence, and academic contexts where precision matters.","Avoid ""uncheerful"" in casual conversation among friends unless you are certain the listener will understand; it can sound pretentious. Also avoid when a simpler synonym suffices.","Academic: In the scholarly article, the author argued that the uncheerful phenomenon could not be overlooked.","Conversational: You know, it's pretty clear that the uncheerful situation needs our immediate attention.",GRE: The author's ___ tone contrasted sharply with the ___ underlying message of the passage. (fill in: uncheerful)
1700,unexpressive,adjective,deliberately impassive in manner,expressionless; impassive; deadpan; poker-faced,,"Use ""unexpressive"" (adjective) when you want to convey deliberately impassive in manner. Appropriate in formal writing, GRE sentence-equivalence, and academic contexts where precision matters.","Avoid ""unexpressive"" in casual conversation among friends unless you are certain the listener will understand; it can sound pretentious. Also avoid when a simpler synonym suffices.",Academic: A key consideration in modern discourse is how the unexpressive principle shapes contemporary policy decisions.,Conversational: I've noticed the unexpressive trend in our office culture and it's starting to concern me.,GRE: The author's ___ tone contrasted sharply with the ___ underlying message of the passage. (fill in: unexpressive)
1701,blusterous,adjective,blowing in violent and abrupt bursts,blustering; blustery,,"Use ""blusterous"" (adjective) when you want to convey blowing in violent and abrupt bursts. Appropriate in formal writing, GRE sentence-equivalence, and academic contexts where precision matters.","Avoid ""blusterous"" in casual conversation among friends unless you are certain the listener will understand; it can sound pretentious. Also avoid when a simpler synonym suffices.",Academic: A key consideration in modern discourse is how the blusterous principle shapes contemporary policy decisions.,"Conversational: Honestly, the blusterous behavior of the team has been a major source of tension lately.",GRE: The professor described the ___ as a ___ that ___ the entire field of study. (fill in: blusterous)
1702,carpellate,adjective,bearing or consisting of carpels,pistillate,acarpelous,"Use ""carpellate"" (adjective) when you want to convey bearing or consisting of carpels. Appropriate in formal writing, GRE sentence-equivalence, and academic contexts where precision matters.","Avoid ""carpellate"" in casual conversation among friends unless you are certain the listener will understand; it can sound pretentious. Also avoid when a simpler synonym suffices.",Academic: The researcher's findings revealed that the carpellate effect was statistically significant across all samples.,Conversational: I've noticed the carpellate trend in our office culture and it's starting to concern me.,GRE: Analysts noted that the company's ___ strategy had ___ results in the last quarter. (fill in: carpellate)
1703,reversible,adjective,capable of assuming or producing either of two states,two-sided,irreversible; nonreversible,"Use ""reversible"" (adjective) when you want to convey capable of assuming or producing either of two states. Appropriate in formal writing, GRE sentence-equivalence, and academic contexts where precision matters.","Avoid ""reversible"" in casual conversation among friends unless you are certain the listener will understand; it can sound pretentious. Also avoid when a simpler synonym suffices.",Academic: The study concluded that the reversible factor played a decisive role in the experimental outcome.,"Conversational: Look, the reversible results speak for themselves — we can't ignore them any longer.",GRE: The author's ___ tone contrasted sharply with the ___ underlying message of the passage. (fill in: reversible)
1704,statesmanly,adjective,marked by the qualities of or befitting a statesman; ; -V.L.Parrington,statesmanlike,unstatesmanlike,"Use ""statesmanly"" (adjective) when you want to convey marked by the qualities of or befitting a statesman; ; -v.l.parrington. Appropriate in formal writing, GRE sentence-equivalence, and academic contexts where precision matters.","Avoid ""statesmanly"" in casual conversation among friends unless you are certain the listener will understand; it can sound pretentious. Also avoid when a simpler synonym suffices.","Academic: In the scholarly article, the author argued that the statesmanly phenomenon could not be overlooked.","Conversational: Honestly, the statesmanly behavior of the team has been a major source of tension lately.",GRE: Analysts noted that the company's ___ strategy had ___ results in the last quarter. (fill in: statesmanly)
1705,up-and-coming,adjective,working hard to promote an enterprise,energetic; industrious; gumptious,,"Use ""up-and-coming"" (adjective) when you want to convey working hard to promote an enterprise. Appropriate in formal writing, GRE sentence-equivalence, and academic contexts where precision matters.","Avoid ""up-and-coming"" in casual conversation among friends unless you are certain the listener will understand; it can sound pretentious. Also avoid when a simpler synonym suffices.",Academic: The study concluded that the up-and-coming factor played a decisive role in the experimental outcome.,Conversational: I've noticed the up-and-coming trend in our office culture and it's starting to concern me.,GRE: The committee's decision to ___ was met with both praise and criticism from stakeholders. (fill in: up-and-coming)
1706,despotic,adjective,characteristic of an absolute ruler or absolute rule; having absolute sovereignty,tyrannical; authoritarian; tyrannic; despotical; dictatorial; autocratic,,"Use ""despotic"" (adjective) when you want to convey characteristic of an absolute ruler or absolute rule; having absolute sovereignty. Appropriate in formal writing, GRE sentence-equivalence, and academic contexts where precision matters.","Avoid ""despotic"" in casual conversation among friends unless you are certain the listener will understand; it can sound pretentious. Also avoid when a simpler synonym suffices.",Academic: Contemporary scholars debate whether the despotic hypothesis adequately explains the observed data.,"Conversational: You know, it's pretty clear that the despotic situation needs our immediate attention.",GRE: The author's ___ tone contrasted sharply with the ___ underlying message of the passage. (fill in: despotic)
1707,blustering,adjective,blowing in violent and abrupt bursts,gasconade; gas; boast; swash; tout; shoot a line,,"Use ""blustering"" (adjective) when you want to convey blowing in violent and abrupt bursts. Appropriate in formal writing, GRE sentence-equivalence, and academic contexts where precision matters.","Avoid ""blustering"" in casual conversation among friends unless you are certain the listener will understand; it can sound pretentious. Also avoid when a simpler synonym suffices.",Academic: A key consideration in modern discourse is how the blustering principle shapes contemporary policy decisions.,"Conversational: Honestly, the blustering behavior of the team has been a major source of tension lately.",GRE: The committee's decision to ___ was met with both praise and criticism from stakeholders. (fill in: blustering)
1708,simple,adjective,easy and not involved or complicated,elementary; uncomplicated; bare; mere; unproblematic; simpleton,complex; compound,"Use ""simple"" (adjective) when you want to convey easy and not involved or complicated. Appropriate in formal writing, GRE sentence-equivalence, and academic contexts where precision matters.","Avoid ""simple"" in casual conversation among friends unless you are certain the listener will understand; it can sound pretentious. Also avoid when a simpler synonym suffices.",Academic: Contemporary scholars debate whether the simple hypothesis adequately explains the observed data.,"Conversational: Honestly, the simple behavior of the team has been a major source of tension lately.",GRE: The author's ___ tone contrasted sharply with the ___ underlying message of the passage. (fill in: simple)
1709,colourful,adjective,having striking color,colorful,colorless; colourless,"Use ""colourful"" (adjective) when you want to convey having striking color. Appropriate in formal writing, GRE sentence-equivalence, and academic contexts where precision matters.","Avoid ""colourful"" in casual conversation among friends unless you are certain the listener will understand; it can sound pretentious. Also avoid when a simpler synonym suffices.",Academic: Contemporary scholars debate whether the colourful hypothesis adequately explains the observed data.,"Conversational: Honestly, the colourful behavior of the team has been a major source of tension lately.","GRE: Despite the ___ nature of the evidence, the researchers remained ___ about their conclusions. (fill in: colourful)"
1710,fractional,adjective,constituting or comprising a part or fraction of a possible whole or entirety,,whole,"Use ""fractional"" (adjective) when you want to convey constituting or comprising a part or fraction of a possible whole or entirety. Appropriate in formal writing, GRE sentence-equivalence, and academic contexts where precision matters.","Avoid ""fractional"" in casual conversation among friends unless you are certain the listener will understand; it can sound pretentious. Also avoid when a simpler synonym suffices.",Academic: The study concluded that the fractional factor played a decisive role in the experimental outcome.,Conversational: I've noticed the fractional trend in our office culture and it's starting to concern me.,"GRE: Despite the ___ nature of the evidence, the researchers remained ___ about their conclusions. (fill in: fractional)"
1711,unattached,adjective,not fastened together,uncommitted; free-swimming,attached,"Use ""unattached"" (adjective) when you want to convey not fastened together. Appropriate in formal writing, GRE sentence-equivalence, and academic contexts where precision matters.","Avoid ""unattached"" in casual conversation among friends unless you are certain the listener will understand; it can sound pretentious. Also avoid when a simpler synonym suffices.",Academic: The researcher's findings revealed that the unattached effect was statistically significant across all samples.,"Conversational: Honestly, the unattached behavior of the team has been a major source of tension lately.","GRE: Despite the ___ nature of the evidence, the researchers remained ___ about their conclusions. (fill in: unattached)"
1712,scrofulous,adjective,having a diseased appearance resembling scrofula; - Farley Mowat,,,"Use ""scrofulous"" (adjective) when you want to convey having a diseased appearance resembling scrofula; - farley mowat. Appropriate in formal writing, GRE sentence-equivalence, and academic contexts where precision matters.","Avoid ""scrofulous"" in casual conversation among friends unless you are certain the listener will understand; it can sound pretentious. Also avoid when a simpler synonym suffices.",Academic: The study concluded that the scrofulous factor played a decisive role in the experimental outcome.,Conversational: I've noticed the scrofulous trend in our office culture and it's starting to concern me.,GRE: The committee's decision to ___ was met with both praise and criticism from stakeholders. (fill in: scrofulous)
1713,indefinable,adjective,not capable of being precisely or readily described; not easily put into words,unutterable; untellable; unspeakable; undefinable; indescribable; ineffable,,"Use ""indefinable"" (adjective) when you want to convey not capable of being precisely or readily described; not easily put into words. Appropriate in formal writing, GRE sentence-equivalence, and academic contexts where precision matters.","Avoid ""indefinable"" in casual conversation among friends unless you are certain the listener will understand; it can sound pretentious. Also avoid when a simpler synonym suffices.",Academic: The study concluded that the indefinable factor played a decisive role in the experimental outcome.,"Conversational: You know, it's pretty clear that the indefinable situation needs our immediate attention.",GRE: The professor described the ___ as a ___ that ___ the entire field of study. (fill in: indefinable)
1714,flyblown,adjective,foul and run-down and repulsive,maggoty; squalid; sordid,,"Use ""flyblown"" (adjective) when you want to convey foul and run-down and repulsive. Appropriate in formal writing, GRE sentence-equivalence, and academic contexts where precision matters.","Avoid ""flyblown"" in casual conversation among friends unless you are certain the listener will understand; it can sound pretentious. Also avoid when a simpler synonym suffices.","Academic: In the scholarly article, the author argued that the flyblown phenomenon could not be overlooked.","Conversational: Look, the flyblown results speak for themselves — we can't ignore them any longer.",GRE: Analysts noted that the company's ___ strategy had ___ results in the last quarter. (fill in: flyblown)
1715,high-keyed,adjective,(of persons) excitable,,,"Use ""high-keyed"" (adjective) when you want to convey (of persons) excitable. Appropriate in formal writing, GRE sentence-equivalence, and academic contexts where precision matters.","Avoid ""high-keyed"" in casual conversation among friends unless you are certain the listener will understand; it can sound pretentious. Also avoid when a simpler synonym suffices.",Academic: The researcher's findings revealed that the high-keyed effect was statistically significant across all samples.,"Conversational: Honestly, the high-keyed behavior of the team has been a major source of tension lately.","GRE: Despite the ___ nature of the evidence, the researchers remained ___ about their conclusions. (fill in: high-keyed)"
1716,racist,adjective,discriminatory especially on the basis of race or religion,anti-Semite; racialist; antiblack,,"Use ""racist"" (adjective) when you want to convey discriminatory especially on the basis of race or religion. Appropriate in formal writing, GRE sentence-equivalence, and academic contexts where precision matters.","Avoid ""racist"" in casual conversation among friends unless you are certain the listener will understand; it can sound pretentious. Also avoid when a simpler synonym suffices.",Academic: A key consideration in modern discourse is how the racist principle shapes contemporary policy decisions.,Conversational: I've noticed the racist trend in our office culture and it's starting to concern me.,GRE: The author's ___ tone contrasted sharply with the ___ underlying message of the passage. (fill in: racist)
1717,degenerative,adjective,(of illness) marked by gradual deterioration of organs and cells along with loss of function,,,"Use ""degenerative"" (adjective) when you want to convey (of illness) marked by gradual deterioration of organs and cells along with loss of function. Appropriate in formal writing, GRE sentence-equivalence, and academic contexts where precision matters.","Avoid ""degenerative"" in casual conversation among friends unless you are certain the listener will understand; it can sound pretentious. Also avoid when a simpler synonym suffices.","Academic: In the scholarly article, the author argued that the degenerative phenomenon could not be overlooked.","Conversational: Honestly, the degenerative behavior of the team has been a major source of tension lately.",GRE: Analysts noted that the company's ___ strategy had ___ results in the last quarter. (fill in: degenerative)
1718,fordable,adjective,shallow enough to be crossed by walking or riding on an animal or in a vehicle,,,"Use ""fordable"" (adjective) when you want to convey shallow enough to be crossed by walking or riding on an animal or in a vehicle. Appropriate in formal writing, GRE sentence-equivalence, and academic contexts where precision matters.","Avoid ""fordable"" in casual conversation among friends unless you are certain the listener will understand; it can sound pretentious. Also avoid when a simpler synonym suffices.",Academic: A key consideration in modern discourse is how the fordable principle shapes contemporary policy decisions.,"Conversational: You know, it's pretty clear that the fordable situation needs our immediate attention.","GRE: Despite the ___ nature of the evidence, the researchers remained ___ about their conclusions. (fill in: fordable)"
1719,supposed,adjective,based primarily on surmise rather than adequate evidence,suppose; say; reckon; think; imagine; guess,,"Use ""supposed"" (adjective) when you want to convey based primarily on surmise rather than adequate evidence. Appropriate in formal writing, GRE sentence-equivalence, and academic contexts where precision matters.","Avoid ""supposed"" in casual conversation among friends unless you are certain the listener will understand; it can sound pretentious. Also avoid when a simpler synonym suffices.",Academic: A key consideration in modern discourse is how the supposed principle shapes contemporary policy decisions.,"Conversational: You know, it's pretty clear that the supposed situation needs our immediate attention.",GRE: The author's ___ tone contrasted sharply with the ___ underlying message of the passage. (fill in: supposed)
1720,torpid,adjective,slow and apathetic,sluggish; dormant; soggy; hibernating; inert,,"Use ""torpid"" (adjective) when you want to convey slow and apathetic. Appropriate in formal writing, GRE sentence-equivalence, and academic contexts where precision matters.","Avoid ""torpid"" in casual conversation among friends unless you are certain the listener will understand; it can sound pretentious. Also avoid when a simpler synonym suffices.",Academic: The researcher's findings revealed that the torpid effect was statistically significant across all samples.,"Conversational: Look, the torpid results speak for themselves — we can't ignore them any longer.",GRE: The professor described the ___ as a ___ that ___ the entire field of study. (fill in: torpid)
1721,realized,adjective,successfully completed or brought to an end,recognize; realise; agnize; recognise; agnise; realize,,"Use ""realized"" (adjective) when you want to convey successfully completed or brought to an end. Appropriate in formal writing, GRE sentence-equivalence, and academic contexts where precision matters.","Avoid ""realized"" in casual conversation among friends unless you are certain the listener will understand; it can sound pretentious. Also avoid when a simpler synonym suffices.",Academic: A key consideration in modern discourse is how the realized principle shapes contemporary policy decisions.,Conversational: I told him the realized approach just wouldn't work here — we need to rethink this.,GRE: The author's ___ tone contrasted sharply with the ___ underlying message of the passage. (fill in: realized)
1722,confined,adjective,not free to move about,restrain; limit; bound; confine; trammel; throttle,unconfined; free; invasive,"Use ""confined"" (adjective) when you want to convey not free to move about. Appropriate in formal writing, GRE sentence-equivalence, and academic contexts where precision matters.","Avoid ""confined"" in casual conversation among friends unless you are certain the listener will understand; it can sound pretentious. Also avoid when a simpler synonym suffices.",Academic: A key consideration in modern discourse is how the confined principle shapes contemporary policy decisions.,Conversational: I told him the confined approach just wouldn't work here — we need to rethink this.,GRE: Analysts noted that the company's ___ strategy had ___ results in the last quarter. (fill in: confined)
1723,succeeding,adjective,coming after or following,deliver the goods; succeed; come after; win; follow; bring home the bacon,preceding; fail; precede,"Use ""succeeding"" (adjective) when you want to convey coming after or following. Appropriate in formal writing, GRE sentence-equivalence, and academic contexts where precision matters.","Avoid ""succeeding"" in casual conversation among friends unless you are certain the listener will understand; it can sound pretentious. Also avoid when a simpler synonym suffices.",Academic: The study concluded that the succeeding factor played a decisive role in the experimental outcome.,Conversational: I told him the succeeding approach just wouldn't work here — we need to rethink this.,GRE: Analysts noted that the company's ___ strategy had ___ results in the last quarter. (fill in: succeeding)
1724,single-bedded,adjective,having single beds,,,"Use ""single-bedded"" (adjective) when you want to convey having single beds. Appropriate in formal writing, GRE sentence-equivalence, and academic contexts where precision matters.","Avoid ""single-bedded"" in casual conversation among friends unless you are certain the listener will understand; it can sound pretentious. Also avoid when a simpler synonym suffices.",Academic: The researcher's findings revealed that the single-bedded effect was statistically significant across all samples.,"Conversational: Honestly, the single-bedded behavior of the team has been a major source of tension lately.",GRE: Analysts noted that the company's ___ strategy had ___ results in the last quarter. (fill in: single-bedded)
1725,sunless,adjective,filled or abounding with clouds,clouded; overcast; cloud-covered,,"Use ""sunless"" (adjective) when you want to convey filled or abounding with clouds. Appropriate in formal writing, GRE sentence-equivalence, and academic contexts where precision matters.","Avoid ""sunless"" in casual conversation among friends unless you are certain the listener will understand; it can sound pretentious. Also avoid when a simpler synonym suffices.",Academic: The researcher's findings revealed that the sunless effect was statistically significant across all samples.,Conversational: I told him the sunless approach just wouldn't work here — we need to rethink this.,GRE: Analysts noted that the company's ___ strategy had ___ results in the last quarter. (fill in: sunless)
1726,republican,adjective,having the supreme power lying in the body of citizens entitled to vote for officers and representatives responsible to them or characteristic of such government; - United States Constitution; ; - Philip Marsh; -Nathaniel Hawthorne,Republican River,,"Use ""republican"" (adjective) when you want to convey having the supreme power lying in the body of citizens entitled to vote for officers and representatives responsible to them or characteristic of such government; - united states constitution; ; - philip marsh; -nathaniel hawthorne. Appropriate in formal writing, GRE sentence-equivalence, and academic contexts where precision matters.","Avoid ""republican"" in casual conversation among friends unless you are certain the listener will understand; it can sound pretentious. Also avoid when a simpler synonym suffices.",Academic: Contemporary scholars debate whether the republican hypothesis adequately explains the observed data.,"Conversational: Honestly, the republican behavior of the team has been a major source of tension lately.",GRE: Analysts noted that the company's ___ strategy had ___ results in the last quarter. (fill in: republican)
1727,untimely,adjective,uncommonly early or before the expected time,prematurely; ill-timed; wrong; unseasonable; premature,,"Use ""untimely"" (adjective) when you want to convey uncommonly early or before the expected time. Appropriate in formal writing, GRE sentence-equivalence, and academic contexts where precision matters.","Avoid ""untimely"" in casual conversation among friends unless you are certain the listener will understand; it can sound pretentious. Also avoid when a simpler synonym suffices.","Academic: In the scholarly article, the author argued that the untimely phenomenon could not be overlooked.","Conversational: You know, it's pretty clear that the untimely situation needs our immediate attention.",GRE: The committee's decision to ___ was met with both praise and criticism from stakeholders. (fill in: untimely)
1728,exchangeable,adjective,suitable to be exchanged,standardised; interchangeable; convertible; standardized; similar,unexchangeable; inconvertible,"Use ""exchangeable"" (adjective) when you want to convey suitable to be exchanged. Appropriate in formal writing, GRE sentence-equivalence, and academic contexts where precision matters.","Avoid ""exchangeable"" in casual conversation among friends unless you are certain the listener will understand; it can sound pretentious. Also avoid when a simpler synonym suffices.",Academic: The study concluded that the exchangeable factor played a decisive role in the experimental outcome.,Conversational: I've noticed the exchangeable trend in our office culture and it's starting to concern me.,GRE: The committee's decision to ___ was met with both praise and criticism from stakeholders. (fill in: exchangeable)
1729,acaudate,adjective,lacking a tail or taillike appendage,acaudal,caudate,"Use ""acaudate"" (adjective) when you want to convey lacking a tail or taillike appendage. Appropriate in formal writing, GRE sentence-equivalence, and academic contexts where precision matters.","Avoid ""acaudate"" in casual conversation among friends unless you are certain the listener will understand; it can sound pretentious. Also avoid when a simpler synonym suffices.",Academic: Contemporary scholars debate whether the acaudate hypothesis adequately explains the observed data.,"Conversational: You know, it's pretty clear that the acaudate situation needs our immediate attention.","GRE: Despite the ___ nature of the evidence, the researchers remained ___ about their conclusions. (fill in: acaudate)"
1730,brassbound,adjective,having trim or fittings of brass,ironclad,,"Use ""brassbound"" (adjective) when you want to convey having trim or fittings of brass. Appropriate in formal writing, GRE sentence-equivalence, and academic contexts where precision matters.","Avoid ""brassbound"" in casual conversation among friends unless you are certain the listener will understand; it can sound pretentious. Also avoid when a simpler synonym suffices.",Academic: A key consideration in modern discourse is how the brassbound principle shapes contemporary policy decisions.,Conversational: I've noticed the brassbound trend in our office culture and it's starting to concern me.,GRE: The professor described the ___ as a ___ that ___ the entire field of study. (fill in: brassbound)
1731,lanate,adjective,covered with dense cottony hairs or hairlike filaments,woolly,,"Use ""lanate"" (adjective) when you want to convey covered with dense cottony hairs or hairlike filaments. Appropriate in formal writing, GRE sentence-equivalence, and academic contexts where precision matters.","Avoid ""lanate"" in casual conversation among friends unless you are certain the listener will understand; it can sound pretentious. Also avoid when a simpler synonym suffices.",Academic: The study concluded that the lanate factor played a decisive role in the experimental outcome.,Conversational: I've noticed the lanate trend in our office culture and it's starting to concern me.,GRE: The professor described the ___ as a ___ that ___ the entire field of study. (fill in: lanate)
1732,meager,adjective,deficient in amount or quality or extent,scrimpy; meagre; meagerly; stingy,ample,"Use ""meager"" (adjective) when you want to convey deficient in amount or quality or extent. Appropriate in formal writing, GRE sentence-equivalence, and academic contexts where precision matters.","Avoid ""meager"" in casual conversation among friends unless you are certain the listener will understand; it can sound pretentious. Also avoid when a simpler synonym suffices.",Academic: The study concluded that the meager factor played a decisive role in the experimental outcome.,Conversational: I told him the meager approach just wouldn't work here — we need to rethink this.,GRE: The author's ___ tone contrasted sharply with the ___ underlying message of the passage. (fill in: meager)
1733,nonkosher,adjective,not conforming to dietary laws,tref; terefah,,"Use ""nonkosher"" (adjective) when you want to convey not conforming to dietary laws. Appropriate in formal writing, GRE sentence-equivalence, and academic contexts where precision matters.","Avoid ""nonkosher"" in casual conversation among friends unless you are certain the listener will understand; it can sound pretentious. Also avoid when a simpler synonym suffices.",Academic: A key consideration in modern discourse is how the nonkosher principle shapes contemporary policy decisions.,"Conversational: Look, the nonkosher results speak for themselves — we can't ignore them any longer.",GRE: Analysts noted that the company's ___ strategy had ___ results in the last quarter. (fill in: nonkosher)
1734,discerning,adjective,having or revealing keen insight and good judgment,spot; pick out; recognize; make out; distinguish; discern,undiscerning,"Use ""discerning"" (adjective) when you want to convey having or revealing keen insight and good judgment. Appropriate in formal writing, GRE sentence-equivalence, and academic contexts where precision matters.","Avoid ""discerning"" in casual conversation among friends unless you are certain the listener will understand; it can sound pretentious. Also avoid when a simpler synonym suffices.",Academic: Contemporary scholars debate whether the discerning hypothesis adequately explains the observed data.,Conversational: I told him the discerning approach just wouldn't work here — we need to rethink this.,GRE: The committee's decision to ___ was met with both praise and criticism from stakeholders. (fill in: discerning)
1735,censorious,adjective,harshly critical or expressing censure,,,"Use ""censorious"" (adjective) when you want to convey harshly critical or expressing censure. Appropriate in formal writing, GRE sentence-equivalence, and academic contexts where precision matters.","Avoid ""censorious"" in casual conversation among friends unless you are certain the listener will understand; it can sound pretentious. Also avoid when a simpler synonym suffices.",Academic: Contemporary scholars debate whether the censorious hypothesis adequately explains the observed data.,"Conversational: Look, the censorious results speak for themselves — we can't ignore them any longer.","GRE: Despite the ___ nature of the evidence, the researchers remained ___ about their conclusions. (fill in: censorious)"
1736,ineluctable,adjective,impossible to avoid or evade:,inescapable; unavoidable,,"Use ""ineluctable"" (adjective) when you want to convey impossible to avoid or evade:. Appropriate in formal writing, GRE sentence-equivalence, and academic contexts where precision matters.","Avoid ""ineluctable"" in casual conversation among friends unless you are certain the listener will understand; it can sound pretentious. Also avoid when a simpler synonym suffices.",Academic: Contemporary scholars debate whether the ineluctable hypothesis adequately explains the observed data.,"Conversational: You know, it's pretty clear that the ineluctable situation needs our immediate attention.",GRE: The author's ___ tone contrasted sharply with the ___ underlying message of the passage. (fill in: ineluctable)
1737,contradictory,adjective,unable to be both true at the same time,conflicting; mutually exclusive; at odds; confounding; self-contradictory,,"Use ""contradictory"" (adjective) when you want to convey unable to be both true at the same time. Appropriate in formal writing, GRE sentence-equivalence, and academic contexts where precision matters.","Avoid ""contradictory"" in casual conversation among friends unless you are certain the listener will understand; it can sound pretentious. Also avoid when a simpler synonym suffices.",Academic: A key consideration in modern discourse is how the contradictory principle shapes contemporary policy decisions.,"Conversational: Look, the contradictory results speak for themselves — we can't ignore them any longer.",GRE: Analysts noted that the company's ___ strategy had ___ results in the last quarter. (fill in: contradictory)
1738,backless,adjective,lacking a back,,backed,"Use ""backless"" (adjective) when you want to convey lacking a back. Appropriate in formal writing, GRE sentence-equivalence, and academic contexts where precision matters.","Avoid ""backless"" in casual conversation among friends unless you are certain the listener will understand; it can sound pretentious. Also avoid when a simpler synonym suffices.",Academic: The study concluded that the backless factor played a decisive role in the experimental outcome.,"Conversational: You know, it's pretty clear that the backless situation needs our immediate attention.",GRE: The author's ___ tone contrasted sharply with the ___ underlying message of the passage. (fill in: backless)
1739,low-density,adjective,having low concentration,,,"Use ""low-density"" (adjective) when you want to convey having low concentration. Appropriate in formal writing, GRE sentence-equivalence, and academic contexts where precision matters.","Avoid ""low-density"" in casual conversation among friends unless you are certain the listener will understand; it can sound pretentious. Also avoid when a simpler synonym suffices.",Academic: The study concluded that the low-density factor played a decisive role in the experimental outcome.,"Conversational: Honestly, the low-density behavior of the team has been a major source of tension lately.",GRE: The committee's decision to ___ was met with both praise and criticism from stakeholders. (fill in: low-density)
1740,walleyed,adjective,having divergent strabismus,,cross-eyed,"Use ""walleyed"" (adjective) when you want to convey having divergent strabismus. Appropriate in formal writing, GRE sentence-equivalence, and academic contexts where precision matters.","Avoid ""walleyed"" in casual conversation among friends unless you are certain the listener will understand; it can sound pretentious. Also avoid when a simpler synonym suffices.","Academic: In the scholarly article, the author argued that the walleyed phenomenon could not be overlooked.",Conversational: I told him the walleyed approach just wouldn't work here — we need to rethink this.,"GRE: Despite the ___ nature of the evidence, the researchers remained ___ about their conclusions. (fill in: walleyed)"
1741,erratic,adjective,likely to perform unpredictably; ; ; - Osbert Lancaster,fickle; quicksilver; temperamental; wandering; planetary; mercurial,,"Use ""erratic"" (adjective) when you want to convey likely to perform unpredictably; ; ; - osbert lancaster. Appropriate in formal writing, GRE sentence-equivalence, and academic contexts where precision matters.","Avoid ""erratic"" in casual conversation among friends unless you are certain the listener will understand; it can sound pretentious. Also avoid when a simpler synonym suffices.",Academic: Contemporary scholars debate whether the erratic hypothesis adequately explains the observed data.,"Conversational: You know, it's pretty clear that the erratic situation needs our immediate attention.",GRE: The professor described the ___ as a ___ that ___ the entire field of study. (fill in: erratic)
1742,debonaire,adjective,"having a cheerful, lively, and self-confident air; - Frances G. Patton; - H.M.Reynolds",jaunty; debonair; debonnaire; chipper; suave,,"Use ""debonaire"" (adjective) when you want to convey having a cheerful, lively, and self-confident air; - frances g. patton; - h.m.reynolds. Appropriate in formal writing, GRE sentence-equivalence, and academic contexts where precision matters.","Avoid ""debonaire"" in casual conversation among friends unless you are certain the listener will understand; it can sound pretentious. Also avoid when a simpler synonym suffices.",Academic: A key consideration in modern discourse is how the debonaire principle shapes contemporary policy decisions.,Conversational: I've noticed the debonaire trend in our office culture and it's starting to concern me.,GRE: The professor described the ___ as a ___ that ___ the entire field of study. (fill in: debonaire)
1743,scatological,adjective,dealing pruriently with excrement and excretory functions,,,"Use ""scatological"" (adjective) when you want to convey dealing pruriently with excrement and excretory functions. Appropriate in formal writing, GRE sentence-equivalence, and academic contexts where precision matters.","Avoid ""scatological"" in casual conversation among friends unless you are certain the listener will understand; it can sound pretentious. Also avoid when a simpler synonym suffices.",Academic: The researcher's findings revealed that the scatological effect was statistically significant across all samples.,Conversational: I've noticed the scatological trend in our office culture and it's starting to concern me.,GRE: The professor described the ___ as a ___ that ___ the entire field of study. (fill in: scatological)
1744,undivided,adjective,not separated into parts or shares; constituting an undivided unit,exclusive; single,,"Use ""undivided"" (adjective) when you want to convey not separated into parts or shares; constituting an undivided unit. Appropriate in formal writing, GRE sentence-equivalence, and academic contexts where precision matters.","Avoid ""undivided"" in casual conversation among friends unless you are certain the listener will understand; it can sound pretentious. Also avoid when a simpler synonym suffices.",Academic: The researcher's findings revealed that the undivided effect was statistically significant across all samples.,"Conversational: Honestly, the undivided behavior of the team has been a major source of tension lately.","GRE: Despite the ___ nature of the evidence, the researchers remained ___ about their conclusions. (fill in: undivided)"
1745,inexpugnable,adjective,"incapable of being overcome, challenged or refuted",impregnable,,"Use ""inexpugnable"" (adjective) when you want to convey incapable of being overcome, challenged or refuted. Appropriate in formal writing, GRE sentence-equivalence, and academic contexts where precision matters.","Avoid ""inexpugnable"" in casual conversation among friends unless you are certain the listener will understand; it can sound pretentious. Also avoid when a simpler synonym suffices.",Academic: Contemporary scholars debate whether the inexpugnable hypothesis adequately explains the observed data.,"Conversational: Honestly, the inexpugnable behavior of the team has been a major source of tension lately.",GRE: The professor described the ___ as a ___ that ___ the entire field of study. (fill in: inexpugnable)
1746,diffused,adjective,(of light rays) subjected to scattering by reflection from a rough surface or transmission through a translucent material,spread out; riddle; imbue; permeate; diffuse; spread,hard,"Use ""diffused"" (adjective) when you want to convey (of light rays) subjected to scattering by reflection from a rough surface or transmission through a translucent material. Appropriate in formal writing, GRE sentence-equivalence, and academic contexts where precision matters.","Avoid ""diffused"" in casual conversation among friends unless you are certain the listener will understand; it can sound pretentious. Also avoid when a simpler synonym suffices.",Academic: The researcher's findings revealed that the diffused effect was statistically significant across all samples.,"Conversational: Look, the diffused results speak for themselves — we can't ignore them any longer.","GRE: Despite the ___ nature of the evidence, the researchers remained ___ about their conclusions. (fill in: diffused)"
1747,daredevil,adjective,presumptuously daring,lunatic; hothead; swashbuckler; temerarious; harum-scarum; madcap,,"Use ""daredevil"" (adjective) when you want to convey presumptuously daring. Appropriate in formal writing, GRE sentence-equivalence, and academic contexts where precision matters.","Avoid ""daredevil"" in casual conversation among friends unless you are certain the listener will understand; it can sound pretentious. Also avoid when a simpler synonym suffices.",Academic: The researcher's findings revealed that the daredevil effect was statistically significant across all samples.,"Conversational: Look, the daredevil results speak for themselves — we can't ignore them any longer.",GRE: The professor described the ___ as a ___ that ___ the entire field of study. (fill in: daredevil)
1748,door-to-door,adjective,omitting no one; from the door of one house to that of the next,house-to-house,,"Use ""door-to-door"" (adjective) when you want to convey omitting no one; from the door of one house to that of the next. Appropriate in formal writing, GRE sentence-equivalence, and academic contexts where precision matters.","Avoid ""door-to-door"" in casual conversation among friends unless you are certain the listener will understand; it can sound pretentious. Also avoid when a simpler synonym suffices.",Academic: A key consideration in modern discourse is how the door-to-door principle shapes contemporary policy decisions.,"Conversational: Look, the door-to-door results speak for themselves — we can't ignore them any longer.",GRE: The professor described the ___ as a ___ that ___ the entire field of study. (fill in: door-to-door)
1749,landed,adjective,owning or consisting of land or real estate,set down; bring down; bring; land; shore; put down,landless,"Use ""landed"" (adjective) when you want to convey owning or consisting of land or real estate. Appropriate in formal writing, GRE sentence-equivalence, and academic contexts where precision matters.","Avoid ""landed"" in casual conversation among friends unless you are certain the listener will understand; it can sound pretentious. Also avoid when a simpler synonym suffices.",Academic: The study concluded that the landed factor played a decisive role in the experimental outcome.,Conversational: I told him the landed approach just wouldn't work here — we need to rethink this.,GRE: The author's ___ tone contrasted sharply with the ___ underlying message of the passage. (fill in: landed)
1750,required,adjective,required by rule,call for; need; postulate; necessitate; take; involve,obviate,"Use ""required"" (adjective) when you want to convey required by rule. Appropriate in formal writing, GRE sentence-equivalence, and academic contexts where precision matters.","Avoid ""required"" in casual conversation among friends unless you are certain the listener will understand; it can sound pretentious. Also avoid when a simpler synonym suffices.",Academic: The researcher's findings revealed that the required effect was statistically significant across all samples.,Conversational: I've noticed the required trend in our office culture and it's starting to concern me.,GRE: Analysts noted that the company's ___ strategy had ___ results in the last quarter. (fill in: required)
1751,unlicenced,adjective,lacking official approval,unaccredited; unlicensed,,"Use ""unlicenced"" (adjective) when you want to convey lacking official approval. Appropriate in formal writing, GRE sentence-equivalence, and academic contexts where precision matters.","Avoid ""unlicenced"" in casual conversation among friends unless you are certain the listener will understand; it can sound pretentious. Also avoid when a simpler synonym suffices.","Academic: In the scholarly article, the author argued that the unlicenced phenomenon could not be overlooked.","Conversational: Honestly, the unlicenced behavior of the team has been a major source of tension lately.",GRE: Analysts noted that the company's ___ strategy had ___ results in the last quarter. (fill in: unlicenced)
1752,assentient,adjective,expressing agreement or consent,,,"Use ""assentient"" (adjective) when you want to convey expressing agreement or consent. Appropriate in formal writing, GRE sentence-equivalence, and academic contexts where precision matters.","Avoid ""assentient"" in casual conversation among friends unless you are certain the listener will understand; it can sound pretentious. Also avoid when a simpler synonym suffices.",Academic: Contemporary scholars debate whether the assentient hypothesis adequately explains the observed data.,"Conversational: Look, the assentient results speak for themselves — we can't ignore them any longer.","GRE: Despite the ___ nature of the evidence, the researchers remained ___ about their conclusions. (fill in: assentient)"
1753,depreciatory,adjective,tending to diminish or disparage,belittling; depreciative; deprecating; deprecatory; slighting; depreciating,,"Use ""depreciatory"" (adjective) when you want to convey tending to diminish or disparage. Appropriate in formal writing, GRE sentence-equivalence, and academic contexts where precision matters.","Avoid ""depreciatory"" in casual conversation among friends unless you are certain the listener will understand; it can sound pretentious. Also avoid when a simpler synonym suffices.",Academic: The researcher's findings revealed that the depreciatory effect was statistically significant across all samples.,Conversational: I told him the depreciatory approach just wouldn't work here — we need to rethink this.,GRE: Analysts noted that the company's ___ strategy had ___ results in the last quarter. (fill in: depreciatory)
1754,abeyant,adjective,inactive but capable of becoming active,dormant,,"Use ""abeyant"" (adjective) when you want to convey inactive but capable of becoming active. Appropriate in formal writing, GRE sentence-equivalence, and academic contexts where precision matters.","Avoid ""abeyant"" in casual conversation among friends unless you are certain the listener will understand; it can sound pretentious. Also avoid when a simpler synonym suffices.",Academic: The study concluded that the abeyant factor played a decisive role in the experimental outcome.,"Conversational: You know, it's pretty clear that the abeyant situation needs our immediate attention.",GRE: Analysts noted that the company's ___ strategy had ___ results in the last quarter. (fill in: abeyant)
1755,necessary,adjective,unavoidably determined by prior circumstances,necessity; essential; requisite; requirement,inessential; unnecessary,"Use ""necessary"" (adjective) when you want to convey unavoidably determined by prior circumstances. Appropriate in formal writing, GRE sentence-equivalence, and academic contexts where precision matters.","Avoid ""necessary"" in casual conversation among friends unless you are certain the listener will understand; it can sound pretentious. Also avoid when a simpler synonym suffices.",Academic: The study concluded that the necessary factor played a decisive role in the experimental outcome.,"Conversational: Look, the necessary results speak for themselves — we can't ignore them any longer.",GRE: Analysts noted that the company's ___ strategy had ___ results in the last quarter. (fill in: necessary)
1756,columnar,adjective,having the form of a column,columnlike; columniform,,"Use ""columnar"" (adjective) when you want to convey having the form of a column. Appropriate in formal writing, GRE sentence-equivalence, and academic contexts where precision matters.","Avoid ""columnar"" in casual conversation among friends unless you are certain the listener will understand; it can sound pretentious. Also avoid when a simpler synonym suffices.",Academic: Contemporary scholars debate whether the columnar hypothesis adequately explains the observed data.,Conversational: I've noticed the columnar trend in our office culture and it's starting to concern me.,GRE: The professor described the ___ as a ___ that ___ the entire field of study. (fill in: columnar)
1757,unethical,adjective,not conforming to approved standards of social or professional behavior,,ethical,"Use ""unethical"" (adjective) when you want to convey not conforming to approved standards of social or professional behavior. Appropriate in formal writing, GRE sentence-equivalence, and academic contexts where precision matters.","Avoid ""unethical"" in casual conversation among friends unless you are certain the listener will understand; it can sound pretentious. Also avoid when a simpler synonym suffices.",Academic: The study concluded that the unethical factor played a decisive role in the experimental outcome.,"Conversational: Honestly, the unethical behavior of the team has been a major source of tension lately.",GRE: The professor described the ___ as a ___ that ___ the entire field of study. (fill in: unethical)
1758,bare-breasted,adjective,having the breasts uncovered or featuring such nudity,braless; topless,,"Use ""bare-breasted"" (adjective) when you want to convey having the breasts uncovered or featuring such nudity. Appropriate in formal writing, GRE sentence-equivalence, and academic contexts where precision matters.","Avoid ""bare-breasted"" in casual conversation among friends unless you are certain the listener will understand; it can sound pretentious. Also avoid when a simpler synonym suffices.",Academic: Contemporary scholars debate whether the bare-breasted hypothesis adequately explains the observed data.,Conversational: I've noticed the bare-breasted trend in our office culture and it's starting to concern me.,GRE: The committee's decision to ___ was met with both praise and criticism from stakeholders. (fill in: bare-breasted)
1759,convincing,adjective,causing one to believe the truth of something,convince; convert; win over,unconvincing,"Use ""convincing"" (adjective) when you want to convey causing one to believe the truth of something. Appropriate in formal writing, GRE sentence-equivalence, and academic contexts where precision matters.","Avoid ""convincing"" in casual conversation among friends unless you are certain the listener will understand; it can sound pretentious. Also avoid when a simpler synonym suffices.",Academic: The study concluded that the convincing factor played a decisive role in the experimental outcome.,"Conversational: You know, it's pretty clear that the convincing situation needs our immediate attention.",GRE: Analysts noted that the company's ___ strategy had ___ results in the last quarter. (fill in: convincing)
1760,west-central,adjective,of a region of the United States usually including Colorado; Nevada; Utah,,,"Use ""west-central"" (adjective) when you want to convey of a region of the united states usually including colorado; nevada; utah. Appropriate in formal writing, GRE sentence-equivalence, and academic contexts where precision matters.","Avoid ""west-central"" in casual conversation among friends unless you are certain the listener will understand; it can sound pretentious. Also avoid when a simpler synonym suffices.","Academic: In the scholarly article, the author argued that the west-central phenomenon could not be overlooked.",Conversational: I told him the west-central approach just wouldn't work here — we need to rethink this.,GRE: The professor described the ___ as a ___ that ___ the entire field of study. (fill in: west-central)
1761,enchained,adjective,bound with chains,chained; enchain,,"Use ""enchained"" (adjective) when you want to convey bound with chains. Appropriate in formal writing, GRE sentence-equivalence, and academic contexts where precision matters.","Avoid ""enchained"" in casual conversation among friends unless you are certain the listener will understand; it can sound pretentious. Also avoid when a simpler synonym suffices.",Academic: The study concluded that the enchained factor played a decisive role in the experimental outcome.,"Conversational: You know, it's pretty clear that the enchained situation needs our immediate attention.","GRE: Despite the ___ nature of the evidence, the researchers remained ___ about their conclusions. (fill in: enchained)"
1762,predestinate,adjective,established or prearranged unalterably,foreordain; predestined; predestine; foreordained,,"Use ""predestinate"" (adjective) when you want to convey established or prearranged unalterably. Appropriate in formal writing, GRE sentence-equivalence, and academic contexts where precision matters.","Avoid ""predestinate"" in casual conversation among friends unless you are certain the listener will understand; it can sound pretentious. Also avoid when a simpler synonym suffices.",Academic: A key consideration in modern discourse is how the predestinate principle shapes contemporary policy decisions.,"Conversational: Honestly, the predestinate behavior of the team has been a major source of tension lately.",GRE: The professor described the ___ as a ___ that ___ the entire field of study. (fill in: predestinate)
1763,sheetlike,adjective,resembling a sheet,,,"Use ""sheetlike"" (adjective) when you want to convey resembling a sheet. Appropriate in formal writing, GRE sentence-equivalence, and academic contexts where precision matters.","Avoid ""sheetlike"" in casual conversation among friends unless you are certain the listener will understand; it can sound pretentious. Also avoid when a simpler synonym suffices.",Academic: A key consideration in modern discourse is how the sheetlike principle shapes contemporary policy decisions.,Conversational: I've noticed the sheetlike trend in our office culture and it's starting to concern me.,GRE: The author's ___ tone contrasted sharply with the ___ underlying message of the passage. (fill in: sheetlike)
1764,anterograde,adjective,of amnesia; affecting time immediately following trauma,,retrograde,"Use ""anterograde"" (adjective) when you want to convey of amnesia; affecting time immediately following trauma. Appropriate in formal writing, GRE sentence-equivalence, and academic contexts where precision matters.","Avoid ""anterograde"" in casual conversation among friends unless you are certain the listener will understand; it can sound pretentious. Also avoid when a simpler synonym suffices.",Academic: A key consideration in modern discourse is how the anterograde principle shapes contemporary policy decisions.,"Conversational: Honestly, the anterograde behavior of the team has been a major source of tension lately.",GRE: The committee's decision to ___ was met with both praise and criticism from stakeholders. (fill in: anterograde)
1765,nebulose,adjective,lacking definite form or limits; - H.T.Moore,nebulous; cloudy,,"Use ""nebulose"" (adjective) when you want to convey lacking definite form or limits; - h.t.moore. Appropriate in formal writing, GRE sentence-equivalence, and academic contexts where precision matters.","Avoid ""nebulose"" in casual conversation among friends unless you are certain the listener will understand; it can sound pretentious. Also avoid when a simpler synonym suffices.",Academic: The study concluded that the nebulose factor played a decisive role in the experimental outcome.,"Conversational: You know, it's pretty clear that the nebulose situation needs our immediate attention.",GRE: The professor described the ___ as a ___ that ___ the entire field of study. (fill in: nebulose)
1766,overenthusiastic,adjective,unduly enthusiastic,,,"Use ""overenthusiastic"" (adjective) when you want to convey unduly enthusiastic. Appropriate in formal writing, GRE sentence-equivalence, and academic contexts where precision matters.","Avoid ""overenthusiastic"" in casual conversation among friends unless you are certain the listener will understand; it can sound pretentious. Also avoid when a simpler synonym suffices.",Academic: Contemporary scholars debate whether the overenthusiastic hypothesis adequately explains the observed data.,Conversational: I told him the overenthusiastic approach just wouldn't work here — we need to rethink this.,GRE: The author's ___ tone contrasted sharply with the ___ underlying message of the passage. (fill in: overenthusiastic)
1767,ramshackle,adjective,in deplorable condition,tatterdemalion; bedraggled; dilapidated; broken-down; derelict; tumble-down,,"Use ""ramshackle"" (adjective) when you want to convey in deplorable condition. Appropriate in formal writing, GRE sentence-equivalence, and academic contexts where precision matters.","Avoid ""ramshackle"" in casual conversation among friends unless you are certain the listener will understand; it can sound pretentious. Also avoid when a simpler synonym suffices.",Academic: Contemporary scholars debate whether the ramshackle hypothesis adequately explains the observed data.,Conversational: I've noticed the ramshackle trend in our office culture and it's starting to concern me.,GRE: Analysts noted that the company's ___ strategy had ___ results in the last quarter. (fill in: ramshackle)
1768,bullying,adjective,noisily domineering; tending to browbeat others,ballyrag; bully; push around; browbeat; boss around; hector,,"Use ""bullying"" (adjective) when you want to convey noisily domineering; tending to browbeat others. Appropriate in formal writing, GRE sentence-equivalence, and academic contexts where precision matters.","Avoid ""bullying"" in casual conversation among friends unless you are certain the listener will understand; it can sound pretentious. Also avoid when a simpler synonym suffices.",Academic: A key consideration in modern discourse is how the bullying principle shapes contemporary policy decisions.,"Conversational: Honestly, the bullying behavior of the team has been a major source of tension lately.",GRE: The professor described the ___ as a ___ that ___ the entire field of study. (fill in: bullying)
1769,caitiff,adjective,despicably mean and cowardly,,,"Use ""caitiff"" (adjective) when you want to convey despicably mean and cowardly. Appropriate in formal writing, GRE sentence-equivalence, and academic contexts where precision matters.","Avoid ""caitiff"" in casual conversation among friends unless you are certain the listener will understand; it can sound pretentious. Also avoid when a simpler synonym suffices.",Academic: Contemporary scholars debate whether the caitiff hypothesis adequately explains the observed data.,"Conversational: Look, the caitiff results speak for themselves — we can't ignore them any longer.","GRE: Despite the ___ nature of the evidence, the researchers remained ___ about their conclusions. (fill in: caitiff)"
1770,chemosorptive,adjective,having the capacity to adsorb by chemical as contrasted with physical forces,chemisorptive,,"Use ""chemosorptive"" (adjective) when you want to convey having the capacity to adsorb by chemical as contrasted with physical forces. Appropriate in formal writing, GRE sentence-equivalence, and academic contexts where precision matters.","Avoid ""chemosorptive"" in casual conversation among friends unless you are certain the listener will understand; it can sound pretentious. Also avoid when a simpler synonym suffices.","Academic: In the scholarly article, the author argued that the chemosorptive phenomenon could not be overlooked.","Conversational: Look, the chemosorptive results speak for themselves — we can't ignore them any longer.",GRE: The author's ___ tone contrasted sharply with the ___ underlying message of the passage. (fill in: chemosorptive)
1771,stuffy,adjective,excessively conventional and unimaginative and hence dull,airless; unaired; stodgy; close,,"Use ""stuffy"" (adjective) when you want to convey excessively conventional and unimaginative and hence dull. Appropriate in formal writing, GRE sentence-equivalence, and academic contexts where precision matters.","Avoid ""stuffy"" in casual conversation among friends unless you are certain the listener will understand; it can sound pretentious. Also avoid when a simpler synonym suffices.",Academic: A key consideration in modern discourse is how the stuffy principle shapes contemporary policy decisions.,"Conversational: Look, the stuffy results speak for themselves — we can't ignore them any longer.",GRE: Analysts noted that the company's ___ strategy had ___ results in the last quarter. (fill in: stuffy)
1772,adaptational,adjective,of or relating to adaptation,,,"Use ""adaptational"" (adjective) when you want to convey of or relating to adaptation. Appropriate in formal writing, GRE sentence-equivalence, and academic contexts where precision matters.","Avoid ""adaptational"" in casual conversation among friends unless you are certain the listener will understand; it can sound pretentious. Also avoid when a simpler synonym suffices.",Academic: The researcher's findings revealed that the adaptational effect was statistically significant across all samples.,"Conversational: Honestly, the adaptational behavior of the team has been a major source of tension lately.","GRE: Despite the ___ nature of the evidence, the researchers remained ___ about their conclusions. (fill in: adaptational)"
1773,big-bellied,adjective,having a prominent belly,great bellied,,"Use ""big-bellied"" (adjective) when you want to convey having a prominent belly. Appropriate in formal writing, GRE sentence-equivalence, and academic contexts where precision matters.","Avoid ""big-bellied"" in casual conversation among friends unless you are certain the listener will understand; it can sound pretentious. Also avoid when a simpler synonym suffices.",Academic: Contemporary scholars debate whether the big-bellied hypothesis adequately explains the observed data.,Conversational: I've noticed the big-bellied trend in our office culture and it's starting to concern me.,"GRE: Despite the ___ nature of the evidence, the researchers remained ___ about their conclusions. (fill in: big-bellied)"
1774,ominous,adjective,presaging ill fortune; ; ; - P.B.Shelley,sinister; forbidding; threatening; menacing; baleful; minacious,,"Use ""ominous"" (adjective) when you want to convey presaging ill fortune; ; ; - p.b.shelley. Appropriate in formal writing, GRE sentence-equivalence, and academic contexts where precision matters.","Avoid ""ominous"" in casual conversation among friends unless you are certain the listener will understand; it can sound pretentious. Also avoid when a simpler synonym suffices.","Academic: In the scholarly article, the author argued that the ominous phenomenon could not be overlooked.","Conversational: You know, it's pretty clear that the ominous situation needs our immediate attention.",GRE: Analysts noted that the company's ___ strategy had ___ results in the last quarter. (fill in: ominous)
1775,pistillate,adjective,bearing or consisting of carpels,carpellate,acarpelous,"Use ""pistillate"" (adjective) when you want to convey bearing or consisting of carpels. Appropriate in formal writing, GRE sentence-equivalence, and academic contexts where precision matters.","Avoid ""pistillate"" in casual conversation among friends unless you are certain the listener will understand; it can sound pretentious. Also avoid when a simpler synonym suffices.",Academic: A key consideration in modern discourse is how the pistillate principle shapes contemporary policy decisions.,Conversational: I told him the pistillate approach just wouldn't work here — we need to rethink this.,GRE: The professor described the ___ as a ___ that ___ the entire field of study. (fill in: pistillate)
1776,negative,adjective,having a negative charge,damaging; electronegative; negatively charged; veto; blackball; disconfirming,affirmative; positive; neutral,"Use ""negative"" (adjective) when you want to convey having a negative charge. Appropriate in formal writing, GRE sentence-equivalence, and academic contexts where precision matters.","Avoid ""negative"" in casual conversation among friends unless you are certain the listener will understand; it can sound pretentious. Also avoid when a simpler synonym suffices.",Academic: A key consideration in modern discourse is how the negative principle shapes contemporary policy decisions.,"Conversational: Honestly, the negative behavior of the team has been a major source of tension lately.",GRE: The professor described the ___ as a ___ that ___ the entire field of study. (fill in: negative)
1777,afeared,adjective,a pronunciation of afraid,afeard,,"Use ""afeared"" (adjective) when you want to convey a pronunciation of afraid. Appropriate in formal writing, GRE sentence-equivalence, and academic contexts where precision matters.","Avoid ""afeared"" in casual conversation among friends unless you are certain the listener will understand; it can sound pretentious. Also avoid when a simpler synonym suffices.",Academic: Contemporary scholars debate whether the afeared hypothesis adequately explains the observed data.,"Conversational: Look, the afeared results speak for themselves — we can't ignore them any longer.",GRE: The professor described the ___ as a ___ that ___ the entire field of study. (fill in: afeared)
1778,bloodsucking,adjective,of plants or persons; having the nature or habits of a parasite or leech; living off another,leechlike; parasitic; parasitical,,"Use ""bloodsucking"" (adjective) when you want to convey of plants or persons; having the nature or habits of a parasite or leech; living off another. Appropriate in formal writing, GRE sentence-equivalence, and academic contexts where precision matters.","Avoid ""bloodsucking"" in casual conversation among friends unless you are certain the listener will understand; it can sound pretentious. Also avoid when a simpler synonym suffices.",Academic: The study concluded that the bloodsucking factor played a decisive role in the experimental outcome.,"Conversational: Honestly, the bloodsucking behavior of the team has been a major source of tension lately.",GRE: The author's ___ tone contrasted sharply with the ___ underlying message of the passage. (fill in: bloodsucking)
1779,egoistic,adjective,limited to or caring only about yourself and your own needs,self-centered; egocentric; egoistical; self-centred,altruistic,"Use ""egoistic"" (adjective) when you want to convey limited to or caring only about yourself and your own needs. Appropriate in formal writing, GRE sentence-equivalence, and academic contexts where precision matters.","Avoid ""egoistic"" in casual conversation among friends unless you are certain the listener will understand; it can sound pretentious. Also avoid when a simpler synonym suffices.",Academic: Contemporary scholars debate whether the egoistic hypothesis adequately explains the observed data.,"Conversational: Look, the egoistic results speak for themselves — we can't ignore them any longer.","GRE: Despite the ___ nature of the evidence, the researchers remained ___ about their conclusions. (fill in: egoistic)"
1780,dysphoric,adjective,generalized feeling of distress,unhappy; distressed,euphoric,"Use ""dysphoric"" (adjective) when you want to convey generalized feeling of distress. Appropriate in formal writing, GRE sentence-equivalence, and academic contexts where precision matters.","Avoid ""dysphoric"" in casual conversation among friends unless you are certain the listener will understand; it can sound pretentious. Also avoid when a simpler synonym suffices.",Academic: The researcher's findings revealed that the dysphoric effect was statistically significant across all samples.,Conversational: I told him the dysphoric approach just wouldn't work here — we need to rethink this.,GRE: The committee's decision to ___ was met with both praise and criticism from stakeholders. (fill in: dysphoric)
1781,one-dimensional,adjective,of or in or along or relating to a line; involving a single dimension,linear; unidimensional,cubic; planar; multidimensional,"Use ""one-dimensional"" (adjective) when you want to convey of or in or along or relating to a line; involving a single dimension. Appropriate in formal writing, GRE sentence-equivalence, and academic contexts where precision matters.","Avoid ""one-dimensional"" in casual conversation among friends unless you are certain the listener will understand; it can sound pretentious. Also avoid when a simpler synonym suffices.",Academic: The researcher's findings revealed that the one-dimensional effect was statistically significant across all samples.,Conversational: I told him the one-dimensional approach just wouldn't work here — we need to rethink this.,GRE: The professor described the ___ as a ___ that ___ the entire field of study. (fill in: one-dimensional)
1782,oriental,adjective,denoting or characteristic of countries of Asia,oriental person,,"Use ""oriental"" (adjective) when you want to convey denoting or characteristic of countries of asia. Appropriate in formal writing, GRE sentence-equivalence, and academic contexts where precision matters.","Avoid ""oriental"" in casual conversation among friends unless you are certain the listener will understand; it can sound pretentious. Also avoid when a simpler synonym suffices.","Academic: In the scholarly article, the author argued that the oriental phenomenon could not be overlooked.",Conversational: I told him the oriental approach just wouldn't work here — we need to rethink this.,GRE: Analysts noted that the company's ___ strategy had ___ results in the last quarter. (fill in: oriental)
1783,activistic,adjective,advocating or engaged in activism,activist,,"Use ""activistic"" (adjective) when you want to convey advocating or engaged in activism. Appropriate in formal writing, GRE sentence-equivalence, and academic contexts where precision matters.","Avoid ""activistic"" in casual conversation among friends unless you are certain the listener will understand; it can sound pretentious. Also avoid when a simpler synonym suffices.",Academic: The study concluded that the activistic factor played a decisive role in the experimental outcome.,"Conversational: You know, it's pretty clear that the activistic situation needs our immediate attention.",GRE: The committee's decision to ___ was met with both praise and criticism from stakeholders. (fill in: activistic)
1784,vanquishable,adjective,susceptible to being defeated,beatable; vincible,,"Use ""vanquishable"" (adjective) when you want to convey susceptible to being defeated. Appropriate in formal writing, GRE sentence-equivalence, and academic contexts where precision matters.","Avoid ""vanquishable"" in casual conversation among friends unless you are certain the listener will understand; it can sound pretentious. Also avoid when a simpler synonym suffices.","Academic: In the scholarly article, the author argued that the vanquishable phenomenon could not be overlooked.","Conversational: Look, the vanquishable results speak for themselves — we can't ignore them any longer.",GRE: The author's ___ tone contrasted sharply with the ___ underlying message of the passage. (fill in: vanquishable)
1785,plagiaristic,adjective,copied and passed off as your own,plagiarized; plagiarised,,"Use ""plagiaristic"" (adjective) when you want to convey copied and passed off as your own. Appropriate in formal writing, GRE sentence-equivalence, and academic contexts where precision matters.","Avoid ""plagiaristic"" in casual conversation among friends unless you are certain the listener will understand; it can sound pretentious. Also avoid when a simpler synonym suffices.","Academic: In the scholarly article, the author argued that the plagiaristic phenomenon could not be overlooked.","Conversational: You know, it's pretty clear that the plagiaristic situation needs our immediate attention.","GRE: Despite the ___ nature of the evidence, the researchers remained ___ about their conclusions. (fill in: plagiaristic)"
1786,matchless,adjective,eminent beyond or above comparison,nonpareil; peerless; one; unrivalled; unmatched; unrivaled,,"Use ""matchless"" (adjective) when you want to convey eminent beyond or above comparison. Appropriate in formal writing, GRE sentence-equivalence, and academic contexts where precision matters.","Avoid ""matchless"" in casual conversation among friends unless you are certain the listener will understand; it can sound pretentious. Also avoid when a simpler synonym suffices.",Academic: Contemporary scholars debate whether the matchless hypothesis adequately explains the observed data.,"Conversational: You know, it's pretty clear that the matchless situation needs our immediate attention.",GRE: The committee's decision to ___ was met with both praise and criticism from stakeholders. (fill in: matchless)
1787,centric,adjective,having or situated at or near a center,centrical,,"Use ""centric"" (adjective) when you want to convey having or situated at or near a center. Appropriate in formal writing, GRE sentence-equivalence, and academic contexts where precision matters.","Avoid ""centric"" in casual conversation among friends unless you are certain the listener will understand; it can sound pretentious. Also avoid when a simpler synonym suffices.",Academic: A key consideration in modern discourse is how the centric principle shapes contemporary policy decisions.,Conversational: I've noticed the centric trend in our office culture and it's starting to concern me.,GRE: Analysts noted that the company's ___ strategy had ___ results in the last quarter. (fill in: centric)
1788,tempestuous,adjective,(of the elements) as if showing violent anger,angry; furious; stormy; raging; wild,,"Use ""tempestuous"" (adjective) when you want to convey (of the elements) as if showing violent anger. Appropriate in formal writing, GRE sentence-equivalence, and academic contexts where precision matters.","Avoid ""tempestuous"" in casual conversation among friends unless you are certain the listener will understand; it can sound pretentious. Also avoid when a simpler synonym suffices.","Academic: In the scholarly article, the author argued that the tempestuous phenomenon could not be overlooked.","Conversational: Look, the tempestuous results speak for themselves — we can't ignore them any longer.",GRE: The professor described the ___ as a ___ that ___ the entire field of study. (fill in: tempestuous)
1789,single-celled,adjective,having a single cell (and thus not divided into cells),one-celled,,"Use ""single-celled"" (adjective) when you want to convey having a single cell (and thus not divided into cells). Appropriate in formal writing, GRE sentence-equivalence, and academic contexts where precision matters.","Avoid ""single-celled"" in casual conversation among friends unless you are certain the listener will understand; it can sound pretentious. Also avoid when a simpler synonym suffices.",Academic: The researcher's findings revealed that the single-celled effect was statistically significant across all samples.,Conversational: I told him the single-celled approach just wouldn't work here — we need to rethink this.,GRE: The professor described the ___ as a ___ that ___ the entire field of study. (fill in: single-celled)
1790,cinnamon-red,adjective,red tinged with cinnamon,,,"Use ""cinnamon-red"" (adjective) when you want to convey red tinged with cinnamon. Appropriate in formal writing, GRE sentence-equivalence, and academic contexts where precision matters.","Avoid ""cinnamon-red"" in casual conversation among friends unless you are certain the listener will understand; it can sound pretentious. Also avoid when a simpler synonym suffices.",Academic: The study concluded that the cinnamon-red factor played a decisive role in the experimental outcome.,Conversational: I told him the cinnamon-red approach just wouldn't work here — we need to rethink this.,GRE: Analysts noted that the company's ___ strategy had ___ results in the last quarter. (fill in: cinnamon-red)
1791,integral,adjective,constituting the undiminished entirety; lacking nothing essential especially not damaged; - Bacon,intact; built-in; inbuilt; inherent; constitutional; entire,,"Use ""integral"" (adjective) when you want to convey constituting the undiminished entirety; lacking nothing essential especially not damaged; - bacon. Appropriate in formal writing, GRE sentence-equivalence, and academic contexts where precision matters.","Avoid ""integral"" in casual conversation among friends unless you are certain the listener will understand; it can sound pretentious. Also avoid when a simpler synonym suffices.",Academic: Contemporary scholars debate whether the integral hypothesis adequately explains the observed data.,Conversational: I told him the integral approach just wouldn't work here — we need to rethink this.,GRE: The committee's decision to ___ was met with both praise and criticism from stakeholders. (fill in: integral)
1792,purplish-red,adjective,of red tinged with purple,purplish red; purple-red,,"Use ""purplish-red"" (adjective) when you want to convey of red tinged with purple. Appropriate in formal writing, GRE sentence-equivalence, and academic contexts where precision matters.","Avoid ""purplish-red"" in casual conversation among friends unless you are certain the listener will understand; it can sound pretentious. Also avoid when a simpler synonym suffices.","Academic: In the scholarly article, the author argued that the purplish-red phenomenon could not be overlooked.","Conversational: Honestly, the purplish-red behavior of the team has been a major source of tension lately.",GRE: The professor described the ___ as a ___ that ___ the entire field of study. (fill in: purplish-red)
1793,silver,adjective,having the white lustrous sheen of silver,ash gray; Ag; silver grey; silver gray; atomic number 47; ash grey,,"Use ""silver"" (adjective) when you want to convey having the white lustrous sheen of silver. Appropriate in formal writing, GRE sentence-equivalence, and academic contexts where precision matters.","Avoid ""silver"" in casual conversation among friends unless you are certain the listener will understand; it can sound pretentious. Also avoid when a simpler synonym suffices.",Academic: The study concluded that the silver factor played a decisive role in the experimental outcome.,"Conversational: Look, the silver results speak for themselves — we can't ignore them any longer.",GRE: The author's ___ tone contrasted sharply with the ___ underlying message of the passage. (fill in: silver)
1794,cloudlike,adjective,resembling a cloud,nebular,,"Use ""cloudlike"" (adjective) when you want to convey resembling a cloud. Appropriate in formal writing, GRE sentence-equivalence, and academic contexts where precision matters.","Avoid ""cloudlike"" in casual conversation among friends unless you are certain the listener will understand; it can sound pretentious. Also avoid when a simpler synonym suffices.",Academic: A key consideration in modern discourse is how the cloudlike principle shapes contemporary policy decisions.,Conversational: I've noticed the cloudlike trend in our office culture and it's starting to concern me.,"GRE: Despite the ___ nature of the evidence, the researchers remained ___ about their conclusions. (fill in: cloudlike)"
1795,tangible,adjective,capable of being treated as fact,real; palpable; touchable,intangible; impalpable,"Use ""tangible"" (adjective) when you want to convey capable of being treated as fact. Appropriate in formal writing, GRE sentence-equivalence, and academic contexts where precision matters.","Avoid ""tangible"" in casual conversation among friends unless you are certain the listener will understand; it can sound pretentious. Also avoid when a simpler synonym suffices.",Academic: The researcher's findings revealed that the tangible effect was statistically significant across all samples.,Conversational: I've noticed the tangible trend in our office culture and it's starting to concern me.,GRE: Analysts noted that the company's ___ strategy had ___ results in the last quarter. (fill in: tangible)
1796,semiopaque,adjective,partially opaque,,,"Use ""semiopaque"" (adjective) when you want to convey partially opaque. Appropriate in formal writing, GRE sentence-equivalence, and academic contexts where precision matters.","Avoid ""semiopaque"" in casual conversation among friends unless you are certain the listener will understand; it can sound pretentious. Also avoid when a simpler synonym suffices.",Academic: Contemporary scholars debate whether the semiopaque hypothesis adequately explains the observed data.,Conversational: I've noticed the semiopaque trend in our office culture and it's starting to concern me.,"GRE: Despite the ___ nature of the evidence, the researchers remained ___ about their conclusions. (fill in: semiopaque)"
1797,shrivelled,adjective,reduced in efficacy or vitality or intensity,dried-up; sear; shrivel; shrink; shrivel up; sere,,"Use ""shrivelled"" (adjective) when you want to convey reduced in efficacy or vitality or intensity. Appropriate in formal writing, GRE sentence-equivalence, and academic contexts where precision matters.","Avoid ""shrivelled"" in casual conversation among friends unless you are certain the listener will understand; it can sound pretentious. Also avoid when a simpler synonym suffices.",Academic: Contemporary scholars debate whether the shrivelled hypothesis adequately explains the observed data.,"Conversational: Look, the shrivelled results speak for themselves — we can't ignore them any longer.",GRE: The author's ___ tone contrasted sharply with the ___ underlying message of the passage. (fill in: shrivelled)
1798,imaginative,adjective,(used of persons or artifacts) marked by independence and creativity in thought or action; ; - Lewis Mumford,inventive,,"Use ""imaginative"" (adjective) when you want to convey (used of persons or artifacts) marked by independence and creativity in thought or action; ; - lewis mumford. Appropriate in formal writing, GRE sentence-equivalence, and academic contexts where precision matters.","Avoid ""imaginative"" in casual conversation among friends unless you are certain the listener will understand; it can sound pretentious. Also avoid when a simpler synonym suffices.",Academic: Contemporary scholars debate whether the imaginative hypothesis adequately explains the observed data.,"Conversational: Honestly, the imaginative behavior of the team has been a major source of tension lately.",GRE: The professor described the ___ as a ___ that ___ the entire field of study. (fill in: imaginative)
1799,corruptible,adjective,capable of being corrupted,bribable; dishonest; purchasable; venal,,"Use ""corruptible"" (adjective) when you want to convey capable of being corrupted. Appropriate in formal writing, GRE sentence-equivalence, and academic contexts where precision matters.","Avoid ""corruptible"" in casual conversation among friends unless you are certain the listener will understand; it can sound pretentious. Also avoid when a simpler synonym suffices.",Academic: The study concluded that the corruptible factor played a decisive role in the experimental outcome.,Conversational: I've noticed the corruptible trend in our office culture and it's starting to concern me.,GRE: Analysts noted that the company's ___ strategy had ___ results in the last quarter. (fill in: corruptible)
1800,armour-clad,adjective,covered with heavy steel,steel-plated; armor-plated; armor-clad; armour-plated,,"Use ""armour-clad"" (adjective) when you want to convey covered with heavy steel. Appropriate in formal writing, GRE sentence-equivalence, and academic contexts where precision matters.","Avoid ""armour-clad"" in casual conversation among friends unless you are certain the listener will understand; it can sound pretentious. Also avoid when a simpler synonym suffices.","Academic: In the scholarly article, the author argued that the armour-clad phenomenon could not be overlooked.","Conversational: Look, the armour-clad results speak for themselves — we can't ignore them any longer.",GRE: The professor described the ___ as a ___ that ___ the entire field of study. (fill in: armour-clad)
