rank,word,pos,definition,synonyms,antonyms,usage_where,usage_where_not,example_1,example_2,example_3
1,abate,verb,To become less intense or to reduce in force,slack off; slack; slake; die away; let up,,"Use ""abate"" (verb) when you want to convey to become less intense or to reduce in force. Appropriate in formal writing, GRE sentence-equivalence, and academic contexts where precision matters.","Avoid ""abate"" in casual conversation among friends unless you are certain the listener will understand; it can sound pretentious. Also avoid when a simpler synonym suffices.","Academic: In the scholarly article, the author argued that the abate phenomenon could not be overlooked.","Conversational: You know, it's pretty clear that the abate situation needs our immediate attention.",GRE: The professor described the ___ as a ___ that ___ the entire field of study. (fill in: abate)
2,abdicate,verb,To formally give up or renounce a throne or position,renounce,,"Use ""abdicate"" (verb) when you want to convey to formally give up or renounce a throne or position. Appropriate in formal writing, GRE sentence-equivalence, and academic contexts where precision matters.","Avoid ""abdicate"" in casual conversation among friends unless you are certain the listener will understand; it can sound pretentious. Also avoid when a simpler synonym suffices.",Academic: The researcher's findings revealed that the abdicate effect was statistically significant across all samples.,Conversational: I told him the abdicate approach just wouldn't work here — we need to rethink this.,GRE: Analysts noted that the company's ___ strategy had ___ results in the last quarter. (fill in: abdicate)
3,aberration,noun,A deviation from what is normal or expected,deviance; optical aberration; aberrance; aberrancy; distortion,,"Use ""aberration"" (noun) when you want to convey a deviation from what is normal or expected. Appropriate in formal writing, GRE sentence-equivalence, and academic contexts where precision matters.","Avoid ""aberration"" in casual conversation among friends unless you are certain the listener will understand; it can sound pretentious. Also avoid when a simpler synonym suffices.","Academic: In the scholarly article, the author argued that the aberration phenomenon could not be overlooked.",Conversational: I've noticed the aberration trend in our office culture and it's starting to concern me.,GRE: The committee's decision to ___ was met with both praise and criticism from stakeholders. (fill in: aberration)
4,abet,verb,To encourage or assist someone in a wrongdoing,,,"Use ""abet"" (verb) when you want to convey to encourage or assist someone in a wrongdoing. Appropriate in formal writing, GRE sentence-equivalence, and academic contexts where precision matters.","Avoid ""abet"" in casual conversation among friends unless you are certain the listener will understand; it can sound pretentious. Also avoid when a simpler synonym suffices.",Academic: Contemporary scholars debate whether the abet hypothesis adequately explains the observed data.,"Conversational: Look, the abet results speak for themselves — we can't ignore them any longer.",GRE: The committee's decision to ___ was met with both praise and criticism from stakeholders. (fill in: abet)
5,abject,adjective,Extreme poverty or misery; degraded or miserable,low; scurvy; low-down; unhopeful; miserable; scummy,,"Use ""abject"" (adjective) when you want to convey extreme poverty or misery; degraded or miserable. Appropriate in formal writing, GRE sentence-equivalence, and academic contexts where precision matters.","Avoid ""abject"" in casual conversation among friends unless you are certain the listener will understand; it can sound pretentious. Also avoid when a simpler synonym suffices.","Academic: In the scholarly article, the author argued that the abject phenomenon could not be overlooked.","Conversational: You know, it's pretty clear that the abject situation needs our immediate attention.",GRE: Analysts noted that the company's ___ strategy had ___ results in the last quarter. (fill in: abject)
6,abjure,verb,To solemnly renounce or reject a belief or practice,forswear; retract; recant; resile,,"Use ""abjure"" (verb) when you want to convey to solemnly renounce or reject a belief or practice. Appropriate in formal writing, GRE sentence-equivalence, and academic contexts where precision matters.","Avoid ""abjure"" in casual conversation among friends unless you are certain the listener will understand; it can sound pretentious. Also avoid when a simpler synonym suffices.",Academic: The researcher's findings revealed that the abjure effect was statistically significant across all samples.,Conversational: I've noticed the abjure trend in our office culture and it's starting to concern me.,GRE: The author's ___ tone contrasted sharply with the ___ underlying message of the passage. (fill in: abjure)
7,absolute,adjective,"Complete, total, or not limited; not relative",inviolable; out-and-out; infrangible; sheer; right-down; downright,relative,"Use ""absolute"" (adjective) when you want to convey complete, total, or not limited; not relative. Appropriate in formal writing, GRE sentence-equivalence, and academic contexts where precision matters.","Avoid ""absolute"" in casual conversation among friends unless you are certain the listener will understand; it can sound pretentious. Also avoid when a simpler synonym suffices.","Academic: In the scholarly article, the author argued that the absolute phenomenon could not be overlooked.",Conversational: I've noticed the absolute trend in our office culture and it's starting to concern me.,GRE: Analysts noted that the company's ___ strategy had ___ results in the last quarter. (fill in: absolute)
8,absolve,verb,"To declare or set free from blame, guilt, or obligation",free; justify; shrive,blame,"Use ""absolve"" (verb) when you want to convey to declare or set free from blame, guilt, or obligation. Appropriate in formal writing, GRE sentence-equivalence, and academic contexts where precision matters.","Avoid ""absolve"" in casual conversation among friends unless you are certain the listener will understand; it can sound pretentious. Also avoid when a simpler synonym suffices.",Academic: Contemporary scholars debate whether the absolve hypothesis adequately explains the observed data.,"Conversational: Look, the absolve results speak for themselves — we can't ignore them any longer.",GRE: Analysts noted that the company's ___ strategy had ___ results in the last quarter. (fill in: absolve)
9,abstain,verb,To restrain oneself from doing something,desist; refrain,consume,"Use ""abstain"" (verb) when you want to convey to restrain oneself from doing something. Appropriate in formal writing, GRE sentence-equivalence, and academic contexts where precision matters.","Avoid ""abstain"" in casual conversation among friends unless you are certain the listener will understand; it can sound pretentious. Also avoid when a simpler synonym suffices.",Academic: The study concluded that the abstain factor played a decisive role in the experimental outcome.,Conversational: I've noticed the abstain trend in our office culture and it's starting to concern me.,GRE: The professor described the ___ as a ___ that ___ the entire field of study. (fill in: abstain)
10,abstruse,adjective,Difficult to understand; obscure or incomprehensible,deep; recondite,,"Use ""abstruse"" (adjective) when you want to convey difficult to understand; obscure or incomprehensible. Appropriate in formal writing, GRE sentence-equivalence, and academic contexts where precision matters.","Avoid ""abstruse"" in casual conversation among friends unless you are certain the listener will understand; it can sound pretentious. Also avoid when a simpler synonym suffices.","Academic: In the scholarly article, the author argued that the abstruse phenomenon could not be overlooked.",Conversational: I told him the abstruse approach just wouldn't work here — we need to rethink this.,"GRE: Despite the ___ nature of the evidence, the researchers remained ___ about their conclusions. (fill in: abstruse)"
11,academic,adjective,Theoretical or abstract; relating to scholarship,donnish; pedantic; faculty member; academician,,"Use ""academic"" (adjective) when you want to convey theoretical or abstract; relating to scholarship. Appropriate in formal writing, GRE sentence-equivalence, and academic contexts where precision matters.","Avoid ""academic"" in casual conversation among friends unless you are certain the listener will understand; it can sound pretentious. Also avoid when a simpler synonym suffices.",Academic: A key consideration in modern discourse is how the academic principle shapes contemporary policy decisions.,"Conversational: Honestly, the academic behavior of the team has been a major source of tension lately.",GRE: Analysts noted that the company's ___ strategy had ___ results in the last quarter. (fill in: academic)
12,acclaim,noun,Enthusiastic approval; praise,hail; herald; plaudits; eclat; acclamation; plaudit,boo,"Use ""acclaim"" (noun) when you want to convey enthusiastic approval; praise. Appropriate in formal writing, GRE sentence-equivalence, and academic contexts where precision matters.","Avoid ""acclaim"" in casual conversation among friends unless you are certain the listener will understand; it can sound pretentious. Also avoid when a simpler synonym suffices.",Academic: The researcher's findings revealed that the acclaim effect was statistically significant across all samples.,"Conversational: Honestly, the acclaim behavior of the team has been a major source of tension lately.",GRE: The committee's decision to ___ was met with both praise and criticism from stakeholders. (fill in: acclaim)
13,accolade,noun,"An award, honor, or formal expression of praise",laurels; honour; award; honor,,"Use ""accolade"" (noun) when you want to convey an award, honor, or formal expression of praise. Appropriate in formal writing, GRE sentence-equivalence, and academic contexts where precision matters.","Avoid ""accolade"" in casual conversation among friends unless you are certain the listener will understand; it can sound pretentious. Also avoid when a simpler synonym suffices.","Academic: In the scholarly article, the author argued that the accolade phenomenon could not be overlooked.","Conversational: Look, the accolade results speak for themselves — we can't ignore them any longer.",GRE: The committee's decision to ___ was met with both praise and criticism from stakeholders. (fill in: accolade)
14,accord,noun,An agreement or harmony between things or people,fit in; agreement; conformity; harmonise; agree; accordance,disagreement,"Use ""accord"" (noun) when you want to convey an agreement or harmony between things or people. Appropriate in formal writing, GRE sentence-equivalence, and academic contexts where precision matters.","Avoid ""accord"" in casual conversation among friends unless you are certain the listener will understand; it can sound pretentious. Also avoid when a simpler synonym suffices.",Academic: A key consideration in modern discourse is how the accord principle shapes contemporary policy decisions.,"Conversational: Honestly, the accord behavior of the team has been a major source of tension lately.",GRE: The author's ___ tone contrasted sharply with the ___ underlying message of the passage. (fill in: accord)
15,acerbic,adjective,"Harsh or bitter in tone, especially in criticism",blistering; acrid; astringent; virulent; sulfurous; sulphurous,,"Use ""acerbic"" (adjective) when you want to convey harsh or bitter in tone, especially in criticism. Appropriate in formal writing, GRE sentence-equivalence, and academic contexts where precision matters.","Avoid ""acerbic"" in casual conversation among friends unless you are certain the listener will understand; it can sound pretentious. Also avoid when a simpler synonym suffices.",Academic: A key consideration in modern discourse is how the acerbic principle shapes contemporary policy decisions.,"Conversational: You know, it's pretty clear that the acerbic situation needs our immediate attention.","GRE: Despite the ___ nature of the evidence, the researchers remained ___ about their conclusions. (fill in: acerbic)"
16,acetic,adjective,Pertaining to vinegar; sour or sharp,,,"Use ""acetic"" (adjective) when you want to convey pertaining to vinegar; sour or sharp. Appropriate in formal writing, GRE sentence-equivalence, and academic contexts where precision matters.","Avoid ""acetic"" in casual conversation among friends unless you are certain the listener will understand; it can sound pretentious. Also avoid when a simpler synonym suffices.",Academic: Contemporary scholars debate whether the acetic hypothesis adequately explains the observed data.,"Conversational: You know, it's pretty clear that the acetic situation needs our immediate attention.","GRE: Despite the ___ nature of the evidence, the researchers remained ___ about their conclusions. (fill in: acetic)"
17,acknowledge,verb,To accept or admit the existence or truth of,receipt; admit; recognize; notice; recognise; know,deny,"Use ""acknowledge"" (verb) when you want to convey to accept or admit the existence or truth of. Appropriate in formal writing, GRE sentence-equivalence, and academic contexts where precision matters.","Avoid ""acknowledge"" in casual conversation among friends unless you are certain the listener will understand; it can sound pretentious. Also avoid when a simpler synonym suffices.","Academic: In the scholarly article, the author argued that the acknowledge phenomenon could not be overlooked.",Conversational: I've noticed the acknowledge trend in our office culture and it's starting to concern me.,GRE: The professor described the ___ as a ___ that ___ the entire field of study. (fill in: acknowledge)
18,acme,noun,The highest point of development or achievement,peak; tiptop; pinnacle; elevation; height; top,,"Use ""acme"" (noun) when you want to convey the highest point of development or achievement. Appropriate in formal writing, GRE sentence-equivalence, and academic contexts where precision matters.","Avoid ""acme"" in casual conversation among friends unless you are certain the listener will understand; it can sound pretentious. Also avoid when a simpler synonym suffices.",Academic: Contemporary scholars debate whether the acme hypothesis adequately explains the observed data.,"Conversational: Honestly, the acme behavior of the team has been a major source of tension lately.",GRE: The author's ___ tone contrasted sharply with the ___ underlying message of the passage. (fill in: acme)
19,acrid,adjective,"Having a strong, unpleasant, irritating smell",blistering; virulent; sulfurous; sulphurous; acerb; caustic,,"Use ""acrid"" (adjective) when you want to convey having a strong, unpleasant, irritating smell. Appropriate in formal writing, GRE sentence-equivalence, and academic contexts where precision matters.","Avoid ""acrid"" in casual conversation among friends unless you are certain the listener will understand; it can sound pretentious. Also avoid when a simpler synonym suffices.",Academic: The researcher's findings revealed that the acrid effect was statistically significant across all samples.,"Conversational: You know, it's pretty clear that the acrid situation needs our immediate attention.",GRE: The committee's decision to ___ was met with both praise and criticism from stakeholders. (fill in: acrid)
20,acumen,noun,"Keen insight, shrewdness, or sharpness of judgment",insightfulness,,"Use ""acumen"" (noun) when you want to convey keen insight, shrewdness, or sharpness of judgment. Appropriate in formal writing, GRE sentence-equivalence, and academic contexts where precision matters.","Avoid ""acumen"" in casual conversation among friends unless you are certain the listener will understand; it can sound pretentious. Also avoid when a simpler synonym suffices.",Academic: The researcher's findings revealed that the acumen effect was statistically significant across all samples.,"Conversational: Honestly, the acumen behavior of the team has been a major source of tension lately.",GRE: The committee's decision to ___ was met with both praise and criticism from stakeholders. (fill in: acumen)
21,adept,noun,A person who is skilled or proficient at something,genius; wizard; ace; mavin; superstar; whizz,,"Use ""adept"" (noun) when you want to convey a person who is skilled or proficient at something. Appropriate in formal writing, GRE sentence-equivalence, and academic contexts where precision matters.","Avoid ""adept"" in casual conversation among friends unless you are certain the listener will understand; it can sound pretentious. Also avoid when a simpler synonym suffices.",Academic: The researcher's findings revealed that the adept effect was statistically significant across all samples.,"Conversational: You know, it's pretty clear that the adept situation needs our immediate attention.","GRE: Despite the ___ nature of the evidence, the researchers remained ___ about their conclusions. (fill in: adept)"
22,adhere,verb,To stick firmly to a surface or idea or belief,stick by; stick; cohere; cleave; cling; stand by,,"Use ""adhere"" (verb) when you want to convey to stick firmly to a surface or idea or belief. Appropriate in formal writing, GRE sentence-equivalence, and academic contexts where precision matters.","Avoid ""adhere"" in casual conversation among friends unless you are certain the listener will understand; it can sound pretentious. Also avoid when a simpler synonym suffices.",Academic: A key consideration in modern discourse is how the adhere principle shapes contemporary policy decisions.,"Conversational: Look, the adhere results speak for themselves — we can't ignore them any longer.",GRE: The professor described the ___ as a ___ that ___ the entire field of study. (fill in: adhere)
23,adjacent,adjective,Next to or adjoining something else,conterminous; side by side; contiguous; neighboring; next,,"Use ""adjacent"" (adjective) when you want to convey next to or adjoining something else. Appropriate in formal writing, GRE sentence-equivalence, and academic contexts where precision matters.","Avoid ""adjacent"" in casual conversation among friends unless you are certain the listener will understand; it can sound pretentious. Also avoid when a simpler synonym suffices.",Academic: The researcher's findings revealed that the adjacent effect was statistically significant across all samples.,"Conversational: Honestly, the adjacent behavior of the team has been a major source of tension lately.",GRE: The professor described the ___ as a ___ that ___ the entire field of study. (fill in: adjacent)
24,adulation,noun,Excessive praise or flattery,,,"Use ""adulation"" (noun) when you want to convey excessive praise or flattery. Appropriate in formal writing, GRE sentence-equivalence, and academic contexts where precision matters.","Avoid ""adulation"" in casual conversation among friends unless you are certain the listener will understand; it can sound pretentious. Also avoid when a simpler synonym suffices.",Academic: The researcher's findings revealed that the adulation effect was statistically significant across all samples.,"Conversational: Honestly, the adulation behavior of the team has been a major source of tension lately.",GRE: The committee's decision to ___ was met with both praise and criticism from stakeholders. (fill in: adulation)
25,adverse,adjective,Preventing success; harmful or unfavorable,contrary; untoward; inauspicious,,"Use ""adverse"" (adjective) when you want to convey preventing success; harmful or unfavorable. Appropriate in formal writing, GRE sentence-equivalence, and academic contexts where precision matters.","Avoid ""adverse"" in casual conversation among friends unless you are certain the listener will understand; it can sound pretentious. Also avoid when a simpler synonym suffices.",Academic: Contemporary scholars debate whether the adverse hypothesis adequately explains the observed data.,Conversational: I told him the adverse approach just wouldn't work here — we need to rethink this.,GRE: The author's ___ tone contrasted sharply with the ___ underlying message of the passage. (fill in: adverse)
26,aesthete,noun,A person with refined taste or appreciation for beauty,esthete,,"Use ""aesthete"" (noun) when you want to convey a person with refined taste or appreciation for beauty. Appropriate in formal writing, GRE sentence-equivalence, and academic contexts where precision matters.","Avoid ""aesthete"" in casual conversation among friends unless you are certain the listener will understand; it can sound pretentious. Also avoid when a simpler synonym suffices.",Academic: The researcher's findings revealed that the aesthete effect was statistically significant across all samples.,Conversational: I told him the aesthete approach just wouldn't work here — we need to rethink this.,"GRE: Despite the ___ nature of the evidence, the researchers remained ___ about their conclusions. (fill in: aesthete)"
27,aggregate,noun,Total amount or number; combined,combine; sum; total; congeries; totality; conglomeration,,"Use ""aggregate"" (noun) when you want to convey total amount or number; combined. Appropriate in formal writing, GRE sentence-equivalence, and academic contexts where precision matters.","Avoid ""aggregate"" in casual conversation among friends unless you are certain the listener will understand; it can sound pretentious. Also avoid when a simpler synonym suffices.",Academic: The study concluded that the aggregate factor played a decisive role in the experimental outcome.,"Conversational: Honestly, the aggregate behavior of the team has been a major source of tension lately.",GRE: The author's ___ tone contrasted sharply with the ___ underlying message of the passage. (fill in: aggregate)
28,aghast,adjective,Feeling or causing great surprise or horror,appalled; dismayed; shocked,,"Use ""aghast"" (adjective) when you want to convey feeling or causing great surprise or horror. Appropriate in formal writing, GRE sentence-equivalence, and academic contexts where precision matters.","Avoid ""aghast"" in casual conversation among friends unless you are certain the listener will understand; it can sound pretentious. Also avoid when a simpler synonym suffices.",Academic: The researcher's findings revealed that the aghast effect was statistically significant across all samples.,"Conversational: Honestly, the aghast behavior of the team has been a major source of tension lately.",GRE: The committee's decision to ___ was met with both praise and criticism from stakeholders. (fill in: aghast)
29,aimless,adjective,Without purpose or goal; directionless,adrift; afloat; directionless; rudderless; planless; undirected,,"Use ""aimless"" (adjective) when you want to convey without purpose or goal; directionless. Appropriate in formal writing, GRE sentence-equivalence, and academic contexts where precision matters.","Avoid ""aimless"" in casual conversation among friends unless you are certain the listener will understand; it can sound pretentious. Also avoid when a simpler synonym suffices.",Academic: The researcher's findings revealed that the aimless effect was statistically significant across all samples.,"Conversational: You know, it's pretty clear that the aimless situation needs our immediate attention.",GRE: The professor described the ___ as a ___ that ___ the entire field of study. (fill in: aimless)
30,alacrity,noun,"Cheerful readiness, promptness, or willingness",briskness; smartness,,"Use ""alacrity"" (noun) when you want to convey cheerful readiness, promptness, or willingness. Appropriate in formal writing, GRE sentence-equivalence, and academic contexts where precision matters.","Avoid ""alacrity"" in casual conversation among friends unless you are certain the listener will understand; it can sound pretentious. Also avoid when a simpler synonym suffices.",Academic: The study concluded that the alacrity factor played a decisive role in the experimental outcome.,"Conversational: Honestly, the alacrity behavior of the team has been a major source of tension lately.",GRE: The committee's decision to ___ was met with both praise and criticism from stakeholders. (fill in: alacrity)
31,aloof,adjective,Not friendly or forthcoming; distant or reserved,distant; upstage,,"Use ""aloof"" (adjective) when you want to convey not friendly or forthcoming; distant or reserved. Appropriate in formal writing, GRE sentence-equivalence, and academic contexts where precision matters.","Avoid ""aloof"" in casual conversation among friends unless you are certain the listener will understand; it can sound pretentious. Also avoid when a simpler synonym suffices.",Academic: The researcher's findings revealed that the aloof effect was statistically significant across all samples.,Conversational: I've noticed the aloof trend in our office culture and it's starting to concern me.,GRE: The professor described the ___ as a ___ that ___ the entire field of study. (fill in: aloof)
32,amalgamate,verb,To combine or merge,mix; commix; coalesced; amalgamated; unify; mingle,,"Use ""amalgamate"" (verb) when you want to convey to combine or merge. Appropriate in formal writing, GRE sentence-equivalence, and academic contexts where precision matters.","Avoid ""amalgamate"" in casual conversation among friends unless you are certain the listener will understand; it can sound pretentious. Also avoid when a simpler synonym suffices.",Academic: The researcher's findings revealed that the amalgamate effect was statistically significant across all samples.,"Conversational: Look, the amalgamate results speak for themselves — we can't ignore them any longer.","GRE: Despite the ___ nature of the evidence, the researchers remained ___ about their conclusions. (fill in: amalgamate)"
33,ambiguous,adjective,Open to more than one interpretation,equivocal,unambiguous; unequivocal,"Use ""ambiguous"" (adjective) when you want to convey open to more than one interpretation. Appropriate in formal writing, GRE sentence-equivalence, and academic contexts where precision matters.","Avoid ""ambiguous"" in casual conversation among friends unless you are certain the listener will understand; it can sound pretentious. Also avoid when a simpler synonym suffices.",Academic: The study concluded that the ambiguous factor played a decisive role in the experimental outcome.,Conversational: I told him the ambiguous approach just wouldn't work here — we need to rethink this.,GRE: The professor described the ___ as a ___ that ___ the entire field of study. (fill in: ambiguous)
34,ameliorate,verb,To make or become better; improve,improve; meliorate; better; amend,worsen,"Use ""ameliorate"" (verb) when you want to convey to make or become better; improve. Appropriate in formal writing, GRE sentence-equivalence, and academic contexts where precision matters.","Avoid ""ameliorate"" in casual conversation among friends unless you are certain the listener will understand; it can sound pretentious. Also avoid when a simpler synonym suffices.",Academic: The researcher's findings revealed that the ameliorate effect was statistically significant across all samples.,Conversational: I told him the ameliorate approach just wouldn't work here — we need to rethink this.,GRE: The author's ___ tone contrasted sharply with the ___ underlying message of the passage. (fill in: ameliorate)
35,anomaly,noun,Something that deviates from expected or normal,anomalousness; unusual person,,"Use ""anomaly"" (noun) when you want to convey something that deviates from expected or normal. Appropriate in formal writing, GRE sentence-equivalence, and academic contexts where precision matters.","Avoid ""anomaly"" in casual conversation among friends unless you are certain the listener will understand; it can sound pretentious. Also avoid when a simpler synonym suffices.",Academic: Contemporary scholars debate whether the anomaly hypothesis adequately explains the observed data.,"Conversational: Honestly, the anomaly behavior of the team has been a major source of tension lately.",GRE: The author's ___ tone contrasted sharply with the ___ underlying message of the passage. (fill in: anomaly)
36,antagonist,noun,A person who actively opposes or is hostile,opposer; opponent; resister; adversary,agonist; synergist,"Use ""antagonist"" (noun) when you want to convey a person who actively opposes or is hostile. Appropriate in formal writing, GRE sentence-equivalence, and academic contexts where precision matters.","Avoid ""antagonist"" in casual conversation among friends unless you are certain the listener will understand; it can sound pretentious. Also avoid when a simpler synonym suffices.",Academic: The study concluded that the antagonist factor played a decisive role in the experimental outcome.,Conversational: I've noticed the antagonist trend in our office culture and it's starting to concern me.,"GRE: Despite the ___ nature of the evidence, the researchers remained ___ about their conclusions. (fill in: antagonist)"
37,anxiety,noun,"A feeling of worry, nervousness, or unease",anxiousness,,"Use ""anxiety"" (noun) when you want to convey a feeling of worry, nervousness, or unease. Appropriate in formal writing, GRE sentence-equivalence, and academic contexts where precision matters.","Avoid ""anxiety"" in casual conversation among friends unless you are certain the listener will understand; it can sound pretentious. Also avoid when a simpler synonym suffices.",Academic: A key consideration in modern discourse is how the anxiety principle shapes contemporary policy decisions.,Conversational: I told him the anxiety approach just wouldn't work here — we need to rethink this.,GRE: Analysts noted that the company's ___ strategy had ___ results in the last quarter. (fill in: anxiety)
38,apathetic,adjective,"Showing no interest, enthusiasm, or excitement",indifferent,,"Use ""apathetic"" (adjective) when you want to convey showing no interest, enthusiasm, or excitement. Appropriate in formal writing, GRE sentence-equivalence, and academic contexts where precision matters.","Avoid ""apathetic"" in casual conversation among friends unless you are certain the listener will understand; it can sound pretentious. Also avoid when a simpler synonym suffices.",Academic: Contemporary scholars debate whether the apathetic hypothesis adequately explains the observed data.,"Conversational: Look, the apathetic results speak for themselves — we can't ignore them any longer.",GRE: The committee's decision to ___ was met with both praise and criticism from stakeholders. (fill in: apathetic)
39,aphorism,noun,A concise statement of a truth or principle,apothegm; apophthegm,,"Use ""aphorism"" (noun) when you want to convey a concise statement of a truth or principle. Appropriate in formal writing, GRE sentence-equivalence, and academic contexts where precision matters.","Avoid ""aphorism"" in casual conversation among friends unless you are certain the listener will understand; it can sound pretentious. Also avoid when a simpler synonym suffices.","Academic: In the scholarly article, the author argued that the aphorism phenomenon could not be overlooked.","Conversational: You know, it's pretty clear that the aphorism situation needs our immediate attention.",GRE: Analysts noted that the company's ___ strategy had ___ results in the last quarter. (fill in: aphorism)
40,apologetic,adjective,Showing regret for having caused trouble,excusatory,unapologetic,"Use ""apologetic"" (adjective) when you want to convey showing regret for having caused trouble. Appropriate in formal writing, GRE sentence-equivalence, and academic contexts where precision matters.","Avoid ""apologetic"" in casual conversation among friends unless you are certain the listener will understand; it can sound pretentious. Also avoid when a simpler synonym suffices.",Academic: The researcher's findings revealed that the apologetic effect was statistically significant across all samples.,"Conversational: Look, the apologetic results speak for themselves — we can't ignore them any longer.",GRE: The author's ___ tone contrasted sharply with the ___ underlying message of the passage. (fill in: apologetic)
41,appease,verb,To make someone less angry or hostile,placate; gentle; lenify; mollify; conciliate; gruntle,,"Use ""appease"" (verb) when you want to convey to make someone less angry or hostile. Appropriate in formal writing, GRE sentence-equivalence, and academic contexts where precision matters.","Avoid ""appease"" in casual conversation among friends unless you are certain the listener will understand; it can sound pretentious. Also avoid when a simpler synonym suffices.","Academic: In the scholarly article, the author argued that the appease phenomenon could not be overlooked.","Conversational: Look, the appease results speak for themselves — we can't ignore them any longer.","GRE: Despite the ___ nature of the evidence, the researchers remained ___ about their conclusions. (fill in: appease)"
42,apt,adjective,Very good in a skill or appropriate,minded; disposed; liable; given; clever; tending,,"Use ""apt"" (adjective) when you want to convey very good in a skill or appropriate. Appropriate in formal writing, GRE sentence-equivalence, and academic contexts where precision matters.","Avoid ""apt"" in casual conversation among friends unless you are certain the listener will understand; it can sound pretentious. Also avoid when a simpler synonym suffices.",Academic: Contemporary scholars debate whether the apt hypothesis adequately explains the observed data.,"Conversational: Look, the apt results speak for themselves — we can't ignore them any longer.",GRE: The author's ___ tone contrasted sharply with the ___ underlying message of the passage. (fill in: apt)
43,arcane,adjective,Known or understood by a select few,,,"Use ""arcane"" (adjective) when you want to convey known or understood by a select few. Appropriate in formal writing, GRE sentence-equivalence, and academic contexts where precision matters.","Avoid ""arcane"" in casual conversation among friends unless you are certain the listener will understand; it can sound pretentious. Also avoid when a simpler synonym suffices.",Academic: A key consideration in modern discourse is how the arcane principle shapes contemporary policy decisions.,Conversational: I've noticed the arcane trend in our office culture and it's starting to concern me.,GRE: The committee's decision to ___ was met with both praise and criticism from stakeholders. (fill in: arcane)
44,ardent,adjective,Having or displaying strong passion or enthusiasm,fiery; fervid; fervent; torrid; impassioned; perfervid,,"Use ""ardent"" (adjective) when you want to convey having or displaying strong passion or enthusiasm. Appropriate in formal writing, GRE sentence-equivalence, and academic contexts where precision matters.","Avoid ""ardent"" in casual conversation among friends unless you are certain the listener will understand; it can sound pretentious. Also avoid when a simpler synonym suffices.","Academic: In the scholarly article, the author argued that the ardent phenomenon could not be overlooked.",Conversational: I've noticed the ardent trend in our office culture and it's starting to concern me.,GRE: The professor described the ___ as a ___ that ___ the entire field of study. (fill in: ardent)
45,arduous,adjective,Involving or requiring strenuous effort,heavy; hard; punishing; toilsome; backbreaking; laborious,,"Use ""arduous"" (adjective) when you want to convey involving or requiring strenuous effort. Appropriate in formal writing, GRE sentence-equivalence, and academic contexts where precision matters.","Avoid ""arduous"" in casual conversation among friends unless you are certain the listener will understand; it can sound pretentious. Also avoid when a simpler synonym suffices.",Academic: A key consideration in modern discourse is how the arduous principle shapes contemporary policy decisions.,"Conversational: You know, it's pretty clear that the arduous situation needs our immediate attention.",GRE: The professor described the ___ as a ___ that ___ the entire field of study. (fill in: arduous)
46,arid,adjective,Having little rainfall; lacking vegetation,desiccated; waterless; desiccate,,"Use ""arid"" (adjective) when you want to convey having little rainfall; lacking vegetation. Appropriate in formal writing, GRE sentence-equivalence, and academic contexts where precision matters.","Avoid ""arid"" in casual conversation among friends unless you are certain the listener will understand; it can sound pretentious. Also avoid when a simpler synonym suffices.",Academic: The study concluded that the arid factor played a decisive role in the experimental outcome.,Conversational: I told him the arid approach just wouldn't work here — we need to rethink this.,"GRE: Despite the ___ nature of the evidence, the researchers remained ___ about their conclusions. (fill in: arid)"
47,arrogant,adjective,Having an exaggerated sense of one's own importance,chesty; self-important,,"Use ""arrogant"" (adjective) when you want to convey having an exaggerated sense of one's own importance. Appropriate in formal writing, GRE sentence-equivalence, and academic contexts where precision matters.","Avoid ""arrogant"" in casual conversation among friends unless you are certain the listener will understand; it can sound pretentious. Also avoid when a simpler synonym suffices.","Academic: In the scholarly article, the author argued that the arrogant phenomenon could not be overlooked.","Conversational: Honestly, the arrogant behavior of the team has been a major source of tension lately.",GRE: The author's ___ tone contrasted sharply with the ___ underlying message of the passage. (fill in: arrogant)
48,ascribe,verb,To attribute something to a particular cause,impute; attribute; assign,,"Use ""ascribe"" (verb) when you want to convey to attribute something to a particular cause. Appropriate in formal writing, GRE sentence-equivalence, and academic contexts where precision matters.","Avoid ""ascribe"" in casual conversation among friends unless you are certain the listener will understand; it can sound pretentious. Also avoid when a simpler synonym suffices.",Academic: The researcher's findings revealed that the ascribe effect was statistically significant across all samples.,Conversational: I've noticed the ascribe trend in our office culture and it's starting to concern me.,GRE: The committee's decision to ___ was met with both praise and criticism from stakeholders. (fill in: ascribe)
49,asylum,noun,An institution for people who are mentally ill,psychiatric hospital; insane asylum; refuge; institution; sanctuary; mental hospital,,"Use ""asylum"" (noun) when you want to convey an institution for people who are mentally ill. Appropriate in formal writing, GRE sentence-equivalence, and academic contexts where precision matters.","Avoid ""asylum"" in casual conversation among friends unless you are certain the listener will understand; it can sound pretentious. Also avoid when a simpler synonym suffices.",Academic: A key consideration in modern discourse is how the asylum principle shapes contemporary policy decisions.,Conversational: I've noticed the asylum trend in our office culture and it's starting to concern me.,GRE: The author's ___ tone contrasted sharply with the ___ underlying message of the passage. (fill in: asylum)
50,asymptomatic,adjective,Showing no symptoms of disease,symptomless,,"Use ""asymptomatic"" (adjective) when you want to convey showing no symptoms of disease. Appropriate in formal writing, GRE sentence-equivalence, and academic contexts where precision matters.","Avoid ""asymptomatic"" in casual conversation among friends unless you are certain the listener will understand; it can sound pretentious. Also avoid when a simpler synonym suffices.",Academic: The researcher's findings revealed that the asymptomatic effect was statistically significant across all samples.,Conversational: I told him the asymptomatic approach just wouldn't work here — we need to rethink this.,GRE: The professor described the ___ as a ___ that ___ the entire field of study. (fill in: asymptomatic)
51,austere,adjective,Severely simple or strict,severe; stern; ascetical; stark; spartan; ascetic,,"Use ""austere"" (adjective) when you want to convey severely simple or strict. Appropriate in formal writing, GRE sentence-equivalence, and academic contexts where precision matters.","Avoid ""austere"" in casual conversation among friends unless you are certain the listener will understand; it can sound pretentious. Also avoid when a simpler synonym suffices.",Academic: The researcher's findings revealed that the austere effect was statistically significant across all samples.,Conversational: I've noticed the austere trend in our office culture and it's starting to concern me.,GRE: The author's ___ tone contrasted sharply with the ___ underlying message of the passage. (fill in: austere)
52,autonomy,noun,Self-governance or independence,self-reliance; self-sufficiency; liberty; self-direction,,"Use ""autonomy"" (noun) when you want to convey self-governance or independence. Appropriate in formal writing, GRE sentence-equivalence, and academic contexts where precision matters.","Avoid ""autonomy"" in casual conversation among friends unless you are certain the listener will understand; it can sound pretentious. Also avoid when a simpler synonym suffices.","Academic: In the scholarly article, the author argued that the autonomy phenomenon could not be overlooked.",Conversational: I've noticed the autonomy trend in our office culture and it's starting to concern me.,GRE: The professor described the ___ as a ___ that ___ the entire field of study. (fill in: autonomy)
53,avarice,noun,A greedy desire for wealth or material possessions,covetousness; greed; cupidity; rapacity; avariciousness; avaritia,,"Use ""avarice"" (noun) when you want to convey a greedy desire for wealth or material possessions. Appropriate in formal writing, GRE sentence-equivalence, and academic contexts where precision matters.","Avoid ""avarice"" in casual conversation among friends unless you are certain the listener will understand; it can sound pretentious. Also avoid when a simpler synonym suffices.",Academic: The study concluded that the avarice factor played a decisive role in the experimental outcome.,"Conversational: You know, it's pretty clear that the avarice situation needs our immediate attention.",GRE: The committee's decision to ___ was met with both praise and criticism from stakeholders. (fill in: avarice)
54,babble,verb,To talk in a rapid and voluble manner,lallation; blether; blither; blather; babbling; smatter,keep quiet,"Use ""babble"" (verb) when you want to convey to talk in a rapid and voluble manner. Appropriate in formal writing, GRE sentence-equivalence, and academic contexts where precision matters.","Avoid ""babble"" in casual conversation among friends unless you are certain the listener will understand; it can sound pretentious. Also avoid when a simpler synonym suffices.",Academic: A key consideration in modern discourse is how the babble principle shapes contemporary policy decisions.,"Conversational: Honestly, the babble behavior of the team has been a major source of tension lately.",GRE: Analysts noted that the company's ___ strategy had ___ results in the last quarter. (fill in: babble)
55,backhanded,adjective,Of a comment that is simultaneously laudatory and insulting,backhand,forehand,"Use ""backhanded"" (adjective) when you want to convey of a comment that is simultaneously laudatory and insulting. Appropriate in formal writing, GRE sentence-equivalence, and academic contexts where precision matters.","Avoid ""backhanded"" in casual conversation among friends unless you are certain the listener will understand; it can sound pretentious. Also avoid when a simpler synonym suffices.","Academic: In the scholarly article, the author argued that the backhanded phenomenon could not be overlooked.",Conversational: I told him the backhanded approach just wouldn't work here — we need to rethink this.,GRE: The author's ___ tone contrasted sharply with the ___ underlying message of the passage. (fill in: backhanded)
56,badate,noun,A small ornamental case for holding a writing implement,,,"Use ""badate"" (noun) when you want to convey a small ornamental case for holding a writing implement. Appropriate in formal writing, GRE sentence-equivalence, and academic contexts where precision matters.","Avoid ""badate"" in casual conversation among friends unless you are certain the listener will understand; it can sound pretentious. Also avoid when a simpler synonym suffices.","Academic: In the scholarly article, the author argued that the badate phenomenon could not be overlooked.","Conversational: You know, it's pretty clear that the badate situation needs our immediate attention.","GRE: Despite the ___ nature of the evidence, the researchers remained ___ about their conclusions. (fill in: badate)"
57,balmy,adjective,Mild and pleasant; good for health,batty; bonkers; loco; barmy; whacky; loony,,"Use ""balmy"" (adjective) when you want to convey mild and pleasant; good for health. Appropriate in formal writing, GRE sentence-equivalence, and academic contexts where precision matters.","Avoid ""balmy"" in casual conversation among friends unless you are certain the listener will understand; it can sound pretentious. Also avoid when a simpler synonym suffices.","Academic: In the scholarly article, the author argued that the balmy phenomenon could not be overlooked.",Conversational: I've noticed the balmy trend in our office culture and it's starting to concern me.,GRE: Analysts noted that the company's ___ strategy had ___ results in the last quarter. (fill in: balmy)
58,bandy,verb,To toss about or discuss casually,bandy-legged; kick around; bowleg; bowed; bowlegged,,"Use ""bandy"" (verb) when you want to convey to toss about or discuss casually. Appropriate in formal writing, GRE sentence-equivalence, and academic contexts where precision matters.","Avoid ""bandy"" in casual conversation among friends unless you are certain the listener will understand; it can sound pretentious. Also avoid when a simpler synonym suffices.",Academic: The researcher's findings revealed that the bandy effect was statistically significant across all samples.,"Conversational: Look, the bandy results speak for themselves — we can't ignore them any longer.",GRE: The author's ___ tone contrasted sharply with the ___ underlying message of the passage. (fill in: bandy)
59,bang,exclamation,An explosive sound or an energetic manner of movement,clap; belt; knock; bam; smash; eruption,,"Use ""bang"" (exclamation) when you want to convey an explosive sound or an energetic manner of movement. Appropriate in formal writing, GRE sentence-equivalence, and academic contexts where precision matters.","Avoid ""bang"" in casual conversation among friends unless you are certain the listener will understand; it can sound pretentious. Also avoid when a simpler synonym suffices.",Academic: The researcher's findings revealed that the bang effect was statistically significant across all samples.,"Conversational: Honestly, the bang behavior of the team has been a major source of tension lately.",GRE: The author's ___ tone contrasted sharply with the ___ underlying message of the passage. (fill in: bang)
60,bankable,adjective,Able to be relied on to be successful or profitable,,,"Use ""bankable"" (adjective) when you want to convey able to be relied on to be successful or profitable. Appropriate in formal writing, GRE sentence-equivalence, and academic contexts where precision matters.","Avoid ""bankable"" in casual conversation among friends unless you are certain the listener will understand; it can sound pretentious. Also avoid when a simpler synonym suffices.",Academic: Contemporary scholars debate whether the bankable hypothesis adequately explains the observed data.,"Conversational: Look, the bankable results speak for themselves — we can't ignore them any longer.",GRE: Analysts noted that the company's ___ strategy had ___ results in the last quarter. (fill in: bankable)
61,baptism,noun,A Christian rite of Christian initiation,,,"Use ""baptism"" (noun) when you want to convey a christian rite of christian initiation. Appropriate in formal writing, GRE sentence-equivalence, and academic contexts where precision matters.","Avoid ""baptism"" in casual conversation among friends unless you are certain the listener will understand; it can sound pretentious. Also avoid when a simpler synonym suffices.",Academic: Contemporary scholars debate whether the baptism hypothesis adequately explains the observed data.,Conversational: I told him the baptism approach just wouldn't work here — we need to rethink this.,GRE: The professor described the ___ as a ___ that ___ the entire field of study. (fill in: baptism)
62,barrage,noun,A concentrated outpouring or rapid series,bombardment; battery; outpouring; shelling; onslaught; barrage fire,,"Use ""barrage"" (noun) when you want to convey a concentrated outpouring or rapid series. Appropriate in formal writing, GRE sentence-equivalence, and academic contexts where precision matters.","Avoid ""barrage"" in casual conversation among friends unless you are certain the listener will understand; it can sound pretentious. Also avoid when a simpler synonym suffices.",Academic: The study concluded that the barrage factor played a decisive role in the experimental outcome.,"Conversational: Honestly, the barrage behavior of the team has been a major source of tension lately.","GRE: Despite the ___ nature of the evidence, the researchers remained ___ about their conclusions. (fill in: barrage)"
63,bated,adjective,In a reduced state; lessened (often in 'bated breath'),lick; cream; bate; bat; clobber; drub,,"Use ""bated"" (adjective) when you want to convey in a reduced state; lessened (often in 'bated breath'). Appropriate in formal writing, GRE sentence-equivalence, and academic contexts where precision matters.","Avoid ""bated"" in casual conversation among friends unless you are certain the listener will understand; it can sound pretentious. Also avoid when a simpler synonym suffices.",Academic: Contemporary scholars debate whether the bated hypothesis adequately explains the observed data.,"Conversational: Look, the bated results speak for themselves — we can't ignore them any longer.",GRE: The committee's decision to ___ was met with both praise and criticism from stakeholders. (fill in: bated)
64,battle,noun,A sustained fight between opposing forces,combat; fight; struggle; conflict; engagement,,"Use ""battle"" (noun) when you want to convey a sustained fight between opposing forces. Appropriate in formal writing, GRE sentence-equivalence, and academic contexts where precision matters.","Avoid ""battle"" in casual conversation among friends unless you are certain the listener will understand; it can sound pretentious. Also avoid when a simpler synonym suffices.",Academic: The researcher's findings revealed that the battle effect was statistically significant across all samples.,Conversational: I told him the battle approach just wouldn't work here — we need to rethink this.,GRE: The committee's decision to ___ was met with both praise and criticism from stakeholders. (fill in: battle)
65,bay,noun,A body of water partly enclosed by land,embayment; bay tree; true laurel; bay laurel; Laurus nobilis; alcove,,"Use ""bay"" (noun) when you want to convey a body of water partly enclosed by land. Appropriate in formal writing, GRE sentence-equivalence, and academic contexts where precision matters.","Avoid ""bay"" in casual conversation among friends unless you are certain the listener will understand; it can sound pretentious. Also avoid when a simpler synonym suffices.",Academic: A key consideration in modern discourse is how the bay principle shapes contemporary policy decisions.,"Conversational: You know, it's pretty clear that the bay situation needs our immediate attention.",GRE: The author's ___ tone contrasted sharply with the ___ underlying message of the passage. (fill in: bay)
66,bazooka,noun,A portable shoulder-fired rocket launcher,,,"Use ""bazooka"" (noun) when you want to convey a portable shoulder-fired rocket launcher. Appropriate in formal writing, GRE sentence-equivalence, and academic contexts where precision matters.","Avoid ""bazooka"" in casual conversation among friends unless you are certain the listener will understand; it can sound pretentious. Also avoid when a simpler synonym suffices.",Academic: Contemporary scholars debate whether the bazooka hypothesis adequately explains the observed data.,Conversational: I told him the bazooka approach just wouldn't work here — we need to rethink this.,GRE: The author's ___ tone contrasted sharply with the ___ underlying message of the passage. (fill in: bazooka)
67,beam,noun,A long piece of timber or metal,beam of light; ray; light beam; shaft of light; radio beam; ray of light,,"Use ""beam"" (noun) when you want to convey a long piece of timber or metal. Appropriate in formal writing, GRE sentence-equivalence, and academic contexts where precision matters.","Avoid ""beam"" in casual conversation among friends unless you are certain the listener will understand; it can sound pretentious. Also avoid when a simpler synonym suffices.",Academic: The researcher's findings revealed that the beam effect was statistically significant across all samples.,"Conversational: You know, it's pretty clear that the beam situation needs our immediate attention.",GRE: The committee's decision to ___ was met with both praise and criticism from stakeholders. (fill in: beam)
68,bear,verb,To carry or support,endure; tolerate; digest; deliver; support; have,bull,"Use ""bear"" (verb) when you want to convey to carry or support. Appropriate in formal writing, GRE sentence-equivalence, and academic contexts where precision matters.","Avoid ""bear"" in casual conversation among friends unless you are certain the listener will understand; it can sound pretentious. Also avoid when a simpler synonym suffices.","Academic: In the scholarly article, the author argued that the bear phenomenon could not be overlooked.",Conversational: I told him the bear approach just wouldn't work here — we need to rethink this.,GRE: The committee's decision to ___ was met with both praise and criticism from stakeholders. (fill in: bear)
69,beast,noun,"An animal, especially a large or dangerous one",fauna; wildcat; animal; brute; creature; savage,,"Use ""beast"" (noun) when you want to convey an animal, especially a large or dangerous one. Appropriate in formal writing, GRE sentence-equivalence, and academic contexts where precision matters.","Avoid ""beast"" in casual conversation among friends unless you are certain the listener will understand; it can sound pretentious. Also avoid when a simpler synonym suffices.","Academic: In the scholarly article, the author argued that the beast phenomenon could not be overlooked.","Conversational: Honestly, the beast behavior of the team has been a major source of tension lately.",GRE: The committee's decision to ___ was met with both praise and criticism from stakeholders. (fill in: beast)
70,beat,verb,To strike repeatedly,round; rhythm; heartbeat; pulse; pulsation; musical rhythm,,"Use ""beat"" (verb) when you want to convey to strike repeatedly. Appropriate in formal writing, GRE sentence-equivalence, and academic contexts where precision matters.","Avoid ""beat"" in casual conversation among friends unless you are certain the listener will understand; it can sound pretentious. Also avoid when a simpler synonym suffices.",Academic: Contemporary scholars debate whether the beat hypothesis adequately explains the observed data.,Conversational: I told him the beat approach just wouldn't work here — we need to rethink this.,GRE: The professor described the ___ as a ___ that ___ the entire field of study. (fill in: beat)
71,beaut,noun,A beautiful thing,beauty,,"Use ""beaut"" (noun) when you want to convey a beautiful thing. Appropriate in formal writing, GRE sentence-equivalence, and academic contexts where precision matters.","Avoid ""beaut"" in casual conversation among friends unless you are certain the listener will understand; it can sound pretentious. Also avoid when a simpler synonym suffices.",Academic: The study concluded that the beaut factor played a decisive role in the experimental outcome.,Conversational: I told him the beaut approach just wouldn't work here — we need to rethink this.,GRE: The author's ___ tone contrasted sharply with the ___ underlying message of the passage. (fill in: beaut)
72,beauteous,adjective,Beautiful in a fairly style; attractive,,,"Use ""beauteous"" (adjective) when you want to convey beautiful in a fairly style; attractive. Appropriate in formal writing, GRE sentence-equivalence, and academic contexts where precision matters.","Avoid ""beauteous"" in casual conversation among friends unless you are certain the listener will understand; it can sound pretentious. Also avoid when a simpler synonym suffices.",Academic: The researcher's findings revealed that the beauteous effect was statistically significant across all samples.,Conversational: I've noticed the beauteous trend in our office culture and it's starting to concern me.,GRE: The author's ___ tone contrasted sharply with the ___ underlying message of the passage. (fill in: beauteous)
73,beautify,verb,To make beautiful,adorn; embellish; deck; grace; prettify; fancify,uglify,"Use ""beautify"" (verb) when you want to convey to make beautiful. Appropriate in formal writing, GRE sentence-equivalence, and academic contexts where precision matters.","Avoid ""beautify"" in casual conversation among friends unless you are certain the listener will understand; it can sound pretentious. Also avoid when a simpler synonym suffices.",Academic: The study concluded that the beautify factor played a decisive role in the experimental outcome.,Conversational: I told him the beautify approach just wouldn't work here — we need to rethink this.,"GRE: Despite the ___ nature of the evidence, the researchers remained ___ about their conclusions. (fill in: beautify)"
74,becloak,verb,To cover or conceal,,,"Use ""becloak"" (verb) when you want to convey to cover or conceal. Appropriate in formal writing, GRE sentence-equivalence, and academic contexts where precision matters.","Avoid ""becloak"" in casual conversation among friends unless you are certain the listener will understand; it can sound pretentious. Also avoid when a simpler synonym suffices.",Academic: The study concluded that the becloak factor played a decisive role in the experimental outcome.,Conversational: I told him the becloak approach just wouldn't work here — we need to rethink this.,GRE: The committee's decision to ___ was met with both praise and criticism from stakeholders. (fill in: becloak)
75,bedevil,verb,"To torment, harass, or irritate",dun; rag; befuddle; confound; torment; fox,,"Use ""bedevil"" (verb) when you want to convey to torment, harass, or irritate. Appropriate in formal writing, GRE sentence-equivalence, and academic contexts where precision matters.","Avoid ""bedevil"" in casual conversation among friends unless you are certain the listener will understand; it can sound pretentious. Also avoid when a simpler synonym suffices.","Academic: In the scholarly article, the author argued that the bedevil phenomenon could not be overlooked.","Conversational: Look, the bedevil results speak for themselves — we can't ignore them any longer.",GRE: The professor described the ___ as a ___ that ___ the entire field of study. (fill in: bedevil)
76,bedizen,verb,To dress or adorn in a tasteless or cheap way,dizen,,"Use ""bedizen"" (verb) when you want to convey to dress or adorn in a tasteless or cheap way. Appropriate in formal writing, GRE sentence-equivalence, and academic contexts where precision matters.","Avoid ""bedizen"" in casual conversation among friends unless you are certain the listener will understand; it can sound pretentious. Also avoid when a simpler synonym suffices.",Academic: The study concluded that the bedizen factor played a decisive role in the experimental outcome.,"Conversational: Look, the bedizen results speak for themselves — we can't ignore them any longer.","GRE: Despite the ___ nature of the evidence, the researchers remained ___ about their conclusions. (fill in: bedizen)"
77,bee,noun,A flying insect,,,"Use ""bee"" (noun) when you want to convey a flying insect. Appropriate in formal writing, GRE sentence-equivalence, and academic contexts where precision matters.","Avoid ""bee"" in casual conversation among friends unless you are certain the listener will understand; it can sound pretentious. Also avoid when a simpler synonym suffices.","Academic: In the scholarly article, the author argued that the bee phenomenon could not be overlooked.","Conversational: You know, it's pretty clear that the bee situation needs our immediate attention.",GRE: The committee's decision to ___ was met with both praise and criticism from stakeholders. (fill in: bee)
78,beige,adjective,Of a pale yellowish-brown colour,ecru,,"Use ""beige"" (adjective) when you want to convey of a pale yellowish-brown colour. Appropriate in formal writing, GRE sentence-equivalence, and academic contexts where precision matters.","Avoid ""beige"" in casual conversation among friends unless you are certain the listener will understand; it can sound pretentious. Also avoid when a simpler synonym suffices.",Academic: The study concluded that the beige factor played a decisive role in the experimental outcome.,"Conversational: Honestly, the beige behavior of the team has been a major source of tension lately.",GRE: The committee's decision to ___ was met with both praise and criticism from stakeholders. (fill in: beige)
79,belch,verb,To emit (gas or smoke) from the mouth,bubble; burping; eructation; eruct; burp; belching,,"Use ""belch"" (verb) when you want to convey to emit (gas or smoke) from the mouth. Appropriate in formal writing, GRE sentence-equivalence, and academic contexts where precision matters.","Avoid ""belch"" in casual conversation among friends unless you are certain the listener will understand; it can sound pretentious. Also avoid when a simpler synonym suffices.",Academic: The researcher's findings revealed that the belch effect was statistically significant across all samples.,Conversational: I told him the belch approach just wouldn't work here — we need to rethink this.,GRE: Analysts noted that the company's ___ strategy had ___ results in the last quarter. (fill in: belch)
80,belligerent,adjective,Hostile and aggressive,scrapper; war-ridden; battler; warring; fighter; combatant,,"Use ""belligerent"" (adjective) when you want to convey hostile and aggressive. Appropriate in formal writing, GRE sentence-equivalence, and academic contexts where precision matters.","Avoid ""belligerent"" in casual conversation among friends unless you are certain the listener will understand; it can sound pretentious. Also avoid when a simpler synonym suffices.",Academic: Contemporary scholars debate whether the belligerent hypothesis adequately explains the observed data.,"Conversational: Look, the belligerent results speak for themselves — we can't ignore them any longer.",GRE: Analysts noted that the company's ___ strategy had ___ results in the last quarter. (fill in: belligerent)
81,belle,noun,An attractive woman,,,"Use ""belle"" (noun) when you want to convey an attractive woman. Appropriate in formal writing, GRE sentence-equivalence, and academic contexts where precision matters.","Avoid ""belle"" in casual conversation among friends unless you are certain the listener will understand; it can sound pretentious. Also avoid when a simpler synonym suffices.",Academic: The study concluded that the belle factor played a decisive role in the experimental outcome.,Conversational: I told him the belle approach just wouldn't work here — we need to rethink this.,GRE: The professor described the ___ as a ___ that ___ the entire field of study. (fill in: belle)
82,belly,noun,The stomach or abdominal region,venter; stomach; abdomen; belly out; paunch,,"Use ""belly"" (noun) when you want to convey the stomach or abdominal region. Appropriate in formal writing, GRE sentence-equivalence, and academic contexts where precision matters.","Avoid ""belly"" in casual conversation among friends unless you are certain the listener will understand; it can sound pretentious. Also avoid when a simpler synonym suffices.",Academic: The study concluded that the belly factor played a decisive role in the experimental outcome.,Conversational: I told him the belly approach just wouldn't work here — we need to rethink this.,GRE: The committee's decision to ___ was met with both praise and criticism from stakeholders. (fill in: belly)
83,belong,verb,To be in a particular place or situation,go; belong to,,"Use ""belong"" (verb) when you want to convey to be in a particular place or situation. Appropriate in formal writing, GRE sentence-equivalence, and academic contexts where precision matters.","Avoid ""belong"" in casual conversation among friends unless you are certain the listener will understand; it can sound pretentious. Also avoid when a simpler synonym suffices.",Academic: The study concluded that the belong factor played a decisive role in the experimental outcome.,Conversational: I've noticed the belong trend in our office culture and it's starting to concern me.,GRE: The committee's decision to ___ was met with both praise and criticism from stakeholders. (fill in: belong)
84,below,adverb,Farther down or lower,beneath; to a lower place; on a lower floor; downstairs; infra; at a lower place,upstairs; above,"Use ""below"" (adverb) when you want to convey farther down or lower. Appropriate in formal writing, GRE sentence-equivalence, and academic contexts where precision matters.","Avoid ""below"" in casual conversation among friends unless you are certain the listener will understand; it can sound pretentious. Also avoid when a simpler synonym suffices.","Academic: In the scholarly article, the author argued that the below phenomenon could not be overlooked.",Conversational: I've noticed the below trend in our office culture and it's starting to concern me.,GRE: The committee's decision to ___ was met with both praise and criticism from stakeholders. (fill in: below)
85,belt,noun,A belt typically made of leather,knock; swath; smash; belted ammunition; bang; belt ammunition,unbelt,"Use ""belt"" (noun) when you want to convey a belt typically made of leather. Appropriate in formal writing, GRE sentence-equivalence, and academic contexts where precision matters.","Avoid ""belt"" in casual conversation among friends unless you are certain the listener will understand; it can sound pretentious. Also avoid when a simpler synonym suffices.","Academic: In the scholarly article, the author argued that the belt phenomenon could not be overlooked.",Conversational: I told him the belt approach just wouldn't work here — we need to rethink this.,GRE: Analysts noted that the company's ___ strategy had ___ results in the last quarter. (fill in: belt)
86,bench,noun,A long seat,judiciary; work bench; workbench; terrace,,"Use ""bench"" (noun) when you want to convey a long seat. Appropriate in formal writing, GRE sentence-equivalence, and academic contexts where precision matters.","Avoid ""bench"" in casual conversation among friends unless you are certain the listener will understand; it can sound pretentious. Also avoid when a simpler synonym suffices.",Academic: The study concluded that the bench factor played a decisive role in the experimental outcome.,"Conversational: Look, the bench results speak for themselves — we can't ignore them any longer.","GRE: Despite the ___ nature of the evidence, the researchers remained ___ about their conclusions. (fill in: bench)"
87,bend,verb,To cause to straighten or curve,turn; fold; crimp; crease; plication; twist,straighten; unbend,"Use ""bend"" (verb) when you want to convey to cause to straighten or curve. Appropriate in formal writing, GRE sentence-equivalence, and academic contexts where precision matters.","Avoid ""bend"" in casual conversation among friends unless you are certain the listener will understand; it can sound pretentious. Also avoid when a simpler synonym suffices.",Academic: The researcher's findings revealed that the bend effect was statistically significant across all samples.,"Conversational: Look, the bend results speak for themselves — we can't ignore them any longer.",GRE: The committee's decision to ___ was met with both praise and criticism from stakeholders. (fill in: bend)
88,benefactor,noun,A person who supports or promotes another's career,helper,,"Use ""benefactor"" (noun) when you want to convey a person who supports or promotes another's career. Appropriate in formal writing, GRE sentence-equivalence, and academic contexts where precision matters.","Avoid ""benefactor"" in casual conversation among friends unless you are certain the listener will understand; it can sound pretentious. Also avoid when a simpler synonym suffices.",Academic: The researcher's findings revealed that the benefactor effect was statistically significant across all samples.,"Conversational: Look, the benefactor results speak for themselves — we can't ignore them any longer.",GRE: The committee's decision to ___ was met with both praise and criticism from stakeholders. (fill in: benefactor)
89,benefit,noun,An advantage or profit gained from something,profit; welfare; gain; do good,,"Use ""benefit"" (noun) when you want to convey an advantage or profit gained from something. Appropriate in formal writing, GRE sentence-equivalence, and academic contexts where precision matters.","Avoid ""benefit"" in casual conversation among friends unless you are certain the listener will understand; it can sound pretentious. Also avoid when a simpler synonym suffices.",Academic: The study concluded that the benefit factor played a decisive role in the experimental outcome.,"Conversational: Honestly, the benefit behavior of the team has been a major source of tension lately.","GRE: Despite the ___ nature of the evidence, the researchers remained ___ about their conclusions. (fill in: benefit)"
90,bet,noun,An act of betting,play; stake; depend; stakes; reckon; calculate,,"Use ""bet"" (noun) when you want to convey an act of betting. Appropriate in formal writing, GRE sentence-equivalence, and academic contexts where precision matters.","Avoid ""bet"" in casual conversation among friends unless you are certain the listener will understand; it can sound pretentious. Also avoid when a simpler synonym suffices.",Academic: A key consideration in modern discourse is how the bet principle shapes contemporary policy decisions.,"Conversational: Look, the bet results speak for themselves — we can't ignore them any longer.",GRE: The author's ___ tone contrasted sharply with the ___ underlying message of the passage. (fill in: bet)
91,bewilder,verb,To cause someone to become confused,perplex; stick; mystify; flummox; vex; nonplus,,"Use ""bewilder"" (verb) when you want to convey to cause someone to become confused. Appropriate in formal writing, GRE sentence-equivalence, and academic contexts where precision matters.","Avoid ""bewilder"" in casual conversation among friends unless you are certain the listener will understand; it can sound pretentious. Also avoid when a simpler synonym suffices.",Academic: The study concluded that the bewilder factor played a decisive role in the experimental outcome.,Conversational: I told him the bewilder approach just wouldn't work here — we need to rethink this.,GRE: Analysts noted that the company's ___ strategy had ___ results in the last quarter. (fill in: bewilder)
92,beyond,preposition,At or to a further place or time,,,"Use ""beyond"" (preposition) when you want to convey at or to a further place or time. Appropriate in formal writing, GRE sentence-equivalence, and academic contexts where precision matters.","Avoid ""beyond"" in casual conversation among friends unless you are certain the listener will understand; it can sound pretentious. Also avoid when a simpler synonym suffices.",Academic: A key consideration in modern discourse is how the beyond principle shapes contemporary policy decisions.,Conversational: I told him the beyond approach just wouldn't work here — we need to rethink this.,GRE: The committee's decision to ___ was met with both praise and criticism from stakeholders. (fill in: beyond)
93,bias,noun,Inclination or prejudice for or against,diagonal; prejudice; predetermine; preconception,,"Use ""bias"" (noun) when you want to convey inclination or prejudice for or against. Appropriate in formal writing, GRE sentence-equivalence, and academic contexts where precision matters.","Avoid ""bias"" in casual conversation among friends unless you are certain the listener will understand; it can sound pretentious. Also avoid when a simpler synonym suffices.",Academic: Contemporary scholars debate whether the bias hypothesis adequately explains the observed data.,Conversational: I've noticed the bias trend in our office culture and it's starting to concern me.,GRE: The committee's decision to ___ was met with both praise and criticism from stakeholders. (fill in: bias)
94,bible,noun,A collection of religious sacred writings,Scripture; Book; Holy Writ; Christian Bible; Word of God; Holy Scripture,,"Use ""bible"" (noun) when you want to convey a collection of religious sacred writings. Appropriate in formal writing, GRE sentence-equivalence, and academic contexts where precision matters.","Avoid ""bible"" in casual conversation among friends unless you are certain the listener will understand; it can sound pretentious. Also avoid when a simpler synonym suffices.",Academic: A key consideration in modern discourse is how the bible principle shapes contemporary policy decisions.,"Conversational: You know, it's pretty clear that the bible situation needs our immediate attention.",GRE: The committee's decision to ___ was met with both praise and criticism from stakeholders. (fill in: bible)
95,bid,noun,An offer to pay a price,play; tender; bidding; offer; command; dictation,,"Use ""bid"" (noun) when you want to convey an offer to pay a price. Appropriate in formal writing, GRE sentence-equivalence, and academic contexts where precision matters.","Avoid ""bid"" in casual conversation among friends unless you are certain the listener will understand; it can sound pretentious. Also avoid when a simpler synonym suffices.",Academic: Contemporary scholars debate whether the bid hypothesis adequately explains the observed data.,"Conversational: Look, the bid results speak for themselves — we can't ignore them any longer.",GRE: The author's ___ tone contrasted sharply with the ___ underlying message of the passage. (fill in: bid)
96,big,adjective,"Large in size, amount, or extent",heavy; crowing; self-aggrandising; large; bragging; cock-a-hoop,little; small,"Use ""big"" (adjective) when you want to convey large in size, amount, or extent. Appropriate in formal writing, GRE sentence-equivalence, and academic contexts where precision matters.","Avoid ""big"" in casual conversation among friends unless you are certain the listener will understand; it can sound pretentious. Also avoid when a simpler synonym suffices.",Academic: Contemporary scholars debate whether the big hypothesis adequately explains the observed data.,Conversational: I told him the big approach just wouldn't work here — we need to rethink this.,GRE: The committee's decision to ___ was met with both praise and criticism from stakeholders. (fill in: big)
97,bike,noun,A bicycle,pedal; bicycle; cycle; motorcycle; wheel,,"Use ""bike"" (noun) when you want to convey a bicycle. Appropriate in formal writing, GRE sentence-equivalence, and academic contexts where precision matters.","Avoid ""bike"" in casual conversation among friends unless you are certain the listener will understand; it can sound pretentious. Also avoid when a simpler synonym suffices.",Academic: Contemporary scholars debate whether the bike hypothesis adequately explains the observed data.,"Conversational: You know, it's pretty clear that the bike situation needs our immediate attention.",GRE: Analysts noted that the company's ___ strategy had ___ results in the last quarter. (fill in: bike)
98,billy,noun,A young goat,nightstick; he-goat; baton; billy goat; billy club; billystick,,"Use ""billy"" (noun) when you want to convey a young goat. Appropriate in formal writing, GRE sentence-equivalence, and academic contexts where precision matters.","Avoid ""billy"" in casual conversation among friends unless you are certain the listener will understand; it can sound pretentious. Also avoid when a simpler synonym suffices.","Academic: In the scholarly article, the author argued that the billy phenomenon could not be overlooked.",Conversational: I've noticed the billy trend in our office culture and it's starting to concern me.,GRE: The committee's decision to ___ was met with both praise and criticism from stakeholders. (fill in: billy)
99,binge,noun,A period of excessive eating or drinking,englut; ingurgitate; gourmandize; overgorge; gorge; orgy,,"Use ""binge"" (noun) when you want to convey a period of excessive eating or drinking. Appropriate in formal writing, GRE sentence-equivalence, and academic contexts where precision matters.","Avoid ""binge"" in casual conversation among friends unless you are certain the listener will understand; it can sound pretentious. Also avoid when a simpler synonym suffices.",Academic: The researcher's findings revealed that the binge effect was statistically significant across all samples.,"Conversational: Look, the binge results speak for themselves — we can't ignore them any longer.",GRE: The committee's decision to ___ was met with both praise and criticism from stakeholders. (fill in: binge)
100,biography,noun,A written account of someone's life,life story; life history; life,,"Use ""biography"" (noun) when you want to convey a written account of someone's life. Appropriate in formal writing, GRE sentence-equivalence, and academic contexts where precision matters.","Avoid ""biography"" in casual conversation among friends unless you are certain the listener will understand; it can sound pretentious. Also avoid when a simpler synonym suffices.",Academic: Contemporary scholars debate whether the biography hypothesis adequately explains the observed data.,Conversational: I told him the biography approach just wouldn't work here — we need to rethink this.,GRE: The author's ___ tone contrasted sharply with the ___ underlying message of the passage. (fill in: biography)
101,biopsy,noun,An examination of tissue from the living body,,,"Use ""biopsy"" (noun) when you want to convey an examination of tissue from the living body. Appropriate in formal writing, GRE sentence-equivalence, and academic contexts where precision matters.","Avoid ""biopsy"" in casual conversation among friends unless you are certain the listener will understand; it can sound pretentious. Also avoid when a simpler synonym suffices.",Academic: Contemporary scholars debate whether the biopsy hypothesis adequately explains the observed data.,"Conversational: You know, it's pretty clear that the biopsy situation needs our immediate attention.",GRE: The author's ___ tone contrasted sharply with the ___ underlying message of the passage. (fill in: biopsy)
102,bird,noun,A warm-blooded vertebrate animal of the class Aves,wench; doll; chick; dame; skirt; fowl,,"Use ""bird"" (noun) when you want to convey a warm-blooded vertebrate animal of the class aves. Appropriate in formal writing, GRE sentence-equivalence, and academic contexts where precision matters.","Avoid ""bird"" in casual conversation among friends unless you are certain the listener will understand; it can sound pretentious. Also avoid when a simpler synonym suffices.","Academic: In the scholarly article, the author argued that the bird phenomenon could not be overlooked.","Conversational: Look, the bird results speak for themselves — we can't ignore them any longer.",GRE: The author's ___ tone contrasted sharply with the ___ underlying message of the passage. (fill in: bird)
103,birth,noun,The action or fact of giving birth to young,nascency; parturition; nascence; giving birth; nativity; birthing,death,"Use ""birth"" (noun) when you want to convey the action or fact of giving birth to young. Appropriate in formal writing, GRE sentence-equivalence, and academic contexts where precision matters.","Avoid ""birth"" in casual conversation among friends unless you are certain the listener will understand; it can sound pretentious. Also avoid when a simpler synonym suffices.",Academic: Contemporary scholars debate whether the birth hypothesis adequately explains the observed data.,Conversational: I've noticed the birth trend in our office culture and it's starting to concern me.,GRE: The professor described the ___ as a ___ that ___ the entire field of study. (fill in: birth)
104,birthday,noun,The anniversary of the day on which someone was born,natal day,,"Use ""birthday"" (noun) when you want to convey the anniversary of the day on which someone was born. Appropriate in formal writing, GRE sentence-equivalence, and academic contexts where precision matters.","Avoid ""birthday"" in casual conversation among friends unless you are certain the listener will understand; it can sound pretentious. Also avoid when a simpler synonym suffices.",Academic: A key consideration in modern discourse is how the birthday principle shapes contemporary policy decisions.,Conversational: I told him the birthday approach just wouldn't work here — we need to rethink this.,GRE: The professor described the ___ as a ___ that ___ the entire field of study. (fill in: birthday)
105,bite,verb,"To use the teeth to cut, grip, or tear something",snack; collation; insect bite; morsel; bit; sting,,"Use ""bite"" (verb) when you want to convey to use the teeth to cut, grip, or tear something. Appropriate in formal writing, GRE sentence-equivalence, and academic contexts where precision matters.","Avoid ""bite"" in casual conversation among friends unless you are certain the listener will understand; it can sound pretentious. Also avoid when a simpler synonym suffices.",Academic: The researcher's findings revealed that the bite effect was statistically significant across all samples.,"Conversational: Honestly, the bite behavior of the team has been a major source of tension lately.","GRE: Despite the ___ nature of the evidence, the researchers remained ___ about their conclusions. (fill in: bite)"
106,bitter,adjective,Having a sharp pungent taste or smell,blistering; acrid; virulent; bitterness; sulfurous; sulphurous,,"Use ""bitter"" (adjective) when you want to convey having a sharp pungent taste or smell. Appropriate in formal writing, GRE sentence-equivalence, and academic contexts where precision matters.","Avoid ""bitter"" in casual conversation among friends unless you are certain the listener will understand; it can sound pretentious. Also avoid when a simpler synonym suffices.",Academic: The researcher's findings revealed that the bitter effect was statistically significant across all samples.,"Conversational: Honestly, the bitter behavior of the team has been a major source of tension lately.","GRE: Despite the ___ nature of the evidence, the researchers remained ___ about their conclusions. (fill in: bitter)"
107,bland,adjective,Lacking strong flavors; boring,savourless; flat; vapid; insipid; savorless; flavourless,,"Use ""bland"" (adjective) when you want to convey lacking strong flavors; boring. Appropriate in formal writing, GRE sentence-equivalence, and academic contexts where precision matters.","Avoid ""bland"" in casual conversation among friends unless you are certain the listener will understand; it can sound pretentious. Also avoid when a simpler synonym suffices.",Academic: A key consideration in modern discourse is how the bland principle shapes contemporary policy decisions.,"Conversational: You know, it's pretty clear that the bland situation needs our immediate attention.",GRE: The committee's decision to ___ was met with both praise and criticism from stakeholders. (fill in: bland)
108,blank,adjective,Containing a gap in writing,dummy; white; blank shell; lacuna; space; clean,,"Use ""blank"" (adjective) when you want to convey containing a gap in writing. Appropriate in formal writing, GRE sentence-equivalence, and academic contexts where precision matters.","Avoid ""blank"" in casual conversation among friends unless you are certain the listener will understand; it can sound pretentious. Also avoid when a simpler synonym suffices.",Academic: The study concluded that the blank factor played a decisive role in the experimental outcome.,Conversational: I've noticed the blank trend in our office culture and it's starting to concern me.,GRE: The author's ___ tone contrasted sharply with the ___ underlying message of the passage. (fill in: blank)
109,blast,noun,An explosion,clap; bam; blow; eruption; bang; gust,,"Use ""blast"" (noun) when you want to convey an explosion. Appropriate in formal writing, GRE sentence-equivalence, and academic contexts where precision matters.","Avoid ""blast"" in casual conversation among friends unless you are certain the listener will understand; it can sound pretentious. Also avoid when a simpler synonym suffices.","Academic: In the scholarly article, the author argued that the blast phenomenon could not be overlooked.","Conversational: You know, it's pretty clear that the blast situation needs our immediate attention.",GRE: The author's ___ tone contrasted sharply with the ___ underlying message of the passage. (fill in: blast)
110,bleak,adjective,Bitterly cold and damp,barren; dim; bare; desolate; stark; black,,"Use ""bleak"" (adjective) when you want to convey bitterly cold and damp. Appropriate in formal writing, GRE sentence-equivalence, and academic contexts where precision matters.","Avoid ""bleak"" in casual conversation among friends unless you are certain the listener will understand; it can sound pretentious. Also avoid when a simpler synonym suffices.",Academic: The researcher's findings revealed that the bleak effect was statistically significant across all samples.,Conversational: I've noticed the bleak trend in our office culture and it's starting to concern me.,GRE: The professor described the ___ as a ___ that ___ the entire field of study. (fill in: bleak)
111,blend,verb,To mix or merge things together,immingle; portmanteau; portmanteau word; blending; intermingle; intermix,,"Use ""blend"" (verb) when you want to convey to mix or merge things together. Appropriate in formal writing, GRE sentence-equivalence, and academic contexts where precision matters.","Avoid ""blend"" in casual conversation among friends unless you are certain the listener will understand; it can sound pretentious. Also avoid when a simpler synonym suffices.",Academic: The researcher's findings revealed that the blend effect was statistically significant across all samples.,"Conversational: Honestly, the blend behavior of the team has been a major source of tension lately.",GRE: The committee's decision to ___ was met with both praise and criticism from stakeholders. (fill in: blend)
112,blithe,adjective,Showing a casual and cheerful lack of concern,light-hearted; lightsome; lighthearted; blithesome,,"Use ""blithe"" (adjective) when you want to convey showing a casual and cheerful lack of concern. Appropriate in formal writing, GRE sentence-equivalence, and academic contexts where precision matters.","Avoid ""blithe"" in casual conversation among friends unless you are certain the listener will understand; it can sound pretentious. Also avoid when a simpler synonym suffices.",Academic: The researcher's findings revealed that the blithe effect was statistically significant across all samples.,"Conversational: Honestly, the blithe behavior of the team has been a major source of tension lately.",GRE: The professor described the ___ as a ___ that ___ the entire field of study. (fill in: blithe)
113,bloat,verb,To cause to swell up,,,"Use ""bloat"" (verb) when you want to convey to cause to swell up. Appropriate in formal writing, GRE sentence-equivalence, and academic contexts where precision matters.","Avoid ""bloat"" in casual conversation among friends unless you are certain the listener will understand; it can sound pretentious. Also avoid when a simpler synonym suffices.",Academic: The researcher's findings revealed that the bloat effect was statistically significant across all samples.,"Conversational: Look, the bloat results speak for themselves — we can't ignore them any longer.",GRE: The author's ___ tone contrasted sharply with the ___ underlying message of the passage. (fill in: bloat)
114,block,noun,A solid piece of material,cube; pulley block; city block; pulley; mental block; pulley-block,unfreeze; unblock; free; unstuff; remember,"Use ""block"" (noun) when you want to convey a solid piece of material. Appropriate in formal writing, GRE sentence-equivalence, and academic contexts where precision matters.","Avoid ""block"" in casual conversation among friends unless you are certain the listener will understand; it can sound pretentious. Also avoid when a simpler synonym suffices.",Academic: A key consideration in modern discourse is how the block principle shapes contemporary policy decisions.,Conversational: I've noticed the block trend in our office culture and it's starting to concern me.,GRE: The author's ___ tone contrasted sharply with the ___ underlying message of the passage. (fill in: block)
115,bludgeon,verb,To attack with a heavy implement,club,,"Use ""bludgeon"" (verb) when you want to convey to attack with a heavy implement. Appropriate in formal writing, GRE sentence-equivalence, and academic contexts where precision matters.","Avoid ""bludgeon"" in casual conversation among friends unless you are certain the listener will understand; it can sound pretentious. Also avoid when a simpler synonym suffices.","Academic: In the scholarly article, the author argued that the bludgeon phenomenon could not be overlooked.",Conversational: I've noticed the bludgeon trend in our office culture and it's starting to concern me.,GRE: The professor described the ___ as a ___ that ___ the entire field of study. (fill in: bludgeon)
116,blunt,adjective,Not sharp; direct in speech,forthright; frank; candid; dull; deaden; plainspoken,enliven; sharpen,"Use ""blunt"" (adjective) when you want to convey not sharp; direct in speech. Appropriate in formal writing, GRE sentence-equivalence, and academic contexts where precision matters.","Avoid ""blunt"" in casual conversation among friends unless you are certain the listener will understand; it can sound pretentious. Also avoid when a simpler synonym suffices.","Academic: In the scholarly article, the author argued that the blunt phenomenon could not be overlooked.",Conversational: I told him the blunt approach just wouldn't work here — we need to rethink this.,GRE: The professor described the ___ as a ___ that ___ the entire field of study. (fill in: blunt)
117,blur,verb,To make indistinct,film over; obscure; obnubilate; fuzz; confuse; glaze over,focus,"Use ""blur"" (verb) when you want to convey to make indistinct. Appropriate in formal writing, GRE sentence-equivalence, and academic contexts where precision matters.","Avoid ""blur"" in casual conversation among friends unless you are certain the listener will understand; it can sound pretentious. Also avoid when a simpler synonym suffices.","Academic: In the scholarly article, the author argued that the blur phenomenon could not be overlooked.","Conversational: You know, it's pretty clear that the blur situation needs our immediate attention.",GRE: The author's ___ tone contrasted sharply with the ___ underlying message of the passage. (fill in: blur)
118,board,noun,"A long, thin, flat piece of wood",display panel; control board; panel; table; display board; instrument panel,get off,"Use ""board"" (noun) when you want to convey a long, thin, flat piece of wood. Appropriate in formal writing, GRE sentence-equivalence, and academic contexts where precision matters.","Avoid ""board"" in casual conversation among friends unless you are certain the listener will understand; it can sound pretentious. Also avoid when a simpler synonym suffices.",Academic: The researcher's findings revealed that the board effect was statistically significant across all samples.,"Conversational: Honestly, the board behavior of the team has been a major source of tension lately.",GRE: The professor described the ___ as a ___ that ___ the entire field of study. (fill in: board)
119,boaster,noun,A person who boasts,blowhard; line-shooter; vaunter; bragger; braggart,,"Use ""boaster"" (noun) when you want to convey a person who boasts. Appropriate in formal writing, GRE sentence-equivalence, and academic contexts where precision matters.","Avoid ""boaster"" in casual conversation among friends unless you are certain the listener will understand; it can sound pretentious. Also avoid when a simpler synonym suffices.",Academic: Contemporary scholars debate whether the boaster hypothesis adequately explains the observed data.,Conversational: I told him the boaster approach just wouldn't work here — we need to rethink this.,GRE: The professor described the ___ as a ___ that ___ the entire field of study. (fill in: boaster)
120,bogus,adjective,Copied or falsified,fake; bastard; phony; phoney,,"Use ""bogus"" (adjective) when you want to convey copied or falsified. Appropriate in formal writing, GRE sentence-equivalence, and academic contexts where precision matters.","Avoid ""bogus"" in casual conversation among friends unless you are certain the listener will understand; it can sound pretentious. Also avoid when a simpler synonym suffices.",Academic: The researcher's findings revealed that the bogus effect was statistically significant across all samples.,"Conversational: Honestly, the bogus behavior of the team has been a major source of tension lately.",GRE: The author's ___ tone contrasted sharply with the ___ underlying message of the passage. (fill in: bogus)
121,boil,verb,To reach the boiling point,churn; seethe; roil; furuncle; boiling point; moil,freeze,"Use ""boil"" (verb) when you want to convey to reach the boiling point. Appropriate in formal writing, GRE sentence-equivalence, and academic contexts where precision matters.","Avoid ""boil"" in casual conversation among friends unless you are certain the listener will understand; it can sound pretentious. Also avoid when a simpler synonym suffices.",Academic: The study concluded that the boil factor played a decisive role in the experimental outcome.,"Conversational: Honestly, the boil behavior of the team has been a major source of tension lately.",GRE: The committee's decision to ___ was met with both praise and criticism from stakeholders. (fill in: boil)
122,bold,adjective,Confident and courageous,bluff; bold face; boldface; sheer,timid,"Use ""bold"" (adjective) when you want to convey confident and courageous. Appropriate in formal writing, GRE sentence-equivalence, and academic contexts where precision matters.","Avoid ""bold"" in casual conversation among friends unless you are certain the listener will understand; it can sound pretentious. Also avoid when a simpler synonym suffices.","Academic: In the scholarly article, the author argued that the bold phenomenon could not be overlooked.","Conversational: Look, the bold results speak for themselves — we can't ignore them any longer.",GRE: The professor described the ___ as a ___ that ___ the entire field of study. (fill in: bold)
123,bolster,verb,To support and strengthen,pad; long pillow; bolster up,,"Use ""bolster"" (verb) when you want to convey to support and strengthen. Appropriate in formal writing, GRE sentence-equivalence, and academic contexts where precision matters.","Avoid ""bolster"" in casual conversation among friends unless you are certain the listener will understand; it can sound pretentious. Also avoid when a simpler synonym suffices.","Academic: In the scholarly article, the author argued that the bolster phenomenon could not be overlooked.","Conversational: You know, it's pretty clear that the bolster situation needs our immediate attention.",GRE: The professor described the ___ as a ___ that ___ the entire field of study. (fill in: bolster)
124,bolt,verb,To fasten or secure firmly,make off; decamp; bolt of lightning; abscond; deadbolt; thunderbolt,unbolt,"Use ""bolt"" (verb) when you want to convey to fasten or secure firmly. Appropriate in formal writing, GRE sentence-equivalence, and academic contexts where precision matters.","Avoid ""bolt"" in casual conversation among friends unless you are certain the listener will understand; it can sound pretentious. Also avoid when a simpler synonym suffices.",Academic: The researcher's findings revealed that the bolt effect was statistically significant across all samples.,"Conversational: Honestly, the bolt behavior of the team has been a major source of tension lately.",GRE: Analysts noted that the company's ___ strategy had ___ results in the last quarter. (fill in: bolt)
125,bomb,noun,An explosive weapon,flush it; fail; flunk; dud; turkey; bombard,pass,"Use ""bomb"" (noun) when you want to convey an explosive weapon. Appropriate in formal writing, GRE sentence-equivalence, and academic contexts where precision matters.","Avoid ""bomb"" in casual conversation among friends unless you are certain the listener will understand; it can sound pretentious. Also avoid when a simpler synonym suffices.",Academic: The study concluded that the bomb factor played a decisive role in the experimental outcome.,Conversational: I've noticed the bomb trend in our office culture and it's starting to concern me.,"GRE: Despite the ___ nature of the evidence, the researchers remained ___ about their conclusions. (fill in: bomb)"
126,bond,noun,A force that unites or binds,bail bond; bond certificate; bail; shackle; trammel; hamper,,"Use ""bond"" (noun) when you want to convey a force that unites or binds. Appropriate in formal writing, GRE sentence-equivalence, and academic contexts where precision matters.","Avoid ""bond"" in casual conversation among friends unless you are certain the listener will understand; it can sound pretentious. Also avoid when a simpler synonym suffices.",Academic: Contemporary scholars debate whether the bond hypothesis adequately explains the observed data.,"Conversational: You know, it's pretty clear that the bond situation needs our immediate attention.",GRE: The committee's decision to ___ was met with both praise and criticism from stakeholders. (fill in: bond)
127,boor,noun,A rude or unsophisticated person,barbarian; tyke; peasant; Goth; tike; churl,,"Use ""boor"" (noun) when you want to convey a rude or unsophisticated person. Appropriate in formal writing, GRE sentence-equivalence, and academic contexts where precision matters.","Avoid ""boor"" in casual conversation among friends unless you are certain the listener will understand; it can sound pretentious. Also avoid when a simpler synonym suffices.","Academic: In the scholarly article, the author argued that the boor phenomenon could not be overlooked.",Conversational: I told him the boor approach just wouldn't work here — we need to rethink this.,GRE: The author's ___ tone contrasted sharply with the ___ underlying message of the passage. (fill in: boor)
128,booze,noun,Alcoholic drink,spirits; hard liquor; John Barleycorn; hard drink; strong drink; liquor,,"Use ""booze"" (noun) when you want to convey alcoholic drink. Appropriate in formal writing, GRE sentence-equivalence, and academic contexts where precision matters.","Avoid ""booze"" in casual conversation among friends unless you are certain the listener will understand; it can sound pretentious. Also avoid when a simpler synonym suffices.","Academic: In the scholarly article, the author argued that the booze phenomenon could not be overlooked.","Conversational: Honestly, the booze behavior of the team has been a major source of tension lately.",GRE: The author's ___ tone contrasted sharply with the ___ underlying message of the passage. (fill in: booze)
129,border,noun,A perceived line beyond which something changes,perimeter; margin; borderline; boundary line; delimitation; mete,,"Use ""border"" (noun) when you want to convey a perceived line beyond which something changes. Appropriate in formal writing, GRE sentence-equivalence, and academic contexts where precision matters.","Avoid ""border"" in casual conversation among friends unless you are certain the listener will understand; it can sound pretentious. Also avoid when a simpler synonym suffices.",Academic: Contemporary scholars debate whether the border hypothesis adequately explains the observed data.,Conversational: I told him the border approach just wouldn't work here — we need to rethink this.,"GRE: Despite the ___ nature of the evidence, the researchers remained ___ about their conclusions. (fill in: border)"
130,bore,verb,To make someone feel weary and impatient,eager; calibre; tidal bore; dullard; gauge; aegir,interest,"Use ""bore"" (verb) when you want to convey to make someone feel weary and impatient. Appropriate in formal writing, GRE sentence-equivalence, and academic contexts where precision matters.","Avoid ""bore"" in casual conversation among friends unless you are certain the listener will understand; it can sound pretentious. Also avoid when a simpler synonym suffices.",Academic: The researcher's findings revealed that the bore effect was statistically significant across all samples.,"Conversational: You know, it's pretty clear that the bore situation needs our immediate attention.",GRE: The professor described the ___ as a ___ that ___ the entire field of study. (fill in: bore)
131,borne,verb,Past participle of bear,endure; tolerate; digest; deliver; support; have,,"Use ""borne"" (verb) when you want to convey past participle of bear. Appropriate in formal writing, GRE sentence-equivalence, and academic contexts where precision matters.","Avoid ""borne"" in casual conversation among friends unless you are certain the listener will understand; it can sound pretentious. Also avoid when a simpler synonym suffices.",Academic: A key consideration in modern discourse is how the borne principle shapes contemporary policy decisions.,"Conversational: You know, it's pretty clear that the borne situation needs our immediate attention.",GRE: The professor described the ___ as a ___ that ___ the entire field of study. (fill in: borne)
132,borrow,verb,To take something and return it later,take over; take up; adopt,lend,"Use ""borrow"" (verb) when you want to convey to take something and return it later. Appropriate in formal writing, GRE sentence-equivalence, and academic contexts where precision matters.","Avoid ""borrow"" in casual conversation among friends unless you are certain the listener will understand; it can sound pretentious. Also avoid when a simpler synonym suffices.",Academic: The researcher's findings revealed that the borrow effect was statistically significant across all samples.,Conversational: I told him the borrow approach just wouldn't work here — we need to rethink this.,GRE: The committee's decision to ___ was met with both praise and criticism from stakeholders. (fill in: borrow)
133,bother,verb,To make someone disquieted or irritated,botheration; pain; hassle; trouble; fuss; infliction,,"Use ""bother"" (verb) when you want to convey to make someone disquieted or irritated. Appropriate in formal writing, GRE sentence-equivalence, and academic contexts where precision matters.","Avoid ""bother"" in casual conversation among friends unless you are certain the listener will understand; it can sound pretentious. Also avoid when a simpler synonym suffices.",Academic: A key consideration in modern discourse is how the bother principle shapes contemporary policy decisions.,Conversational: I've noticed the bother trend in our office culture and it's starting to concern me.,"GRE: Despite the ___ nature of the evidence, the researchers remained ___ about their conclusions. (fill in: bother)"
134,bottle,noun,A container sealed and used for storing liquids,feeding bottle; nursing bottle; bottleful,,"Use ""bottle"" (noun) when you want to convey a container sealed and used for storing liquids. Appropriate in formal writing, GRE sentence-equivalence, and academic contexts where precision matters.","Avoid ""bottle"" in casual conversation among friends unless you are certain the listener will understand; it can sound pretentious. Also avoid when a simpler synonym suffices.",Academic: Contemporary scholars debate whether the bottle hypothesis adequately explains the observed data.,Conversational: I told him the bottle approach just wouldn't work here — we need to rethink this.,GRE: Analysts noted that the company's ___ strategy had ___ results in the last quarter. (fill in: bottle)
135,bought,verb,Past tense of buy,corrupt; purchase; buy; bribe; grease one's palms,sell,"Use ""bought"" (verb) when you want to convey past tense of buy. Appropriate in formal writing, GRE sentence-equivalence, and academic contexts where precision matters.","Avoid ""bought"" in casual conversation among friends unless you are certain the listener will understand; it can sound pretentious. Also avoid when a simpler synonym suffices.",Academic: The researcher's findings revealed that the bought effect was statistically significant across all samples.,Conversational: I told him the bought approach just wouldn't work here — we need to rethink this.,"GRE: Despite the ___ nature of the evidence, the researchers remained ___ about their conclusions. (fill in: bought)"
136,bounce,verb,To rebound off a surface,saltation; leap; bound; leaping; spring; bounciness,clear,"Use ""bounce"" (verb) when you want to convey to rebound off a surface. Appropriate in formal writing, GRE sentence-equivalence, and academic contexts where precision matters.","Avoid ""bounce"" in casual conversation among friends unless you are certain the listener will understand; it can sound pretentious. Also avoid when a simpler synonym suffices.","Academic: In the scholarly article, the author argued that the bounce phenomenon could not be overlooked.",Conversational: I told him the bounce approach just wouldn't work here — we need to rethink this.,GRE: The professor described the ___ as a ___ that ___ the entire field of study. (fill in: bounce)
137,bound,adjective,Tied or secured,boundary; saltation; bounds; leap; limit; edge,untie; unbound; free; unbind,"Use ""bound"" (adjective) when you want to convey tied or secured. Appropriate in formal writing, GRE sentence-equivalence, and academic contexts where precision matters.","Avoid ""bound"" in casual conversation among friends unless you are certain the listener will understand; it can sound pretentious. Also avoid when a simpler synonym suffices.",Academic: The study concluded that the bound factor played a decisive role in the experimental outcome.,Conversational: I told him the bound approach just wouldn't work here — we need to rethink this.,GRE: The professor described the ___ as a ___ that ___ the entire field of study. (fill in: bound)
138,bountiful,adjective,Large in quantity,openhanded; freehanded; handsome; bighearted; bounteous; giving,,"Use ""bountiful"" (adjective) when you want to convey large in quantity. Appropriate in formal writing, GRE sentence-equivalence, and academic contexts where precision matters.","Avoid ""bountiful"" in casual conversation among friends unless you are certain the listener will understand; it can sound pretentious. Also avoid when a simpler synonym suffices.",Academic: The researcher's findings revealed that the bountiful effect was statistically significant across all samples.,"Conversational: You know, it's pretty clear that the bountiful situation needs our immediate attention.","GRE: Despite the ___ nature of the evidence, the researchers remained ___ about their conclusions. (fill in: bountiful)"
139,boundary,noun,A line that marks a limit,edge; bounds; limit; bound,,"Use ""boundary"" (noun) when you want to convey a line that marks a limit. Appropriate in formal writing, GRE sentence-equivalence, and academic contexts where precision matters.","Avoid ""boundary"" in casual conversation among friends unless you are certain the listener will understand; it can sound pretentious. Also avoid when a simpler synonym suffices.","Academic: In the scholarly article, the author argued that the boundary phenomenon could not be overlooked.","Conversational: Look, the boundary results speak for themselves — we can't ignore them any longer.",GRE: Analysts noted that the company's ___ strategy had ___ results in the last quarter. (fill in: boundary)
140,bowl,noun,"A round, deep dish",bowlful; sports stadium; stadium; arena; bowling ball; trough,,"Use ""bowl"" (noun) when you want to convey a round, deep dish. Appropriate in formal writing, GRE sentence-equivalence, and academic contexts where precision matters.","Avoid ""bowl"" in casual conversation among friends unless you are certain the listener will understand; it can sound pretentious. Also avoid when a simpler synonym suffices.",Academic: The researcher's findings revealed that the bowl effect was statistically significant across all samples.,"Conversational: Look, the bowl results speak for themselves — we can't ignore them any longer.",GRE: The professor described the ___ as a ___ that ___ the entire field of study. (fill in: bowl)
141,boycott,verb,To refuse to cooperate with,,patronise; patronize,"Use ""boycott"" (verb) when you want to convey to refuse to cooperate with. Appropriate in formal writing, GRE sentence-equivalence, and academic contexts where precision matters.","Avoid ""boycott"" in casual conversation among friends unless you are certain the listener will understand; it can sound pretentious. Also avoid when a simpler synonym suffices.",Academic: A key consideration in modern discourse is how the boycott principle shapes contemporary policy decisions.,Conversational: I told him the boycott approach just wouldn't work here — we need to rethink this.,GRE: Analysts noted that the company's ___ strategy had ___ results in the last quarter. (fill in: boycott)
142,brain,noun,The commanding part of the nervous system,mentality; mental capacity; wit; learning ability; encephalon; brainpower,,"Use ""brain"" (noun) when you want to convey the commanding part of the nervous system. Appropriate in formal writing, GRE sentence-equivalence, and academic contexts where precision matters.","Avoid ""brain"" in casual conversation among friends unless you are certain the listener will understand; it can sound pretentious. Also avoid when a simpler synonym suffices.","Academic: In the scholarly article, the author argued that the brain phenomenon could not be overlooked.",Conversational: I told him the brain approach just wouldn't work here — we need to rethink this.,"GRE: Despite the ___ nature of the evidence, the researchers remained ___ about their conclusions. (fill in: brain)"
143,brake,noun,A device for slowing or stopping a wheel,pasture brake; bracken; Pteridium aquilinum,,"Use ""brake"" (noun) when you want to convey a device for slowing or stopping a wheel. Appropriate in formal writing, GRE sentence-equivalence, and academic contexts where precision matters.","Avoid ""brake"" in casual conversation among friends unless you are certain the listener will understand; it can sound pretentious. Also avoid when a simpler synonym suffices.",Academic: A key consideration in modern discourse is how the brake principle shapes contemporary policy decisions.,"Conversational: Honestly, the brake behavior of the team has been a major source of tension lately.",GRE: The committee's decision to ___ was met with both praise and criticism from stakeholders. (fill in: brake)
144,brash,adjective,Self-assertive in a rude way,cheeky; nervy,,"Use ""brash"" (adjective) when you want to convey self-assertive in a rude way. Appropriate in formal writing, GRE sentence-equivalence, and academic contexts where precision matters.","Avoid ""brash"" in casual conversation among friends unless you are certain the listener will understand; it can sound pretentious. Also avoid when a simpler synonym suffices.",Academic: A key consideration in modern discourse is how the brash principle shapes contemporary policy decisions.,"Conversational: Honestly, the brash behavior of the team has been a major source of tension lately.",GRE: The author's ___ tone contrasted sharply with the ___ underlying message of the passage. (fill in: brash)
145,brave,adjective,Ready to face danger or pain,endure; brave out; courageous; unfearing; dauntless; weather,cowardly; timid,"Use ""brave"" (adjective) when you want to convey ready to face danger or pain. Appropriate in formal writing, GRE sentence-equivalence, and academic contexts where precision matters.","Avoid ""brave"" in casual conversation among friends unless you are certain the listener will understand; it can sound pretentious. Also avoid when a simpler synonym suffices.",Academic: The study concluded that the brave factor played a decisive role in the experimental outcome.,Conversational: I've noticed the brave trend in our office culture and it's starting to concern me.,GRE: The professor described the ___ as a ___ that ___ the entire field of study. (fill in: brave)
146,bread,noun,Food made from flour,scratch; wampum; sugar; clams; boodle; dinero,,"Use ""bread"" (noun) when you want to convey food made from flour. Appropriate in formal writing, GRE sentence-equivalence, and academic contexts where precision matters.","Avoid ""bread"" in casual conversation among friends unless you are certain the listener will understand; it can sound pretentious. Also avoid when a simpler synonym suffices.","Academic: In the scholarly article, the author argued that the bread phenomenon could not be overlooked.","Conversational: You know, it's pretty clear that the bread situation needs our immediate attention.",GRE: The professor described the ___ as a ___ that ___ the entire field of study. (fill in: bread)
147,break,verb,To separate into pieces,shift; geological fault; interruption; happy chance; faulting; good luck,keep; make; promote; repair; conform to,"Use ""break"" (verb) when you want to convey to separate into pieces. Appropriate in formal writing, GRE sentence-equivalence, and academic contexts where precision matters.","Avoid ""break"" in casual conversation among friends unless you are certain the listener will understand; it can sound pretentious. Also avoid when a simpler synonym suffices.",Academic: The researcher's findings revealed that the break effect was statistically significant across all samples.,Conversational: I've noticed the break trend in our office culture and it's starting to concern me.,GRE: The professor described the ___ as a ___ that ___ the entire field of study. (fill in: break)
148,breakdown,noun,A failure of normal working,equipment failure; dislocation; partitioning; crack-up,,"Use ""breakdown"" (noun) when you want to convey a failure of normal working. Appropriate in formal writing, GRE sentence-equivalence, and academic contexts where precision matters.","Avoid ""breakdown"" in casual conversation among friends unless you are certain the listener will understand; it can sound pretentious. Also avoid when a simpler synonym suffices.","Academic: In the scholarly article, the author argued that the breakdown phenomenon could not be overlooked.","Conversational: You know, it's pretty clear that the breakdown situation needs our immediate attention.",GRE: The author's ___ tone contrasted sharply with the ___ underlying message of the passage. (fill in: breakdown)
149,brevity,noun,Concise expression,transience; briefness,,"Use ""brevity"" (noun) when you want to convey concise expression. Appropriate in formal writing, GRE sentence-equivalence, and academic contexts where precision matters.","Avoid ""brevity"" in casual conversation among friends unless you are certain the listener will understand; it can sound pretentious. Also avoid when a simpler synonym suffices.",Academic: The study concluded that the brevity factor played a decisive role in the experimental outcome.,"Conversational: Honestly, the brevity behavior of the team has been a major source of tension lately.",GRE: The professor described the ___ as a ___ that ___ the entire field of study. (fill in: brevity)
150,bridge,noun,A structure carrying a road over a river,span; bridge deck; bridge over; bridgework; nosepiece; bridge circuit,,"Use ""bridge"" (noun) when you want to convey a structure carrying a road over a river. Appropriate in formal writing, GRE sentence-equivalence, and academic contexts where precision matters.","Avoid ""bridge"" in casual conversation among friends unless you are certain the listener will understand; it can sound pretentious. Also avoid when a simpler synonym suffices.",Academic: The study concluded that the bridge factor played a decisive role in the experimental outcome.,Conversational: I've noticed the bridge trend in our office culture and it's starting to concern me.,GRE: The author's ___ tone contrasted sharply with the ___ underlying message of the passage. (fill in: bridge)
151,brief,noun,A letter or plan that summarizes,legal brief; abbreviated,,"Use ""brief"" (noun) when you want to convey a letter or plan that summarizes. Appropriate in formal writing, GRE sentence-equivalence, and academic contexts where precision matters.","Avoid ""brief"" in casual conversation among friends unless you are certain the listener will understand; it can sound pretentious. Also avoid when a simpler synonym suffices.","Academic: In the scholarly article, the author argued that the brief phenomenon could not be overlooked.","Conversational: Look, the brief results speak for themselves — we can't ignore them any longer.",GRE: The author's ___ tone contrasted sharply with the ___ underlying message of the passage. (fill in: brief)
152,brilliant,adjective,Exceptionally clever,glorious; smart as a whip; magnificent; brainy; splendid; superb,,"Use ""brilliant"" (adjective) when you want to convey exceptionally clever. Appropriate in formal writing, GRE sentence-equivalence, and academic contexts where precision matters.","Avoid ""brilliant"" in casual conversation among friends unless you are certain the listener will understand; it can sound pretentious. Also avoid when a simpler synonym suffices.",Academic: The researcher's findings revealed that the brilliant effect was statistically significant across all samples.,"Conversational: Honestly, the brilliant behavior of the team has been a major source of tension lately.",GRE: The committee's decision to ___ was met with both praise and criticism from stakeholders. (fill in: brilliant)
153,bring,verb,To cause to come,work; convey; play; take; wreak; make for,take away,"Use ""bring"" (verb) when you want to convey to cause to come. Appropriate in formal writing, GRE sentence-equivalence, and academic contexts where precision matters.","Avoid ""bring"" in casual conversation among friends unless you are certain the listener will understand; it can sound pretentious. Also avoid when a simpler synonym suffices.",Academic: The study concluded that the bring factor played a decisive role in the experimental outcome.,"Conversational: You know, it's pretty clear that the bring situation needs our immediate attention.",GRE: The author's ___ tone contrasted sharply with the ___ underlying message of the passage. (fill in: bring)
154,broad,adjective,Measuring a long distance from edge to edge,extensive; across-the-board; all-embracing; all-inclusive; wide; panoptic,narrow,"Use ""broad"" (adjective) when you want to convey measuring a long distance from edge to edge. Appropriate in formal writing, GRE sentence-equivalence, and academic contexts where precision matters.","Avoid ""broad"" in casual conversation among friends unless you are certain the listener will understand; it can sound pretentious. Also avoid when a simpler synonym suffices.",Academic: Contemporary scholars debate whether the broad hypothesis adequately explains the observed data.,Conversational: I told him the broad approach just wouldn't work here — we need to rethink this.,GRE: The professor described the ___ as a ___ that ___ the entire field of study. (fill in: broad)
155,broadcast,noun,A radio or television signal,program; send; air; transmit; beam; programme,,"Use ""broadcast"" (noun) when you want to convey a radio or television signal. Appropriate in formal writing, GRE sentence-equivalence, and academic contexts where precision matters.","Avoid ""broadcast"" in casual conversation among friends unless you are certain the listener will understand; it can sound pretentious. Also avoid when a simpler synonym suffices.",Academic: The study concluded that the broadcast factor played a decisive role in the experimental outcome.,"Conversational: You know, it's pretty clear that the broadcast situation needs our immediate attention.",GRE: The professor described the ___ as a ___ that ___ the entire field of study. (fill in: broadcast)
156,brochure,noun,A small printed booklet,pamphlet; booklet; folder; leaflet,,"Use ""brochure"" (noun) when you want to convey a small printed booklet. Appropriate in formal writing, GRE sentence-equivalence, and academic contexts where precision matters.","Avoid ""brochure"" in casual conversation among friends unless you are certain the listener will understand; it can sound pretentious. Also avoid when a simpler synonym suffices.",Academic: Contemporary scholars debate whether the brochure hypothesis adequately explains the observed data.,"Conversational: Honestly, the brochure behavior of the team has been a major source of tension lately.",GRE: The committee's decision to ___ was met with both praise and criticism from stakeholders. (fill in: brochure)
157,broken,adjective,Not working,separate; come apart; split up; interrupt; break; fall apart,keep; make; promote; repair; unbroken; conform to,"Use ""broken"" (adjective) when you want to convey not working. Appropriate in formal writing, GRE sentence-equivalence, and academic contexts where precision matters.","Avoid ""broken"" in casual conversation among friends unless you are certain the listener will understand; it can sound pretentious. Also avoid when a simpler synonym suffices.",Academic: A key consideration in modern discourse is how the broken principle shapes contemporary policy decisions.,Conversational: I've noticed the broken trend in our office culture and it's starting to concern me.,GRE: The professor described the ___ as a ___ that ___ the entire field of study. (fill in: broken)
158,bronze,noun,An alloy of copper and tin,bronzy; tan,,"Use ""bronze"" (noun) when you want to convey an alloy of copper and tin. Appropriate in formal writing, GRE sentence-equivalence, and academic contexts where precision matters.","Avoid ""bronze"" in casual conversation among friends unless you are certain the listener will understand; it can sound pretentious. Also avoid when a simpler synonym suffices.",Academic: The study concluded that the bronze factor played a decisive role in the experimental outcome.,"Conversational: Honestly, the bronze behavior of the team has been a major source of tension lately.","GRE: Despite the ___ nature of the evidence, the researchers remained ___ about their conclusions. (fill in: bronze)"
159,broth,noun,A savory soup made from meat or vegetables,stock,,"Use ""broth"" (noun) when you want to convey a savory soup made from meat or vegetables. Appropriate in formal writing, GRE sentence-equivalence, and academic contexts where precision matters.","Avoid ""broth"" in casual conversation among friends unless you are certain the listener will understand; it can sound pretentious. Also avoid when a simpler synonym suffices.",Academic: A key consideration in modern discourse is how the broth principle shapes contemporary policy decisions.,Conversational: I've noticed the broth trend in our office culture and it's starting to concern me.,GRE: Analysts noted that the company's ___ strategy had ___ results in the last quarter. (fill in: broth)
160,brother,noun,A male sibling,pal; chum; buddy; blood brother; sidekick; crony,sister,"Use ""brother"" (noun) when you want to convey a male sibling. Appropriate in formal writing, GRE sentence-equivalence, and academic contexts where precision matters.","Avoid ""brother"" in casual conversation among friends unless you are certain the listener will understand; it can sound pretentious. Also avoid when a simpler synonym suffices.",Academic: The researcher's findings revealed that the brother effect was statistically significant across all samples.,"Conversational: Look, the brother results speak for themselves — we can't ignore them any longer.","GRE: Despite the ___ nature of the evidence, the researchers remained ___ about their conclusions. (fill in: brother)"
161,brown,adjective,Of a colour between orange and yellow,chocolate-brown; dark-brown; brownish; Robert Brown; John Brown; Brown University,,"Use ""brown"" (adjective) when you want to convey of a colour between orange and yellow. Appropriate in formal writing, GRE sentence-equivalence, and academic contexts where precision matters.","Avoid ""brown"" in casual conversation among friends unless you are certain the listener will understand; it can sound pretentious. Also avoid when a simpler synonym suffices.",Academic: The researcher's findings revealed that the brown effect was statistically significant across all samples.,Conversational: I've noticed the brown trend in our office culture and it's starting to concern me.,GRE: The author's ___ tone contrasted sharply with the ___ underlying message of the passage. (fill in: brown)
162,bruise,noun,An injury causing discoloration,wound; spite; offend; injure; hurt; contusion,,"Use ""bruise"" (noun) when you want to convey an injury causing discoloration. Appropriate in formal writing, GRE sentence-equivalence, and academic contexts where precision matters.","Avoid ""bruise"" in casual conversation among friends unless you are certain the listener will understand; it can sound pretentious. Also avoid when a simpler synonym suffices.",Academic: A key consideration in modern discourse is how the bruise principle shapes contemporary policy decisions.,"Conversational: Look, the bruise results speak for themselves — we can't ignore them any longer.",GRE: The author's ___ tone contrasted sharply with the ___ underlying message of the passage. (fill in: bruise)
163,brush,noun,A bundle of bristles or wires,encounter; thicket; skirmish; brushwood; clash; coppice,,"Use ""brush"" (noun) when you want to convey a bundle of bristles or wires. Appropriate in formal writing, GRE sentence-equivalence, and academic contexts where precision matters.","Avoid ""brush"" in casual conversation among friends unless you are certain the listener will understand; it can sound pretentious. Also avoid when a simpler synonym suffices.","Academic: In the scholarly article, the author argued that the brush phenomenon could not be overlooked.","Conversational: Honestly, the brush behavior of the team has been a major source of tension lately.",GRE: The professor described the ___ as a ___ that ___ the entire field of study. (fill in: brush)
164,brusque,adjective,Short or dismissively rude,short; brusk; curt,,"Use ""brusque"" (adjective) when you want to convey short or dismissively rude. Appropriate in formal writing, GRE sentence-equivalence, and academic contexts where precision matters.","Avoid ""brusque"" in casual conversation among friends unless you are certain the listener will understand; it can sound pretentious. Also avoid when a simpler synonym suffices.",Academic: The researcher's findings revealed that the brusque effect was statistically significant across all samples.,"Conversational: Look, the brusque results speak for themselves — we can't ignore them any longer.",GRE: The author's ___ tone contrasted sharply with the ___ underlying message of the passage. (fill in: brusque)
165,bubble,noun,A thin-film of soapy liquid,babble; guggle; ripple; house of cards; gurgle; burble,,"Use ""bubble"" (noun) when you want to convey a thin-film of soapy liquid. Appropriate in formal writing, GRE sentence-equivalence, and academic contexts where precision matters.","Avoid ""bubble"" in casual conversation among friends unless you are certain the listener will understand; it can sound pretentious. Also avoid when a simpler synonym suffices.",Academic: Contemporary scholars debate whether the bubble hypothesis adequately explains the observed data.,"Conversational: Honestly, the bubble behavior of the team has been a major source of tension lately.","GRE: Despite the ___ nature of the evidence, the researchers remained ___ about their conclusions. (fill in: bubble)"
166,bucket,noun,A handle and open top,pail; bucketful,,"Use ""bucket"" (noun) when you want to convey a handle and open top. Appropriate in formal writing, GRE sentence-equivalence, and academic contexts where precision matters.","Avoid ""bucket"" in casual conversation among friends unless you are certain the listener will understand; it can sound pretentious. Also avoid when a simpler synonym suffices.",Academic: The study concluded that the bucket factor played a decisive role in the experimental outcome.,"Conversational: Look, the bucket results speak for themselves — we can't ignore them any longer.",GRE: Analysts noted that the company's ___ strategy had ___ results in the last quarter. (fill in: bucket)
167,budget,noun,An estimate of income and expenditure,,,"Use ""budget"" (noun) when you want to convey an estimate of income and expenditure. Appropriate in formal writing, GRE sentence-equivalence, and academic contexts where precision matters.","Avoid ""budget"" in casual conversation among friends unless you are certain the listener will understand; it can sound pretentious. Also avoid when a simpler synonym suffices.",Academic: Contemporary scholars debate whether the budget hypothesis adequately explains the observed data.,"Conversational: Look, the budget results speak for themselves — we can't ignore them any longer.",GRE: Analysts noted that the company's ___ strategy had ___ results in the last quarter. (fill in: budget)
168,bug,noun,An insect or a fault in a system,microbe; glitch; hemipteron; germ; hemipterous insect; hemipteran,,"Use ""bug"" (noun) when you want to convey an insect or a fault in a system. Appropriate in formal writing, GRE sentence-equivalence, and academic contexts where precision matters.","Avoid ""bug"" in casual conversation among friends unless you are certain the listener will understand; it can sound pretentious. Also avoid when a simpler synonym suffices.","Academic: In the scholarly article, the author argued that the bug phenomenon could not be overlooked.","Conversational: Honestly, the bug behavior of the team has been a major source of tension lately.",GRE: The author's ___ tone contrasted sharply with the ___ underlying message of the passage. (fill in: bug)
169,build,verb,To construct,physical body; anatomy; physique; body-build; shape; chassis,,"Use ""build"" (verb) when you want to convey to construct. Appropriate in formal writing, GRE sentence-equivalence, and academic contexts where precision matters.","Avoid ""build"" in casual conversation among friends unless you are certain the listener will understand; it can sound pretentious. Also avoid when a simpler synonym suffices.",Academic: Contemporary scholars debate whether the build hypothesis adequately explains the observed data.,"Conversational: Honestly, the build behavior of the team has been a major source of tension lately.",GRE: The committee's decision to ___ was met with both praise and criticism from stakeholders. (fill in: build)
170,bulb,noun,An enclosed electrical light fixture,medulla; light bulb; electric-light bulb; incandescent lamp; lightbulb; electric light,,"Use ""bulb"" (noun) when you want to convey an enclosed electrical light fixture. Appropriate in formal writing, GRE sentence-equivalence, and academic contexts where precision matters.","Avoid ""bulb"" in casual conversation among friends unless you are certain the listener will understand; it can sound pretentious. Also avoid when a simpler synonym suffices.",Academic: The researcher's findings revealed that the bulb effect was statistically significant across all samples.,"Conversational: Honestly, the bulb behavior of the team has been a major source of tension lately.",GRE: Analysts noted that the company's ___ strategy had ___ results in the last quarter. (fill in: bulb)
171,bulk,noun,The majority of something,majority; volume; bulge; mass,minority,"Use ""bulk"" (noun) when you want to convey the majority of something. Appropriate in formal writing, GRE sentence-equivalence, and academic contexts where precision matters.","Avoid ""bulk"" in casual conversation among friends unless you are certain the listener will understand; it can sound pretentious. Also avoid when a simpler synonym suffices.",Academic: The researcher's findings revealed that the bulk effect was statistically significant across all samples.,Conversational: I told him the bulk approach just wouldn't work here — we need to rethink this.,GRE: The committee's decision to ___ was met with both praise and criticism from stakeholders. (fill in: bulk)
172,bullet,noun,A projectile,fastball; bullet train; slug; heater; smoke; hummer,,"Use ""bullet"" (noun) when you want to convey a projectile. Appropriate in formal writing, GRE sentence-equivalence, and academic contexts where precision matters.","Avoid ""bullet"" in casual conversation among friends unless you are certain the listener will understand; it can sound pretentious. Also avoid when a simpler synonym suffices.","Academic: In the scholarly article, the author argued that the bullet phenomenon could not be overlooked.",Conversational: I told him the bullet approach just wouldn't work here — we need to rethink this.,"GRE: Despite the ___ nature of the evidence, the researchers remained ___ about their conclusions. (fill in: bullet)"
173,bundle,noun,A collection of things wrapped together,parcel; package; megabucks; big money; sheaf; pile,,"Use ""bundle"" (noun) when you want to convey a collection of things wrapped together. Appropriate in formal writing, GRE sentence-equivalence, and academic contexts where precision matters.","Avoid ""bundle"" in casual conversation among friends unless you are certain the listener will understand; it can sound pretentious. Also avoid when a simpler synonym suffices.",Academic: Contemporary scholars debate whether the bundle hypothesis adequately explains the observed data.,"Conversational: You know, it's pretty clear that the bundle situation needs our immediate attention.","GRE: Despite the ___ nature of the evidence, the researchers remained ___ about their conclusions. (fill in: bundle)"
174,burden,noun,"A load, especially a heavy one",encumbrance; effect; essence; loading; gist; load,unburden,"Use ""burden"" (noun) when you want to convey a load, especially a heavy one. Appropriate in formal writing, GRE sentence-equivalence, and academic contexts where precision matters.","Avoid ""burden"" in casual conversation among friends unless you are certain the listener will understand; it can sound pretentious. Also avoid when a simpler synonym suffices.",Academic: The study concluded that the burden factor played a decisive role in the experimental outcome.,Conversational: I've noticed the burden trend in our office culture and it's starting to concern me.,GRE: Analysts noted that the company's ___ strategy had ___ results in the last quarter. (fill in: burden)
175,bureau,noun,A government department,authority; office; chest; agency; government agency; dresser,,"Use ""bureau"" (noun) when you want to convey a government department. Appropriate in formal writing, GRE sentence-equivalence, and academic contexts where precision matters.","Avoid ""bureau"" in casual conversation among friends unless you are certain the listener will understand; it can sound pretentious. Also avoid when a simpler synonym suffices.",Academic: The study concluded that the bureau factor played a decisive role in the experimental outcome.,"Conversational: Look, the bureau results speak for themselves — we can't ignore them any longer.","GRE: Despite the ___ nature of the evidence, the researchers remained ___ about their conclusions. (fill in: bureau)"
176,bureaucracy,noun,A system of government in which decisions are made by state officials,bureaucratism,,"Use ""bureaucracy"" (noun) when you want to convey a system of government in which decisions are made by state officials. Appropriate in formal writing, GRE sentence-equivalence, and academic contexts where precision matters.","Avoid ""bureaucracy"" in casual conversation among friends unless you are certain the listener will understand; it can sound pretentious. Also avoid when a simpler synonym suffices.",Academic: The researcher's findings revealed that the bureaucracy effect was statistically significant across all samples.,Conversational: I told him the bureaucracy approach just wouldn't work here — we need to rethink this.,GRE: The committee's decision to ___ was met with both praise and criticism from stakeholders. (fill in: bureaucracy)
177,burial,noun,The ritual of burying someone,inhumation; interment; sepulture; entombment; burying,,"Use ""burial"" (noun) when you want to convey the ritual of burying someone. Appropriate in formal writing, GRE sentence-equivalence, and academic contexts where precision matters.","Avoid ""burial"" in casual conversation among friends unless you are certain the listener will understand; it can sound pretentious. Also avoid when a simpler synonym suffices.","Academic: In the scholarly article, the author argued that the burial phenomenon could not be overlooked.","Conversational: Look, the burial results speak for themselves — we can't ignore them any longer.",GRE: Analysts noted that the company's ___ strategy had ___ results in the last quarter. (fill in: burial)
178,burn,verb,To be on fire,sunburn; burn mark; burn down; tan; suntan; burning,,"Use ""burn"" (verb) when you want to convey to be on fire. Appropriate in formal writing, GRE sentence-equivalence, and academic contexts where precision matters.","Avoid ""burn"" in casual conversation among friends unless you are certain the listener will understand; it can sound pretentious. Also avoid when a simpler synonym suffices.",Academic: The researcher's findings revealed that the burn effect was statistically significant across all samples.,Conversational: I've noticed the burn trend in our office culture and it's starting to concern me.,"GRE: Despite the ___ nature of the evidence, the researchers remained ___ about their conclusions. (fill in: burn)"
179,bury,verb,To place someone in the ground,eat up; immerse; swallow up; entomb; inter; swallow,remember,"Use ""bury"" (verb) when you want to convey to place someone in the ground. Appropriate in formal writing, GRE sentence-equivalence, and academic contexts where precision matters.","Avoid ""bury"" in casual conversation among friends unless you are certain the listener will understand; it can sound pretentious. Also avoid when a simpler synonym suffices.","Academic: In the scholarly article, the author argued that the bury phenomenon could not be overlooked.",Conversational: I've noticed the bury trend in our office culture and it's starting to concern me.,GRE: Analysts noted that the company's ___ strategy had ___ results in the last quarter. (fill in: bury)
180,bus,noun,A large motor vehicle for public transport,jitney; passenger vehicle; motorbus; motorcoach; omnibus; coach,,"Use ""bus"" (noun) when you want to convey a large motor vehicle for public transport. Appropriate in formal writing, GRE sentence-equivalence, and academic contexts where precision matters.","Avoid ""bus"" in casual conversation among friends unless you are certain the listener will understand; it can sound pretentious. Also avoid when a simpler synonym suffices.","Academic: In the scholarly article, the author argued that the bus phenomenon could not be overlooked.","Conversational: Look, the bus results speak for themselves — we can't ignore them any longer.",GRE: Analysts noted that the company's ___ strategy had ___ results in the last quarter. (fill in: bus)
181,bust,verb,To make an effort,female chest; binge; fizzle; bout; tear; flop,repair,"Use ""bust"" (verb) when you want to convey to make an effort. Appropriate in formal writing, GRE sentence-equivalence, and academic contexts where precision matters.","Avoid ""bust"" in casual conversation among friends unless you are certain the listener will understand; it can sound pretentious. Also avoid when a simpler synonym suffices.",Academic: The study concluded that the bust factor played a decisive role in the experimental outcome.,Conversational: I've noticed the bust trend in our office culture and it's starting to concern me.,GRE: The author's ___ tone contrasted sharply with the ___ underlying message of the passage. (fill in: bust)
182,busy,adjective,Having a great deal to do,interfering; officious; fussy; meddling; occupy; busybodied,idle,"Use ""busy"" (adjective) when you want to convey having a great deal to do. Appropriate in formal writing, GRE sentence-equivalence, and academic contexts where precision matters.","Avoid ""busy"" in casual conversation among friends unless you are certain the listener will understand; it can sound pretentious. Also avoid when a simpler synonym suffices.",Academic: Contemporary scholars debate whether the busy hypothesis adequately explains the observed data.,"Conversational: Honestly, the busy behavior of the team has been a major source of tension lately.","GRE: Despite the ___ nature of the evidence, the researchers remained ___ about their conclusions. (fill in: busy)"
183,butt,noun,The back part of the body,keister; behind; fanny; can; tail end; tush,,"Use ""butt"" (noun) when you want to convey the back part of the body. Appropriate in formal writing, GRE sentence-equivalence, and academic contexts where precision matters.","Avoid ""butt"" in casual conversation among friends unless you are certain the listener will understand; it can sound pretentious. Also avoid when a simpler synonym suffices.",Academic: Contemporary scholars debate whether the butt hypothesis adequately explains the observed data.,Conversational: I've noticed the butt trend in our office culture and it's starting to concern me.,"GRE: Despite the ___ nature of the evidence, the researchers remained ___ about their conclusions. (fill in: butt)"
184,button,noun,A small disc attached to clothing,clitoris; push; clit; push button; release,unbutton,"Use ""button"" (noun) when you want to convey a small disc attached to clothing. Appropriate in formal writing, GRE sentence-equivalence, and academic contexts where precision matters.","Avoid ""button"" in casual conversation among friends unless you are certain the listener will understand; it can sound pretentious. Also avoid when a simpler synonym suffices.",Academic: Contemporary scholars debate whether the button hypothesis adequately explains the observed data.,"Conversational: Look, the button results speak for themselves — we can't ignore them any longer.",GRE: Analysts noted that the company's ___ strategy had ___ results in the last quarter. (fill in: button)
185,buy,verb,To give money to obtain goods,corrupt; purchase; steal; bribe; grease one's palms; bargain,sell,"Use ""buy"" (verb) when you want to convey to give money to obtain goods. Appropriate in formal writing, GRE sentence-equivalence, and academic contexts where precision matters.","Avoid ""buy"" in casual conversation among friends unless you are certain the listener will understand; it can sound pretentious. Also avoid when a simpler synonym suffices.",Academic: The study concluded that the buy factor played a decisive role in the experimental outcome.,"Conversational: Look, the buy results speak for themselves — we can't ignore them any longer.",GRE: The professor described the ___ as a ___ that ___ the entire field of study. (fill in: buy)
186,bypass,verb,To go around or avoid,shunt; go around; short-circuit; beltway; get around; electrical shunt,,"Use ""bypass"" (verb) when you want to convey to go around or avoid. Appropriate in formal writing, GRE sentence-equivalence, and academic contexts where precision matters.","Avoid ""bypass"" in casual conversation among friends unless you are certain the listener will understand; it can sound pretentious. Also avoid when a simpler synonym suffices.",Academic: The researcher's findings revealed that the bypass effect was statistically significant across all samples.,"Conversational: Honestly, the bypass behavior of the team has been a major source of tension lately.",GRE: The author's ___ tone contrasted sharply with the ___ underlying message of the passage. (fill in: bypass)
187,cabin,noun,"A small, simple house",,,"Use ""cabin"" (noun) when you want to convey a small, simple house. Appropriate in formal writing, GRE sentence-equivalence, and academic contexts where precision matters.","Avoid ""cabin"" in casual conversation among friends unless you are certain the listener will understand; it can sound pretentious. Also avoid when a simpler synonym suffices.",Academic: The study concluded that the cabin factor played a decisive role in the experimental outcome.,Conversational: I told him the cabin approach just wouldn't work here — we need to rethink this.,GRE: The professor described the ___ as a ___ that ___ the entire field of study. (fill in: cabin)
188,cache,noun,A collection of items stored away,squirrel away; memory cache; hive up; hoard; lay away; stash,,"Use ""cache"" (noun) when you want to convey a collection of items stored away. Appropriate in formal writing, GRE sentence-equivalence, and academic contexts where precision matters.","Avoid ""cache"" in casual conversation among friends unless you are certain the listener will understand; it can sound pretentious. Also avoid when a simpler synonym suffices.",Academic: The study concluded that the cache factor played a decisive role in the experimental outcome.,"Conversational: You know, it's pretty clear that the cache situation needs our immediate attention.",GRE: The professor described the ___ as a ___ that ___ the entire field of study. (fill in: cache)
189,cackle,verb,To laugh boisterously,chatter; yakety-yak; yak; yack,,"Use ""cackle"" (verb) when you want to convey to laugh boisterously. Appropriate in formal writing, GRE sentence-equivalence, and academic contexts where precision matters.","Avoid ""cackle"" in casual conversation among friends unless you are certain the listener will understand; it can sound pretentious. Also avoid when a simpler synonym suffices.",Academic: The researcher's findings revealed that the cackle effect was statistically significant across all samples.,"Conversational: Honestly, the cackle behavior of the team has been a major source of tension lately.",GRE: The professor described the ___ as a ___ that ___ the entire field of study. (fill in: cackle)
190,café,noun,An establishment serving light meals,,,"Use ""café"" (noun) when you want to convey an establishment serving light meals. Appropriate in formal writing, GRE sentence-equivalence, and academic contexts where precision matters.","Avoid ""café"" in casual conversation among friends unless you are certain the listener will understand; it can sound pretentious. Also avoid when a simpler synonym suffices.",Academic: A key consideration in modern discourse is how the café principle shapes contemporary policy decisions.,Conversational: I've noticed the café trend in our office culture and it's starting to concern me.,GRE: The committee's decision to ___ was met with both praise and criticism from stakeholders. (fill in: café)
191,cage,noun,A enclosure for holding birds,cage in; coop; batting cage; John Milton Cage Jr.; John Cage,,"Use ""cage"" (noun) when you want to convey a enclosure for holding birds. Appropriate in formal writing, GRE sentence-equivalence, and academic contexts where precision matters.","Avoid ""cage"" in casual conversation among friends unless you are certain the listener will understand; it can sound pretentious. Also avoid when a simpler synonym suffices.",Academic: The researcher's findings revealed that the cage effect was statistically significant across all samples.,Conversational: I told him the cage approach just wouldn't work here — we need to rethink this.,GRE: Analysts noted that the company's ___ strategy had ___ results in the last quarter. (fill in: cage)
192,cake,noun,An item of baked sweet food,coat; patty; bar,,"Use ""cake"" (noun) when you want to convey an item of baked sweet food. Appropriate in formal writing, GRE sentence-equivalence, and academic contexts where precision matters.","Avoid ""cake"" in casual conversation among friends unless you are certain the listener will understand; it can sound pretentious. Also avoid when a simpler synonym suffices.",Academic: The study concluded that the cake factor played a decisive role in the experimental outcome.,Conversational: I told him the cake approach just wouldn't work here — we need to rethink this.,GRE: Analysts noted that the company's ___ strategy had ___ results in the last quarter. (fill in: cake)
193,calculator,noun,A device for doing mathematical calculations,calculating machine; reckoner; estimator; figurer; computer,,"Use ""calculator"" (noun) when you want to convey a device for doing mathematical calculations. Appropriate in formal writing, GRE sentence-equivalence, and academic contexts where precision matters.","Avoid ""calculator"" in casual conversation among friends unless you are certain the listener will understand; it can sound pretentious. Also avoid when a simpler synonym suffices.","Academic: In the scholarly article, the author argued that the calculator phenomenon could not be overlooked.","Conversational: Look, the calculator results speak for themselves — we can't ignore them any longer.","GRE: Despite the ___ nature of the evidence, the researchers remained ___ about their conclusions. (fill in: calculator)"
194,calendar,noun,A chart showing the days,,,"Use ""calendar"" (noun) when you want to convey a chart showing the days. Appropriate in formal writing, GRE sentence-equivalence, and academic contexts where precision matters.","Avoid ""calendar"" in casual conversation among friends unless you are certain the listener will understand; it can sound pretentious. Also avoid when a simpler synonym suffices.",Academic: A key consideration in modern discourse is how the calendar principle shapes contemporary policy decisions.,Conversational: I've noticed the calendar trend in our office culture and it's starting to concern me.,"GRE: Despite the ___ nature of the evidence, the researchers remained ___ about their conclusions. (fill in: calendar)"
195,calf,noun,A young bovine animal,calfskin; sura,,"Use ""calf"" (noun) when you want to convey a young bovine animal. Appropriate in formal writing, GRE sentence-equivalence, and academic contexts where precision matters.","Avoid ""calf"" in casual conversation among friends unless you are certain the listener will understand; it can sound pretentious. Also avoid when a simpler synonym suffices.",Academic: The study concluded that the calf factor played a decisive role in the experimental outcome.,"Conversational: You know, it's pretty clear that the calf situation needs our immediate attention.",GRE: Analysts noted that the company's ___ strategy had ___ results in the last quarter. (fill in: calf)
196,call,verb,(of a bird) make a cry,telephone call; cry; vociferation; shout; phone call; outcry,put option,"Use ""call"" (verb) when you want to convey (of a bird) make a cry. Appropriate in formal writing, GRE sentence-equivalence, and academic contexts where precision matters.","Avoid ""call"" in casual conversation among friends unless you are certain the listener will understand; it can sound pretentious. Also avoid when a simpler synonym suffices.",Academic: The study concluded that the call factor played a decisive role in the experimental outcome.,"Conversational: Look, the call results speak for themselves — we can't ignore them any longer.",GRE: The author's ___ tone contrasted sharply with the ___ underlying message of the passage. (fill in: call)
197,calm,adjective,Not showing violence or disorder,equanimity; still; quiet; lull; calm down; tranquillise,discomposure; agitate; stormy; stimulate,"Use ""calm"" (adjective) when you want to convey not showing violence or disorder. Appropriate in formal writing, GRE sentence-equivalence, and academic contexts where precision matters.","Avoid ""calm"" in casual conversation among friends unless you are certain the listener will understand; it can sound pretentious. Also avoid when a simpler synonym suffices.","Academic: In the scholarly article, the author argued that the calm phenomenon could not be overlooked.",Conversational: I've noticed the calm trend in our office culture and it's starting to concern me.,"GRE: Despite the ___ nature of the evidence, the researchers remained ___ about their conclusions. (fill in: calm)"
198,camera,noun,A device for recording visual images,tv camera; photographic camera; television camera,,"Use ""camera"" (noun) when you want to convey a device for recording visual images. Appropriate in formal writing, GRE sentence-equivalence, and academic contexts where precision matters.","Avoid ""camera"" in casual conversation among friends unless you are certain the listener will understand; it can sound pretentious. Also avoid when a simpler synonym suffices.",Academic: The study concluded that the camera factor played a decisive role in the experimental outcome.,"Conversational: You know, it's pretty clear that the camera situation needs our immediate attention.",GRE: The professor described the ___ as a ___ that ___ the entire field of study. (fill in: camera)
199,camp,noun,A place for an overnight stay,cantonment; encampment; ingroup; pack; inner circle; coterie,,"Use ""camp"" (noun) when you want to convey a place for an overnight stay. Appropriate in formal writing, GRE sentence-equivalence, and academic contexts where precision matters.","Avoid ""camp"" in casual conversation among friends unless you are certain the listener will understand; it can sound pretentious. Also avoid when a simpler synonym suffices.",Academic: A key consideration in modern discourse is how the camp principle shapes contemporary policy decisions.,"Conversational: Look, the camp results speak for themselves — we can't ignore them any longer.","GRE: Despite the ___ nature of the evidence, the researchers remained ___ about their conclusions. (fill in: camp)"
200,campaign,noun,A linked course of events,political campaign; effort; drive; cause; run; crusade,,"Use ""campaign"" (noun) when you want to convey a linked course of events. Appropriate in formal writing, GRE sentence-equivalence, and academic contexts where precision matters.","Avoid ""campaign"" in casual conversation among friends unless you are certain the listener will understand; it can sound pretentious. Also avoid when a simpler synonym suffices.",Academic: Contemporary scholars debate whether the campaign hypothesis adequately explains the observed data.,Conversational: I've noticed the campaign trend in our office culture and it's starting to concern me.,GRE: The author's ___ tone contrasted sharply with the ___ underlying message of the passage. (fill in: campaign)
201,can,noun,A round metal container,keister; behind; fanny; tail end; can buoy; tush,hire,"Use ""can"" (noun) when you want to convey a round metal container. Appropriate in formal writing, GRE sentence-equivalence, and academic contexts where precision matters.","Avoid ""can"" in casual conversation among friends unless you are certain the listener will understand; it can sound pretentious. Also avoid when a simpler synonym suffices.",Academic: The researcher's findings revealed that the can effect was statistically significant across all samples.,"Conversational: Look, the can results speak for themselves — we can't ignore them any longer.",GRE: Analysts noted that the company's ___ strategy had ___ results in the last quarter. (fill in: can)
202,cancer,noun,A malignant growth,malignant neoplastic disease; Cancer the Crab; Crab; genus Cancer,,"Use ""cancer"" (noun) when you want to convey a malignant growth. Appropriate in formal writing, GRE sentence-equivalence, and academic contexts where precision matters.","Avoid ""cancer"" in casual conversation among friends unless you are certain the listener will understand; it can sound pretentious. Also avoid when a simpler synonym suffices.",Academic: A key consideration in modern discourse is how the cancer principle shapes contemporary policy decisions.,"Conversational: Look, the cancer results speak for themselves — we can't ignore them any longer.","GRE: Despite the ___ nature of the evidence, the researchers remained ___ about their conclusions. (fill in: cancer)"
203,candid,adjective,Truthful and direct,forthright; frank; plainspoken; outspoken; blunt; free-spoken,,"Use ""candid"" (adjective) when you want to convey truthful and direct. Appropriate in formal writing, GRE sentence-equivalence, and academic contexts where precision matters.","Avoid ""candid"" in casual conversation among friends unless you are certain the listener will understand; it can sound pretentious. Also avoid when a simpler synonym suffices.","Academic: In the scholarly article, the author argued that the candid phenomenon could not be overlooked.","Conversational: Look, the candid results speak for themselves — we can't ignore them any longer.",GRE: The professor described the ___ as a ___ that ___ the entire field of study. (fill in: candid)
204,canine,adjective,Relating to a dog or dogs,canine tooth; eyetooth; canid; dogtooth; eye tooth; cuspid,,"Use ""canine"" (adjective) when you want to convey relating to a dog or dogs. Appropriate in formal writing, GRE sentence-equivalence, and academic contexts where precision matters.","Avoid ""canine"" in casual conversation among friends unless you are certain the listener will understand; it can sound pretentious. Also avoid when a simpler synonym suffices.",Academic: The study concluded that the canine factor played a decisive role in the experimental outcome.,Conversational: I told him the canine approach just wouldn't work here — we need to rethink this.,"GRE: Despite the ___ nature of the evidence, the researchers remained ___ about their conclusions. (fill in: canine)"
205,canister,noun,A metal container,canister shot; cannister; tin; case shot,,"Use ""canister"" (noun) when you want to convey a metal container. Appropriate in formal writing, GRE sentence-equivalence, and academic contexts where precision matters.","Avoid ""canister"" in casual conversation among friends unless you are certain the listener will understand; it can sound pretentious. Also avoid when a simpler synonym suffices.",Academic: The researcher's findings revealed that the canister effect was statistically significant across all samples.,Conversational: I've noticed the canister trend in our office culture and it's starting to concern me.,GRE: The author's ___ tone contrasted sharply with the ___ underlying message of the passage. (fill in: canister)
206,canker,noun,A destructive swelling,canker sore; pestilence,,"Use ""canker"" (noun) when you want to convey a destructive swelling. Appropriate in formal writing, GRE sentence-equivalence, and academic contexts where precision matters.","Avoid ""canker"" in casual conversation among friends unless you are certain the listener will understand; it can sound pretentious. Also avoid when a simpler synonym suffices.","Academic: In the scholarly article, the author argued that the canker phenomenon could not be overlooked.","Conversational: Look, the canker results speak for themselves — we can't ignore them any longer.",GRE: The author's ___ tone contrasted sharply with the ___ underlying message of the passage. (fill in: canker)
207,cap,noun,A protective lid or cover,detonator; pileus; ceiling; roof; detonating device; hood,,"Use ""cap"" (noun) when you want to convey a protective lid or cover. Appropriate in formal writing, GRE sentence-equivalence, and academic contexts where precision matters.","Avoid ""cap"" in casual conversation among friends unless you are certain the listener will understand; it can sound pretentious. Also avoid when a simpler synonym suffices.",Academic: Contemporary scholars debate whether the cap hypothesis adequately explains the observed data.,"Conversational: You know, it's pretty clear that the cap situation needs our immediate attention.",GRE: The committee's decision to ___ was met with both praise and criticism from stakeholders. (fill in: cap)
208,capability,noun,The power or ability to do something,capableness; capacity; potentiality,incapableness; incapability,"Use ""capability"" (noun) when you want to convey the power or ability to do something. Appropriate in formal writing, GRE sentence-equivalence, and academic contexts where precision matters.","Avoid ""capability"" in casual conversation among friends unless you are certain the listener will understand; it can sound pretentious. Also avoid when a simpler synonym suffices.",Academic: The study concluded that the capability factor played a decisive role in the experimental outcome.,Conversational: I told him the capability approach just wouldn't work here — we need to rethink this.,"GRE: Despite the ___ nature of the evidence, the researchers remained ___ about their conclusions. (fill in: capability)"
209,capacity,noun,The amount of space available,electrical capacity; content; capability; mental ability; capacitance,incapacity,"Use ""capacity"" (noun) when you want to convey the amount of space available. Appropriate in formal writing, GRE sentence-equivalence, and academic contexts where precision matters.","Avoid ""capacity"" in casual conversation among friends unless you are certain the listener will understand; it can sound pretentious. Also avoid when a simpler synonym suffices.",Academic: The researcher's findings revealed that the capacity effect was statistically significant across all samples.,"Conversational: You know, it's pretty clear that the capacity situation needs our immediate attention.",GRE: The professor described the ___ as a ___ that ___ the entire field of study. (fill in: capacity)
210,capital,noun,A city or town that is the seat of government,upper-case letter; Washington; majuscule; working capital; uppercase; capital letter,lowercase,"Use ""capital"" (noun) when you want to convey a city or town that is the seat of government. Appropriate in formal writing, GRE sentence-equivalence, and academic contexts where precision matters.","Avoid ""capital"" in casual conversation among friends unless you are certain the listener will understand; it can sound pretentious. Also avoid when a simpler synonym suffices.",Academic: The study concluded that the capital factor played a decisive role in the experimental outcome.,"Conversational: Honestly, the capital behavior of the team has been a major source of tension lately.",GRE: Analysts noted that the company's ___ strategy had ___ results in the last quarter. (fill in: capital)
211,captain,noun,A person who commands a ship or aircraft,police chief; sea captain; chieftain; police captain; skipper; master,,"Use ""captain"" (noun) when you want to convey a person who commands a ship or aircraft. Appropriate in formal writing, GRE sentence-equivalence, and academic contexts where precision matters.","Avoid ""captain"" in casual conversation among friends unless you are certain the listener will understand; it can sound pretentious. Also avoid when a simpler synonym suffices.",Academic: The study concluded that the captain factor played a decisive role in the experimental outcome.,"Conversational: Honestly, the captain behavior of the team has been a major source of tension lately.",GRE: The professor described the ___ as a ___ that ___ the entire field of study. (fill in: captain)
212,capture,verb,To capture,captivate; bewitch; trance; becharm; charm; enamour,,"Use ""capture"" (verb) when you want to convey to capture. Appropriate in formal writing, GRE sentence-equivalence, and academic contexts where precision matters.","Avoid ""capture"" in casual conversation among friends unless you are certain the listener will understand; it can sound pretentious. Also avoid when a simpler synonym suffices.",Academic: The study concluded that the capture factor played a decisive role in the experimental outcome.,"Conversational: Honestly, the capture behavior of the team has been a major source of tension lately.","GRE: Despite the ___ nature of the evidence, the researchers remained ___ about their conclusions. (fill in: capture)"
213,carcass,noun,The dead body of an animal,carcase,,"Use ""carcass"" (noun) when you want to convey the dead body of an animal. Appropriate in formal writing, GRE sentence-equivalence, and academic contexts where precision matters.","Avoid ""carcass"" in casual conversation among friends unless you are certain the listener will understand; it can sound pretentious. Also avoid when a simpler synonym suffices.",Academic: A key consideration in modern discourse is how the carcass principle shapes contemporary policy decisions.,"Conversational: You know, it's pretty clear that the carcass situation needs our immediate attention.","GRE: Despite the ___ nature of the evidence, the researchers remained ___ about their conclusions. (fill in: carcass)"
214,card,noun,A piece of card,posting; placard; wit; notice; poster; bill,,"Use ""card"" (noun) when you want to convey a piece of card. Appropriate in formal writing, GRE sentence-equivalence, and academic contexts where precision matters.","Avoid ""card"" in casual conversation among friends unless you are certain the listener will understand; it can sound pretentious. Also avoid when a simpler synonym suffices.","Academic: In the scholarly article, the author argued that the card phenomenon could not be overlooked.",Conversational: I've noticed the card trend in our office culture and it's starting to concern me.,GRE: The committee's decision to ___ was met with both praise and criticism from stakeholders. (fill in: card)
215,care,verb,To feel concern for,caution; attention; precaution; forethought; aid; tending,,"Use ""care"" (verb) when you want to convey to feel concern for. Appropriate in formal writing, GRE sentence-equivalence, and academic contexts where precision matters.","Avoid ""care"" in casual conversation among friends unless you are certain the listener will understand; it can sound pretentious. Also avoid when a simpler synonym suffices.",Academic: A key consideration in modern discourse is how the care principle shapes contemporary policy decisions.,Conversational: I told him the care approach just wouldn't work here — we need to rethink this.,GRE: The committee's decision to ___ was met with both praise and criticism from stakeholders. (fill in: care)
216,careen,verb,To swerve or lurch,sway; reel; swag; rock; tilt; keel,,"Use ""careen"" (verb) when you want to convey to swerve or lurch. Appropriate in formal writing, GRE sentence-equivalence, and academic contexts where precision matters.","Avoid ""careen"" in casual conversation among friends unless you are certain the listener will understand; it can sound pretentious. Also avoid when a simpler synonym suffices.","Academic: In the scholarly article, the author argued that the careen phenomenon could not be overlooked.","Conversational: You know, it's pretty clear that the careen situation needs our immediate attention.",GRE: Analysts noted that the company's ___ strategy had ___ results in the last quarter. (fill in: careen)
217,careful,adjective,Creating no trouble,thrifty; heedful; measured; deliberate,careless,"Use ""careful"" (adjective) when you want to convey creating no trouble. Appropriate in formal writing, GRE sentence-equivalence, and academic contexts where precision matters.","Avoid ""careful"" in casual conversation among friends unless you are certain the listener will understand; it can sound pretentious. Also avoid when a simpler synonym suffices.",Academic: The researcher's findings revealed that the careful effect was statistically significant across all samples.,"Conversational: You know, it's pretty clear that the careful situation needs our immediate attention.",GRE: The author's ___ tone contrasted sharply with the ___ underlying message of the passage. (fill in: careful)
218,careless,adjective,Not taking care,regardless,careful,"Use ""careless"" (adjective) when you want to convey not taking care. Appropriate in formal writing, GRE sentence-equivalence, and academic contexts where precision matters.","Avoid ""careless"" in casual conversation among friends unless you are certain the listener will understand; it can sound pretentious. Also avoid when a simpler synonym suffices.",Academic: The researcher's findings revealed that the careless effect was statistically significant across all samples.,Conversational: I told him the careless approach just wouldn't work here — we need to rethink this.,GRE: Analysts noted that the company's ___ strategy had ___ results in the last quarter. (fill in: careless)
219,caring,adjective,Kind and giving towards others,handle; care; manage; deal; wish; like,,"Use ""caring"" (adjective) when you want to convey kind and giving towards others. Appropriate in formal writing, GRE sentence-equivalence, and academic contexts where precision matters.","Avoid ""caring"" in casual conversation among friends unless you are certain the listener will understand; it can sound pretentious. Also avoid when a simpler synonym suffices.",Academic: The study concluded that the caring factor played a decisive role in the experimental outcome.,"Conversational: You know, it's pretty clear that the caring situation needs our immediate attention.",GRE: The author's ___ tone contrasted sharply with the ___ underlying message of the passage. (fill in: caring)
220,carp,verb,To complain,cavil; chicane,,"Use ""carp"" (verb) when you want to convey to complain. Appropriate in formal writing, GRE sentence-equivalence, and academic contexts where precision matters.","Avoid ""carp"" in casual conversation among friends unless you are certain the listener will understand; it can sound pretentious. Also avoid when a simpler synonym suffices.",Academic: The researcher's findings revealed that the carp effect was statistically significant across all samples.,"Conversational: Look, the carp results speak for themselves — we can't ignore them any longer.",GRE: The professor described the ___ as a ___ that ___ the entire field of study. (fill in: carp)
221,carpel,noun,The female reproductive organ of a flower,,,"Use ""carpel"" (noun) when you want to convey the female reproductive organ of a flower. Appropriate in formal writing, GRE sentence-equivalence, and academic contexts where precision matters.","Avoid ""carpel"" in casual conversation among friends unless you are certain the listener will understand; it can sound pretentious. Also avoid when a simpler synonym suffices.",Academic: A key consideration in modern discourse is how the carpel principle shapes contemporary policy decisions.,Conversational: I told him the carpel approach just wouldn't work here — we need to rethink this.,GRE: The author's ___ tone contrasted sharply with the ___ underlying message of the passage. (fill in: carpel)
222,carpenter,noun,A person who makes things out of wood,,,"Use ""carpenter"" (noun) when you want to convey a person who makes things out of wood. Appropriate in formal writing, GRE sentence-equivalence, and academic contexts where precision matters.","Avoid ""carpenter"" in casual conversation among friends unless you are certain the listener will understand; it can sound pretentious. Also avoid when a simpler synonym suffices.",Academic: Contemporary scholars debate whether the carpenter hypothesis adequately explains the observed data.,"Conversational: You know, it's pretty clear that the carpenter situation needs our immediate attention.",GRE: Analysts noted that the company's ___ strategy had ___ results in the last quarter. (fill in: carpenter)
223,carpet,noun,A floor covering,carpeting; rug,,"Use ""carpet"" (noun) when you want to convey a floor covering. Appropriate in formal writing, GRE sentence-equivalence, and academic contexts where precision matters.","Avoid ""carpet"" in casual conversation among friends unless you are certain the listener will understand; it can sound pretentious. Also avoid when a simpler synonym suffices.",Academic: A key consideration in modern discourse is how the carpet principle shapes contemporary policy decisions.,"Conversational: You know, it's pretty clear that the carpet situation needs our immediate attention.",GRE: The author's ___ tone contrasted sharply with the ___ underlying message of the passage. (fill in: carpet)
224,carriage,noun,A room that is carried on the side of a railway car,bearing; rig; posture; coach; equipage; passenger car,,"Use ""carriage"" (noun) when you want to convey a room that is carried on the side of a railway car. Appropriate in formal writing, GRE sentence-equivalence, and academic contexts where precision matters.","Avoid ""carriage"" in casual conversation among friends unless you are certain the listener will understand; it can sound pretentious. Also avoid when a simpler synonym suffices.","Academic: In the scholarly article, the author argued that the carriage phenomenon could not be overlooked.","Conversational: Honestly, the carriage behavior of the team has been a major source of tension lately.",GRE: The author's ___ tone contrasted sharply with the ___ underlying message of the passage. (fill in: carriage)
225,carry,verb,To hold and take something,convey; take; pack; transport; transmit; channel,,"Use ""carry"" (verb) when you want to convey to hold and take something. Appropriate in formal writing, GRE sentence-equivalence, and academic contexts where precision matters.","Avoid ""carry"" in casual conversation among friends unless you are certain the listener will understand; it can sound pretentious. Also avoid when a simpler synonym suffices.",Academic: The study concluded that the carry factor played a decisive role in the experimental outcome.,"Conversational: Look, the carry results speak for themselves — we can't ignore them any longer.",GRE: Analysts noted that the company's ___ strategy had ___ results in the last quarter. (fill in: carry)
226,cart,noun,A light open vehicle,pushcart; haul; hale; drag; go-cart; handcart,,"Use ""cart"" (noun) when you want to convey a light open vehicle. Appropriate in formal writing, GRE sentence-equivalence, and academic contexts where precision matters.","Avoid ""cart"" in casual conversation among friends unless you are certain the listener will understand; it can sound pretentious. Also avoid when a simpler synonym suffices.","Academic: In the scholarly article, the author argued that the cart phenomenon could not be overlooked.",Conversational: I've noticed the cart trend in our office culture and it's starting to concern me.,GRE: Analysts noted that the company's ___ strategy had ___ results in the last quarter. (fill in: cart)
227,cartilage,noun,A flexible connective tissue,gristle,,"Use ""cartilage"" (noun) when you want to convey a flexible connective tissue. Appropriate in formal writing, GRE sentence-equivalence, and academic contexts where precision matters.","Avoid ""cartilage"" in casual conversation among friends unless you are certain the listener will understand; it can sound pretentious. Also avoid when a simpler synonym suffices.","Academic: In the scholarly article, the author argued that the cartilage phenomenon could not be overlooked.","Conversational: Honestly, the cartilage behavior of the team has been a major source of tension lately.",GRE: The author's ___ tone contrasted sharply with the ___ underlying message of the passage. (fill in: cartilage)
228,casserole,noun,An oven-to-table dish,,,"Use ""casserole"" (noun) when you want to convey an oven-to-table dish. Appropriate in formal writing, GRE sentence-equivalence, and academic contexts where precision matters.","Avoid ""casserole"" in casual conversation among friends unless you are certain the listener will understand; it can sound pretentious. Also avoid when a simpler synonym suffices.","Academic: In the scholarly article, the author argued that the casserole phenomenon could not be overlooked.",Conversational: I've noticed the casserole trend in our office culture and it's starting to concern me.,GRE: The committee's decision to ___ was met with both praise and criticism from stakeholders. (fill in: casserole)
229,cast,noun,A group of people,mold; stamp; mould; shape; dramatis personae; cast of characters,keep down,"Use ""cast"" (noun) when you want to convey a group of people. Appropriate in formal writing, GRE sentence-equivalence, and academic contexts where precision matters.","Avoid ""cast"" in casual conversation among friends unless you are certain the listener will understand; it can sound pretentious. Also avoid when a simpler synonym suffices.",Academic: A key consideration in modern discourse is how the cast principle shapes contemporary policy decisions.,Conversational: I've noticed the cast trend in our office culture and it's starting to concern me.,"GRE: Despite the ___ nature of the evidence, the researchers remained ___ about their conclusions. (fill in: cast)"
230,caste,noun,An inherited social system,,,"Use ""caste"" (noun) when you want to convey an inherited social system. Appropriate in formal writing, GRE sentence-equivalence, and academic contexts where precision matters.","Avoid ""caste"" in casual conversation among friends unless you are certain the listener will understand; it can sound pretentious. Also avoid when a simpler synonym suffices.",Academic: A key consideration in modern discourse is how the caste principle shapes contemporary policy decisions.,"Conversational: You know, it's pretty clear that the caste situation needs our immediate attention.",GRE: The author's ___ tone contrasted sharply with the ___ underlying message of the passage. (fill in: caste)
231,castaway,noun,Marooned on a desert island,outcast; pariah; shipwreck survivor; Ishmael,,"Use ""castaway"" (noun) when you want to convey marooned on a desert island. Appropriate in formal writing, GRE sentence-equivalence, and academic contexts where precision matters.","Avoid ""castaway"" in casual conversation among friends unless you are certain the listener will understand; it can sound pretentious. Also avoid when a simpler synonym suffices.",Academic: A key consideration in modern discourse is how the castaway principle shapes contemporary policy decisions.,"Conversational: You know, it's pretty clear that the castaway situation needs our immediate attention.","GRE: Despite the ___ nature of the evidence, the researchers remained ___ about their conclusions. (fill in: castaway)"
232,casting,noun,The moulding of metal,hurl; molding; project; hurtle; cast; contrive,keep down,"Use ""casting"" (noun) when you want to convey the moulding of metal. Appropriate in formal writing, GRE sentence-equivalence, and academic contexts where precision matters.","Avoid ""casting"" in casual conversation among friends unless you are certain the listener will understand; it can sound pretentious. Also avoid when a simpler synonym suffices.",Academic: The study concluded that the casting factor played a decisive role in the experimental outcome.,"Conversational: You know, it's pretty clear that the casting situation needs our immediate attention.","GRE: Despite the ___ nature of the evidence, the researchers remained ___ about their conclusions. (fill in: casting)"
233,casual,adjective,Done without thinking,nonchalant; everyday; chance; daily; perfunctory; cursory,,"Use ""casual"" (adjective) when you want to convey done without thinking. Appropriate in formal writing, GRE sentence-equivalence, and academic contexts where precision matters.","Avoid ""casual"" in casual conversation among friends unless you are certain the listener will understand; it can sound pretentious. Also avoid when a simpler synonym suffices.",Academic: A key consideration in modern discourse is how the casual principle shapes contemporary policy decisions.,"Conversational: Look, the casual results speak for themselves — we can't ignore them any longer.",GRE: Analysts noted that the company's ___ strategy had ___ results in the last quarter. (fill in: casual)
234,casualty,noun,A person killed or injured,injured party; fatal accident,,"Use ""casualty"" (noun) when you want to convey a person killed or injured. Appropriate in formal writing, GRE sentence-equivalence, and academic contexts where precision matters.","Avoid ""casualty"" in casual conversation among friends unless you are certain the listener will understand; it can sound pretentious. Also avoid when a simpler synonym suffices.",Academic: The study concluded that the casualty factor played a decisive role in the experimental outcome.,Conversational: I told him the casualty approach just wouldn't work here — we need to rethink this.,GRE: The author's ___ tone contrasted sharply with the ___ underlying message of the passage. (fill in: casualty)
235,cat,noun,A small domesticated carnivorous mammal,African tea; hombre; qat; bozo; Arabian tea; true cat,keep down,"Use ""cat"" (noun) when you want to convey a small domesticated carnivorous mammal. Appropriate in formal writing, GRE sentence-equivalence, and academic contexts where precision matters.","Avoid ""cat"" in casual conversation among friends unless you are certain the listener will understand; it can sound pretentious. Also avoid when a simpler synonym suffices.",Academic: A key consideration in modern discourse is how the cat principle shapes contemporary policy decisions.,Conversational: I've noticed the cat trend in our office culture and it's starting to concern me.,GRE: The author's ___ tone contrasted sharply with the ___ underlying message of the passage. (fill in: cat)
236,catalog,noun,A systematic list,catalogue,,"Use ""catalog"" (noun) when you want to convey a systematic list. Appropriate in formal writing, GRE sentence-equivalence, and academic contexts where precision matters.","Avoid ""catalog"" in casual conversation among friends unless you are certain the listener will understand; it can sound pretentious. Also avoid when a simpler synonym suffices.",Academic: The study concluded that the catalog factor played a decisive role in the experimental outcome.,"Conversational: Look, the catalog results speak for themselves — we can't ignore them any longer.","GRE: Despite the ___ nature of the evidence, the researchers remained ___ about their conclusions. (fill in: catalog)"
237,catch,verb,To capture and secure someone,gimmick; haul; stop; snatch; grab; snap,unhitch,"Use ""catch"" (verb) when you want to convey to capture and secure someone. Appropriate in formal writing, GRE sentence-equivalence, and academic contexts where precision matters.","Avoid ""catch"" in casual conversation among friends unless you are certain the listener will understand; it can sound pretentious. Also avoid when a simpler synonym suffices.",Academic: Contemporary scholars debate whether the catch hypothesis adequately explains the observed data.,"Conversational: Honestly, the catch behavior of the team has been a major source of tension lately.",GRE: The professor described the ___ as a ___ that ___ the entire field of study. (fill in: catch)
238,category,noun,A class or type,family; class,,"Use ""category"" (noun) when you want to convey a class or type. Appropriate in formal writing, GRE sentence-equivalence, and academic contexts where precision matters.","Avoid ""category"" in casual conversation among friends unless you are certain the listener will understand; it can sound pretentious. Also avoid when a simpler synonym suffices.",Academic: The researcher's findings revealed that the category effect was statistically significant across all samples.,"Conversational: You know, it's pretty clear that the category situation needs our immediate attention.",GRE: The professor described the ___ as a ___ that ___ the entire field of study. (fill in: category)
239,cattle,noun,Domesticated bovid mammals,Bos taurus; oxen; kine; cows,,"Use ""cattle"" (noun) when you want to convey domesticated bovid mammals. Appropriate in formal writing, GRE sentence-equivalence, and academic contexts where precision matters.","Avoid ""cattle"" in casual conversation among friends unless you are certain the listener will understand; it can sound pretentious. Also avoid when a simpler synonym suffices.",Academic: The study concluded that the cattle factor played a decisive role in the experimental outcome.,Conversational: I told him the cattle approach just wouldn't work here — we need to rethink this.,"GRE: Despite the ___ nature of the evidence, the researchers remained ___ about their conclusions. (fill in: cattle)"
240,cause,noun,A person or thing that causes something,effort; reason; drive; grounds; campaign; crusade,,"Use ""cause"" (noun) when you want to convey a person or thing that causes something. Appropriate in formal writing, GRE sentence-equivalence, and academic contexts where precision matters.","Avoid ""cause"" in casual conversation among friends unless you are certain the listener will understand; it can sound pretentious. Also avoid when a simpler synonym suffices.",Academic: Contemporary scholars debate whether the cause hypothesis adequately explains the observed data.,Conversational: I've noticed the cause trend in our office culture and it's starting to concern me.,"GRE: Despite the ___ nature of the evidence, the researchers remained ___ about their conclusions. (fill in: cause)"
241,caveat,noun,A warning or condition,caution,,"Use ""caveat"" (noun) when you want to convey a warning or condition. Appropriate in formal writing, GRE sentence-equivalence, and academic contexts where precision matters.","Avoid ""caveat"" in casual conversation among friends unless you are certain the listener will understand; it can sound pretentious. Also avoid when a simpler synonym suffices.",Academic: A key consideration in modern discourse is how the caveat principle shapes contemporary policy decisions.,"Conversational: You know, it's pretty clear that the caveat situation needs our immediate attention.","GRE: Despite the ___ nature of the evidence, the researchers remained ___ about their conclusions. (fill in: caveat)"
242,caving,noun,The recreational pastime of exploring caves,cave; spelunk; undermine,,"Use ""caving"" (noun) when you want to convey the recreational pastime of exploring caves. Appropriate in formal writing, GRE sentence-equivalence, and academic contexts where precision matters.","Avoid ""caving"" in casual conversation among friends unless you are certain the listener will understand; it can sound pretentious. Also avoid when a simpler synonym suffices.",Academic: A key consideration in modern discourse is how the caving principle shapes contemporary policy decisions.,Conversational: I told him the caving approach just wouldn't work here — we need to rethink this.,"GRE: Despite the ___ nature of the evidence, the researchers remained ___ about their conclusions. (fill in: caving)"
243,cavity,noun,A hollow space within something,bodily cavity; enclosed space; caries; cavum; tooth decay; pit,,"Use ""cavity"" (noun) when you want to convey a hollow space within something. Appropriate in formal writing, GRE sentence-equivalence, and academic contexts where precision matters.","Avoid ""cavity"" in casual conversation among friends unless you are certain the listener will understand; it can sound pretentious. Also avoid when a simpler synonym suffices.",Academic: The researcher's findings revealed that the cavity effect was statistically significant across all samples.,"Conversational: Honestly, the cavity behavior of the team has been a major source of tension lately.",GRE: The professor described the ___ as a ___ that ___ the entire field of study. (fill in: cavity)
244,cease,verb,To bring to an end; stop,finish; quit; give up; discontinue; stop; lay off,begin; continue,"Use ""cease"" (verb) when you want to convey to bring to an end; stop. Appropriate in formal writing, GRE sentence-equivalence, and academic contexts where precision matters.","Avoid ""cease"" in casual conversation among friends unless you are certain the listener will understand; it can sound pretentious. Also avoid when a simpler synonym suffices.",Academic: A key consideration in modern discourse is how the cease principle shapes contemporary policy decisions.,"Conversational: Honestly, the cease behavior of the team has been a major source of tension lately.",GRE: The author's ___ tone contrasted sharply with the ___ underlying message of the passage. (fill in: cease)
245,ceaseless,adjective,Unending,incessant; never-ending; perpetual; constant; unremitting; unceasing,,"Use ""ceaseless"" (adjective) when you want to convey unending. Appropriate in formal writing, GRE sentence-equivalence, and academic contexts where precision matters.","Avoid ""ceaseless"" in casual conversation among friends unless you are certain the listener will understand; it can sound pretentious. Also avoid when a simpler synonym suffices.",Academic: A key consideration in modern discourse is how the ceaseless principle shapes contemporary policy decisions.,Conversational: I've noticed the ceaseless trend in our office culture and it's starting to concern me.,GRE: The committee's decision to ___ was met with both praise and criticism from stakeholders. (fill in: ceaseless)
246,celibate,adjective,Abstaining from sexual relations,continent,,"Use ""celibate"" (adjective) when you want to convey abstaining from sexual relations. Appropriate in formal writing, GRE sentence-equivalence, and academic contexts where precision matters.","Avoid ""celibate"" in casual conversation among friends unless you are certain the listener will understand; it can sound pretentious. Also avoid when a simpler synonym suffices.",Academic: Contemporary scholars debate whether the celibate hypothesis adequately explains the observed data.,Conversational: I told him the celibate approach just wouldn't work here — we need to rethink this.,GRE: The committee's decision to ___ was met with both praise and criticism from stakeholders. (fill in: celibate)
247,cell,noun,A tiny room,cadre; cellphone; mobile phone; electric cell; cellular telephone; cellular phone,,"Use ""cell"" (noun) when you want to convey a tiny room. Appropriate in formal writing, GRE sentence-equivalence, and academic contexts where precision matters.","Avoid ""cell"" in casual conversation among friends unless you are certain the listener will understand; it can sound pretentious. Also avoid when a simpler synonym suffices.",Academic: The researcher's findings revealed that the cell effect was statistically significant across all samples.,"Conversational: Look, the cell results speak for themselves — we can't ignore them any longer.","GRE: Despite the ___ nature of the evidence, the researchers remained ___ about their conclusions. (fill in: cell)"
248,cellar,noun,A room below the ground floor,root cellar; wine cellar; basement,,"Use ""cellar"" (noun) when you want to convey a room below the ground floor. Appropriate in formal writing, GRE sentence-equivalence, and academic contexts where precision matters.","Avoid ""cellar"" in casual conversation among friends unless you are certain the listener will understand; it can sound pretentious. Also avoid when a simpler synonym suffices.",Academic: Contemporary scholars debate whether the cellar hypothesis adequately explains the observed data.,Conversational: I told him the cellar approach just wouldn't work here — we need to rethink this.,"GRE: Despite the ___ nature of the evidence, the researchers remained ___ about their conclusions. (fill in: cellar)"
249,cello,noun,A musical instrument,violoncello,,"Use ""cello"" (noun) when you want to convey a musical instrument. Appropriate in formal writing, GRE sentence-equivalence, and academic contexts where precision matters.","Avoid ""cello"" in casual conversation among friends unless you are certain the listener will understand; it can sound pretentious. Also avoid when a simpler synonym suffices.",Academic: The study concluded that the cello factor played a decisive role in the experimental outcome.,"Conversational: Look, the cello results speak for themselves — we can't ignore them any longer.",GRE: The committee's decision to ___ was met with both praise and criticism from stakeholders. (fill in: cello)
250,celt,noun,A member of the ancient Celts,Kelt,,"Use ""celt"" (noun) when you want to convey a member of the ancient celts. Appropriate in formal writing, GRE sentence-equivalence, and academic contexts where precision matters.","Avoid ""celt"" in casual conversation among friends unless you are certain the listener will understand; it can sound pretentious. Also avoid when a simpler synonym suffices.","Academic: In the scholarly article, the author argued that the celt phenomenon could not be overlooked.","Conversational: Honestly, the celt behavior of the team has been a major source of tension lately.",GRE: Analysts noted that the company's ___ strategy had ___ results in the last quarter. (fill in: celt)
251,cement,noun,A powder,cementum,,"Use ""cement"" (noun) when you want to convey a powder. Appropriate in formal writing, GRE sentence-equivalence, and academic contexts where precision matters.","Avoid ""cement"" in casual conversation among friends unless you are certain the listener will understand; it can sound pretentious. Also avoid when a simpler synonym suffices.",Academic: The study concluded that the cement factor played a decisive role in the experimental outcome.,Conversational: I told him the cement approach just wouldn't work here — we need to rethink this.,GRE: The professor described the ___ as a ___ that ___ the entire field of study. (fill in: cement)
252,census,noun,An official count of a population,nose count; nosecount,,"Use ""census"" (noun) when you want to convey an official count of a population. Appropriate in formal writing, GRE sentence-equivalence, and academic contexts where precision matters.","Avoid ""census"" in casual conversation among friends unless you are certain the listener will understand; it can sound pretentious. Also avoid when a simpler synonym suffices.",Academic: Contemporary scholars debate whether the census hypothesis adequately explains the observed data.,"Conversational: Honestly, the census behavior of the team has been a major source of tension lately.","GRE: Despite the ___ nature of the evidence, the researchers remained ___ about their conclusions. (fill in: census)"
253,center,noun,A point that is associated with everything,eye; middle; centre; centerfield; center field; heart,left; right,"Use ""center"" (noun) when you want to convey a point that is associated with everything. Appropriate in formal writing, GRE sentence-equivalence, and academic contexts where precision matters.","Avoid ""center"" in casual conversation among friends unless you are certain the listener will understand; it can sound pretentious. Also avoid when a simpler synonym suffices.",Academic: Contemporary scholars debate whether the center hypothesis adequately explains the observed data.,Conversational: I've noticed the center trend in our office culture and it's starting to concern me.,GRE: The professor described the ___ as a ___ that ___ the entire field of study. (fill in: center)
254,central,adjective,Being or situated at the center,cardinal; exchange; fundamental; key; primal; telephone exchange,peripheral,"Use ""central"" (adjective) when you want to convey being or situated at the center. Appropriate in formal writing, GRE sentence-equivalence, and academic contexts where precision matters.","Avoid ""central"" in casual conversation among friends unless you are certain the listener will understand; it can sound pretentious. Also avoid when a simpler synonym suffices.",Academic: The study concluded that the central factor played a decisive role in the experimental outcome.,Conversational: I've noticed the central trend in our office culture and it's starting to concern me.,GRE: The professor described the ___ as a ___ that ___ the entire field of study. (fill in: central)
255,century,noun,A period of 100 years,one C; 100; C; hundred,,"Use ""century"" (noun) when you want to convey a period of 100 years. Appropriate in formal writing, GRE sentence-equivalence, and academic contexts where precision matters.","Avoid ""century"" in casual conversation among friends unless you are certain the listener will understand; it can sound pretentious. Also avoid when a simpler synonym suffices.",Academic: A key consideration in modern discourse is how the century principle shapes contemporary policy decisions.,"Conversational: Look, the century results speak for themselves — we can't ignore them any longer.",GRE: The professor described the ___ as a ___ that ___ the entire field of study. (fill in: century)
256,cereal,noun,A cereal plant such as wheat,cereal grass; grain; food grain,,"Use ""cereal"" (noun) when you want to convey a cereal plant such as wheat. Appropriate in formal writing, GRE sentence-equivalence, and academic contexts where precision matters.","Avoid ""cereal"" in casual conversation among friends unless you are certain the listener will understand; it can sound pretentious. Also avoid when a simpler synonym suffices.",Academic: A key consideration in modern discourse is how the cereal principle shapes contemporary policy decisions.,"Conversational: Honestly, the cereal behavior of the team has been a major source of tension lately.",GRE: Analysts noted that the company's ___ strategy had ___ results in the last quarter. (fill in: cereal)
257,ceremony,noun,A formal act or set of acts performed as prescribed by ritual,ceremonial occasion; observance; ceremonial,,"Use ""ceremony"" (noun) when you want to convey a formal act or set of acts performed as prescribed by ritual. Appropriate in formal writing, GRE sentence-equivalence, and academic contexts where precision matters.","Avoid ""ceremony"" in casual conversation among friends unless you are certain the listener will understand; it can sound pretentious. Also avoid when a simpler synonym suffices.","Academic: In the scholarly article, the author argued that the ceremony phenomenon could not be overlooked.",Conversational: I told him the ceremony approach just wouldn't work here — we need to rethink this.,GRE: The professor described the ___ as a ___ that ___ the entire field of study. (fill in: ceremony)
258,certain,adjective,Made up of unknown elements,sealed; sure,unsure; unsealed; uncertain,"Use ""certain"" (adjective) when you want to convey made up of unknown elements. Appropriate in formal writing, GRE sentence-equivalence, and academic contexts where precision matters.","Avoid ""certain"" in casual conversation among friends unless you are certain the listener will understand; it can sound pretentious. Also avoid when a simpler synonym suffices.","Academic: In the scholarly article, the author argued that the certain phenomenon could not be overlooked.",Conversational: I've noticed the certain trend in our office culture and it's starting to concern me.,GRE: Analysts noted that the company's ___ strategy had ___ results in the last quarter. (fill in: certain)
259,chain,noun,A sequence of metal rings,concatenation; chain of mountains; chemical chain; range of mountains; Sir Ernst Boris Chain; range,unchain,"Use ""chain"" (noun) when you want to convey a sequence of metal rings. Appropriate in formal writing, GRE sentence-equivalence, and academic contexts where precision matters.","Avoid ""chain"" in casual conversation among friends unless you are certain the listener will understand; it can sound pretentious. Also avoid when a simpler synonym suffices.",Academic: The researcher's findings revealed that the chain effect was statistically significant across all samples.,Conversational: I told him the chain approach just wouldn't work here — we need to rethink this.,"GRE: Despite the ___ nature of the evidence, the researchers remained ___ about their conclusions. (fill in: chain)"
260,chamber,noun,A private room,sleeping accommodation; bedroom; sleeping room; bedchamber,,"Use ""chamber"" (noun) when you want to convey a private room. Appropriate in formal writing, GRE sentence-equivalence, and academic contexts where precision matters.","Avoid ""chamber"" in casual conversation among friends unless you are certain the listener will understand; it can sound pretentious. Also avoid when a simpler synonym suffices.",Academic: A key consideration in modern discourse is how the chamber principle shapes contemporary policy decisions.,Conversational: I've noticed the chamber trend in our office culture and it's starting to concern me.,GRE: The author's ___ tone contrasted sharply with the ___ underlying message of the passage. (fill in: chamber)
261,chalk,noun,A white stick,meth; ice; methamphetamine; methamphetamine hydrochloride; crank; deoxyephedrine,,"Use ""chalk"" (noun) when you want to convey a white stick. Appropriate in formal writing, GRE sentence-equivalence, and academic contexts where precision matters.","Avoid ""chalk"" in casual conversation among friends unless you are certain the listener will understand; it can sound pretentious. Also avoid when a simpler synonym suffices.",Academic: Contemporary scholars debate whether the chalk hypothesis adequately explains the observed data.,"Conversational: Honestly, the chalk behavior of the team has been a major source of tension lately.",GRE: The committee's decision to ___ was met with both praise and criticism from stakeholders. (fill in: chalk)
262,chance,noun,The occurrence of events in an unpredictable way,probability; opportunity; prospect; hazard; fortune; luck,,"Use ""chance"" (noun) when you want to convey the occurrence of events in an unpredictable way. Appropriate in formal writing, GRE sentence-equivalence, and academic contexts where precision matters.","Avoid ""chance"" in casual conversation among friends unless you are certain the listener will understand; it can sound pretentious. Also avoid when a simpler synonym suffices.",Academic: The researcher's findings revealed that the chance effect was statistically significant across all samples.,"Conversational: Honestly, the chance behavior of the team has been a major source of tension lately.",GRE: Analysts noted that the company's ___ strategy had ___ results in the last quarter. (fill in: chance)
263,change,noun,A shift or difference,variety; vary; alter; modification; modify; alteration,stay,"Use ""change"" (noun) when you want to convey a shift or difference. Appropriate in formal writing, GRE sentence-equivalence, and academic contexts where precision matters.","Avoid ""change"" in casual conversation among friends unless you are certain the listener will understand; it can sound pretentious. Also avoid when a simpler synonym suffices.",Academic: A key consideration in modern discourse is how the change principle shapes contemporary policy decisions.,Conversational: I told him the change approach just wouldn't work here — we need to rethink this.,GRE: The professor described the ___ as a ___ that ___ the entire field of study. (fill in: change)
264,channel,noun,A deep wide stretch of river,epithelial duct; transmission channel; communication channel; line; groove; canal,,"Use ""channel"" (noun) when you want to convey a deep wide stretch of river. Appropriate in formal writing, GRE sentence-equivalence, and academic contexts where precision matters.","Avoid ""channel"" in casual conversation among friends unless you are certain the listener will understand; it can sound pretentious. Also avoid when a simpler synonym suffices.","Academic: In the scholarly article, the author argued that the channel phenomenon could not be overlooked.",Conversational: I've noticed the channel trend in our office culture and it's starting to concern me.,GRE: Analysts noted that the company's ___ strategy had ___ results in the last quarter. (fill in: channel)
265,chapter,noun,A distinct section of a written work,,,"Use ""chapter"" (noun) when you want to convey a distinct section of a written work. Appropriate in formal writing, GRE sentence-equivalence, and academic contexts where precision matters.","Avoid ""chapter"" in casual conversation among friends unless you are certain the listener will understand; it can sound pretentious. Also avoid when a simpler synonym suffices.",Academic: A key consideration in modern discourse is how the chapter principle shapes contemporary policy decisions.,"Conversational: You know, it's pretty clear that the chapter situation needs our immediate attention.",GRE: The committee's decision to ___ was met with both praise and criticism from stakeholders. (fill in: chapter)
266,character,noun,A person in a story or fictional work,lineament; fiber; fictional character; fibre; quality; fictitious character,,"Use ""character"" (noun) when you want to convey a person in a story or fictional work. Appropriate in formal writing, GRE sentence-equivalence, and academic contexts where precision matters.","Avoid ""character"" in casual conversation among friends unless you are certain the listener will understand; it can sound pretentious. Also avoid when a simpler synonym suffices.",Academic: Contemporary scholars debate whether the character hypothesis adequately explains the observed data.,"Conversational: Honestly, the character behavior of the team has been a major source of tension lately.",GRE: Analysts noted that the company's ___ strategy had ___ results in the last quarter. (fill in: character)
267,charge,noun,"Batter, impel",tutelage; guardianship; care; commission; complaint; electric charge,calm; pay cash; discharge,"Use ""charge"" (noun) when you want to convey batter, impel. Appropriate in formal writing, GRE sentence-equivalence, and academic contexts where precision matters.","Avoid ""charge"" in casual conversation among friends unless you are certain the listener will understand; it can sound pretentious. Also avoid when a simpler synonym suffices.",Academic: The study concluded that the charge factor played a decisive role in the experimental outcome.,"Conversational: You know, it's pretty clear that the charge situation needs our immediate attention.",GRE: The committee's decision to ___ was met with both praise and criticism from stakeholders. (fill in: charge)
268,charm,noun,The power of evoking love or enchantment,good luck charm; appealingness; magic spell; magical spell; appeal; spell,,"Use ""charm"" (noun) when you want to convey the power of evoking love or enchantment. Appropriate in formal writing, GRE sentence-equivalence, and academic contexts where precision matters.","Avoid ""charm"" in casual conversation among friends unless you are certain the listener will understand; it can sound pretentious. Also avoid when a simpler synonym suffices.",Academic: Contemporary scholars debate whether the charm hypothesis adequately explains the observed data.,"Conversational: Honestly, the charm behavior of the team has been a major source of tension lately.","GRE: Despite the ___ nature of the evidence, the researchers remained ___ about their conclusions. (fill in: charm)"
269,chat,noun,An act of talking,New World chat; confab; confabulation; schmoose; schmooze; Old World chat,,"Use ""chat"" (noun) when you want to convey an act of talking. Appropriate in formal writing, GRE sentence-equivalence, and academic contexts where precision matters.","Avoid ""chat"" in casual conversation among friends unless you are certain the listener will understand; it can sound pretentious. Also avoid when a simpler synonym suffices.",Academic: The study concluded that the chat factor played a decisive role in the experimental outcome.,"Conversational: Look, the chat results speak for themselves — we can't ignore them any longer.",GRE: The professor described the ___ as a ___ that ___ the entire field of study. (fill in: chat)
270,cheat,verb,To deceive or defraud,Lolium temulentum; bearded darnel; Bromus secalinus; tare; darnel; chess,,"Use ""cheat"" (verb) when you want to convey to deceive or defraud. Appropriate in formal writing, GRE sentence-equivalence, and academic contexts where precision matters.","Avoid ""cheat"" in casual conversation among friends unless you are certain the listener will understand; it can sound pretentious. Also avoid when a simpler synonym suffices.",Academic: The researcher's findings revealed that the cheat effect was statistically significant across all samples.,"Conversational: You know, it's pretty clear that the cheat situation needs our immediate attention.",GRE: The professor described the ___ as a ___ that ___ the entire field of study. (fill in: cheat)
271,check,noun,An examination of the characteristics of something,bank check; stoppage; arrest; stop; stay; hitch,disagree,"Use ""check"" (noun) when you want to convey an examination of the characteristics of something. Appropriate in formal writing, GRE sentence-equivalence, and academic contexts where precision matters.","Avoid ""check"" in casual conversation among friends unless you are certain the listener will understand; it can sound pretentious. Also avoid when a simpler synonym suffices.",Academic: The study concluded that the check factor played a decisive role in the experimental outcome.,"Conversational: You know, it's pretty clear that the check situation needs our immediate attention.",GRE: The committee's decision to ___ was met with both praise and criticism from stakeholders. (fill in: check)
272,cheek,noun,The soft skin on each side of the face,face; brass; nerve; boldness; impudence; buttock,,"Use ""cheek"" (noun) when you want to convey the soft skin on each side of the face. Appropriate in formal writing, GRE sentence-equivalence, and academic contexts where precision matters.","Avoid ""cheek"" in casual conversation among friends unless you are certain the listener will understand; it can sound pretentious. Also avoid when a simpler synonym suffices.",Academic: The study concluded that the cheek factor played a decisive role in the experimental outcome.,"Conversational: Look, the cheek results speak for themselves — we can't ignore them any longer.",GRE: The committee's decision to ___ was met with both praise and criticism from stakeholders. (fill in: cheek)
273,cheer,noun,A shout of support,embolden; hearten; sunniness; recreate; sunshine; cheerfulness,uncheerfulness; dishearten; complain,"Use ""cheer"" (noun) when you want to convey a shout of support. Appropriate in formal writing, GRE sentence-equivalence, and academic contexts where precision matters.","Avoid ""cheer"" in casual conversation among friends unless you are certain the listener will understand; it can sound pretentious. Also avoid when a simpler synonym suffices.",Academic: Contemporary scholars debate whether the cheer hypothesis adequately explains the observed data.,"Conversational: You know, it's pretty clear that the cheer situation needs our immediate attention.",GRE: Analysts noted that the company's ___ strategy had ___ results in the last quarter. (fill in: cheer)
274,chest,noun,The human chest,bureau; pectus; dresser; breast; chest of drawers; thorax,,"Use ""chest"" (noun) when you want to convey the human chest. Appropriate in formal writing, GRE sentence-equivalence, and academic contexts where precision matters.","Avoid ""chest"" in casual conversation among friends unless you are certain the listener will understand; it can sound pretentious. Also avoid when a simpler synonym suffices.",Academic: The researcher's findings revealed that the chest effect was statistically significant across all samples.,Conversational: I've noticed the chest trend in our office culture and it's starting to concern me.,GRE: The professor described the ___ as a ___ that ___ the entire field of study. (fill in: chest)
275,chicken,noun,A domestic fowl,wimp; yellow-bellied; white-livered; chickenhearted; crybaby; volaille,,"Use ""chicken"" (noun) when you want to convey a domestic fowl. Appropriate in formal writing, GRE sentence-equivalence, and academic contexts where precision matters.","Avoid ""chicken"" in casual conversation among friends unless you are certain the listener will understand; it can sound pretentious. Also avoid when a simpler synonym suffices.","Academic: In the scholarly article, the author argued that the chicken phenomenon could not be overlooked.",Conversational: I told him the chicken approach just wouldn't work here — we need to rethink this.,GRE: The committee's decision to ___ was met with both praise and criticism from stakeholders. (fill in: chicken)
276,chief,adjective,Most important,top dog; head; boss; foreman; honcho; gaffer,,"Use ""chief"" (adjective) when you want to convey most important. Appropriate in formal writing, GRE sentence-equivalence, and academic contexts where precision matters.","Avoid ""chief"" in casual conversation among friends unless you are certain the listener will understand; it can sound pretentious. Also avoid when a simpler synonym suffices.",Academic: Contemporary scholars debate whether the chief hypothesis adequately explains the observed data.,"Conversational: Look, the chief results speak for themselves — we can't ignore them any longer.",GRE: The author's ___ tone contrasted sharply with the ___ underlying message of the passage. (fill in: chief)
277,child,noun,A young human being,minor; nipper; tyke; small fry; tike; shaver,parent,"Use ""child"" (noun) when you want to convey a young human being. Appropriate in formal writing, GRE sentence-equivalence, and academic contexts where precision matters.","Avoid ""child"" in casual conversation among friends unless you are certain the listener will understand; it can sound pretentious. Also avoid when a simpler synonym suffices.",Academic: Contemporary scholars debate whether the child hypothesis adequately explains the observed data.,Conversational: I've noticed the child trend in our office culture and it's starting to concern me.,GRE: Analysts noted that the company's ___ strategy had ___ results in the last quarter. (fill in: child)
278,chip,noun,A small piece of food,cow chip; buffalo chip; fleck; cow dung; flake; bit,,"Use ""chip"" (noun) when you want to convey a small piece of food. Appropriate in formal writing, GRE sentence-equivalence, and academic contexts where precision matters.","Avoid ""chip"" in casual conversation among friends unless you are certain the listener will understand; it can sound pretentious. Also avoid when a simpler synonym suffices.",Academic: Contemporary scholars debate whether the chip hypothesis adequately explains the observed data.,"Conversational: Look, the chip results speak for themselves — we can't ignore them any longer.","GRE: Despite the ___ nature of the evidence, the researchers remained ___ about their conclusions. (fill in: chip)"
279,chocolate,noun,A food product made from roasted cacao seeds,burnt umber; coffee; cocoa; drinking chocolate; deep brown; hot chocolate,,"Use ""chocolate"" (noun) when you want to convey a food product made from roasted cacao seeds. Appropriate in formal writing, GRE sentence-equivalence, and academic contexts where precision matters.","Avoid ""chocolate"" in casual conversation among friends unless you are certain the listener will understand; it can sound pretentious. Also avoid when a simpler synonym suffices.",Academic: The study concluded that the chocolate factor played a decisive role in the experimental outcome.,"Conversational: Honestly, the chocolate behavior of the team has been a major source of tension lately.",GRE: The author's ___ tone contrasted sharply with the ___ underlying message of the passage. (fill in: chocolate)
280,choice,noun,A range of various options,alternative; option; pick; prize; selection; select,,"Use ""choice"" (noun) when you want to convey a range of various options. Appropriate in formal writing, GRE sentence-equivalence, and academic contexts where precision matters.","Avoid ""choice"" in casual conversation among friends unless you are certain the listener will understand; it can sound pretentious. Also avoid when a simpler synonym suffices.",Academic: The study concluded that the choice factor played a decisive role in the experimental outcome.,"Conversational: Honestly, the choice behavior of the team has been a major source of tension lately.",GRE: The author's ___ tone contrasted sharply with the ___ underlying message of the passage. (fill in: choice)
281,chow,noun,Food or a meal,Chou dynasty; chuck; Zhou dynasty; Chow dynasty; eats; grub,,"Use ""chow"" (noun) when you want to convey food or a meal. Appropriate in formal writing, GRE sentence-equivalence, and academic contexts where precision matters.","Avoid ""chow"" in casual conversation among friends unless you are certain the listener will understand; it can sound pretentious. Also avoid when a simpler synonym suffices.",Academic: Contemporary scholars debate whether the chow hypothesis adequately explains the observed data.,"Conversational: You know, it's pretty clear that the chow situation needs our immediate attention.",GRE: The author's ___ tone contrasted sharply with the ___ underlying message of the passage. (fill in: chow)
282,chris,noun,An adherent of Christianity,,,"Use ""chris"" (noun) when you want to convey an adherent of christianity. Appropriate in formal writing, GRE sentence-equivalence, and academic contexts where precision matters.","Avoid ""chris"" in casual conversation among friends unless you are certain the listener will understand; it can sound pretentious. Also avoid when a simpler synonym suffices.","Academic: In the scholarly article, the author argued that the chris phenomenon could not be overlooked.",Conversational: I told him the chris approach just wouldn't work here — we need to rethink this.,GRE: Analysts noted that the company's ___ strategy had ___ results in the last quarter. (fill in: chris)
283,chrome,noun,The chromium-based surface of a car,chromium-plate,,"Use ""chrome"" (noun) when you want to convey the chromium-based surface of a car. Appropriate in formal writing, GRE sentence-equivalence, and academic contexts where precision matters.","Avoid ""chrome"" in casual conversation among friends unless you are certain the listener will understand; it can sound pretentious. Also avoid when a simpler synonym suffices.",Academic: A key consideration in modern discourse is how the chrome principle shapes contemporary policy decisions.,"Conversational: You know, it's pretty clear that the chrome situation needs our immediate attention.",GRE: Analysts noted that the company's ___ strategy had ___ results in the last quarter. (fill in: chrome)
284,church,noun,A building for public Christian worship,church building; church service; Christian church,,"Use ""church"" (noun) when you want to convey a building for public christian worship. Appropriate in formal writing, GRE sentence-equivalence, and academic contexts where precision matters.","Avoid ""church"" in casual conversation among friends unless you are certain the listener will understand; it can sound pretentious. Also avoid when a simpler synonym suffices.",Academic: The researcher's findings revealed that the church effect was statistically significant across all samples.,Conversational: I told him the church approach just wouldn't work here — we need to rethink this.,GRE: The author's ___ tone contrasted sharply with the ___ underlying message of the passage. (fill in: church)
285,cigarette,noun,A rolled paper contaning tobacco,cigaret; fag; butt; coffin nail,,"Use ""cigarette"" (noun) when you want to convey a rolled paper contaning tobacco. Appropriate in formal writing, GRE sentence-equivalence, and academic contexts where precision matters.","Avoid ""cigarette"" in casual conversation among friends unless you are certain the listener will understand; it can sound pretentious. Also avoid when a simpler synonym suffices.","Academic: In the scholarly article, the author argued that the cigarette phenomenon could not be overlooked.",Conversational: I told him the cigarette approach just wouldn't work here — we need to rethink this.,GRE: The committee's decision to ___ was met with both praise and criticism from stakeholders. (fill in: cigarette)
286,cinematic,adjective,of or relating to films,,,"Use ""cinematic"" (adjective) when you want to convey of or relating to films. Appropriate in formal writing, GRE sentence-equivalence, and academic contexts where precision matters.","Avoid ""cinematic"" in casual conversation among friends unless you are certain the listener will understand; it can sound pretentious. Also avoid when a simpler synonym suffices.",Academic: The study concluded that the cinematic factor played a decisive role in the experimental outcome.,"Conversational: Look, the cinematic results speak for themselves — we can't ignore them any longer.",GRE: The author's ___ tone contrasted sharply with the ___ underlying message of the passage. (fill in: cinematic)
287,cinema,noun,The film and movie industry collectively,film; movie theater; movie house; movie theatre; celluloid; picture palace,,"Use ""cinema"" (noun) when you want to convey the film and movie industry collectively. Appropriate in formal writing, GRE sentence-equivalence, and academic contexts where precision matters.","Avoid ""cinema"" in casual conversation among friends unless you are certain the listener will understand; it can sound pretentious. Also avoid when a simpler synonym suffices.",Academic: The study concluded that the cinema factor played a decisive role in the experimental outcome.,"Conversational: Honestly, the cinema behavior of the team has been a major source of tension lately.",GRE: The committee's decision to ___ was met with both praise and criticism from stakeholders. (fill in: cinema)
288,circumspect,adjective,Willing to observe the best possible course,discreet,,"Use ""circumspect"" (adjective) when you want to convey willing to observe the best possible course. Appropriate in formal writing, GRE sentence-equivalence, and academic contexts where precision matters.","Avoid ""circumspect"" in casual conversation among friends unless you are certain the listener will understand; it can sound pretentious. Also avoid when a simpler synonym suffices.",Academic: The researcher's findings revealed that the circumspect effect was statistically significant across all samples.,"Conversational: Honestly, the circumspect behavior of the team has been a major source of tension lately.",GRE: The professor described the ___ as a ___ that ___ the entire field of study. (fill in: circumspect)
289,cite,verb,To give as evidence or example,mention; credit; acknowledgment; reference; citation; quotation,,"Use ""cite"" (verb) when you want to convey to give as evidence or example. Appropriate in formal writing, GRE sentence-equivalence, and academic contexts where precision matters.","Avoid ""cite"" in casual conversation among friends unless you are certain the listener will understand; it can sound pretentious. Also avoid when a simpler synonym suffices.",Academic: The study concluded that the cite factor played a decisive role in the experimental outcome.,"Conversational: You know, it's pretty clear that the cite situation needs our immediate attention.",GRE: Analysts noted that the company's ___ strategy had ___ results in the last quarter. (fill in: cite)
290,civic,adjective,relating to or belonging to a town,civil,,"Use ""civic"" (adjective) when you want to convey relating to or belonging to a town. Appropriate in formal writing, GRE sentence-equivalence, and academic contexts where precision matters.","Avoid ""civic"" in casual conversation among friends unless you are certain the listener will understand; it can sound pretentious. Also avoid when a simpler synonym suffices.",Academic: A key consideration in modern discourse is how the civic principle shapes contemporary policy decisions.,Conversational: I've noticed the civic trend in our office culture and it's starting to concern me.,GRE: Analysts noted that the company's ___ strategy had ___ results in the last quarter. (fill in: civic)
291,civil,adjective,based on or befitting one's class,civic; polite,uncivil; sidereal,"Use ""civil"" (adjective) when you want to convey based on or befitting one's class. Appropriate in formal writing, GRE sentence-equivalence, and academic contexts where precision matters.","Avoid ""civil"" in casual conversation among friends unless you are certain the listener will understand; it can sound pretentious. Also avoid when a simpler synonym suffices.",Academic: The study concluded that the civil factor played a decisive role in the experimental outcome.,"Conversational: You know, it's pretty clear that the civil situation needs our immediate attention.",GRE: The author's ___ tone contrasted sharply with the ___ underlying message of the passage. (fill in: civil)
292,civilian,noun,a person who is not an active member of the armed forces or a member of a profession,,military; serviceman,"Use ""civilian"" (noun) when you want to convey a person who is not an active member of the armed forces or a member of a profession. Appropriate in formal writing, GRE sentence-equivalence, and academic contexts where precision matters.","Avoid ""civilian"" in casual conversation among friends unless you are certain the listener will understand; it can sound pretentious. Also avoid when a simpler synonym suffices.",Academic: The researcher's findings revealed that the civilian effect was statistically significant across all samples.,Conversational: I told him the civilian approach just wouldn't work here — we need to rethink this.,GRE: The professor described the ___ as a ___ that ___ the entire field of study. (fill in: civilian)
293,claim,noun,An assertion that something is the case,arrogate; call; title; take; lay claim; exact,disclaim; forfeit,"Use ""claim"" (noun) when you want to convey an assertion that something is the case. Appropriate in formal writing, GRE sentence-equivalence, and academic contexts where precision matters.","Avoid ""claim"" in casual conversation among friends unless you are certain the listener will understand; it can sound pretentious. Also avoid when a simpler synonym suffices.",Academic: The researcher's findings revealed that the claim effect was statistically significant across all samples.,"Conversational: You know, it's pretty clear that the claim situation needs our immediate attention.",GRE: The committee's decision to ___ was met with both praise and criticism from stakeholders. (fill in: claim)
294,class,noun,A set of students,social class; stratum; family; form; socio-economic class; course,,"Use ""class"" (noun) when you want to convey a set of students. Appropriate in formal writing, GRE sentence-equivalence, and academic contexts where precision matters.","Avoid ""class"" in casual conversation among friends unless you are certain the listener will understand; it can sound pretentious. Also avoid when a simpler synonym suffices.",Academic: The researcher's findings revealed that the class effect was statistically significant across all samples.,"Conversational: Honestly, the class behavior of the team has been a major source of tension lately.",GRE: The author's ___ tone contrasted sharply with the ___ underlying message of the passage. (fill in: class)
295,clean,verb,To make free from dirt,houseclean; clean and jerk; make clean; clean house; pick; cleanse,dirty; unclean; unfairly,"Use ""clean"" (verb) when you want to convey to make free from dirt. Appropriate in formal writing, GRE sentence-equivalence, and academic contexts where precision matters.","Avoid ""clean"" in casual conversation among friends unless you are certain the listener will understand; it can sound pretentious. Also avoid when a simpler synonym suffices.",Academic: Contemporary scholars debate whether the clean hypothesis adequately explains the observed data.,"Conversational: Honestly, the clean behavior of the team has been a major source of tension lately.","GRE: Despite the ___ nature of the evidence, the researchers remained ___ about their conclusions. (fill in: clean)"
296,clear,verb,To make or become apparent,brighten; open; pass; authorise; light up; authorize,unclear; bounce; overcast; convict; clutter; opaque,"Use ""clear"" (verb) when you want to convey to make or become apparent. Appropriate in formal writing, GRE sentence-equivalence, and academic contexts where precision matters.","Avoid ""clear"" in casual conversation among friends unless you are certain the listener will understand; it can sound pretentious. Also avoid when a simpler synonym suffices.","Academic: In the scholarly article, the author argued that the clear phenomenon could not be overlooked.","Conversational: Look, the clear results speak for themselves — we can't ignore them any longer.",GRE: The professor described the ___ as a ___ that ___ the entire field of study. (fill in: clear)
297,cleat,noun,A device attached to something,,,"Use ""cleat"" (noun) when you want to convey a device attached to something. Appropriate in formal writing, GRE sentence-equivalence, and academic contexts where precision matters.","Avoid ""cleat"" in casual conversation among friends unless you are certain the listener will understand; it can sound pretentious. Also avoid when a simpler synonym suffices.",Academic: The study concluded that the cleat factor played a decisive role in the experimental outcome.,"Conversational: Honestly, the cleat behavior of the team has been a major source of tension lately.",GRE: The author's ___ tone contrasted sharply with the ___ underlying message of the passage. (fill in: cleat)
298,clever,adjective,Quick to understand or learn,cagy; apt; canny; ingenious; cunning; cagey,,"Use ""clever"" (adjective) when you want to convey quick to understand or learn. Appropriate in formal writing, GRE sentence-equivalence, and academic contexts where precision matters.","Avoid ""clever"" in casual conversation among friends unless you are certain the listener will understand; it can sound pretentious. Also avoid when a simpler synonym suffices.",Academic: Contemporary scholars debate whether the clever hypothesis adequately explains the observed data.,"Conversational: Look, the clever results speak for themselves — we can't ignore them any longer.","GRE: Despite the ___ nature of the evidence, the researchers remained ___ about their conclusions. (fill in: clever)"
299,climate,noun,The weather in a particular place over a long period,clime; mood,,"Use ""climate"" (noun) when you want to convey the weather in a particular place over a long period. Appropriate in formal writing, GRE sentence-equivalence, and academic contexts where precision matters.","Avoid ""climate"" in casual conversation among friends unless you are certain the listener will understand; it can sound pretentious. Also avoid when a simpler synonym suffices.","Academic: In the scholarly article, the author argued that the climate phenomenon could not be overlooked.",Conversational: I've noticed the climate trend in our office culture and it's starting to concern me.,GRE: The committee's decision to ___ was met with both praise and criticism from stakeholders. (fill in: climate)
300,climb,verb,To make one's way up,climbing; ascent; acclivity; rise; upgrade; raise,descent; wane,"Use ""climb"" (verb) when you want to convey to make one's way up. Appropriate in formal writing, GRE sentence-equivalence, and academic contexts where precision matters.","Avoid ""climb"" in casual conversation among friends unless you are certain the listener will understand; it can sound pretentious. Also avoid when a simpler synonym suffices.",Academic: The study concluded that the climb factor played a decisive role in the experimental outcome.,"Conversational: Honestly, the climb behavior of the team has been a major source of tension lately.",GRE: The author's ___ tone contrasted sharply with the ___ underlying message of the passage. (fill in: climb)
